uri,title,isco_group,isco_code,description,essential_skills,optional_skills,essential_skill_count,optional_skill_count
http://data.europa.eu/esco/occupation/f2b15a0e-e65a-438a-affb-29b9d50b77d1,software developer,Software developers,2512,"{'literal': 'Software developers implement or program all kinds of software systems based on specifications and designs by using programming languages, tools, and platforms.', 'mimetype': 'plain/text'}","engineering processes,create flowchart diagram,analyse software specifications,develop software prototype,develop automated migration methods,project management,technical drawings,tools for software configuration management,manage engineering project,engineering principles,use software libraries,interpret technical requirements,debug software,perform scientific research,computer programming,integrated development environment software,use software design patterns,utilise computer-aided software engineering tools,ICT debugging tools,use technical drawing software,identify customer requirements,define technical requirements,provide technical documentation","JavaScript,adapt to changes in technological development plans,use logic programming,Swift (computer programming),STAF,Java (computer programming),ASP.NET,integrate system components,Apache Maven,Eclipse (integrated development environment software),Puppet (tools for software configuration management),CoffeeScript,Jenkins (tools for software configuration management),Scala,Assembly (computer programming),use functional programming,Salt (tools for software configuration management),use object-oriented programming,Haskell,Erlang,World Wide Web Consortium standards,AJAX,R,OpenEdge Advanced Business Language,ABAP,Prolog (computer programming),migrate existing data,Perl,MATLAB,SAS language,C#,ML (computer programming),Ansible,C++,collect customer feedback on applications,use automatic programming,Xcode,Lisp,Internet of Things,TypeScript,Ruby (computer programming),Pascal (computer programming),develop creative ideas,use concurrent programming,Scratch (computer programming),PHP,utilise machine learning,Groovy,Visual Studio .NET,KDevelop,VBScript,design user interface,Objective-C,Common Lisp,Python (computer programming),Microsoft Visual C++,APL,ICT security legislation,SAP R3,Smalltalk (computer programming),software anomalies,COBOL,object-oriented modelling",23,63
http://data.europa.eu/esco/occupation/57af9090-55b4-4911-b2d0-86db01c00b02,embedded systems software developer,,,"{'literal': 'Embedded systems software developers program, implement, document and maintain software to be run on an embedded system.', 'mimetype': 'plain/text'}","tools for software configuration management,analyse software specifications,develop software prototype,Internet of Things,computer programming,ICT debugging tools,integrated development environment software,embedded systems,develop ICT device driver,interpret technical texts,use software design patterns,use software libraries,debug software,provide technical documentation,create flowchart diagram,utilise computer-aided software engineering tools","Common Lisp,Microsoft Visual C++,Scala,ML (computer programming),adapt to changes in technological development plans,Apache Maven,Haskell,design user interface,Eclipse (integrated development environment software),Puppet (tools for software configuration management),use concurrent programming,software anomalies,TypeScript,C++,ICT security legislation,Ansible,SAP R3,Ruby (computer programming),STAF,C#,JavaScript,Prolog (computer programming),Pascal (computer programming),use functional programming,R,collect customer feedback on applications,use logic programming,object-oriented modelling,develop creative ideas,Jenkins (tools for software configuration management),PHP,integrate system components,ABAP,VBScript,World Wide Web Consortium standards,use object-oriented programming,COBOL,Objective-C,Groovy,develop automated migration methods,Xcode,use automatic programming,Python (computer programming),Assembly (computer programming),Lisp,KDevelop,Salt (tools for software configuration management),AJAX,Scratch (computer programming),MATLAB,Java (computer programming),Perl,SAS language,APL,Swift (computer programming),OpenEdge Advanced Business Language,Visual Studio .NET,ASP.NET",16,58
http://data.europa.eu/esco/occupation/bb6198c4-1d3e-40b9-9cc4-ad2dd9d7c74b,industrial mobile devices software developer,Applications programmers,2514,"{'literal': 'Industrial mobile devices software developers implement applications software for specific, professional industrial mobile (handheld) devices, based on the industry needs, using general or specific development tools for device operating systems.', 'mimetype': 'plain/text'}","integrated development environment software,use software libraries,use software design patterns,computer programming,industrial software,debug software,design application interfaces,use different communication channels,ICT debugging tools,develop software prototype,Internet of Things,interpret technical texts,mobile operating systems,embedded systems,provide technical documentation,create flowchart diagram,tools for software configuration management,analyse software specifications,utilise computer-aided software engineering tools","BlackBerry,Pascal (computer programming),design user interface,Objective-C,ML (computer programming),Visual Studio .NET,Smalltalk (computer programming),JavaScript,CoffeeScript,Salt (tools for software configuration management),R,Swift (computer programming),SAP R3,Erlang,PHP,Lisp,AJAX,COBOL,C++,object-oriented modelling,Eclipse (integrated development environment software),use object-oriented programming,Python (computer programming),Apache Maven,SAS language,ASP.NET,Jenkins (tools for software configuration management),Android (mobile operating systems),OpenEdge Advanced Business Language,STAF,World Wide Web Consortium standards,adapt to changes in technological development plans,VBScript,ABAP,Perl,Ruby (computer programming),Haskell,Groovy,Common Lisp,MATLAB,use functional programming,identify customer requirements,iOS,C#,KDevelop,use concurrent programming,mobile device software frameworks,use logic programming,use automatic programming,collect customer feedback on applications,software anomalies,Prolog (computer programming),migrate existing data,Windows Phone,develop creative ideas,Microsoft Visual C++,TypeScript,APL,Scratch (computer programming),Puppet (tools for software configuration management),Java (computer programming),Xcode,integrate system components,Ansible,Assembly (computer programming),Scala,ICT security legislation",19,67
http://data.europa.eu/esco/occupation/bd272aee-adc9-4a06-a15c-a73b4b4a46a7,ICT application developer,Applications programmers,2514,"{'literal': 'ICT application developers implement the ICT (software) applications based on the designs provided using application domain specific languages, tools, platforms and experience.', 'mimetype': 'plain/text'}","provide technical documentation,analyse software specifications,develop software prototype,identify customer requirements,tools for software configuration management,integrated development environment software,service-oriented modelling,ICT debugging tools,computer programming,interpret technical texts,debug software,propose ICT solutions to business problems,use software design patterns,utilise computer-aided software engineering tools,develop automated migration methods,manage business knowledge,use software libraries,create flowchart diagram","Assembly (computer programming),Xcode,Ansible,Eclipse (integrated development environment software),develop creative ideas,Lisp,migrate existing data,Internet of Things,JavaScript,World Wide Web Consortium standards,Open source model,ML (computer programming),VBScript,Hybrid model,STAF,Ruby (computer programming),C#,COBOL,Swift (computer programming),use automatic programming,ICT security legislation,Java (computer programming),Outsourcing model,SAS language,C++,R,APL,use concurrent programming,use functional programming,Pascal (computer programming),integrate system components,Perl,software anomalies,TypeScript,Apache Maven,ABAP,Visual Studio .NET,Scratch (computer programming),Puppet (tools for software configuration management),PHP,use logic programming,OpenEdge Advanced Business Language,object-oriented modelling,design user interface,Objective-C,Python (computer programming),Salt (tools for software configuration management),MATLAB,Prolog (computer programming),SAP R3,use object-oriented programming,Scala,KDevelop,SaaS (service-oriented modelling),Common Lisp,AJAX,ASP.NET,adapt to changes in technological development plans,Groovy,Haskell,Jenkins (tools for software configuration management),Microsoft Visual C++,collect customer feedback on applications",18,63
http://data.europa.eu/esco/occupation/10469d70-78a3-4650-9e29-d04de13c62c1,embedded system designer,Systems analysts,2511,"{'literal': 'Embedded system designers translate and design requirements and the high-level plan or architecture of an embedded control system according to technical software specifications.', 'mimetype': 'plain/text'}","signal processing,analyse software specifications,interpret electronic design specifications,task algorithmisation,real-time computing,tools for software configuration management,define technical requirements,embedded systems,systems development life-cycle,ICT communications protocols,engineering control theory,create software design,develop creative ideas,provide ICT consulting advice,create flowchart diagram","network management system tools,computer programming,Microsoft Visual C++,software components libraries,ABAP,Apache Maven,Assembly (computer programming),collect customer feedback on applications,utilise computer-aided software engineering tools,Scratch (computer programming),tools for ICT test automation,Visual Studio .NET,SAS language,OpenEdge Advanced Business Language,MATLAB,CoffeeScript,Prolog (computer programming),APL,Groovy,TypeScript,Common Lisp,AJAX,C++,Python (computer programming),Salt (tools for software configuration management),COBOL,Lisp,provide technical documentation,build business relationships,C#,VBScript,ICT network simulation,Ansible,hardware architectures,ICT security standards,ML (computer programming),engineering processes,ICT system integration,PHP,field-programmable gate arrays,Ruby (computer programming),verify formal ICT specifications,Scala,Swift (computer programming),STAF,Erlang,Puppet (tools for software configuration management),ASP.NET,Objective-C,Java (computer programming),Pascal (computer programming),R,Haskell,SAP R3,Jenkins (tools for software configuration management),Perl,Smalltalk (computer programming),hardware components,JavaScript",15,59
http://data.europa.eu/esco/occupation/a7c1d23d-aeca-4bee-9a08-5993ed98b135,ICT system developer,Systems analysts,2511,"{'literal': 'ICT system developers maintain, audit and improve organisational support systems. They use existing or new technologies to meet particular needs. They test both hardware and software system components, diagnose and resolve system faults.', 'mimetype': 'plain/text'}","analyse software specifications,use software libraries,provide technical documentation,create flowchart diagram,ICT system integration,develop automated migration methods,ICT system programming,migrate existing data,use software design patterns,interpret technical texts,computer programming,develop software prototype,keep up with the latest information systems solutions,tools for software configuration management,ICT debugging tools,solve ICT system problems,debug software,integrated development environment software,collect customer feedback on applications","use functional programming,apply ICT systems theory,KDevelop,Salt (tools for software configuration management),Common Lisp,adapt to changes in technological development plans,Jenkins (tools for software configuration management),Swift (computer programming),TypeScript,Scala,Visual Studio .NET,Ruby (computer programming),software anomalies,use concurrent programming,Java (computer programming),develop creative ideas,SAP R3,integrate system components,JavaScript,Internet of Things,MATLAB,Assembly (computer programming),ICT security legislation,object-oriented modelling,Ansible,AJAX,monitor system performance,Groovy,Perl,Pascal (computer programming),utilise computer-aided software engineering tools,OpenEdge Advanced Business Language,Haskell,use object-oriented programming,use logic programming,C#,PHP,Python (computer programming),design user interface,Lisp,STAF,Xcode,COBOL,systems theory,Scratch (computer programming),ML (computer programming),C++,Eclipse (integrated development environment software),Apache Maven,R,use automatic programming,World Wide Web Consortium standards,VBScript,Puppet (tools for software configuration management),SAS language,Microsoft Visual C++,Objective-C,ASP.NET,Prolog (computer programming),APL",19,60
http://data.europa.eu/esco/occupation/24161923-e3e6-4096-b377-f1ee8a7ea31b,satellite engineer,,,"{'literal': 'Satellite engineers develop, test and oversee the manufacture of satellite systems and satellite programmes. They may also develop software programs, collect and research data, and test the satellite systems. Satellite engineers can also develop systems to command and control satellites. They monitor satellites for issues and report on the behaviour of the satellite in orbit.', 'mimetype': 'plain/text'}","troubleshoot,aerospace engineering,monitor satellites,production processes,engineering processes,perform scientific research,engineering principles,global navigation satellite system performance parameters,geostationary satellites,quality standards,launching of satellites into orbit,technical drawings,use technical drawing software,types of satellites,industrial engineering,unmanned air systems,approve engineering design,adjust engineering designs,manufacturing processes","design principles,execute feasibility study,oversee assembly operations,aerodynamics,CAE software,create a product's virtual model,guidance, navigation and control,manage product testing,defense system,mechanical engineering,record test data,research satellite launch sites,analyse production processes for improvement,apply advanced manufacturing,fluid mechanics,draft design specifications,material mechanics,build a product's physical model,develop test procedures,design prototypes,control production,conduct performance tests,materials science,use CAD software,use CAM software,synthetic natural environment,plan space satellite missions",19,27
http://data.europa.eu/esco/occupation/04ba4d6c-957d-417f-bf63-5b9e015a9f86,software analyst,Software developers,2512,"{'literal': 'Software analysts elicit and prioritise user requirements, produce and document software specifications, test their application, and review them during software development. They act as the interface between the software users and the software development team.', 'mimetype': 'plain/text'}","define technical requirements,manage ICT legacy implication,identify ICT user needs,ICT system user requirements,interact with users to gather requirements,business requirements techniques,software design methodologies,define software architecture,legal requirements of ICT products,analyse business processes,design information system,translate requirement concepts into visual design,create data models,execute feasibility study,create software design,software architecture models,data models,develop documentation in accordance with legal requirements,develop software prototype","Agile development,ICT project management,PHP,analyse ICT system,C++,Objective-C,Lisp,query languages,service-oriented modelling,DevOps,Scala,object-oriented modelling,ensure compliance with company regulations,solve ICT system problems,Rapid application development,create project specifications,Scratch (computer programming),Ruby (computer programming),OpenEdge Advanced Business Language,monitor system performance,SaaS (service-oriented modelling),Smalltalk (computer programming),Hybrid model,SPARQL,ABAP,Open source model,ICT problem management techniques,Assembly (computer programming),ASP.NET,Pascal (computer programming),ensure compliance with legal requirements,XQuery,create prototype of user experience solutions,SAS language,MDX,R,resource description framework query language,Perl,Visual Studio .NET,N1QL,Haskell,Spiral development,AJAX,CoffeeScript,levels of software testing,COBOL,SAP R3,ML (computer programming),LINQ,Incremental development,Agile project management,C#,Outsourcing model,identify ICT system weaknesses,Common Lisp,TypeScript,LDAP,Process-based management,Iterative development,Waterfall development,APL,Lean project management,JavaScript,unified modelling language,MATLAB,Java (computer programming),Swift (computer programming),VBScript,ICT project management methodologies,Prototyping development,Groovy,manage ICT project,Erlang,computer programming,Prolog (computer programming),Python (computer programming),provide ICT consulting advice,manage system testing",19,78
http://data.europa.eu/esco/occupation/866c7813-2c03-47d7-9bdc-192cfbace57c,user interface developer,Software developers,2512,"{'literal': 'User interface developers implement, code, document and maintain the interface of a software system by using front-end development technologies.', 'mimetype': 'plain/text'}","design graphics,interpret technical texts,use software libraries,graphics editor software,use software design patterns,draw design sketches,develop software prototype,utilise methodologies for user centered design,analyse software specifications,design user interface,style sheet languages,integrated development environment software,web programming,computer programming,World Wide Web Consortium standards,software UI design patterns","GIMP (graphics editor software),C#,KDevelop,Scala,use markup languages,Scratch (computer programming),Ansible,COBOL,Visual Studio .NET,SAP R3,Adobe Photoshop,Lisp,C++,OpenEdge Advanced Business Language,Xcode,SAS language,Vagrant,software interaction design,use automatic programming,Ruby (computer programming),VBScript,Adobe Illustrator,PHP,create flowchart diagram,utilise computer-aided software engineering tools,SketchBook Pro,ASP.NET,Smalltalk (computer programming),use object-oriented programming,MATLAB,APL,JSSS,use functional programming,Salt (tools for software configuration management),ICT debugging tools,ABAP,Groovy,Eclipse (integrated development environment software),CoffeeScript,Assembly (computer programming),CSS,TypeScript,provide technical documentation,Sass,Jenkins (tools for software configuration management),R,Swift (computer programming),Apache Maven,tools for software configuration management,Synfig,debug software,use concurrent programming,Puppet (tools for software configuration management),Perl,ML (computer programming),Microsoft Visio,Haskell,Objective-C,LESS,JavaScript,Erlang,Prolog (computer programming),Pascal (computer programming),AJAX,Python (computer programming),use scripting programming,Common Lisp,use logic programming,STAF,human-computer interaction,Microsoft Visual C++,ICT project management,Java (computer programming)",16,73
http://data.europa.eu/esco/occupation/c40a2919-48a9-40ea-b506-1f34f693496d,web developer,Web and multimedia developers,2513,"{'literal': ""Web developers develop, implement and document web-accessible software based on the designs provided. They align the client's web presence with its business strategy, troubleshoot software problems and issues and look for ways to improve the application."", 'mimetype': 'plain/text'}","World Wide Web Consortium standards,collect customer feedback on applications,web programming,translate requirement concepts into visual design,integrated development environment software,content development processes,tools for software configuration management,create flowchart diagram,use software design patterns,provide technical documentation,interpret technical texts,ICT debugging tools,computer programming,implement front-end website design,style sheet languages,analyse software specifications,use markup languages,develop software prototype,debug software,use software libraries","Salt (tools for software configuration management),C#,Jenkins (tools for software configuration management),adapt to changes in technological development plans,Prolog (computer programming),COBOL,VBScript,Ruby (computer programming),OpenEdge Advanced Business Language,CoffeeScript,software anomalies,ML (computer programming),Java (computer programming),Apache Maven,web application security threats,Sass,LESS,Smalltalk (computer programming),Objective-C,Scala,migrate existing data,Haskell,SAP R3,R,Pascal (computer programming),use object-oriented programming,ASP.NET,Eclipse (integrated development environment software),PHP,Perl,MATLAB,Common Lisp,JavaScript,use logic programming,Groovy,Puppet (tools for software configuration management),object-oriented modelling,compose description for web elements,Scratch (computer programming),APL,use functional programming,C++,CSS,ABAP,SAS language,Lisp,use automatic programming,use concurrent programming,TypeScript,develop creative ideas,JSSS,Assembly (computer programming),Ansible,Xcode,Microsoft Visual C++,KDevelop,Python (computer programming),conduct content quality assurance,Erlang,design user interface,AJAX,Visual Studio .NET,STAF,utilise computer-aided software engineering tools,Swift (computer programming),ICT security legislation",20,66
http://data.europa.eu/esco/occupation/2ed56c3f-61d6-4f7e-9ef8-8849eb102e4c,mobile application developer,,,"{'literal': 'Mobile app developers implement applications software for mobile devices, based on the designs provided, using general or specific development tools for device operating systems.', 'mimetype': 'plain/text'}","tools for software configuration management,interpret technical texts,integrated development environment software,computer programming,develop software prototype,develop automated migration methods,utilise computer-aided software engineering tools,migrate existing data,collect customer feedback on applications,ICT debugging tools,use software libraries,create flowchart diagram,analyse software specifications,use software design patterns,mobile operating systems,debug software,Internet of Things","object-oriented modelling,Salt (tools for software configuration management),Python (computer programming),use automatic programming,SAS language,adapt to changes in technological development plans,Smalltalk (computer programming),CoffeeScript,Scratch (computer programming),use object-oriented programming,Groovy,Common Lisp,ML (computer programming),Prolog (computer programming),iOS,use functional programming,AJAX,C#,PHP,STAF,Objective-C,Visual Studio .NET,Eclipse (integrated development environment software),Android (mobile operating systems),Ansible,use logic programming,SAP R3,Erlang,Apache Maven,Xcode,VBScript,Windows Phone,develop creative ideas,R,software anomalies,TypeScript,ICT security legislation,Ruby (computer programming),APL,ASP.NET,integrate system components,mobile device software frameworks,World Wide Web Consortium standards,Assembly (computer programming),Puppet (tools for software configuration management),KDevelop,Jenkins (tools for software configuration management),identify customer requirements,Swift (computer programming),Lisp,Java (computer programming),JavaScript,design user interface,Pascal (computer programming),BlackBerry,C++,OpenEdge Advanced Business Language,Perl,Scala,Microsoft Visual C++,use concurrent programming,COBOL,Haskell,MATLAB,ABAP",17,65
http://data.europa.eu/esco/occupation/106f79e4-6264-45f1-9e7a-297435cd684b,software tester,Software and applications developers and analysts not elsewhere classified,2519,"{'literal': 'Software testers perform software tests. They may also plan and design them. They may also debug and repair software although this mainly corresponds to designers and developers. They ensure that applications function properly before delivering them to internal and external clients.', 'mimetype': 'plain/text'}","software anomalies,address problems critically,replicate customer software issues,software metrics,report test findings,perform software unit testing,levels of software testing,execute software tests,software architecture models,provide software testing documentation","software components libraries,plan software testing,perform software recovery testing,PHP,Groovy,ICT project management methodologies,SPARQL,Prolog (computer programming),Scratch (computer programming),ML (computer programming),SAP R3,resource description framework query language,CoffeeScript,R,Process-based management,tools for ICT test automation,Microsoft Visual C++,Haskell,Agile project management,COBOL,Perl,AJAX,unstructured data,XQuery,Scala,OpenEdge Advanced Business Language,hardware components,develop ICT test suite,VBScript,develop automated software tests,APL,ICT performance analysis methods,ICT debugging tools,use scripting programming,LDAP,ABAP,Objective-C,measure software usability,Lisp,N1QL,Python (computer programming),Common Lisp,query languages,audit techniques,debug software,Pascal (computer programming),application usability,execute integration testing,SAS language,TypeScript,Lean project management,conduct ICT code review,Swift (computer programming),ASP.NET,LINQ,C++,Ruby (computer programming),manage schedule of tasks,Java (computer programming),computer programming,Visual Studio .NET,JavaScript,C#,MATLAB,Smalltalk (computer programming),Assembly (computer programming),Erlang,MDX",10,68
http://data.europa.eu/esco/occupation/cf2b03cd-feb7-4f47-90f6-ff1ed6016d3d,ICT network engineer,Computer network professionals,2523,"{'literal': 'ICT network engineers implement, maintain and support computer networks. They also perform network modelling, analysis, and planning. They may also design network and computer security measures. They may research and recommend network and data communications hardware and software.', 'mimetype': 'plain/text'}","use software design patterns,apply information security policies,mobile operating systems,debug software,develop automated migration methods,cloud technologies,provide technical documentation,design computer network,migrate existing data,analyse software specifications,ICT performance analysis methods,implement ICT network diagnostic tools,computer programming,forecast future ICT network needs,ICT network routing,collect customer feedback on applications,ICT debugging tools,information security strategy","VBScript,Common Lisp,SAS language,Haskell,OpenEdge Advanced Business Language,use logic programming,integrated development environment software,PHP,create flowchart diagram,APL,Vagrant,develop software prototype,Apache Maven,Groovy,Ansible,Ruby (computer programming),use concurrent programming,develop creative ideas,Internet of Things,Assembly (computer programming),C++,R,Salt (tools for software configuration management),COBOL,Swift (computer programming),JavaScript,create solutions to problems,AJAX,use automatic programming,Scala,Jenkins (tools for software configuration management),Xcode,tools for software configuration management,Visual Studio .NET,Erlang,Lisp,iOS,MATLAB,STAF,ICT problem management techniques,ASP.NET,BlackBerry,network management system tools,C#,use object-oriented programming,KDevelop,Prolog (computer programming),Android (mobile operating systems),TypeScript,Windows Phone,Python (computer programming),Microsoft Visual C++,Eclipse (integrated development environment software),Scratch (computer programming),ABAP,adapt to changes in technological development plans,ML (computer programming),use functional programming,Puppet (tools for software configuration management),Java (computer programming),CoffeeScript,SAP R3,Objective-C,Smalltalk (computer programming),Pascal (computer programming),install electronic communication equipment",18,66
http://data.europa.eu/esco/occupation/072279cf-ed39-47e7-af23-ee6df571eb24,clothing product grader,Garment and related pattern-makers and cutters,7532,"{'literal': 'Clothing product graders produce patterns in different sizes (i.e. scaled-up and scaled-down) to reproduce the same wearing apparel in different sizes. They draft patterns by hand or using software following size charts.', 'mimetype': 'plain/text'}","manufacturing of wearing apparel,inspect wearing apparel products,standard sizing systems for clothing,apparel manufacturing technology,alter wearing apparel,distinguish fabrics,coordinate manufacturing production activities,manufacturing of made-up textile articles,create patterns for garments,distinguish accessories,grade patterns for wearing apparel,prepare production prototypes,evaluate garment quality,perform process control in the wearing apparel industry,operate garment manufacturing machines,make technical drawings of fashion pieces,CAD for garment manufacturing,operate computerised control systems","use pattern-cutting softwares,properties of fabrics,analyse scanned data of the body,use 3D scanners for clothing,bundle fabrics,3D body scanning technologies,cut fabrics",18,7
http://data.europa.eu/esco/occupation/5f50290d-f520-4a69-85c7-1390d2a4a8b6,ICT usability tester,,,"{'literal': 'ICT usability testers ensure compliance with requirements and strive for optimal usability within the software engineering cycle phases (analysis, design, implementation, and deployment). They also work closely with users (analysts) to research for and document user profiles, analyse tasks, workflows, and user scenarios.', 'mimetype': 'plain/text'}","address problems critically,use experience map,create website wireframe,measure software usability,execute ICT user research activities,assess users' interaction with ICT applications,test for behavioural patterns,provide software testing documentation,conduct research interview,execute software tests,levels of software testing,behavioural science,report test findings,human-computer interaction,application usability,test for emotional patterns,replicate customer software issues","web programming,develop ICT test suite,design user interface,XQuery,develop automated software tests,manage schedule of tasks,use markup languages,LDAP,unstructured data,conduct ICT code review,LINQ,AJAX,PHP,N1QL,MDX,query languages,Process-based management,JavaScript,debug software,visual presentation techniques,ICT project management methodologies,use scripting programming,Lean project management,Agile project management,SPARQL,ICT debugging tools,resource description framework query language,tools for ICT test automation,cognitive psychology",17,29
http://data.europa.eu/esco/occupation/258e46f9-0075-4a2e-adae-1ff0477e0f30,data scientist,Systems analysts,2511,"{'literal': 'Data scientists find and interpret rich data sources, manage large amounts of data, merge data sources, ensure consistency of data-sets, and create visualisations to aid in understanding data. They build mathematical models using data, present and communicate data insights and findings to specialists and scientists in their team and if required, to a non-expert audience, and recommend ways to apply the data.', 'mimetype': 'plain/text'}","visual presentation techniques,collect ICT data,design database scheme,information categorisation,implement data quality processes,report analysis results,deliver visual presentation of data,statistics,perform data cleansing,resource description framework query language,manage data collection systems,information extraction,handle data samples,data mining,build recommender systems,develop data processing applications,normalise data,establish data processes,data models,query languages,interpret current data,online analytical processing,execute analytical mathematical calculations","integrate ICT data,MDX,manage ICT data architecture,LDAP,manage ICT data classification,unstructured data,manage data,create data models,SPARQL,perform data mining,XQuery,data quality assessment,define data quality criteria,N1QL,LINQ,business intelligence",23,16
http://data.europa.eu/esco/occupation/68d973df-bf10-4bf7-9a1b-fbd9f604b9db,bioinformatics scientist,"Biologists, botanists, zoologists and related professionals",2131,"{'literal': 'Bioinformatics scientists analyse biological processes using computer programmes. They maintain or construct databases containing biological information. Bioinformatics scientists gather and analyse biological data and may also assist scientists in various fields, including in biotechnology and pharmaceutics. They perform scientific research and statistical analyses, and report on their findings. Bioinformatics scientists may also collect DNA samples, discover data patterns and cond","computer programming,conduct quantitative research,biology,web programming,use a computer,gather data,computer equipment,database management systems,analyse scientific data,perform data analysis,apply scientific methods,apply statistical analysis techniques,computer engineering,statistics,laboratory techniques,perform scientific research,use databases,present reports,interpret current data,manage database,assist scientific research,contact scientists,collect biological data,maintain database","biometrics,maintain laboratory equipment,write scientific papers,data quality assessment,plan research process,scientific modelling,mathematics,genetics,write research proposals,perform laboratory tests,develop scientific theories,evaluate genetic data,genetic engineering,scientific research methodology,develop scientific research protocols,manage data collection systems,molecular biology,gather experimental data,write work-related reports",24,19
http://data.europa.eu/esco/occupation/bc659adc-f42c-4ef6-89fe-fd030033f446,cosmologist,Physicists and astronomers,2111,"{'literal': 'Cosmologists focus on the study of the universe as a whole, which is made up by its origin, evolution and ultimate fate. They use tools and scientific instruments to observe and study other galaxies and astronomical objects such as stars, black holes, planets and other celestial bodies.', 'mimetype': 'plain/text'}","physics,analyse scientific data,gather experimental data,analyse telescope images,statistics,define celestial bodies,scientific research methodology,write work-related reports,observe celestial objects,carry out scientific research in observatory,astronomy,quantum optics,apply scientific methods,aerospace engineering,mathematics,quantum mechanics,operate scientific measuring equipment,perform scientific research,design scientific equipment,operate telescopes","perform laboratory tests,acoustics,apply statistical analysis techniques,write research proposals,write scientific papers,geophysics,aeronomy,types of satellites,geostationary satellites,execute analytical mathematical calculations,develop scientific theories,teach astronomy,types of optical instruments,optics,observe matter,perform lectures,optoelectronics",20,17
http://data.europa.eu/esco/occupation/8606c0fd-c7cb-404d-887f-3a30ef7a81b4,sensory scientist,Chemists,2113,"{'literal': 'Sensory scientists carry out sensory analysis in order to compose or improve flavours and fragrances for the food, beverage and cosmetics industry. They base their flavour and fragrance development on sensory and consumer research. Sensory scientists carry out research and analyse statistical data to meet customers expectations.', 'mimetype': 'plain/text'}","perform sensory evaluation,analytical chemistry,quantitative sensory testing,olfaction,molecular biology,market research,food flavourings,statistics,toxicology,chemistry,combination of flavours,prepare raw materials,microbiology-bacteriology,allergology,research fragrances,advise on fragrances,statistical analysis system software","allergies,report analysis results,document analysis results,food allergies,use a computer,perfume raw materials,assess food samples,check quality of raw materials,create fragrances formulae,participate in the development of new food products,food legislation,food science,analyse samples of food and beverages,develop new food products,analyse consumer buying trends,advise food industry,troubleshoot cosmetics formula issues,test fragrances against customer satisfaction",17,18
http://data.europa.eu/esco/occupation/1c862e14-80f8-4aa8-8f1c-fd2ca95b63ad,meteorologist,Meteorologists,2112,"{'literal': 'Meteorologists study climate processes, measure and predict weather patterns and provide consultancy services to a variety of weather information users. They work out models for weather forecasting, develop instruments to collect meteorological data and compile statistics and databases.', 'mimetype': 'plain/text'}","perform scientific research,use meteorological tools to forecast meteorological conditions,carry out meteorological research,climatology,apply statistical analysis techniques,mathematics,apply scientific methods,execute analytical mathematical calculations,review meteorological forecast data,use specialised computer models for weather forecasting,meteorology","conduct research on climate processes,study aerial photos,write weather briefing,statistics,oceanography,design graphics,write scientific papers,scientific research methodology,assist scientific research,operate meteorological instruments,design scientific equipment,present during live broadcasts,collect weather-related data,use geographic information systems,calibrate electronic instruments,develop models for weather forecast,create weather maps,manage meteorological database,geographic information systems,operate remote sensing equipment",11,20
http://data.europa.eu/esco/occupation/ac8b3cd1-a127-4e6a-8208-5cfcf7111955,statistician,"Mathematicians, actuaries and statisticians",2120,"{'literal': 'Statisticians collect, tabulate, and, most importantly, analyse quantitative information coming from a varied array of fields. They interpret and analyse statistical studies on fields such as health, demographics, finance, business, etc. and advise based on patterns and drawn analysis.', 'mimetype': 'plain/text'}","perform data analysis,statistics,conduct quantitative research,apply scientific methods,process data,gather data,statistical analysis system software,data quality assessment,identify statistical patterns,execute analytical mathematical calculations,mathematics,think analytically,scientific research methodology,apply statistical analysis techniques","provide lesson materials,plan research process,manage database,demography,opinion poll,conduct public surveys,set theory,design questionnaires,write scientific papers,biometrics,deliver visual presentation of data,carry out statistical forecasts,analyse big data,build predictive models,present reports,information confidentiality,algorithms,prepare lesson content,advise on financial matters,write research proposals,develop financial statistics reports,advise on legislative acts,perform scientific research,market research,develop scientific theories,assist scientific research,develop statistical software",14,27
http://data.europa.eu/esco/occupation/11a6d0f6-e692-4774-aa5f-193b67d31022,kinesiologist,Health professionals not elsewhere classified,2269,"{'literal': 'Kinesiologists study and research the movement of the body; its muscles and parts. They analyse and use scientific data and methods to improve body motion, generally in humans, through an understanding of such areas as physiology, kinetics, neurology, and biology. They recognise the effects that some factors, such as body condition, have on motion and develop solutions to improve overall mechanics and mobility.', 'mimetype': 'plain/text'}","calibrate laboratory equipment,scientific modelling,scientific research methodology,maintain laboratory equipment,human anatomy,human physiology,nutrition,biology,apply safety procedures in laboratory,perform scientific research,neurology,gather experimental data,biomechanics,kinetics,apply scientific methods,kinesiology,perform laboratory tests,kinanthropometry","ergonomics,rehabilitation,exercise physiology,osteopathy,therapeutic massage,acupuncture methods,develop patient treatment strategies,prepare lesson content,kinesitherapy,develop scientific theories,contribute to the rehabilitation process,write scientific papers,perform lectures,assist in performing physical exercises,deal with challenging people,biological chemistry,provide individual exercise programmes,occupational physiology,assist patients with rehabilitation,assist in clinical trials,archive scientific documentation,attend sports training,psychology,develop scientific research protocols,write research proposals,psychomotor therapy,create a diet plan,pathology",18,28
http://data.europa.eu/esco/occupation/57a12047-4f1e-40ed-add5-9736923f231b,astronomer,Physicists and astronomers,2111,"{'literal': 'Astronomers research the formation, structures, properties, and development of celestial bodies and interstellar matter. They use ground-based equipment and space-based equipment to collect data about the space for research purposes.', 'mimetype': 'plain/text'}","physics,carry out scientific research in observatory,apply scientific methods,apply statistical analysis techniques,mathematics,perform scientific research,operate scientific measuring equipment,scientific research methodology,statistics,astronomy,execute analytical mathematical calculations,gather experimental data","write research proposals,operate telescopes,develop scientific theories,optomechanical engineering,apply teaching strategies,geophysics,design scientific equipment,aeronomy,archive scientific documentation,scientific modelling,write scientific papers,optoelectronics,teach astronomy,define celestial bodies,types of optical instruments,perform lectures,analyse telescope images,optics",12,18
http://data.europa.eu/esco/occupation/439c52ae-23ce-4d1e-bea1-bac135497977,hydrographic surveyor,,,"{'literal': 'Hydrographic surveyors measure and map, by means of specialised equipment, marine environments. They collect scientific data in order to study the underwater topography and morphology of bodies of water.', 'mimetype': 'plain/text'}","collect mapping data,hydrography,bathymetry,geodesy,prepare surveying report,adjust surveying equipment,surveying methods,surveying,geomatics,compare survey computations,topography,operate surveying instruments,perform surveying calculations,record survey measurements,conduct underwater surveys,calibrate electronic instruments,mathematics,cartography,document survey operations","create GIS reports,steer vessels,develop geological databases,apply digital mapping,assist scientific research,collect data using GPS,conduct research before survey,collect geological data,prepare geological map sections,advise architects,use CAD software,use geographic information systems,assist hydrographic surveys,design scientific equipment,interpret geophysical data,oceanography,geography,compile GIS-data,geographic information systems,geology,study aerial photos,provide information on geological characteristics,process collected survey data,create thematic maps",19,24
http://data.europa.eu/esco/occupation/b176e5d7-1f94-495c-907f-80a7f61aed59,remote sensing technician,Chemical and physical science technicians,3111,"{'literal': 'Remote sensing technicians collect airborne data. They utilise equipment aimed for the collection of data and determination of geographical points in order to help in a variety of operations such as land conservation, urban planning, and military operations.', 'mimetype': 'plain/text'}","execute analytical mathematical calculations,remote sensing techniques,geodesy,photogrammetry,surveying,use geographic information systems,study radar images,geographic information systems,geography,geomatics,study aerial photos,keep task records,possess visual literacy,collect data using GPS,mathematics","compile GIS-data,geology,develop geological databases,civil engineering,Earth science,collect mapping data,use CAD software,cartography,prepare geological map sections,apply digital mapping,assist scientific research,topography,create thematic maps,engineering principles,research remote sensing technologies,create GIS reports,create cadastral maps,geophysics,conduct research on climate processes,interpret geophysical data,operate remote sensing equipment,create strategic maps",15,22
http://data.europa.eu/esco/occupation/0da75680-fbf9-44d8-802a-ac12eb425a34,biotechnical technician,Life science technicians (excluding medical),3141,"{'literal': 'Biotechnical technicians perform technological work in assistance of scientists. They work in laboratory settings where they help scientists to research, develop and test forms of biotechnology. They set up lab equipment, prepare scientific tests and gather scientific data.', 'mimetype': 'plain/text'}","apply scientific methods,contact scientists,biology,laboratory techniques,analyse scientific data,perform scientific research,gather experimental data,collect biological data,analyse experimental laboratory data,maintain laboratory equipment,run laboratory simulations,perform laboratory tests","develop vaccines,pollution prevention,research improvement of crop yields,crop production principles,animal species,chemical processes,advise on the causes of crop disorders,environmental engineering,analyse test data,medicines,undertake research in medical genetics,medical devices,pest control in plants,plant species,pests and diseases,food science,medical studies,use technology for forensics,work with chemicals,measure pollution,medical laboratory technology,agricultural production principles,advise on pest infestation prevention",12,23
http://data.europa.eu/esco/occupation/99492920-e5a5-4dba-9e5a-93193147198c,economist,Economists,2631,"{'literal': 'Economists perform research and develop theories in the field of economics, whether for microeconomic or macroeconomic analysis. They study trends, analyse statistical data, and to some extent work with economic mathematical models in order to advise companies, governments, and related institutions. They advise on product feasibility, trend forecasts, emerging markets, tax policies, and consumer trends.', 'mimetype': 'plain/text'}","analyse economic trends,mathematics,perform scientific research,provide cost benefit analysis reports,conduct quantitative research,apply statistical analysis techniques,scientific research methodology,commercial law,conduct qualitative research,tax legislation,business management principles,apply scientific methods,execute analytical mathematical calculations,economics,statistics","financial markets,project management,write research proposals,market analysis,financial forecasting,content marketing strategy,financial analysis,write scientific papers,civil law,perform public relations,public law,advise on economic development,analyse financial performance of a company,international import export regulations,analyse market financial trends,develop economic policies,assess risk factors,forecast economic trends,conduct public surveys,develop scientific theories,sales promotion techniques,accounting techniques",15,22
http://data.europa.eu/esco/occupation/0809ea8a-4f77-4351-a7f1-b9a7b99b6c0b,weather forecaster,,,"{'literal': 'Weather forecasters gather meteorological data. They predict the weather according to these data. Weather forecasters present these forecasts to the audience via radio, television or online.', 'mimetype': 'plain/text'}","vocal techniques,breathing techniques,review meteorological forecast data,use meteorological tools to forecast meteorological conditions,use data processing techniques,pronunciation techniques,use specialised computer models for weather forecasting,read pre-drafted texts,present during live broadcasts,meteorology,memorise lines","photography,lighting techniques,carry out meteorological research,mathematics,conduct research on climate processes,develop models for weather forecast,work with a voice coach,develop instrumentation systems,adopt a relaxed posture,audiovisual equipment,physics",11,11
http://data.europa.eu/esco/occupation/2c5ae1b4-c3ca-4882-b7ce-e346ae5b5b00,botanical technician,,,"{'literal': ' Botanical technicians provide technical assistance in researching and testing different plant species to monitor their properties such as growth and structure. They collect and analyse data using laboratory equipment, compile reports and maintain laboratory stock. Botanical technicians also study plants to research their use in areas such as medicine, food and materials.', 'mimetype': 'plain/text'}","scientific research methodology,maintain laboratory equipment,perform scientific research,characteristics of plants,use laboratory equipment,write technical reports,calibrate laboratory equipment,laboratory techniques,assist in the production of laboratory documentation,laboratory equipment,botany,collect biological data,analyse experimental laboratory data,plant species,apply scientific methods,biology,manage inventory,apply safety procedures in laboratory,perform laboratory tests","prepare visual data,keep task records,ensure compliance with environmental legislation,environmental legislation,maintain database,preserve samples,create soil and plant improvement programmes,variety of botanicals,biosecurity,aquatic species,conduct ecological surveys,label samples,maintain plant health,handle chemical products for soil and plants,nurse plants,ecology,horticulture principles,analyse environmental data,analyse cell cultures,chemistry,hazardous waste storage,write research proposals,plant care products",19,23
http://data.europa.eu/esco/occupation/84cb6e91-ce11-409e-9306-23c9698631af,soil surveying technician,Chemical and physical science technicians,3111,"{'literal': 'Soil surveying technicians analyse soil by carrying out technical surveying tasks, using soil surveying techniques. They focus on the process of classifying soil types and other soil properties. Soil surveying technicians operate surveying equipment and utilise programs to retrieve and interpret relevant data, and perform computations as required.', 'mimetype': 'plain/text'}","environmental legislation,soil structure,soil science,prepare surveying report,conduct field work,apply safety procedures in laboratory,perform laboratory tests,write work-related reports,ecology,ensure compliance with safety legislation,conduct soil sample tests,geology,operate surveying instruments,collect samples for analysis,laboratory techniques,soil mechanics,adjust surveying equipment,gather experimental data","topography,surveying,cartography,engineering processes,mathematics,engineering principles,civil engineering,pollution prevention,record survey measurements,perform scientific research,biology,agronomy,conduct land surveys,surveying methods,geography,advise on nature conservation",18,16
http://data.europa.eu/esco/occupation/4a375b68-88a0-4e5f-99ce-9b01341dfb81,materials engineer,Engineering professionals not elsewhere classified,2149,"{'literal': 'Materials engineers research and design new or improved materials for a diverse number of applications. They analyse the composition of materials, conduct experiments, and develop new materials for industry-specific use that can range from rubber, to textiles, glass, metals, and chemicals. They advise companies in damage assessments, quality assurance of materials, and recycling of materials.', 'mimetype': 'plain/text'}","thermoplastic materials,analyse production processes for improvement,approve engineering design,assess environmental impact,adjust engineering designs,test materials,perform chemical experiments,work with chemicals,integrate new products in manufacturing,apply health and safety standards,material mechanics,engineering principles,engineering processes,chemistry,create solutions to problems,test chemical samples,forecast organisational risks,perform scientific research,analytical chemistry,manufacturing processes,materials science,develop material testing procedures,composite materials","electricity,perform laboratory tests,types of plastic,types of metal,assess the feasibility of implementing developments,quality standards,basic chemicals,textile materials,advise on pollution prevention,design prototypes,advise on waste management procedures,semiconductors,mechanics,pollution legislation,define quality standards,laboratory techniques,develop chemical products",23,17
http://data.europa.eu/esco/occupation/c44c078d-85e4-40a3-9598-2c333d7a24ca,paper engineer,,,"{'literal': 'Paper engineers ensure an optimal production process in the manufacture of paper and related products. They select primary and secondary raw materials and check their quality. In addition, they optimize machinery and equipment usage as well as the chemical additives for paper making.', 'mimetype': 'plain/text'}","manufacturing processes,monitor pulp quality,check paper quality,perform scientific research,optimise production,sizes of paper,paper chemistry,types of pulp,check quality of raw materials,ensure compliance with safety legislation,types of paper,paper production processes,engineering processes,plan engineering activities,test paper production samples,quality standards,monitor production developments,engineering principles","business management principles,identify hazards in the workplace,keep records of work progress,types of wood,dispose of non-hazardous waste,perform project management,ensure compliance with environmental legislation,use CAD software,plan product management,dispose of hazardous waste,prepare production reports,use a computer,communication,sales strategies",18,14
http://data.europa.eu/esco/occupation/4a5ceaae-0f05-4091-bdbf-59f250ce6374,plastic heat treatment equipment operator,Plastic products machine operators,8142,"{'literal': 'Plastic heat treatment equipment operators manipulate plastic products using machinery such as furnaces or flame-hardening machines in order to temper, anneal or heat-treat. They set up the machinery and read the production instructions to determine the furnace temperature. Plastic heat treatment equipment operators remove products from machines, let them cool down, examine and test products to see if they conform to specifications.', 'mimetype': 'plain/text'}","maintain furnace temperature,measure furnace temperature,troubleshoot,use personal protection equipment,optimise production processes parameters,record furnace operations,load materials into furnace,plastic resins,types of plastic,quality standards,operate heat treatment furnace,extract materials from furnace,tend discharge conveyor,set up the controller of a machine,monitor automated machines,prevent damage in a furnace,consult technical resources","mechanics,check quality of raw materials,mix moulding and casting material,report defective manufacturing materials,test chemical samples,types of metal,keep records of work progress,perform test run,cool materials,feed hoppers,maintain equipment,operate lifting equipment,inspect quality of products,keep stock records,types of metal manufacturing processes",17,15
http://data.europa.eu/esco/occupation/654ce97c-9ed1-4614-bc76-36f4a1f67557,synthetic materials engineer,Chemical engineers,2145,"{'literal': 'Synthetic materials engineers develop new synthetic materials processes or improve existing ones. They design and construct installations and machines for the production of synthetic materials and examine samples of raw materials in order to ensure quality.', 'mimetype': 'plain/text'}","injection moulding machine parts,handle chemicals,analyse production processes for improvement,manage processes,use hand tools,work with chemicals,design process,manufacturing processes,chemical processes,basic chemicals,check quality of raw materials,adjust engineering designs,types of plastic,design principles,design engineering components,synthetic materials,manage environmental impact of operations,work safely with chemicals,civil engineering","perform maintenance on installed equipment,communication,think analytically,quality standards,quality assurance methodologies,prepare technical reports,measure materials,examine engineering principles,anticipate installation maintenance,use CAD software,write technical reports,build machines,electrical machines,use technical drawing software,test materials,inspect quality of products,record test data,assemble machines",19,18
http://data.europa.eu/esco/occupation/949ed945-f697-415e-b4c5-51d8abf7cfdf,nanoengineer,,,"{'literal': 'Nanoengineers combine the scientific knowledge of atomic and molecular particles with engineering principles for applications in a varied array of fields. They apply findings in chemistry, biology, and materials engineering, etc. They use technological knowledge for the improvement of existing applications or the creation of micro objects.', 'mimetype': 'plain/text'}","examine engineering principles,apply health and safety standards,perform scientific research,forecast organisational risks,approve engineering design,assess environmental impact,materials science,test chemical samples,biology,adjust engineering designs,engineering principles,work with chemicals,analytical chemistry,perform chemical experiments,engineering processes,chemistry,nanotechnology","computer engineering,design pharmaceutical manufacturing systems,electrical engineering,design optical systems,pharmaceutical chemistry,optical engineering,integrate new products in manufacturing,microbiology-bacteriology,pharmaceutical technology,design principles,improve chemical processes,pharmaceutical drug development,develop pharmaceutical drugs,physics,use CAD software,draft design specifications,develop chemical products,analyse test data,mechanics,design prototypes,use chemical analysis equipment,manage chemical testing procedures,record test data",17,23
http://data.europa.eu/esco/occupation/dca305c8-d665-462c-bdc9-c3a19734ba18,surface engineer,,,"{'literal': 'Surface engineers research and develop technologies for manufacturing processes that assist in altering the properties of the surface of bulk material, such as metal, in order to reduce degradation by corrosion or wear. They explore and design how to protect surfaces of (metal) workpieces and products utilising sustainable materials and testing with a minimum of waste.', 'mimetype': 'plain/text'}","industrial engineering,execute analytical mathematical calculations,approve engineering design,corrosion types,engineering processes,engineering principles,mathematics,production processes,perform scientific research,manufacturing processes,adjust engineering designs,use technical drawing software,technical drawings,surface engineering","types of metal,physics,mechanical engineering,analyse test data,chemistry,ferrous metal processing,develop material testing procedures,record test data,non-destructive testing,use non-destructive testing equipment,analyse stress resistance of materials,semiconductors,materials science,recognise signs of corrosion,hazardous waste types,electrical engineering,welding techniques,environmental legislation,material mechanics,soldering techniques",14,20
http://data.europa.eu/esco/occupation/ec21ce88-ce14-49b6-be0a-cc53cf5a3a67,chemical engineer,Chemical engineers,2145,"{'literal': 'Chemical engineers design and develop large-scale chemical and physical production processes and are involved in the entire industrial process required for transforming raw materials into products.', 'mimetype': 'plain/text'}","chemistry,adjust engineering designs,approve engineering design,engineering processes,engineering principles,apply health and safety standards,work with chemicals,forecast organisational risks,assess environmental impact,analytical chemistry,test chemical samples,perform scientific research,perform chemical experiments","apply validation engineering,conduct public presentations,pharmacovigilance legislation,nanotechnology,electrical instrumentation engineering,assess the feasibility of implementing developments,pharmaceutical drug development,test materials,write technical reports,human physiology,drug administration regulations,supply chain management,design pharmaceutical manufacturing systems,use technical drawing software,analyse test data,laboratory techniques,quality assurance methodologies,mechanical engineering,establish collaborative relations,software architecture models,test production input materials,intellectual property law,manage pharmaceutical production facilities construction,biology,integrate new products in manufacturing,advise on pollution prevention,pharmaceutical technology,mechanics,design principles,improve chemical processes,computer engineering,use a computer,pharmacology,advise on waste management procedures,manufacturing processes,develop chemical products,record test data,use CAD software,use chemical analysis equipment,think analytically,create solutions to problems,evaluate pharmaceutical manufacturing process,semiconductors,toxicology,draft design specifications,ensure compliance with environmental legislation,textile materials,examine engineering principles,develop pharmaceutical drugs,pollution legislation,pharmaceutical industry,manage chemical testing procedures,perform laboratory tests,pharmaceutical legislation,materials science,types of plastic,design prototypes,material mechanics,industrial software,microbiology-bacteriology,thermoplastic materials,pharmaceutical chemistry,analyse production processes for improvement,design optical systems,packaging engineering,composite materials,develop material testing procedures,basic chemicals,electrical engineering,pharmaceutical manufacturing quality systems,define quality standards,contribute to registration of pharmaceutical products,biological chemistry,monitor plant production,quality standards,chemical preservation,ensure compliance with safety legislation,types of packaging materials,types of metal,good manufacturing practices,write batch record documentation,electricity,optical engineering,physics,provide technical expertise",13,85
http://data.europa.eu/esco/occupation/62d3f108-ade2-44b5-beeb-d63d0b21268f,mineral processing engineer,"Mining engineers, metallurgists and related professionals",2146,"{'literal': 'Mineral processing engineers develop and manage\xa0equipment and techniques\xa0to successfully\xa0process and refine valuable minerals\xa0from ore or raw mineral.', 'mimetype': 'plain/text'}","troubleshoot,maintain records of mining operations,manage chemical reagents,chemistry,use a computer,supervise staff,ensure compliance with safety legislation,monitor mine production,geology,address problems critically,prepare technical reports,manage mineral processing plant,manage mineral testing procedures","design plant waste procedures,mine dump design,develop new installations,bioleaching,communicate on the environmental impact of mining,impact of geological factors on mining operations,apply transportation management concepts",13,7
http://data.europa.eu/esco/occupation/9e47c727-5718-48f1-a567-6a4c09397a21,aerodynamics engineer,,,"{'literal': 'Aerodynamics engineers perform aerodynamics analysis to make sure the designs of transport equipment meet aerodynamics and performance requirements. They contribute to designing engine and engine components, and issue technical reports for the engineering staff and customers. They coordinate with other engineering departments to check that designs perform as specified. Aerodynamics engineers conduct research to assess adaptability of equipment and materials. They also analyse propos","engineering processes,mathematics,technical drawings,liaise with engineers,use technical documentation,engineering principles,evaluate engine performance,physics,approve engineering design,scientific research methodology,adjust engineering designs,aerodynamics,execute analytical mathematical calculations,mechanical engineering,mechanics,use technical drawing software,engine components,operation of different engines,read engineering drawings,examine engineering principles,use a computer,ICT software specifications,perform scientific research,multimedia systems,CAE software","mechanics of trains,aircraft mechanics,bicycle mechanics,thermodynamics,analyse stress resistance of products,material mechanics,determine production feasibility,mechanics of motor vehicles,mechanics of vessels,conduct performance tests",25,10
http://data.europa.eu/esco/occupation/03b2f112-a891-461d-a8d4-effb9dcf2df6,quarry engineer,"Mining engineers, metallurgists and related professionals",2146,"{'literal': 'Quarry engineers analyse which extraction methods such as excavating, drilling and blasting are most suited to extract raw materials from the ground. They develop plans before a new quarry is opened, assessing if the quarry is profitable. Quarry engineers manage the everyday operations in a quarry, create and maintain progress reports, oversee the staff, ensure health and safety and assess the environmental impact a quarry has on its environment.', 'mimetype': 'plain/text'}","prepare technical reports,advise on mine development,mechanics,mine safety legislation,mechanical engineering,ensure compliance with safety legislation,write technical reports,geology,carry out geological explorations,impact of geological factors on mining operations,maintain records of mining operations,procure mechanical machinery,advise on geology for mineral extraction,advise on mine production,mining engineering","electricity,manage emergency procedures,design drawings,troubleshoot,maintain mine machinery,mathematics,engineering processes,address problems critically,install mining machinery,geological mapping,assess operating cost,mechanical mine machinery manuals,present reports,monitor mine costs,monitor mine production,use a computer",15,16
http://data.europa.eu/esco/occupation/35bc3847-58ad-46f5-8921-e58acc2762a6,chemical engineering technician,Chemical engineering technicians,3116,"{'literal': 'Chemical engineering technicians transform raw materials in order to develop and test chemical products. They also work on improving chemical plant operations and processes.', 'mimetype': 'plain/text'}","chemistry,risk management,collaborate with engineers,quality assurance methodologies,determine production feasibility,translate formulae into processes,execute analytical mathematical calculations,production processes,prepare chemical samples,analyse experimental laboratory data,laboratory techniques,calibrate laboratory equipment,run laboratory simulations,work safely with chemicals,use ICT systems,perform laboratory tests,test chemical samples,apply safety procedures in laboratory,ensure compliance with environmental legislation,engineering processes,engineering principles,perform product testing","nuclear reprocessing,recommend product improvements,control production,write batch record documentation,maintain laboratory equipment,recognise signs of corrosion,maintain nuclear reactors,manage health and safety standards,schedule production,inorganic chemistry,analyse production processes for improvement,corrosion types,identify hazards in the workplace,analytical chemistry,dispose of hazardous waste,energy efficiency,supervise laboratory operations,archive scientific documentation,set production facilities standards,communicate with external laboratories,use chromatography software,hazardous waste types,radiation protection,hazardous waste storage,nuclear energy,maintain chromotography machinery,keep records of work progress",22,27
http://data.europa.eu/esco/occupation/4be368e3-badb-4b9f-9d0a-4d0f7565540a,fire prevention and protection engineer,,,"{'literal': 'Fire prevention and protection engineers study, design, and developed innovative solutions aimed to the prevention of fire and the protection of people, natural sites, and urban areas. They propose suitable materials for construction, clothing, or other applications and they design detection systems aiming to prevent fire or the propagation of it. \n', 'mimetype': 'plain/text'}","fire safety regulations,adjust engineering designs,fire protection engineering,environmental legislation,approve engineering design,engineering processes,engineering principles,safety engineering,perform scientific research,fire prevention procedures,technical drawings,fire-fighting systems,conduct fire tests","chemistry,civil engineering,design principles,materials science,thermodynamics,advise architects,act as contact person during equipment incident,test safety strategies,perform laboratory tests,draft design specifications,develop material testing procedures,record test data,advise on construction materials,textile materials,conduct fire safety inspections,advise on safety improvements,educate public on fire safety,physics,determine fire risks",13,19
http://data.europa.eu/esco/occupation/0f5cc4eb-925d-4b99-be6d-b0964a253a9a,civil engineering technician,Civil engineering technicians,3112,"{'literal': 'Civil engineering technicians help design and execute construction plans and take on organisational tasks, for example in the planning and monitoring, and in bidding and invoicing of construction work. They also calculate material requirements, and help with the purchasing and organising, and ensure the quality of the construction materials. Civil engineering technicians may perform technical tasks in civil engineering and\xa0develop and advise on policy implementing strategies for ","use safety equipment in construction,building codes,inspect construction supplies,technical drawings,keep records of work progress,follow health and safety procedures in construction,construction industry,civil engineering,perform field research,estimate duration of work,use technical drawing software,use measurement instruments,prevent damage to utility infrastructure,engineering principles,prioritise tasks,construction methods,engineering processes,ensure compliance with safety legislation","advise on building matters,manage budgets,materials science,CAD software,work ergonomically,obtain relevant licenses,manage health and safety standards,monitor parameters' compliance in construction projects,industrial design,advise on construction materials,address problems critically,use CAD software,energy performance of buildings,promote environmental awareness,assess financial viability,adjust engineering designs,ensure compliance with construction project deadline,work in a construction team,electrical engineering,mechanical engineering,traffic engineering,zoning codes,set up temporary construction site infrastructure,urban planning,conduct land surveys,manage engineering project,control of expenses,approve engineering design,energy efficiency,design scale models,create AutoCAD drawings,mathematics,project management,define technical requirements,renewable energy technologies,cost management,design principles,calculate needs for construction supplies,maintain operational standards,oversee construction project,urban planning law,design buildings",18,42
http://data.europa.eu/esco/occupation/a1273779-d2d4-4708-a406-62f7cdd26aab,health and safety engineer,Engineering professionals not elsewhere classified,2149,"{'literal': 'Health and safety engineers design objects and programs by combining engineering principles and health and safety requirements. They envision the protection and well-being of the people using designed objects or performing work under designed health and safety programs. They assess facilities and the risks that they might pose (e.g. contaminant materials, ergonomics, handling of dangerous substances, etc.) in order to design and improve health and safety measures.', 'mimetype': 'pla","advise on safety improvements,approve engineering design,engineering principles,perform scientific research,engineering processes,technical drawings,safety engineering,adjust engineering designs,health and safety regulations,assessment of risks and threats,draw up risk assessment","fire prevention procedures,perform laboratory tests,develop material testing procedures,civil engineering,design principles,adhere to standards of national and international safety programmes,undertake inspections,fire safety regulations,conduct fire safety inspections,fire-fighting systems,physics,thermodynamics,respond to nuclear emergencies,test safety strategies,radiation protection,thermohydraulics,evaluate industrial hygiene,carry out environmental audits,materials science,environmental legislation,quality assurance procedures,textile materials,advise architects,ergonomics,human factors regarding safety,chemistry,advise on construction materials,accept own accountability,design safety equipment,educate employees on occupational hazards,design strategies for nuclear emergencies,apply knowledge of human behaviour,draft design specifications,investigate occupational injuries,conduct fire tests,determine fire risks,monitor work site,instruct employees on radiation protection,follow nuclear plant safety precautions,write inspection reports,install safety devices,follow up on safety breaches,fire protection engineering,conduct workplace audits,nuclear energy",11,45
http://data.europa.eu/esco/occupation/bcf8f332-c7e1-4a08-8651-28d668290eaf,metallurgist,"Mining engineers, metallurgists and related professionals",2146,"{'literal': 'Metallurgists specialise in the extraction and processing of metals such as iron, steel, zinc, copper and aluminium. They work to mold or combine both pure and mixed metals (alloys) into new shapes and properties. Metallurgists handle the extraction of metal ores and develop their use in metal processing techniques. They may work in both manufacturing or do scientific research about the performance of metals.', 'mimetype': 'plain/text'}","assess suitability of metal types for specific application,precious metal processing,metal and metal ore products,non-ferrous metal processing,alloys of precious metals,work in metal manufacture teams,manipulate metal,types of metal manufacturing processes,prepare technical reports,precious metals,join metals,metal forming technologies,ferrous metal processing,types of metal","perform sample testing,monitor manufacturing quality standards,maintain ore processing equipment,chemical processes,extract products from moulds,develop new installations,ensure public safety and security,ensure compliance with environmental legislation,prepare extraction proposals,address problems critically,design drawings,interpret extraction data,test raw minerals,liaise with quality assurance,manufacturing of jewellery,prepare samples for testing,physics,chemical technologies in metal manufacture,design metal components,troubleshoot,monitor extraction logging operations,ensure health and safety in manufacturing,process incident reports for prevention,separate metals from ores,conduct metallurgical structural analysis,install monitors for process control,make time-critical decisions,extract materials from furnace,innovation processes,provide manufacturing documentation,apply health and safety standards",14,31
http://data.europa.eu/esco/occupation/06351e17-67c4-44bc-adf7-64b73f92c3b5,metallurgical technician,Mining and metallurgical technicians,3117,"{'literal': 'Metallurgical technicians provide technical support in researching and performing experiments on minerals, metals, alloys, oil and gas. They also assist in improving the methods of extraction.', 'mimetype': 'plain/text'}","ferrous metal processing,perform sample testing,analyse experimental laboratory data,interpret extraction data,metal drawing processes,conduct field work,alloys of precious metals,precious metal processing,corrosion types,maintain laboratory equipment,test raw minerals,analyse test data,record test data,non-ferrous metal processing,apply safety procedures in laboratory,types of metal,precious metals","mine safety legislation,materials science,advise on construction materials,ensure compliance with environmental legislation,chemical technologies in metal manufacture,chemical processes,metal and metal ore products,determine characteristics of mineral deposits,innovation processes,report analysis results,test construction material samples,conduct metallurgical structural analysis,manipulate metal,develop alternative mining methods,excavation techniques,separate metals from ores",17,16
http://data.europa.eu/esco/occupation/45517bc3-0887-416d-95fe-6ace1b90bddd,metallurgical manager,,,"{'literal': 'Metallurgical managers coordinate and implement short and medium term metallurgical or steel-making production schedules, and coordinate the development, support and improvement of steel-making processes, and the reliability efforts of the maintenance and engineering departments. They also partner with ongoing remediation initiatives.', 'mimetype': 'plain/text'}","ensure compliance with environmental legislation,forecast organisational risks,follow company standards,deal with pressure from unexpected circumstances,types of metal manufacturing processes,legal requirements of ICT products,manage commercial risks,optimise financial performance,identify market niches,improve business processes,conduct metallurgical structural analysis,engineering processes,cost management","innovation processes,follow manufacturing work schedule,physics,chemistry,perform market research,quality standards,measure customer feedback,recruit employees,manage staff,design metal components,design drawings,maintain relationship with customers",13,12
http://data.europa.eu/esco/occupation/27eb624c-6171-4c71-aa71-bb21e83381d4,chemical metallurgist,,,"{'literal': 'Chemical metallurgists are involved in the extraction of useable metals from ores and recycleable material. They study the properties of metal, such as corrosion and fatigue.', 'mimetype': 'plain/text'}","non-ferrous metal processing,types of metal,apply health and safety standards,work in metal manufacture teams,chemical processes,metal forming technologies,metal and metal ore products,conduct metallurgical structural analysis,ferrous metal processing,ensure compliance with environmental legislation,perform sample testing,chemical technologies in metal manufacture,alloys of precious metals,precious metal processing,develop new installations,prepare technical reports,assess suitability of metal types for specific application,precious metals,prepare samples for testing,manipulate metal,join metals,monitor manufacturing quality standards","test raw minerals,physics,extract materials from furnace,liaise with quality assurance,monitor extraction logging operations,interpret extraction data,innovation processes,prepare extraction proposals,extract products from moulds,types of metal manufacturing processes,install monitors for process control,ensure public safety and security,process incident reports for prevention,separate metals from ores,maintain ore processing equipment",22,15
http://data.europa.eu/esco/occupation/4efee3ed-de09-44c6-bd4a-d9eaafd04683,process metallurgist,,,"{'literal': 'Process metallurgists study the characteristics of ores including copper, nickel and iron ores and the performance of various metals and alloys.\xa0', 'mimetype': 'plain/text'}","manipulate metal,metal forming technologies,types of metal,types of metal manufacturing processes,ensure compliance with environmental legislation,non-ferrous metal processing,monitor manufacturing quality standards,ensure public safety and security,ferrous metal processing,join metals,make time-critical decisions,prepare technical reports,precious metal processing,address problems critically,ensure health and safety in manufacturing,metal and metal ore products,troubleshoot,work in metal manufacture teams,alloys of precious metals,assess suitability of metal types for specific application","innovation processes,design metal components,chemical technologies in metal manufacture,manufacturing of jewellery,process incident reports for prevention,maintain ore processing equipment,conduct metallurgical structural analysis,physics,precious metals,install monitors for process control,extract products from moulds,chemical processes,separate metals from ores,liaise with quality assurance,design drawings,provide manufacturing documentation,develop new installations",20,17
http://data.europa.eu/esco/occupation/107d21c6-973b-411c-89fd-69da48d29ada,mine manager,Mining managers,1322,"{'literal': ""Mine managers control, direct, plan and coordinate mining production activities. They have statutory responsibility for safety and are also responsible for environmental impact. They oversee the acquisition, installation, maintenance and storage\xa0of mining plant and equipment. They lead and manage according to the organisation's code of conduct."", 'mimetype': 'plain/text'}","optimise financial performance,manage staff,address problems critically,develop health and safety strategies in mining,think proactively,identify process improvements,show social competences,oversee mine planning activities,ensure mining records are maintained,present reports,manage mining plant equipment,use a computer,forecast organisational risks,manage emergency procedures,communicate on minerals issues,impact of geological factors on mining operations,communicate on the environmental impact of mining,interface with anti-mining lobbyists,manage commercial risks,evaluate mine development projects,mining engineering,monitor mine production,assess operating cost,supervise staff,mine safety legislation,electricity,deal with pressure from unexpected circumstances,ensure compliance with safety legislation","electrical engineering,apply transportation management concepts,prepare technical reports,maintain relationships with stakeholders,troubleshoot,train mine engineers,economics,mechanical engineering,chemistry,geology,investigate mine accidents,health and safety hazards underground",28,12
http://data.europa.eu/esco/occupation/df66a6e6-2130-4932-8aaf-263dafa569fa,mine production manager,,,"{'literal': 'Mine production managers coordinate and implement short and medium term mine production schedules and plans,\xa0such as\xa0drilling, blasting, ore and mineral extraction, and waste management.', 'mimetype': 'plain/text'}","ensure compliance with safety legislation,electricity,identify process improvements,report on production results,use a computer,manage medium term objectives,manage emergency procedures,advise on mine equipment,deal with pressure from unexpected circumstances,use mine planning software,mine safety legislation,manage heavy equipment,impact of geological factors on mining operations,think proactively,monitor mine costs,deputise for the mine manager,address problems critically,supervise staff,mining engineering,present reports,monitor mine production,manage staff,plan medium to long term objectives","geology,design plant waste procedures,prepare technical reports,investigate mine accidents,train mine engineers,electrical engineering,mechanical engineering,communicate on minerals issues,health and safety hazards underground",23,9
http://data.europa.eu/esco/occupation/32548f7e-8c25-4c49-9f22-78dee3543704,environmental mining engineer,,,"{'literal': 'Environmental mining engineers oversee the environmental performance of mining operations. They develop and implement environmental systems and strategies to minimise environmental impacts.', 'mimetype': 'plain/text'}","manage environmental impact,supervise staff,ensure compliance with safety legislation,approve engineering design,civil engineering,engineering principles,use technical drawing software,communicate on minerals issues,ensure compliance with environmental legislation,maintain records of mining operations,chemistry,technical drawings,prepare technical reports,address problems critically,perform scientific research,assess environmental impact,engineering processes,mining, construction and civil engineering machinery products,use a computer,troubleshoot,adjust engineering designs,develop environmental policy,communicate on the environmental impact of mining","negotiate with stakeholders,develop mine rehabilitation plan,present reports,impact of meteorological phenomena on mining operations,biology",23,5
http://data.europa.eu/esco/occupation/ad404c6b-291f-439e-9ad4-c93ddabd3c13,"mining, construction and civil engineering machinery distribution manager",,,"{'literal': 'Mining, construction and civil engineering machinery distribution managers plan the distribution of mining, construction and civil engineering machinery to various points of sales.', 'mimetype': 'plain/text'}","hazardous freight regulations,have computer literacy,track shipping sites,handle carriers,perform multiple tasks at the same time,forecast distribution activities,minimise shipping cost,freight transport methods,manage financial risk,supply chain management,implement strategic planning,adhere to organisational guidelines,ensure customs compliance,manage staff,carry out statistical forecasts,plan transport operations,ensure regulatory compliance concerning distribution activities,mining, construction and civil engineering machinery products,manage freight payment methods,develop financial statistics reports,perform financial risk management in international trade,carry out inventory control accuracy,track shipments,perform risk analysis,create solutions to problems,communicate with shipment forwarders",,26,0
http://data.europa.eu/esco/occupation/aaeb2402-2ab3-411f-9a44-8ff4dd092de6,"wholesale merchant in mining, construction and civil engineering machinery",,,"{'literal': 'Wholesale merchants in mining, construction and civil engineering machinery investigate potential wholesale buyers and suppliers and match their needs. They conclude trades involving large quantities of goods.', 'mimetype': 'plain/text'}","sales strategies,negotiate sale of commodities,build business relationships,maintain financial records,have computer literacy,negotiate sales contracts,initiate contact with buyers,initiate contact with sellers,monitor international market performance,comprehend financial business terminology,identify new business opportunities,identify suppliers,assess supplier risks,identify customer's needs,mining, construction and civil engineering machinery products,negotiate buying conditions,show entrepreneurial spirit,perform market research,plan transport operations,product comprehension",,20,0
http://data.europa.eu/esco/occupation/84e4c780-ee17-44dd-af6f-d1c06a3e353d,"import export manager in mining, construction and civil engineering machinery",,,"{'literal': 'Import export managers in mining, construction and civil engineering machinery install and maintain procedures for cross-border business, coordinating internal and external parties.', 'mimetype': 'plain/text'}","produce sales reports,build rapport with people from different cultural backgrounds,meet deadlines,speak different languages,conduct performance measurement,direct distribution operations,monitor international market performance,abide by business ethical code of conducts,control trade commercial documentation,maintain financial records,manage processes,ensure customs compliance,embargo regulations,set import export strategies,managing a business with great care,export control principles,export regulations of dual-use goods,have computer literacy,perform financial risk management in international trade,mining, construction and civil engineering machinery products,international import export regulations,apply conflict management,create solutions to problems,comprehend financial business terminology,international commercial transactions rules",,25,0
http://data.europa.eu/esco/occupation/e69697d0-2639-4aad-b73a-05e0b98357b1,mine electrical engineer,,,"{'literal': 'Mine electrical engineers supervise the procurement, installation and maintenance of mining\xa0electrical equipment, using their knowledge of electrical and electronic principles. They\xa0organise the replacement and repair of electrical equipment and\xa0components.', 'mimetype': 'plain/text'}","geology,mine safety legislation,manage emergency procedures,maintain records of mining operations,maintain electrical mine machinery,ensure compliance with safety legislation,prepare technical reports,procure electrical machinery,design circuits using CAD,electronics,install electrical mining machinery,electrical mine machinery manuals,troubleshoot,advise on mine equipment,supervise staff,develop improvements to the electrical systems,electricity,design drawings,use a computer,electrical engineering","present reports,assess operating cost,monitor mine production,mathematics,use technical drawing software,mining engineering,monitor mine costs,address problems critically",20,8
http://data.europa.eu/esco/occupation/ba1e5427-46e0-4b6c-b196-5312d136dd3b,"import export specialist in mining, construction, civil engineering machinery",,,"{'literal': 'Import export specialists in mining, construction, civil engineering machinery have and apply deep knowledge of import and export goods including customs clearance and documentation.', 'mimetype': 'plain/text'}","file claims with insurance companies,mining, construction and civil engineering machinery products,meet deadlines,international commercial transactions rules,handle quotes from prospective shippers,apply import strategies,handle carriers,build rapport with people from different cultural backgrounds,have computer literacy,ensure customs compliance,monitor merchandise delivery,administer multi-modal logistics,communicate with shipment forwarders,international import export regulations,apply conflict management,create import-export commercial documentation,embargo regulations,create solutions to problems,export regulations of dual-use goods,plan transport operations,apply export strategies,speak different languages",,22,0
http://data.europa.eu/esco/occupation/fcbb66f5-843b-4152-9ce4-e7b19c2a88d9,mine mechanical engineer,,,"{'literal': 'Mine mechanical engineers supervise the procurement, installation, removal\xa0and\xa0maintenance of\xa0mining mechanical\xa0equipment, using their knowledge of\xa0mechanical specifications. They organise the replacement\xa0and repair of\xa0mechanical equipment and components.', 'mimetype': 'plain/text'}","advise on mine equipment,electricity,maintain mine machinery,use a computer,troubleshoot,prepare technical reports,maintain records of mining operations,mechanical engineering,use technical drawing software,manage emergency procedures,mechanics,geology,impact of geological factors on mining operations,install mining machinery,mechanical mine machinery manuals,design drawings,supervise staff,ensure compliance with safety legislation,procure mechanical machinery,mine safety legislation","present reports,monitor mine production,mathematics,health and safety hazards underground,monitor mine costs,address problems critically,assess operating cost,mining engineering",20,8
http://data.europa.eu/esco/occupation/d6d1af75-7811-4914-b16f-50441bcb0e74,mine health and safety engineer,"Mining engineers, metallurgists and related professionals",2146,"{'literal': 'Mine health and safety engineers develop and implement systems and procedures to prevent employee injury and sickness, improve mine working conditions, reduce health and safety risks and prevent damage to equipment and property.', 'mimetype': 'plain/text'}","prepare technical reports,mine safety legislation,investigate mine accidents,use a computer,geology,manage emergency procedures,maintain records of mining operations,train employees in mine safety,prevent health and safety problems,supervise staff,address problems critically,electricity,develop health and safety strategies in mining,ensure compliance with safety legislation","mining engineering,electrical engineering,troubleshoot,impact of geological factors on mining operations,health and safety hazards underground,inspect mine safety conditions,present reports",14,7
http://data.europa.eu/esco/occupation/7b99007f-c6bf-4703-85d3-f168bc6a9f28,mine planning engineer,"Mining engineers, metallurgists and related professionals",2146,"{'literal': 'Mine planning engineers design future mine layouts\xa0capable of achieving\xa0production and mine development objectives, taking into account the geological characteristics and structure\xa0of the mineral resource. They prepare production and development schedules and monitor progress against these.', 'mimetype': 'plain/text'}","generate reconciliation reports,monitor mine production,advise on mine equipment,impact of geological factors on mining operations,use a computer,geology,use mine planning software,address problems critically,mining engineering,supervise staff,interface with anti-mining lobbyists,prepare technical reports,maintain plans of a mining site,schedule mine production","ensure compliance with safety legislation,assess operating cost,evaluate mine development projects,use technical drawing software,minerals laws,mine safety legislation,monitor mine costs,mine dump design",14,8
http://data.europa.eu/esco/occupation/955ae83a-4d91-4db8-a5d6-bd489e5058df,mining equipment mechanic,Agricultural and industrial machinery mechanics and repairers,7233,"{'literal': 'Mining equipment mechanics install, remove, maintain and repair mining equipment.', 'mimetype': 'plain/text'}","mechanics,report mine machinery repairs,train operators in using mine machinery,test mine equipment,conduct inter-shift communication,communicate mine equipment information,maintain records of mining operations,troubleshoot,maintain mine machinery,install mining machinery,mechanical mine machinery manuals","health and safety hazards underground,weld mining machinery,electricity,impact of geological factors on mining operations",11,4
http://data.europa.eu/esco/occupation/52fcfdb9-9dcf-4591-aba5-45337f791a10,technical sales representative in mining and construction machinery,,,"{'literal': 'Technical sales representatives in mining and construction machinery act for a business to sell its merchandise while providing technical insight for customers.', 'mimetype': 'plain/text'}","have computer literacy,keep records on sales,record customers' personal data,produce sales reports,demonstrate motivation for sales,apply technical communication skills,implement marketing strategies,implement customer follow-up,product comprehension,characteristics of services,prospect new customers,guarantee customer satisfaction,mining, construction and civil engineering machinery products,demonstrate products' features,sales promotion techniques,communicate with customers,use customer relationship management software,ensure customer focus,ensure compliance with legal requirements,maintain relationship with customers,keep records of customer interaction,answer requests for quotation,characteristics of products,implement sales strategies,provide customer follow-up services,supervise sales activities,respond to customers' inquiries,contact customers,prioritise tasks",,29,0
http://data.europa.eu/esco/occupation/efc75d4e-dfbf-4178-929c-0ae198801c36,mining geotechnical engineer,,,"{'literal': 'Mining geotechnical engineers in mining perform engineering, hydrological and geological tests and analyses to improve the safety and efficiency of mineral operations. They oversee the collection of samples and the taking of measurements using geotechnical investigation methods and techniques. They model the mechanical behaviour of the rock mass and contribute to the design of the mine geometry.', 'mimetype': 'plain/text'}","geology,use mine planning software,supervise staff,advise on construction materials,design infrastructure for surface mines,prepare technical reports,address problems critically,plan geotechnical investigations in the field,manage geotechnical staff,use a computer,impact of geological factors on mining operations,advise on geology for mineral extraction","health and safety hazards underground,advise on site selection,test raw minerals,install rock movement monitoring devices,mine dump design,interpret seismic data",12,6
http://data.europa.eu/esco/occupation/4d34a9ee-2653-4da0-bef7-f59294577224,electronics engineer,Electronics engineers,2152,"{'literal': 'Electronic engineers research, design, and develop electronic systems such as circuits, semiconductor devices, and equipment that use electricity as a source of power. They work with capacitators, transistors, diodes or resistors to create electronic circuits and applications of use in fields such as telecommunications, acoustics, instruments, and control.', 'mimetype': 'plain/text'}","adjust engineering designs,engineering principles,environmental legislation,physics,mathematics,manage budgets,use technical drawing software,electricity principles,design electronic systems,execute feasibility study,approve engineering design,create technical plans,environmental threats,write technical reports,design drawings,develop electronic test procedures,design electrical systems,electrical testing methods,types of electronics,perform scientific research,mechanics,electricity,electronic test procedures,identify customer's needs,electronics","design circuit boards,robotics,design user interface,CAD software,perform test run,electromagnets,robotic components,design principles,perform project management,process customer requests based on the REACh Regulation 1907 2006,abide by regulations on banned materials,programmable logic controller,design microelectronics,assess financial viability,assess supplier risks,risk management,design prototypes,product data management,project management,create software design,design microelectromechanical systems,use CAD software,ensure material compliance,design integrated circuits,consumer electronics,regulations on substances,manufacturing processes,electromagnetism",25,28
http://data.europa.eu/esco/occupation/8c0f59c9-9a47-42e7-8287-aab19df4e6ab,microelectronics engineer,,,"{'literal': 'Microelectronics engineers design, develop, and supervise the production of small electronic devices and components such as micro-processors and integrated circuits.', 'mimetype': 'plain/text'}","design microelectronics,design drawings,perform data analysis,electronic equipment standards,record test data,model microelectronics,electricity,electronics,engineering principles,design prototypes,environmental legislation,process customer requests based on the REACh Regulation 1907 2006,prepare production prototypes,conduct quality control analysis,analyse test data,conduct literature research,ensure material compliance,abide by regulations on banned materials,physics,perform scientific research,electricity principles,operate scientific measuring equipment,integrated circuits,microelectronics,report analysis results,environmental threats,read engineering drawings,microassembly,microprocessors,approve engineering design,electronic test procedures,mathematics,test microelectronics,adjust engineering designs,use technical drawing software,develop electronic test procedures","perform test run,use CAD software,apply technical communication skills,install hardware,integrated circuit types,precision measuring instruments,use CAM software,draft bill of materials,coordinate engineering teams,use precision tools,mechanical engineering,microsensors,prepare assembly drawings,communicate with customers,perform resource planning,semiconductors,design integrated circuits,solder electronics,microoptics,create technical plans,MOEM,microelectromechanical systems,apply soldering techniques,nanoelectronics,firmware,build business relationships,operate precision machinery,maintain safe engineering watches,design firmware,program firmware,develop product design,install software,micromechanics,define manufacturing quality criteria,consumer electronics,CAE software,perform project management,train employees,provide technical documentation",36,39
http://data.europa.eu/esco/occupation/35d41f4f-334b-452e-9e31-99f376302493,optoelectronic engineer,,,"{'literal': 'Optoelectronic engineers design and develop optoelectronic systems and devices, such as UV sensors, photodiodes, and LEDs. Optoelectronic engineering combines optical engineering with electronic engineering in the design of these systems and devices. They conduct research, perform analysis, test the devices, and supervise the research.', 'mimetype': 'plain/text'}","develop optical test procedures,optical glass characteristics,optics,analyse test data,conduct quality control analysis,optical instruments,refractive power,optoelectronics,perform data analysis,design optical prototypes,design drawings,optical equipment standards,operate scientific measuring equipment,conduct literature research,approve engineering design,types of optical instruments,electronic equipment standards,model optical systems,circuit diagrams,read engineering drawings,prepare production prototypes,optical engineering,mathematics,engineering principles,physics,optical manufacturing process,perform scientific research,optical components,test optical components,electronics,optoelectronic devices,develop electronic test procedures,record test data,report analysis results,operate precision measuring equipment,adjust engineering designs","microelectromechanical systems,maintain optical equipment,create technical plans,radars,telecommunications engineering,microsensors,semiconductors,microwave principles,maintain safe engineering watches,photonics,CAE software,MOEM,use precision tools,cavity optomechanics,microprocessors,coordinate engineering teams,control engineering,communicate with customers,provide technical documentation,operate optical assembly equipment,microelectronics,draft bill of materials,operate precision machinery,build business relationships,train employees,fibre optics,electromagnetic spectrum,perform project management,prepare assembly drawings,microoptics,acoustics,lasers,use CAD software,sensors,optomechanical engineering,digital camera sensors,develop product design,define manufacturing quality criteria,perform resource planning,computer engineering,apply technical communication skills",36,41
http://data.europa.eu/esco/occupation/0022f466-426c-41a4-ac96-a235c945cf97,air traffic safety technician,Air traffic safety electronics technicians,3155,"{'literal': 'Air traffic safety technicians provide technical support regarding the safety of air traffic control and navigation systems. They design, maintain, install and operate these systems both in the airport and on board the aeroplane according to regulations.', 'mimetype': 'plain/text'}","air transport law,common aviation safety regulations,aircraft flight control systems,comply with air traffic control operations,electronics,maintain electronic equipment,surveillance radars,install electrical and electronic equipment,airport safety regulations,safety engineering,use testing equipment,electrical systems used in transportation,ensure aircraft compliance with regulation,technical drawings,airport electrical systems","inspect aircraft for airworthiness,aircraft mechanics,assess operating cost,air traffic management,design electronic systems,debug software,use meteorological information,oversee quality control,global navigation satellite system performance parameters,ensure safety in international aviation,test circuitry,use technical drawing software,perform aircraft maintenance,aviation meteorology,operate cockpit control panels,air traffic control operations,install software,electrical engineering,design electrical systems,test electrical equipment,types of aircraft,address aircraft mechanical issues,design control systems,manage air navigation services",15,24
http://data.europa.eu/esco/occupation/27811419-407f-4868-a388-2f7df7aafd91,electronics engineering technician,Electronics engineering technicians,3114,"{'literal': 'Electronics engineering technicians work closely with electronics engineers in the development of electronic equipment and devices. Electronics engineering technicians are responsible for building, testing, and maintaining electronic devices.', 'mimetype': 'plain/text'}","test electronic units,electronic equipment standards,assemble electronic units,inspect quality of products,adjust engineering designs,electronics,interpret electronic design specifications,ensure quality of final product,fasten components,read assembly drawings,electronic components,meet deadlines,apply soldering techniques,configure electronic equipment,design drawings,integrated circuits,prepare production prototypes,liaise with engineers,record test data,types of electronics,read engineering drawings,use testing equipment,printed circuit boards,solder electronics,electronic test procedures,circuit diagrams,assist scientific research,align components,conduct performance tests","inspect electronic supplies,CAD software,CAE software,maintain electronic systems,wear cleanroom suit,solder components onto electronic board,calibrate electronic instruments,install electrical and electronic equipment,pack electronic equipment,keep records of work progress,write technical reports,resolve equipment malfunctions,control engineering,use CAM software,monitor machine operations,medical devices,mechanical engineering,program firmware,use precision tools,send faulty equipment back to assembly line,apply technical communication skills,sensors,consumer electronics,integrate new products in manufacturing,perform test run,microelectronics,firmware,power electronics,transmission technology,electrical engineering,operate precision machinery,repair electronic components",29,32
http://data.europa.eu/esco/occupation/d849fd2a-5210-434b-a50b-2d92de3a4bac,electronics drafter,,,"{'literal': 'Electronics drafters support electronic engineers in the design and conceptualisation of electronic equipment. They draft blueprints and assembly diagrams of electronic systems and components using technical drawing software.', 'mimetype': 'plain/text'}","manual draughting techniques,create technical plans,printed circuit boards,electronic components,CAD software,use CAD software,electronics,customise drafts,design electronic systems,integrated circuits,electronic equipment standards,design prototypes,technical drawings,design circuit boards,circuit diagrams,mathematics,draw blueprints,use technical drawing software,types of electronics,design drawings,electricity,liaise with engineers","electrical engineering,design hardware,plan manufacturing processes,communicate with customers,apply technical communication skills,prepare assembly drawings,design microelectronics,train employees,engineering principles,draft bill of materials,develop assembly instructions,keep records of work progress,design sensors,manufacturing processes,review drafts,create a product's virtual model,use manual draughting techniques,consumer electronics,provide technical documentation,power electronics",22,20
http://data.europa.eu/esco/occupation/0ea36a48-a27d-4515-b61f-3cab395cf60f,microelectronics engineering technician,,,"{'literal': 'Microelectronics engineering technicians collaborate with microelectronics engineers in the development of small electronic devices and components such as micro-processors, memory chips, and integrated circuits for machine and motor controls. Microelectronics engineering technicians are responsible for building, testing, and maintaining the microelectronic systems and devices.', 'mimetype': 'plain/text'}","liaise with engineers,adjust engineering designs,solder electronics,meet deadlines,align components,wear cleanroom suit,microassembly,integrated circuits,read engineering drawings,read assembly drawings,inspect quality of products,prepare production prototypes,design drawings,assemble microelectronics,circuit diagrams,test microelectronics,microelectronics,electronic equipment standards,microsensors,electronic test procedures,microprocessors,fasten components,assist scientific research,electronics,record test data","use precision tools,microsystem test procedures,electrical engineering,monitor machine operations,precision measuring instruments,integrate new products in manufacturing,solder components onto electronic board,apply technical communication skills,CAD software,microelectromechanical systems,operate precision machinery,write technical reports,maintain microelectronics,CAE software,operate SMT placement equipment,firmware,program firmware,use CAM software,MOEM,operate precision measuring equipment,keep records of work progress,surface-mount technology,consumer electronics,resolve equipment malfunctions",25,24
http://data.europa.eu/esco/occupation/fd1c83b3-60d5-4a5f-86c5-94dc2842c246,integrated circuit design engineer,,,"{'literal': 'Integrated circuit design engineers design the layout for integrated circuits according to electronics engineering principles. They use software to create design schematics and diagrams.', 'mimetype': 'plain/text'}","design integrated circuits,electronic equipment standards,electronic components,CAD software,create technical plans,liaise with engineers,customise drafts,use technical drawing software,semiconductors,design drawings,electronics,mathematics,design electronic systems,use CAD software,integrated circuits,electricity,integrated circuit types","use manual draughting techniques,monitor system performance,test electronic units,engineering principles,develop assembly instructions,apply technical communication skills,draft bill of materials,electrical engineering,review drafts,plan manufacturing processes,manufacturing processes,train employees,create a product's virtual model,communicate with customers,draw blueprints,provide technical documentation,keep records of work progress,design prototypes",17,18
http://data.europa.eu/esco/occupation/dcfeb6e4-f39d-49fb-96cd-23292fb3e037,optoelectronic engineering technician,,,"{'literal': ""Optoelectronic engineering technicians collaborate with engineers in the development of optoelectronic systems and components, such as photodiodes, optical sensors, lasers and LED's. Optoelectronic engineering technicians build, test, install and calibrate optoelectronic equipment. They read blueprint and other technical drawings to develop testing and calibrating procedures."", 'mimetype': 'plain/text'}","optical equipment standards,refractive power,apply optical coating,types of optical instruments,optical components,assemble optoelectronics,record test data,optical engineering,liaise with engineers,test optoelectronics,optics,inspect quality of products,optical glass characteristics,optoelectronic devices,test optical components,align components,design drawings,prepare production prototypes,adjust engineering designs,electronic equipment standards,electronics,optical manufacturing process,operate optical assembly equipment,circuit diagrams,assist scientific research,clean optical components,read engineering drawings,fasten components,optoelectronics","apply technical communication skills,lasers,CAD software,resolve equipment malfunctions,write technical reports,solder electronics,apply soldering techniques,inspect optical supplies,optomechanical devices,digital camera sensors,microprocessors,maintain optical equipment,MOEM,integrate new products in manufacturing,firmware,microsensors,operate precision machinery,electromagnetic spectrum,sensors,microoptics,calibrate optical instruments,program firmware,monitor machine operations,semiconductors,CAE software,keep records of work progress,use precision tools,use CAM software,printed circuit boards,microelectronics,wear cleanroom suit",29,31
http://data.europa.eu/esco/occupation/edf2e989-d7c5-496e-b365-81fc5cb9eb39,mechatronics engineering technician,,,"{'literal': 'Mechatronics engineering technicians collaborate with engineers in the development of mechatronic devices and applications through a combination of mechanical engineering, electronic engineering, and computer engineering. They build, test, install, and calibrate mechatronics and solve technical problems.', 'mimetype': 'plain/text'}","assist scientific research,automation technology,mechatronics,assemble mechatronic units,physics,design drawings,perform test run,robotics,control engineering,prepare production prototypes,simulate mechatronic design concepts,electrical engineering,fasten components,follow safety standards in industrial contexts,adjust engineering designs,circuit diagrams,liaise with engineers,electronics,inspect quality of products,computer engineering,install mechatronic equipment,read assembly drawings,record test data,align components,quality standards,read engineering drawings,mechanical engineering,test mechatronic units","set up automotive robot,consumer electronics,maintain mechatronic equipment,keep up with digital transformation of industrial processes,set up machine controls,customise software for drive system,CAD software,optoelectronic devices,resolve equipment malfunctions,hydraulics,optical engineering,install software,electromechanics,keep records of work progress,pneumatics,install hardware,monitor automated machines,replace machines,maintain control systems for automated equipment,install automation components,use CAM software,assemble machines,write technical reports,programmable logic controller,integrate new products in manufacturing,telecommunications engineering,micromechatronic engineering,program firmware,optoelectronics,program a CNC controller,apply technical communication skills,calibrate mechatronic instruments,examine engineering principles,CAE software",28,34
http://data.europa.eu/esco/occupation/7833d5cd-873d-4fdd-b2f8-9762d68494a7,robotics engineering technician,,,"{'literal': 'Robotics engineering technicians collaborate with engineers in the development of robotic devices and applications through a combination of mechanical engineering, electronic engineering, and computer engineering. Robotics engineering technicians build, test, install and calibrate robotic equipment.', 'mimetype': 'plain/text'}","set up machine controls,prepare production prototypes,set up automotive robot,align components,test mechatronic units,perform test run,physics,monitor machine operations,read assembly drawings,design drawings,automation technology,read engineering drawings,robotics,electrical engineering,mechatronics,assist scientific research,mathematics,electronics,follow safety standards in industrial contexts,assemble robots,liaise with engineers,adjust engineering designs,record test data,control engineering,robotic components,fasten components,inspect quality of products","CAD software,power electronics,computer engineering,mechanical engineering,optoelectronics,hybrid control systems,programmable logic controller,transmission technology,assemble mechatronic units,pneumatics,maintain robotic equipment,keep up with digital transformation of industrial processes,communicate with customers,install hardware,replace machines,program firmware,use CAM software,electric drives,use CAD software,calibrate mechatronic instruments,hydraulics,customise software for drive system,simulate mechatronic design concepts,apply technical communication skills,integrate new products in manufacturing,write technical reports,sensors,install software,computer science,resolve equipment malfunctions,perform project management,safety engineering,keep records of work progress,examine engineering principles",27,34
http://data.europa.eu/esco/occupation/93b11f0f-69af-4ece-b9da-f29aab7d38d3,container equipment design engineer,,,"{'literal': 'Container equipment design engineers design equipment to contain products or liquids, according to set specifications, such as boilers or pressure vessels. They test the designs, look for solutions to any problems and oversee production.', 'mimetype': 'plain/text'}","mechanics,production processes,adjust engineering designs,mechanical engineering,use a computer,CAD software,troubleshoot,technical drawings,manufacturing processes,perform scientific research,use technical drawing software,industrial engineering,types of containers,provide technical documentation,use CAD software,execute feasibility study,use computer-aided engineering systems,read engineering drawings,mathematics,approve engineering design,engineering processes,create solutions to problems,engineering principles","3D modelling,monitor production developments,design prototypes,provide advice to technicians,set up the controller of a machine,determine production capacity,plan manufacturing processes,use CAM software,provide cost benefit analysis reports,manage supplies,quality and cycle time optimisation,material mechanics,execute analytical mathematical calculations,determine production feasibility,CAE software,create a product's virtual model,reverse engineering",23,17
http://data.europa.eu/esco/occupation/2296fa07-98ae-4875-b18d-96ed86134ffb,electronic equipment inspector,,,"{'literal': 'Electronic equipment inspectors check electronic equipment for any defects and malfunctions. They ensure that the equipment is correctly assembled according to specifications and national and international regulations.', 'mimetype': 'plain/text'}","electronic test procedures,instrument performance elements,quality assurance procedures,ensure conformity to specifications,meet deadlines,use testing equipment,test electronic units,circuit diagrams,inspect quality of products,analyse test data,types of electronics,measure electrical characteristics,electrical testing methods,electronic components,use measurement instruments,electronic equipment standards,electronics,communicate test results to other departments,read standard blueprints,read assembly drawings","keep records of work progress,send faulty equipment back to assembly line,write inspection reports,liaise with engineers,remove defective products,resolve equipment malfunctions,waste removal regulations,research equipment needs,maintain test equipment,calibrate electronic instruments,microelectronics,consumer electronics,perform test run,check system parameters against reference values,power electronics",20,15
http://data.europa.eu/esco/occupation/4f4d33a1-0b41-4dd9-8a42-aeba5a3974ab,sensor engineer,,,"{'literal': 'Sensor engineers design and develop sensors, sensor systems and products that are equipped with sensors. They plan and monitor the manufacture of these products.', 'mimetype': 'plain/text'}","environmental threats,design drawings,test sensors,control engineering,report analysis results,conduct quality control analysis,sensors,electricity,analyse test data,model sensor,perform scientific research,adjust engineering designs,prepare production prototypes,electronic test procedures,record test data,engineering principles,physics,environmental legislation,electricity principles,abide by regulations on banned materials,approve engineering design,design prototypes,use technical drawing software,develop electronic test procedures,electronics,design sensors,operate scientific measuring equipment,read engineering drawings,conduct literature research,mathematics,electronic equipment standards,microsensors,perform data analysis","precision mechanics,prepare assembly drawings,electrical engineering,maintain safe engineering watches,environmental engineering,microelectromechanical systems,microprocessors,build business relationships,use precision tools,optoelectronics,mechanical engineering,automotive engineering,biomedical engineering,perform project management,train employees,consumer electronics,draft bill of materials,microelectronics,firmware,digital camera sensors,create technical plans,hybrid control systems,CAE software,provide technical documentation,perform test run,biotechnology,develop product design,use CAM software,apply technical communication skills,automation technology,optics,communicate with customers,coordinate engineering teams,use CAD software,design firmware,building automation,perform resource planning,define manufacturing quality criteria,computer engineering,MOEM",33,40
http://data.europa.eu/esco/occupation/551a6797-3ca9-41fc-9dca-9a982a8fd8a6,robotics engineer,Engineering professionals not elsewhere classified,2149,"{'literal': 'Robotics engineers design and develop robotic devices and applications in combination with mechanical engineering principles. They use pre-established designs and current developments for improving or inventing systems, machinery and equipment. They combine several knowledge fields such as computing, engineering, and electronics in the development of new engineering applications.', 'mimetype': 'plain/text'}","technical drawings,mechanics,execute feasibility study,design automation components,mechanical engineering,engineering processes,adjust engineering designs,robotics,use technical drawing software,robotic components,engineering principles,approve engineering design,assess financial viability,perform scientific research","use CAM software,mechatronics,draft design specifications,industrial engineering,use CAD software,safety engineering,product data management,control production,create software design,follow safety standards in industrial contexts,keep up with digital transformation of industrial processes,prepare production prototypes,manufacturing processes,perform test run,record test data,design principles,design prototypes,debug software,provide advice to technicians,assemble mechatronic units,maintain robotic equipment,electrical engineering,electronics,simulate mechatronic design concepts,create technical plans,computer engineering,assemble robots,analyse test data,apply advanced manufacturing,calibrate mechatronic instruments,microprocessors,test mechatronic units,conduct performance tests",14,33
http://data.europa.eu/esco/occupation/b2cede50-82bb-4684-9f11-1930e12ad672,energy engineer,Engineering professionals not elsewhere classified,2149,"{'literal': 'Energy engineers design new, efficient and clean ways to produce, transform, and distribute energy to\xa0improve environmental sustainability and energy efficiency.\xa0They extract energy through natural resources, such as oil or gas, or renewable and sustainable sources, such as wind or solar power.\xa0', 'mimetype': 'plain/text'}","technical drawings,use technical drawing software,perform scientific research,adjust engineering designs,engineering processes,energy,engineering principles,energy market,approve engineering design","environmental engineering,inspect building systems,develop electricity distribution schedule,create AutoCAD drawings,inspect industrial equipment,maintain concentrated solar power systems,develop hazardous waste management strategies,mitigate environmental impact of pipeline projects,monitor waste treatment equipment,conduct engineering site audits,types of pipelines,design electric power systems,monitor automated machines,electricity market,use testing equipment,oversee quality control,manage engineering project,adapt energy distribution schedules,analyse energy consumption,ensure regulatory compliance in pipeline infrastructures,identify customer's needs,develop gas distribution schedule,test procedures in electricity transmission,coordinate electricity generation,draw blueprints,make electrical calculations,ensure compliance with safety legislation,types of wind turbines,pollution prevention,renewable energy technologies,fuel gas,ensure correct gas pressure,advise on pollution prevention,design drawings,adjust voltage,manage gas transmission system,monitor utility equipment,inspect underground power cables,natural gas,transmission towers,ensure compliance with environmental legislation,perform maintenance on installed equipment,wear appropriate protective gear,use CAD software,design thermal equipment,operate automated process control,promote sustainable energy,energy performance of buildings,hydraulics,develop waste management processes,monitor nuclear power plant systems,gas market,types of photovoltaic panels,inspect facility sites,supervise electricity distribution operations,run simulations,read engineering drawings,supervise gas distribution operations,mechanical engineering,perform project management,test gas purity,electricity,electricity consumption,advise on environmental risk management systems,fossil fuels,assess environmental impact,promote environmental awareness,electrical discharge,troubleshoot,manage environmental impact of operations,advise on environmental remediation,carry out energy management of facilities,environmental legislation,examine engineering principles,supervise crew,provide information on solar panels,design automation components,electrical engineering,manage workflow processes,gas consumption,provide information on wind turbines,document analysis results,power engineering,develop non-hazardous waste management strategies,perform risk analysis,design utility equipment,fuel distribution systems,maintain photovoltaic systems,waste and scrap products,manufacturing of steam generators,ensure compliance with electricity distribution schedule,operate steam turbine,quality standards,electric generators,wire harnesses,refrigerants,resolve equipment malfunctions,maintain solar energy systems,assess financial viability,use personal protection equipment,develop strategies for electricity contingencies,liaise with local authorities,ensure equipment maintenance,report test findings,advise on waste management procedures,ensure compliance with gas distribution schedule,CAD software,maintain electrical equipment,monitor electric generators,fluid mechanics,analyse energy market trends,pollution legislation,create designs for pipeline engineering,ensure compliance with waste legislative regulations,advise on heating systems energy efficiency,manage electricity transmission system,industrial heating systems,test pipeline infrastructure operations,use thermal analysis,change power distribution systems,operate hydraulic machinery controls,electric current,shift energy demands,design solar energy systems,develop environmental remediation strategies,respond to electrical power contingencies,monitor legislation developments,energy transformation,thermodynamics,security requirements of goods transported via pipelines,promote innovative infrastructure design,automation technology,test samples for pollutants,electrical power safety regulations,zero-energy building design,pipeline transport regulations;,identify energy needs,heat transfer processes,develop energy saving concepts,ensure safety in electrical power operations,report on fuel distribution incidents,inspect overhead power lines,analyse experimental laboratory data,calculate solar panel orientation,solar energy,design principles,heating, ventilation, air conditioning and refrigeration parts",9,147
http://data.europa.eu/esco/occupation/42dbb769-4c91-47dc-bd16-ec8e70c4180f,solar energy engineer,,,"{'literal': 'Solar energy engineers design systems which generate electrical energy from sunlight, such as photovoltaic systems. They design and construct systems which optimise the energy output from solar power, and the sustainability of the production process of solar systems.', 'mimetype': 'plain/text'}","use thermal analysis,conduct engineering site audits,maintain solar energy systems,perform scientific research,adjust voltage,use technical drawing software,solar energy,design solar energy systems,engineering processes,create AutoCAD drawings,manage engineering project,energy,examine engineering principles,engineering principles,types of photovoltaic panels,power engineering,promote sustainable energy,electrical engineering,energy market,approve engineering design,adjust engineering designs,provide information on solar panels,thermodynamics,maintain concentrated solar power systems,technical drawings","fluid mechanics,industrial heating systems,run simulations,inspect facility sites,troubleshoot,electricity market,maintain photovoltaic systems,read engineering drawings,renewable energy technologies,use CAD software,design thermal equipment,assess financial viability,test procedures in electricity transmission,calculate solar panel orientation,wear appropriate protective gear,quality standards,perform project management,draw blueprints",25,18
http://data.europa.eu/esco/occupation/0e99c929-364f-4b0a-8a64-2aab42420f00,renewable energy engineer,,,"{'literal': 'Renewable energy engineers research alternative sources of energy in order to design systems for renewable energy production. They strive to optimise energy production from renewable sources, and reduce production expenses and environmental strain. They design systems which focus on energy sustainability and efficiency.', 'mimetype': 'plain/text'}","use thermal management,adapt energy distribution schedules,provide information on geothermal heat pumps,mining, construction and civil engineering machinery products,use CAD software,inform on government funding,mechanical engineering,electrical engineering,fluid mechanics,promote sustainable energy,power engineering,civil engineering,manage engineering project,industrial heating systems,approve engineering design,provide information on wind turbines,adjust engineering designs,renewable energy technologies,engineering processes,design wind turbines,perform scientific research,technical drawings,environmental engineering,solar energy,make electrical calculations,provide information on solar panels,perform project management,research locations for wind farms,carry out energy management of facilities,use technical drawing software,ensure compliance with safety legislation","manage contracts,develop material testing procedures,energy performance of buildings,prepare technical reports,report test findings,power electronics,electrical power safety regulations,analyse energy consumption,troubleshoot,maintain photovoltaic systems,inspect facility sites,use software tools for site modelling,engineering principles,energy market,oversee quality control,examine engineering principles,assess project resource needs,inspect wind turbines,identify energy needs,create AutoCAD drawings,coordinate electricity generation,electric generators",31,22
http://data.europa.eu/esco/occupation/1b99cad3-27c6-4e19-83b6-7b5f8338ed2b,wind energy engineer,,,"{'literal': 'Wind energy engineers design and install wind energy farms and equipment. They research and test locations to find the most productive location, test equipment such as wind-turbine blades, and develop strategies for more efficient energy production, and environmental sustainability.', 'mimetype': 'plain/text'}","perform scientific research,use technical drawing software,report test findings,engineering processes,research locations for wind farms,technical drawings,test wind turbine blades,provide information on wind turbines,types of wind turbines,civil engineering,develop test procedures,adjust engineering designs,approve engineering design,record test data,electrical power safety regulations,renewable energy technologies,inspect wind turbines,ensure compliance with safety legislation,design wind turbines,mining, construction and civil engineering machinery products,electrical discharge,aerodynamics,engineering principles,electric generators,meteorology","monitor electric generators,develop strategies for electricity contingencies,provide advice to technicians,oversee pre-assembly operations,coordinate electricity generation,design wind farm collector systems,review meteorological forecast data,wear appropriate protective gear,promote sustainable energy,assemble electrical components,operate meteorological instruments,respond to electrical power contingencies",25,12
http://data.europa.eu/esco/occupation/1ff61522-8947-4c95-b589-cb0e0539a62b,energy systems engineer,,,"{'literal': 'Energy systems engineers supervise the energy conversion and distribution processes. They analyse the energy supply and consumption efficiency developing new ways to improve the existing processes, taking into account both the technical and the financial aspects. They also study the environmental impact of energy usage and combine the production of renewable energy in the current power systems.', 'mimetype': 'plain/text'}","troubleshoot,promote innovative infrastructure design,engineering processes,design electric power systems,advise on heating systems energy efficiency,renewable energy technologies,perform scientific research,energy,energy market,draw blueprints,carry out energy management of facilities,engineering principles,manage engineering project,promote sustainable energy,adapt energy distribution schedules,electrical power safety regulations,identify energy needs,examine engineering principles,perform risk analysis,adjust engineering designs,electricity consumption,energy performance of buildings,inspect building systems,use technical drawing software,environmental engineering,approve engineering design,technical drawings,solar energy","heat transfer processes,thermodynamics,conduct engineering site audits,perform project management,inspect facility sites,analyse energy consumption,oversee quality control,wear appropriate protective gear,mechanical engineering,create AutoCAD drawings,heating, ventilation, air conditioning and refrigeration parts,power engineering,assess financial viability,design solar energy systems,types of wind turbines,promote environmental awareness,industrial heating systems,fuel distribution systems,provide information on wind turbines",28,19
http://data.europa.eu/esco/occupation/f1b89616-5dfe-40d4-8b02-58a6982b1a01,substation engineer,,,"{'literal': 'Substation engineers design medium and high voltage substations used for the transmission, distribution, and generation of electrical energy. They develop methods for the efficient operation of the energy process, and ensure compliance to safety and environmental standards.', 'mimetype': 'plain/text'}","electrical power safety regulations,electricity consumption,perform project management,perform scientific research,manage engineering project,ensure compliance with environmental legislation,operate electronic measuring instruments,technical drawings,adjust engineering designs,mechanical engineering,electrical discharge,engineering processes,use technical drawing software,create AutoCAD drawings,mechanics,electrical engineering,approve engineering design,engineering principles,ensure safety in electrical power operations,ensure compliance with safety legislation,electricity principles,electric current,inspect facility sites,make electrical calculations,design electric power systems","inspect overhead power lines,wear appropriate protective gear,respond to electrical power contingencies,transmission towers,develop electricity distribution schedule,electricity market,manage electricity transmission system,develop strategies for electricity contingencies,install circuit breakers,ensure compliance with electricity distribution schedule,manage workflow processes,inspect underground power cables,electric generators,CAD software,monitor electric generators,maintain electrical equipment,assess financial viability,test procedures in electricity transmission,supervise electricity distribution operations,adjust voltage",25,20
http://data.europa.eu/esco/occupation/58db3ac6-5217-4d46-8a4c-126598be1d13,electric power generation engineer,,,"{'literal': 'Electric power generation engineers design and develop systems which generate electrical power, and develop strategies for the improvement of existing electricity generation systems. They strive to conciliate sustainable solutions with efficient and affordable solutions. They engage in projects where supply of electrical energy is required.', 'mimetype': 'plain/text'}","ensure compliance with electricity distribution schedule,renewable energy technologies,use technical drawing software,adjust engineering designs,approve engineering design,develop strategies for electricity contingencies,design electric power systems,electric current,engineering processes,promote sustainable energy,electrical power safety regulations,electric generators,ensure safety in electrical power operations,respond to electrical power contingencies,energy,electricity,technical drawings,shift energy demands,engineering principles,perform scientific research,electrical engineering","supervise crew,energy market,CAD software,electricity consumption,inspect industrial equipment,design drawings,coordinate electricity generation,design principles,monitor utility equipment,wear appropriate protective gear,quality standards,maintain electrical equipment,resolve equipment malfunctions,analyse energy market trends,assess financial viability,ensure equipment maintenance,develop electricity distribution schedule,electricity market,design utility equipment,monitor electric generators,monitor nuclear power plant systems",21,21
http://data.europa.eu/esco/occupation/0ba95ace-bdf5-4ee6-92af-32e1ec9c0de6,steam engineer,,,"{'literal': 'Steam engineers provide energy and utilities to facilities, such as steam, heat and refrigeration. They operate and maintain equipment such as boilers and air compressors, and research and develop new methods and improvements for the provision of utilities.', 'mimetype': 'plain/text'}","monitor utility equipment,refrigerants,thermodynamics,heating, ventilation, air conditioning and refrigeration parts,energy,engineering principles,technical drawings,engineering processes,perform scientific research,hydraulics,approve engineering design,design utility equipment,adjust engineering designs,use technical drawing software,manufacturing of steam generators,energy market","CAD software,perform maintenance on installed equipment,electricity,automation technology,use testing equipment,resolve equipment malfunctions,use personal protection equipment,operate steam turbine,use CAD software,design automation components,monitor automated machines,operate automated process control,operate hydraulic machinery controls",16,13
http://data.europa.eu/esco/occupation/86ca306c-ab99-420a-9e2a-aa73c5c4de22,electrical engineer,Electrical engineers,2151,"{'literal': 'Electrical engineers design and develop electrical systems, electrical equipment, components, motors, and equipment with the feature of energy transmission. They engage in large scale projects such as the design and maintenance of power stations, and the distribution of power to smaller applications such as household appliances.', 'mimetype': 'plain/text'}","perform scientific research,approve engineering design,adjust engineering designs,design drawings,electricity,use technical drawing software,engineering principles,abide by regulations on banned materials,environmental legislation,environmental threats,electricity principles","design electronic systems,microoptics,ensure equipment availability,develop instrumentation systems,electric drives,Smalltalk (computer programming),monitor manufacturing quality standards,integrated circuits,program firmware,C++,identify customer's needs,hardware architectures,acoustics,electrical machines,microelectronics,CAE software,prepare production prototypes,apply technical communication skills,computer technology,hardware materials,SAS language,assemble electromechanical systems,SAP R3,model electromagnetic products,microwave principles,hybrid control systems,Lisp,apply health and safety standards,process customer orders,coordinate engineering teams,install hardware,nanotechnology,model sensor,test hardware,PHP,ABAP,mechatronics,define manufacturing quality criteria,test microelectromechanical systems,C#,read engineering drawings,biotechnology,manage system testing,analyse test data,communicate with customers,electronics,perform project management,Perl,electrical testing methods,troubleshoot,develop microelectromechanical system test procedures,design microelectronics,perform resource planning,Groovy,use CAD software,operate precision machinery,install software,hardware testing methods,test electromechanical systems,electrical wiring plans,model microelectronics,CAM software,Objective-C,create technical plans,assess supplier risks,Python (computer programming),VBScript,nanoelectronics,electromagnets,microelectromechanical systems,consumer protection,sensors,design firmware,power electronics,Microsoft Visual C++,design circuit boards,prepare assembly drawings,report analysis results,design sensors,model electromechanical systems,transmission technology,Visual Studio .NET,MOEM,design principles,precision mechanics,environmental engineering,automation technology,Pascal (computer programming),radars,robotics,control engineering,power engineering,microsensors,write technical reports,maintain safe engineering watches,manage instrumentation systems,solder electronics,project management,quality standards,perform data analysis,CAD software,define quality standards,mathematics,design electromechanical systems,conduct quality control analysis,types of electronics,electromagnetic spectrum,use precision tools,design integrated circuits,regulations on substances,record test data,design electrical systems,TypeScript,materials science,electronic test procedures,control systems,robotic components,create software design,AJAX,electronic equipment standards,install operating system,Haskell,write routine reports,microprocessors,circuit diagrams,assess financial viability,R,Java (computer programming),design prototypes,computer engineering,building automation,develop test procedures,Prolog (computer programming),printed circuit boards,ASP.NET,OpenEdge Advanced Business Language,micromechanics,product data management,APL,analyse production processes for improvement,microassembly,test microelectronics,build business relationships,model hardware,align software with system architectures,instrumentation engineering,electromagnetism,hardware platforms,examine engineering principles,design control systems,semiconductors,manufacturing processes,electric generators,design microelectromechanical systems,optoelectronics,risk management,microsystem test procedures,Swift (computer programming),mechanical engineering,optics,physics,test sensors,hardware components,Scratch (computer programming),Ruby (computer programming),define technical requirements,design hardware,monitor machine operations,consumer electronics,manage budgets,Common Lisp,MATLAB,digital camera sensors,draft bill of materials,CoffeeScript,use CAM software,assemble instrumentation equipment,firmware,automotive engineering,electromechanics,conduct literature research,Erlang,apply soldering techniques,supply chain management,develop product design,electrical equipment regulations,computer programming,operate scientific measuring equipment,train employees,perform test run,ML (computer programming),biomedical engineering,electric motors,JavaScript,process customer requests based on the REACh Regulation 1907 2006,Scala,electrical wiring diagrams,COBOL,provide technical documentation,design electromagnets,gather technical information,ensure material compliance,maintain electrical engines,develop electronic test procedures,use CAE software,engineering control theory,execute feasibility study,Assembly (computer programming),electrical engineering,mechanics,assemble microelectromechanical systems,precision measuring instruments,design user interface,design electric power systems,integrated circuit types,instrumentation equipment",11,216
http://data.europa.eu/esco/occupation/89860c2a-d217-432a-8636-84aa17f09c15,gas production engineer,,,"{'literal': 'Gas production engineers develop methods to optimise the extraction and production of gas for energy and utilities. They design systems for gas production, supervise production operations and develop improvements on existing systems.', 'mimetype': 'plain/text'}","technical drawings,gas dehydration processes,adjust engineering designs,design natural gas processing systems,natural gas,hydraulic fracturing,approve engineering design,industrial engineering,design utility equipment,gas chromatography,natural gas liquids recovery processes,test gas purity,engineering processes,fuel gas,production processes,ensure compliance with environmental legislation,natural gas liquids fractionation processes,manufacturing processes,engineering principles,perform scientific research,use technical drawing software,gas contaminant removal processes","ensure correct gas pressure,operate gas extraction equipment,manage chemical testing procedures,wear appropriate protective gear,ensure equipment maintenance,test chemical samples,develop scientific research protocols,monitor utility equipment,gas consumption,optimise production processes parameters,use chemical analysis equipment,operate hydrogen extraction equipment",22,12
http://data.europa.eu/esco/occupation/afbe50b0-6634-4677-a3e7-0aada10cb9a7,thermal engineer,,,"{'literal': 'Thermal engineers design systems which provide heating or cooling, using thermodynamics, that transfer heat or energy through liquids and gases. They also construct these systems, and perform test to ensure proper functionality.', 'mimetype': 'plain/text'}","thermal materials,approve engineering design,perform scientific research,technical drawings,use technical drawing software,engineering principles,interpret 2D plans,mechanics,design thermal equipment,use thermal management,use thermal analysis,mechanical engineering,design thermal requirements,interpret 3D plans,troubleshoot,design engineering components,manage engineering project,engineering processes,fluid mechanics,thermodynamics,adjust engineering designs,heat transfer processes","develop product design,follow company standards,ensure equipment cooling,power engineering,oversee quality control,design prototypes,CAD software,communicate with customers,wear appropriate protective gear,use testing equipment,report test findings,design firmware,develop software prototype,computational fluid dynamics",22,14
http://data.europa.eu/esco/occupation/e12f08fb-4748-4388-9489-b647df60332a,hydropower engineer,,,"{'literal': 'Hydropower engineers research, design and plan the building of facilities that generate electricity from the movement of water. They search optimal locations, conduct trials and try different materials to achieve the best result. Hydropower engineers develop strategies for more efficient energy production and analyse environmental consequences.', 'mimetype': 'plain/text'}","use CAM software,electronics principles,project management,operate scientific measuring equipment,perform risk analysis,engineering principles,draw blueprints,perform scientific research,examine engineering principles,use technical drawing software,approve engineering design,manage engineering project,promote innovative infrastructure design,CAM software,technical drawings,CAD software,energy transformation,design electric power systems,electrical power safety regulations,troubleshoot,electricity,renewable energy technologies,perform project management,use CAD software,energy efficiency","automation technology,inspect facility sites,oceanography,promote environmental awareness,research ocean energy projects,mechanical engineering,use personal protection equipment,promote sustainable energy",25,8
http://data.europa.eu/esco/occupation/51c7015c-dc81-4fcb-b15f-619a4656a9fe,electromechanical engineering technician,,,"{'literal': 'Electromechanical engineering technicians collaborate with electromechanical engineers in the development of electromechanical equipment. Electromechanical engineering technicians are responsible for building, installing, testing, monitoring, and maintaining the electromechanical equipment, circuits and systems. They test this by the use of test instruments such as oscilloscopes and voltmeters. Electromechanical engineering technicians also use soldering equipment and hand tools to ","electric drives,perform test run,wear appropriate protective gear,align components,apply soldering techniques,electric motors,test electromechanical systems,inspect quality of products,read standard blueprints,adjust engineering designs,electrical equipment regulations,design drawings,read assembly drawings,operate soldering equipment,record test data,assemble electromechanical systems,assist scientific research,liaise with engineers,electrical wiring diagrams,prepare pieces for joining,electrical machines,prepare production prototypes,electricity,electromechanics,read engineering drawings,fasten components","monitor machine operations,power engineering,CAE software,assemble electrical components,repair wiring,CAD software,write technical reports,integrate new products in manufacturing,electrical engineering,cut metal products,program firmware,calibrate electromechanical system,work safely with machines,mechanical engineering,maintain electromechanical equipment,use power tools,keep records of work progress,apply technical communication skills,resolve equipment malfunctions,use CAM software,electrical power safety regulations,power electronics,assemble machines,operate lifting equipment",26,24
http://data.europa.eu/esco/occupation/7ef064b1-aab8-4818-a468-8f17acbfd995,hydropower technician,Electrical engineering technicians,3113,"{'literal': 'Hydropower technicians install and maintain systems in hydropower plants. They perform inspections, analyse problems and carry out repairs. They ensure the turbines operate in compliance with regulations, and assist the hydropower engineers in the construction of turbines.', 'mimetype': 'plain/text'}","environmental engineering,apply health and safety standards,use technical drawing software,energy transformation,electrical power safety regulations,design electric power systems,electric generators,manage engineering project,energy efficiency,engineering processes,energy performance of buildings,perform risk analysis,troubleshoot,oceanography,operate scientific measuring equipment,renewable energy technologies,maintain electrical equipment,electricity,energy,adjust engineering designs,technical drawings,monitor electric generators,promote innovative infrastructure design","mechanical engineering,conduct engineering site audits,promote sustainability,promote sustainable energy,draw blueprints,resolve equipment malfunctions,replace large components,perform project management,perform scientific research,inspect facility sites,automation technology,power engineering,promote environmental awareness,ensure safety in electrical power operations,scientific research methodology,research ocean energy projects,perform minor repairs to equipment,wear appropriate protective gear,maintain records of maintenance interventions,coordinate electricity generation",23,20
http://data.europa.eu/esco/occupation/ac1fc6a9-70d2-475c-8fa0-82ef83830968,environmental engineer,Environmental engineers,2143,"{'literal': 'Environmental engineers integrate environmental and sustainable measures in the development of projects of various natures. They seek to preserve natural resources and natural sites. They work together with engineers from other fields to envision all the implications that projects might have in order to design ways to conserve natural reserves, prevent pollution, and deploy sanitary measures.', 'mimetype': 'plain/text'}","regulations on substances,pollution prevention,advise on environmental remediation,ensure compliance with safety legislation,mining, construction and civil engineering machinery products,civil engineering,carry out environmental audits,technical drawings,environmental policy,environmental engineering,pollution legislation,conduct environmental surveys,perform scientific research,use technical drawing software,radiation protection,engineering principles,biology,process customer requests based on the REACh Regulation 1907 2006,engineering processes,develop environmental remediation strategies,abide by regulations on banned materials,analyse environmental data,address public health issues,adjust engineering designs,approve engineering design,environmental legislation,chemistry,public health","conduct field work,develop hazardous waste management strategies,consumer protection,hazardous waste treatment,project commissioning,hazardous waste storage,develop non-hazardous waste management strategies,collect samples for analysis,hazardous waste types,investigate contamination,manage air quality,design strategies for nuclear emergencies,inspect compliance with hazardous waste regulations,assess the life cycle of resources,advise on mining environmental issues,conduct quality control analysis,wildlife projects,ensure material compliance,advise on waste management procedures,nuclear energy,inspect industrial equipment,advise on pollution prevention,perform laboratory tests,project management,perform project management",28,25
http://data.europa.eu/esco/occupation/11d72bd6-779a-4643-9962-313833740094,environmental scientist,Environmental protection professionals,2133,"{'literal': ' Environmental scientists identify problems and find solutions in order to minimize environmental hazards by performing analysis\xa0on samples such as air, water or soil. They advise on or develop environmental policies and aim to improve water supplies preservation and manage waste disposal sites. Environmental scientists perform environmental risk assessments and analyse the environmental impact of new solutions, construction sites or environmental changes ensuring the environment","perform environmental investigations,ensure compliance with environmental legislation,manage environmental management system,use technical drawing software,develop environmental remediation strategies,conduct research before survey,physics,prepare visual data,environmental legislation,assess groundwater environmental impact,use consulting techniques,environmental management monitors,pollution legislation,conduct environmental site assessments,scientific research methodology,conduct environmental surveys,environmental threats,investigate pollution,implement environmental protection measures,analyse environmental data,pollution prevention,collect samples for analysis,advise on environmental risk management systems,advise on pollution prevention,carry out environmental audits,environmental policy","chemistry,possess visual literacy,monitor environmental parameters,engineering principles,work with chemicals,biology,assess environmental plans against financial costs,manage chemical testing procedures,have computer literacy,mining, construction and civil engineering machinery products,address public health issues,hazardous waste storage,consumer protection,handle chemicals,carry out training in environmental matters,inspect industrial equipment,civil engineering,environmental engineering",26,18
http://data.europa.eu/esco/occupation/a377fafb-7e6e-4925-bc64-8099b58aafb8,drainage engineer,,,"{'literal': 'Drainage engineers design and construct drainage systems for sewers and storm water systems. They evaluate the options to design drainage systems that meet the requirements while ensuring compliance with legislation and environmental standards and policies. Drainage engineers choose the most optimal drainage system to prevent floods, control irrigation and direct sewage away from water sources.', 'mimetype': 'plain/text'}","adjust engineering designs,hydraulic fluid,ensure compliance with environmental legislation,flood remediation equipment,consider the impact of material characteristics on pipeline flows,engineering processes,types of pipelines,ensure regulatory compliance in pipeline infrastructures,use technical drawing software,hydraulics,analyse route possibilities in pipeline projects,identify risk of flooding,ensure compliance with safety legislation,technical drawings,design drainage well systems,survey sites for pipeline installation,approve engineering design,mitigate environmental impact of pipeline projects,perform scientific research,create designs for pipeline engineering,engineering principles","develop irrigation strategies,advise on irrigation projects,pollution prevention,advise on pollution prevention,irrigation systems,detect flaws in pipeline infrastructure,conserve natural resources,prepare timelines for pipeline development projects,environmental engineering,monitor legislation developments,develop flood remediation strategies,perform follow-up on pipeline route services,water policies,follow up pipeline integrity management priorities,water reuse",21,15
http://data.europa.eu/esco/occupation/92efb42f-6b0a-44d8-94ea-0141555e6c3b,environmental geologist,,,"{'literal': 'Environmental geologists study how mineral operations may impact the composition and physical characteristics of the earth and its resources. They provide advice on issues such as land reclamation and environmental pollution.', 'mimetype': 'plain/text'}","develop site remediation strategies,use technical drawing software,address problems critically,conduct erosion control,study groundwater,conduct environmental site assessments,environmental legislation,communicate on the environmental impact of mining,examine geochemical samples,advise on mining environmental issues,manage environmental impact,conduct sediment control","archaeology,communicate on minerals issues,chemistry,negotiate land access,biology",12,5
http://data.europa.eu/esco/occupation/7bc02fa7-7aaa-41a6-be5b-ab7a7b6684d3,gas distribution engineer,,,"{'literal': 'Gas distribution engineers design and construct transport systems for natural gas, connecting the gas distribution network to the consumer by designing piping works and mains. They research methods to ensure sustainability, and to decrease environmental impact, as well as optimising cost efficiency.', 'mimetype': 'plain/text'}","types of pipelines,energy,adjust engineering designs,natural gas,perform scientific research,create designs for pipeline engineering,technical drawings,pipeline transport regulations;,use technical drawing software,approve engineering design,supervise gas distribution operations,engineering principles,engineering processes,security requirements of goods transported via pipelines,fuel gas,gas consumption,ensure regulatory compliance in pipeline infrastructures,monitor legislation developments,mitigate environmental impact of pipeline projects,energy market,fuel distribution systems","fossil fuels,test gas purity,report on fuel distribution incidents,gas market,test pipeline infrastructure operations,ensure correct gas pressure,develop gas distribution schedule,develop energy saving concepts,ensure equipment maintenance,manage gas transmission system,adapt energy distribution schedules,ensure compliance with gas distribution schedule",21,12
http://data.europa.eu/esco/occupation/9740933e-e04a-41f6-af1f-a6d58c7eb0ec,wastewater engineer,,,"{'literal': 'Wastewater engineers design sewage systems and networks for the removal and treatment of wastewater from cities and other residential areas. They design systems which are compliant with environmental standards, and aim to minimise impact on the ecosystem and on citizens in the vicinity of the network.', 'mimetype': 'plain/text'}","technical drawings,perform scientific research,ensure regulatory compliance in pipeline infrastructures,develop sewerage networks,hydraulics,engineering processes,mitigate environmental impact of pipeline projects,ensure compliance with environmental legislation,engineering principles,adjust engineering designs,ensure compliance with safety legislation,use technical drawing software,create designs for pipeline engineering,types of pipelines,monitor legislation developments,hydraulic fluid,approve engineering design","interpret scientific data to assess water quality,pollution prevention,develop environmental remediation strategies,develop water purification methods,analyse community needs,supervise sewerage systems construction,advise on pollution prevention,prepare timelines for pipeline development projects,advise on environmental remediation,inspect pipelines,perform pipeline routing studies,ecosystems,supervise waste disposal,measure water quality parameters,supervise waste water treatments,detect flaws in pipeline infrastructure",17,16
http://data.europa.eu/esco/occupation/ab4dd4f9-ee6c-41cc-8b72-42ad0b13d1e2,waste treatment engineer,,,"{'literal': 'Waste treatment engineers design processes, facilities and equipment used in the collection, treatment, and distribution of waste. They research environmental standards and policies in order to optimise waste treatment procedures and ensure minimal strain on the environment by analysing and classifying the processed waste.', 'mimetype': 'plain/text'}","perform scientific research,develop waste management processes,maintain waste collection records,approve engineering design,monitor legislation developments,engineering principles,characteristics of waste,engineering processes,environmental legislation,advise on waste management procedures,energy market,adjust engineering designs,develop hazardous waste management strategies,use technical drawing software,energy,waste and scrap products,develop non-hazardous waste management strategies,technical drawings,assess environmental impact","monitor disposal of radioactive substances,analyse experimental laboratory data,pollution legislation,advise on environmental remediation,advise on environmental risk management systems,use testing equipment,ensure compliance with radiation protection regulations,radioactive contamination,monitor waste treatment equipment,document analysis results,pollution prevention,develop environmental remediation strategies,report test findings,test samples for pollutants,instruct employees on radiation protection,develop radiation protection strategies,monitor radiation levels,hazardous waste types,liaise with local authorities,decontamination techniques,advise on pollution prevention,perform risk analysis,manage environmental impact of operations,promote environmental awareness,ensure compliance with waste legislative regulations,assess waste type,radiation protection",19,27
http://data.europa.eu/esco/occupation/3f3748a7-4bb3-40b4-9ae3-1c5040c70f52,rail project engineer,,,"{'literal': 'Rail project engineers maintain a safe, cost-effective, high-quality, and environmentally responsible approach across the technical projects in railway companies. They provide project management advice on all construction projects including testing, commissioning and site supervision. They audit contractors for safety, environment and quality of design, process and performance\xa0as to ensure that all projects follow in-house standards and relevant legislation.', 'mimetype': 'plain/","comprehend financial business terminology,audit contractors,promote environmental awareness,ensure compliance with environmental legislation,assess railway operations,monitor work site,statistics,railway framework legislation,maintain relationship with suppliers,promote innovative infrastructure design,manage budgets,maintain relationship with customers,manage railway construction projects,liaise with rail experts,follow ethical code of conduct in transport services,carry out navigational calculations,maintain financial records,use different communication channels,design customised maps,manage tender processes,make numerical calculations,rail construction engineering,write technical reports,have computer literacy,prepare railway technical studies,apply technical communication skills,comply with legal regulations,perform risk analysis,rail design engineering,give instructions to staff",work in a rail transport team,30,1
http://data.europa.eu/esco/occupation/35553663-deab-4d9a-bf22-15c1625d28e8,ICT intelligent systems designer,Systems analysts,2511,"{'literal': 'ICT intelligent systems designers apply methods of artificial intelligence in engineering, robotics and computer science to design programs which simulate intelligence including thinking models, cognitive and knowledge-based systems, problem solving, and decision making. They also integrate structured knowledge into computer systems (ontologies, knowledge bases) in order to solve complex problems normally requiring a high level of human expertise or artificial intelligence methods.'","manage database,apply ICT systems theory,assess ICT knowledge,design database scheme,design process,web programming,define technical requirements,task algorithmisation,natural language processing,manage ICT semantic integration,analyse business requirements,database development tools,systems development life-cycle,use markup languages,ICT security legislation,information structure,design application interfaces,resource description framework query language,business process modelling,develop creative ideas,principles of artificial intelligence,systems theory","TypeScript,Scratch (computer programming),Java (computer programming),AJAX,visual presentation techniques,SAS language,APL,manage business knowledge,JavaScript,Lean project management,data mining,information extraction,unstructured data,C++,manage ICT data classification,Lisp,Python (computer programming),ICT project management methodologies,Swift (computer programming),data models,R,LINQ,C#,VBScript,COBOL,Common Lisp,ABAP,Prolog (computer programming),Perl,CoffeeScript,Groovy,computer programming,MATLAB,information architecture,PHP,business intelligence,OpenEdge Advanced Business Language,ML (computer programming),N1QL,Agile project management,ASP.NET,SAP R3,deliver visual presentation of data,Objective-C,Pascal (computer programming),Microsoft Visual C++,Visual Studio .NET,Scala,Ruby (computer programming),build business relationships,Process-based management,SPARQL,Erlang,Smalltalk (computer programming),Haskell,Assembly (computer programming),information categorisation",22,57
http://data.europa.eu/esco/occupation/a6517365-211c-456d-aca4-1a0115c7b1e1,e-learning architect,Teaching professionals not elsewhere classified,2359,"{'literal': 'E-learning architects establish goals and procedures for the application of learning technologies within an organisation and the creation of an infrastructure that will support these goals and procedures.', 'mimetype': 'plain/text'}","cognitive psychology,e-learning software infrastructure,standards for web-based e-learning,learning technologies,digital game genres,e-learning,identify training needs,learning management systems,design information system,instructional design models,analyse the context of an organisation,develop e-learning plan,monitor system performance,provide cost benefit analysis reports","Taleo,authoring software,coordinate technological activities,keep up to date with subject knowledge,Engrade,assess employees' capability levels,conduct content quality assurance,LAMS,Moodle,Litmos,WizIQ,manage staff,provide training on e-learning,ICT project management,CSS,JSSS,style sheet languages,human-computer interaction,ICT system programming,LESS,perform project management,Sass,Schoology,Brightspace (learning management systems),Sakai",14,25
http://data.europa.eu/esco/occupation/ec5b72d1-0206-4179-9abd-570c66bc44b9,e-learning developer,Teaching professionals not elsewhere classified,2359,"{'literal': 'E-learning developers design and develop simpler forms of digital learning content including reference materials, slides, assessments, screen-casts, interview videos and podcasts. They write and provide content for a computer based learning application.', 'mimetype': 'plain/text'}","create SCORM packages,learning management systems,e-learning,provide written content,manage content development projects,instructional design models,structure information,design web-based courses,provide multimedia content,e-learning software infrastructure,develop e-learning plan,identify training needs,identify ICT user needs,standards for web-based e-learning,publishing strategy,conduct content quality assurance,learning technologies,content development processes,manage content metadata,integrate content into output media,authoring software,compile content,develop digital educational materials","web programming,Adobe Illustrator,AJAX,style sheet languages,deliver online training,apply ICT terminology,keep up to date with subject knowledge,utilise content types,use markup languages,optimise choice of ICT solution,Sass,JavaScript,GIMP (graphics editor software),multimedia systems,graphics editor software,create script for artistic production,Microsoft Visio,JSSS,Litmos,ICT software specifications,Taleo,Schoology,CSS,integrate system components,Engrade,LAMS,Moodle,Sakai,LESS,Adobe Photoshop,Synfig,plan learning curriculum,PHP,Brightspace (learning management systems),SketchBook Pro,WizIQ",23,36
http://data.europa.eu/esco/occupation/114c5a6c-1869-4a67-8ec0-660ec303f8cc,learning support teacher,,,"{'literal': 'Learning support teachers assist students who have general learning difficulties. Learning support teachers focus on basic skills such as numeracy and literacy and thus teach basic subjects such as writing, reading, math and languages and they work for an educational institution such as a primary or secondary school. They support students in their school work, plan learning strategies, identify their learning needs and progress, and act accordingly. They can work in various educatio","assessment processes,apply teaching strategies,curriculum objectives,liaise with educational support staff,provide learning support,apply intercultural teaching strategies,communicate with youth,provide lesson materials,show consideration for student's situation,observe student's progress,encourage students to acknowledge their achievements,adapt teaching to target group,prepare lesson content,demonstrate when teaching,guarantee students' safety,liaise with educational staff,tutor students,give constructive feedback,assess students,learning difficulties,assist students in their learning,adapt teaching to student's capabilities,identify education needs","secondary school procedures,assist in the organisation of school events,primary school procedures,perform playground surveillance,arrange parent teacher conference,manage resources for educational purposes,oversee extra-curricular activities,recognise indicators of gifted student,teach mathematics,facilitate teamwork between students,language teaching methods,grammar,support gifted students,teamwork principles,school psychology,counsel students,work with virtual learning environments,mathematics,teach writing,assist students with equipment,construct individual learning plans,maintain relations with children's parents,assist children with special needs in education settings,apply pre-teaching methods,teach languages,identify learning disorders,assess the development of youth,spelling,special needs education,keep records of attendance,teach reading strategies,behavioural disorders,escort students on a field trip,learning needs analysis,provide teacher support",23,35
http://data.europa.eu/esco/occupation/3da8ee8c-ab60-4feb-ab5b-3ba31ef9ec1f,leather production machine operator,Fur and leather preparing machine operators,8155,"{'literal': ""Leather production machine operators use the tannery machinery and programs according to the specific requirements to achieve the department's standards. They do routine maintenance of the machinery."", 'mimetype': 'plain/text'}","use communication techniques,work in textile manufacturing teams,execute working instructions,adapt to changing situations,identify with the company's goals","functionalities of machinery,health and safety in the workplace,maintain equipment,physico-chemical properties of hides and skins,leather technology,think analytically,create solutions to problems,manage quality of leather throughout the production process,identify defects on raw hides,monitor operations in the leather industry,manage environmental impact of operations,exert a goal-oriented leadership role towards colleagues",5,12
http://data.europa.eu/esco/occupation/3d0f86c1-9bdd-4e84-bc62-93a716128c8d,learning mentor,Teaching professionals not elsewhere classified,2359,"{'literal': ""Learning mentors support underperforming students both inside and outside of the classroom in order to increase their academic success. They assist students experiencing (multiple) disadvantages, such as learning difficulties, behavioural issues, and attendance problems, and also assist gifted students who are under-challenged. They may also work with adult students in the further education system. Learning mentors develop schedules and action plans with the students in order to pla","liaise with educational support staff,support children's wellbeing,liaise with educational staff,assist students in their learning,oversee extra-curricular activities,behavioural disorders,adapt teaching to student's capabilities,learning needs analysis,monitor student's behaviour,learning difficulties,communicate with youth,listen actively,counsel students,show consideration for student's situation,communication disorders,encourage students to acknowledge their achievements,consult student's support system","education law,school psychology,assist students with their enrolment,identify education needs,manage resources for educational purposes,provide teacher support,perform playground surveillance,developmental psychology,counselling methods,guarantee students' safety,psychology,support the positiveness of youths,organise projects to fill education needs,construct individual learning plans,assist in the organisation of school events,secondary school procedures,apply person-centred care,promote the safeguarding of young people,primary school procedures,cooperate with education professionals",17,20
http://data.europa.eu/esco/occupation/f49d893a-ac89-4f3b-b547-1cbdf4d69fde,forestry machinery technician,,,"{'literal': 'Forestry machinery technicians\xa0maintain and transport forestry machinery. As part of the maintenance of forestry machinery, they make use of specialised software and data recording systems and instruments.', 'mimetype': 'plain/text'}","operate welding equipment,analyse ICT system,use power tools,operate soldering equipment,manoeuvre heavy trucks,mechanical components of vehicles,use welding equipment,solve ICT system problems,drive timber machine,maintain forestry equipment,use technical documentation,operate forestry machinery,report to the team leader,maintain mechanical equipment,apply health and safety standards,industrial software,debug software,repair equipment on site,repair ICT devices","maintain edged hand tools,report pollution incidents,forestry regulations,pay attention to safety while performing forestry operations,manage time in forestry,provide first aid,carry out forestry related measurements,carry out work related calculations in agriculture,work in a forestry team",19,9
http://data.europa.eu/esco/occupation/37f7677a-97d1-420b-a8b0-09339472121f,machinery assembly supervisor,,,"{'literal': 'Machinery assembly supervisors monitor the machinery assembly process. They train and coach assembly workers to achieve production goals.', 'mimetype': 'plain/text'}","oversee production requirements,report on production results,evaluate employees work,analyse the need for technical resources,read standard blueprints,keep records of work progress,quality standards,liaise with managers,manage resources,oversee assembly operations,follow production schedule,coordinate communication within a team,create solutions to problems,ensure quality of final product,communicate problems to senior colleagues,plan shifts of employees","monitor manufacturing quality standards,undertake inspections,write inspection reports,liaise with quality assurance,oversee logistics of finished products,recruit personnel,oversee quality control,check material rescources,schedule regular machine maintenance,provide advice to technicians,analyse production processes for improvement,ensure compliance with environmental legislation,wear appropriate protective gear,identify hazards in the workplace,integrate new products in manufacturing,train employees,send faulty equipment back to assembly line,quality assurance methodologies,functionalities of machinery,monitor machine operations",16,20
http://data.europa.eu/esco/occupation/6da80214-d360-49ec-b1e7-172ab0a0cb0c,knitting machine operator,Weaving and knitting machine operators,8152,"{'literal': 'Knitting machine operators set up, operate and monitor knitting machines. They work with specialised machinery, techniques and materials to process threads of yarn into knitted products such as clothing, carpets or rope. They maintain and repair knitting machinery and ensure operations run without problems.', 'mimetype': 'plain/text'}","maintain equipment,textile technologies,textile industry machinery products,work in textile manufacturing teams,textile materials,control textile process,set-up weft knitting machines,textile techniques,tend knitting machine,types of textile fibres,ensure equipment availability,manufacture knitted textiles,maintain work standards,textile products, textile semi-finished products and raw materials,manufacture weft knitted fabrics,textile measurement,cut textiles,textile industry,fabric types,knitting machine technology","properties of fabrics,manufacture textile floor coverings,use warp knitting technologies,manufacture braided products,manufacture fur products,evaluate textile characteristics,create patterns for textile products,draw sketches to develop textile articles,modify textile designs,design warp knit fabrics,produce textile samples,manufacturing of fur products,produce textile designs",20,13
http://data.europa.eu/esco/occupation/1b4e795d-6e49-4b7b-bb34-585edfd6eb18,footwear production machine operator,Shoemaking and related machine operators,8156,"{'literal': 'Footwear production machine operators tend specific machines in the industrial production of footwear. They operate machinery for lasting, cutting, closing, and finishing footwear products. They also perform routine maintenance of the machinery.', 'mimetype': 'plain/text'}","footwear materials,ergonomics in footwear and leather goods design,footwear creation process,work in textile manufacturing teams,footwear quality,footwear components,prepare footwear samples,footwear equipments,follow work procedures,ensure equipment maintenance,footwear machinery","apply footwear finishing techniques,assembling processes and techniques for california footwear construction,footwear bottoms pre-assembly,footwear uppers pre-assembly,apply footwear and leather goods quality control techniques,apply methods for footwear and leather goods manufacturing,assembling processes and techniques for cemented footwear construction,maintain footwear assembling equipment,footwear stitching techniques,footwear manufacturing technology,footwear finishing techniques,apply footwear bottoms pre-assembling techniques,apply pre-stitching techniques,clothing and footwear products,pre-stitching processes and techniques for footwear and leather goods,footwear industry,automatic cutting systems for footwear and leather goods,apply machine cutting techniques for footwear and leather goods,apply stitching techniques,assembling processes and techniques for goodyear footwear construction,apply basic rules of maintenance to leather goods and footwear machinery,operate automatic cutting systems for footwear and leather goods,apply assembling techniques for cemented footwear construction,CAD for footwear",11,24
http://data.europa.eu/esco/occupation/59bbece0-d1dc-4f4a-845e-1523f68afb2d,spinning machine operator,"Fibre preparing, spinning and winding machine operators",8151,"{'literal': 'Spinning machine operators produce yarns, twists, and other fibres by tending spinning, twisting, winding, and reeling machines. They handle raw materials, prepare them for spinning processes, and use machinery for the purpose. They also perform routine maintenance of the machinery.', 'mimetype': 'plain/text'}","manufacture staple yarns,adjust filament tension,collect samples for analysis,measure yarn count,set the operation speed of manufacturing machines,maintain equipment,cut filament,remove defective products,ensure health and safety in manufacturing,supply machine with appropriate tools,types of thread,set up machine controls,monitor machine operations,tend spinning machines,resolve equipment malfunctions,maintain work standards","finish processing of man-made fibres,convert textile fibres into sliver,test physical properties of textiles,evaluate textile characteristics,work in textile manufacturing teams,covert slivers into thread,process man-made fibres,textile technologies,mechanics,use precision tools,wrap yarn around bobbins,conduct textile testing operations,staple spinning machine technology",16,13
http://data.europa.eu/esco/occupation/4e3fede9-5522-4624-91bc-b59c79fada02,packing machinery engineer,,,"{'literal': 'Packing machinery engineers are in charge of and responsible for packaging machinery. They maintain and improve technical standards, analyse results, set up improvement plans, and are responsible for machinery maintenance.', 'mimetype': 'plain/text'}","packaging engineering,troubleshoot,analyse packaging requirements,engineering principles,perform scientific research,industrial engineering,mechanical engineering,provide technical documentation,read engineering drawings,technical drawings,use a computer,plan new packaging designs,CAD software,mechanics,approve engineering design,engineering processes,production processes,use CAD software,adjust engineering designs,types of packaging materials,mathematics,use computer-aided engineering systems,use technical drawing software","execute analytical mathematical calculations,determine production capacity,manufacturing processes,estimate duration of work,set up the controller of a machine,provide cost benefit analysis reports,provide advice to technicians,CAE software,quality and cycle time optimisation,manage supplies,use CAM software,plan manufacturing processes,material mechanics,monitor production developments,principles of mechanical engineering,determine production feasibility,blueprints,read standard blueprints",23,18
http://data.europa.eu/esco/occupation/d5ad1da5-cf69-4508-9148-a5338f4ffe0e,perfume production machine operator,Chemical products plant and machine operators,8131,"{'literal': 'Perfume production machine operators tend machinery for the manufacturing of perfumes by setting up the machines and tools, cleaning and maintaining the equipment and abiding by the production schedule.', 'mimetype': 'plain/text'}","ensure conformity to specifications,check quality of raw materials,prepare raw materials,perfume and cosmetic products,conform with production requirements,weigh materials,verify product specifications,set up machine controls,create fragrances formulae,follow production schedule,check the production schedule,wear appropriate protective gear","calculate concentrations,allergies,perform blending operations,operate distilling equipment,manage manufacturing documentation,perfume raw materials,adjust manufacturing equipment,keep records of work progress,validate raw materials using adequate equipment,chemistry,conduct cleaning in place,test fragrances against customer satisfaction,clean industrial containers,inspect quality of products,good manufacturing practices",12,15
http://data.europa.eu/esco/occupation/107865e2-ba60-4e4f-b57d-4dd5064f517f,twisting machine operator,,,"{'literal': 'Twisting machine operators tend machines that spin two or more fibres together into a yarn. They handle raw materials, prepare them for processing, and use twisting machines for the purpose. They also perform routine maintenance of the machinery.', 'mimetype': 'plain/text'}","prepare raw materials,staple spinning machine technology,prepare raw materials for man-made fibres manufacturing,maintain equipment,set the operation speed of manufacturing machines,tend spinning machines,adjust filament tension,types of textile fibres,cut filament,convert textile fibres into sliver,check quality of raw materials,tend twisting machines","organise wires,rope manipulation,process man-made fibres,remove defective products,use communication techniques,manufacture texturised filament yarns,report defective manufacturing materials,adapt to changing situations,functionalities of machinery,ensure equipment maintenance,execute working instructions,identify with the company's goals,covert slivers into thread,work as a team,manufacture non-woven filament products,follow work procedures,measure yarn count,perform sample testing",12,18
http://data.europa.eu/esco/occupation/2aa7fbbb-f06e-4454-8ff8-2d799e86ba51,textile machinery technician,Agricultural and industrial machinery mechanics and repairers,7233,"{'literal': 'Textile machinery technicians set up, maintain, inspect and repair mechanical and computer-controlled machinery used in textile manufacturing such as weaving, dyeing and finishing machines. \n\xa0', 'mimetype': 'plain/text'}","consult technical resources,perform maintenance on installed equipment,record test data,use weft preparation technologies,perform test run,maintain footwear assembling equipment,maintain electronic equipment,resolve equipment malfunctions,replace defect components,operate welding equipment,textile printing technology,electronics,conduct routine machinery checks,manufacture weft knitted fabrics,braiding technology,use weaving machine technologies,maintain work standards,use warp preparation technologies,maintain electrical equipment,use testing equipment,staple spinning machine technology,mechanics,perform machine maintenance,textile finishing technology,operate soldering equipment","manufacture texturised filament yarns,manufacture man-made fibres,covert slivers into thread,provide customer information related to repairs,manufacture nonwoven staple products,write records for repairs,dyeing technology,challenging issues in the textile industry,maintain hydraulic systems,use textile finishing machine technologies,set up the controller of a machine,assemble machines,knitting machine technology,install hydraulic systems,pneumatics,manufacture woven fabrics,hydraulics,provide technical training,manufacture knitted textiles,nonwoven machine technology,use a computer,install pneumatic systems,use warp knitting technologies,clean equipment,ensure compliance with environmental legislation,install electrical and electronic equipment,order supplies,manufacture braided products,prepare compliance documents,textile industry machinery products,manufacture staple yarns,health and safety in the textile industry,check quality of products on the production line,troubleshoot,estimate restoration costs,provide technical documentation,apply technical communication skills",25,37
http://data.europa.eu/esco/occupation/e6800524-eec2-4c33-af0e-6f36d1d679bc,instrumentation engineer,,,"{'literal': 'Instrumentation engineers envision and design equipment used in manufacturing processes for controlling and monitoring various engineering processes remotely. They design equipment for the monitoring of production sites such as manufacturing systems, machinery uses and production processes.', 'mimetype': 'plain/text'}","environmental legislation,design drawings,adjust engineering designs,abide by regulations on banned materials,execute feasibility study,electricity principles,develop instrumentation systems,engineering principles,environmental threats,instrumentation engineering,electricity,design control systems,instrumentation equipment,control systems,physics,approve engineering design,perform scientific research,electronics,mathematics","ensure compliance with safety legislation,manage system testing,mechanics,develop test procedures,design prototypes,CAD software,ensure equipment availability,assess financial viability,engineering control theory,project management,power plant instrumentation,create software design,design principles,use CAD software,define quality standards,product data management,nuclear energy,manage instrumentation systems,design microelectromechanical systems,apply health and safety standards,perform project management,manufacturing processes,assemble instrumentation equipment,analyse production processes for improvement,supervise staff,record test data,write work-related reports,perform test run,use technical drawing software",19,29
http://data.europa.eu/esco/occupation/2026adb2-62d7-4b92-9ccb-105abdebe37d,electromagnetic engineer,,,"{'literal': ""Electromagnetic engineers design and develop electromagnetic systems, devices, and components, such as electromagnets in loudspeakers, electromagnetic locks, conducting magnets in MRI's, and magnets in electric motors."", 'mimetype': 'plain/text'}","electromagnetism,microwave principles,abide by regulations on banned materials,design prototypes,operate scientific measuring equipment,electrical engineering,electricity,mathematics,process customer requests based on the REACh Regulation 1907 2006,design electromagnets,conduct quality control analysis,electromagnetic spectrum,adjust engineering designs,record test data,model electromagnetic products,consumer protection,analyse test data,conduct literature research,design drawings,electrical equipment regulations,use technical drawing software,engineering principles,environmental legislation,read engineering drawings,environmental threats,physics,perform data analysis,ensure material compliance,electricity principles,develop test procedures,approve engineering design,perform scientific research,electromagnets,prepare production prototypes,report analysis results","apply soldering techniques,prepare assembly drawings,maintain safe engineering watches,radars,perform test run,communicate with customers,transmission technology,create technical plans,perform resource planning,provide technical documentation,build business relationships,biomedical engineering,develop product design,draft bill of materials,define manufacturing quality criteria,use CAD software,train employees,CAE software,perform project management,use precision tools,coordinate engineering teams,acoustics,apply technical communication skills",35,23
http://data.europa.eu/esco/occupation/aad7819e-d62e-41de-a594-9f2be186a6c2,transport engineer,,,"{'literal': 'Transport engineers design and set the engineering specifications for the construction and development of roadways and transport infrastructure. They apply engineering concepts and knowledge for developing sustainable and efficient modes of transportation ranging from roads to canals, railways, and airports.', 'mimetype': 'plain/text'}","design transportation systems,design principles,manage budgets,ensure compliance with safety legislation,approve engineering design,transportation engineering,zoning codes,engineering processes,urban planning,advise on use of land,mathematics,technical drawings,construction methods,engineering principles,transportation methods,mining, construction and civil engineering machinery products,civil engineering,carry out statistical forecasts,execute analytical mathematical calculations,adjust engineering designs,use technical drawing software,perform scientific research","green logistics,multimodal transport logistics,analyse road traffic patterns,study traffic flow,monitor contractor performance,non-destructive testing,simulate transport problems,inspect construction supplies,develop efficiency plans for logistics operations,execute feasibility study,conduct field work,air traffic management,use CAD software,conduct land surveys,traffic engineering,analyse transport studies,use methods of logistical data analysis",22,17
http://data.europa.eu/esco/occupation/fbceeac6-798b-4307-a825-626707a753ad,calculation engineer,,,"{'literal': 'Calculation engineers draw conclusions about real systems, such as on strength, stability and durability, by performing experiments on virtual models. They test production processes as well.', 'mimetype': 'plain/text'}","check durability of materials,run simulations,engineering principles,mathematics,engineering processes,check strength of materials,record test data,make numerical calculations,operate precision measuring equipment,check stability of materials,inspect quality of products,create a product's virtual model","manage product testing,use non-destructive testing equipment,develop test procedures,CAD software,use CAD software,analyse test data,production processes,quality standards,project management,think analytically,manage engineering project,non-destructive testing,perform laboratory tests,write technical reports,communication,materials science",12,16
http://data.europa.eu/esco/occupation/3dab5c3f-84d0-4d52-901d-dd262eaea509,research engineer,,,"{'literal': 'Research engineers combine research skills and knowledge of engineering principles aiming to improve through research, processes, techniques, products, and systems at large. They perform experiments, for instance of natural structures such as honeycombs or tear-resistant spiderwebs, before determining the viability of alternative methods on a larger scale.', 'mimetype': 'plain/text'}","manage engineering project,project management,define technical requirements,execute feasibility study,technical drawings,use technical drawing software,interpret technical requirements,scientific research methodology,collect samples for analysis,perform scientific research,engineering processes,engineering principles,gather experimental data","run laboratory simulations,apply advanced manufacturing,materials science,industrial engineering,conduct experiments on animals,use CAD software,assist scientific research,develop test procedures,perform project management,perform laboratory tests,CAD software,write manuals,use non-destructive testing equipment,adjust engineering designs,physics,laboratory techniques,apply safety procedures in laboratory",13,17
http://data.europa.eu/esco/occupation/f14194e2-8e7f-4fc9-9c8c-78d9ae2e7284,nuclear engineer,,,"{'literal': 'Nuclear engineers plan and design engineering equipment and processes in nuclear plants and sites. They engage in engineering activities pertaining to nuclear power plants, and develop risk solutions.', 'mimetype': 'plain/text'}","electric generators,nuclear physics,ensure compliance with environmental legislation,radiation protection,radioactive contamination,approve engineering design,follow nuclear plant safety precautions,calculate exposure to radiation,design strategies for nuclear emergencies,nuclear reprocessing,adjust engineering designs,engineering principles,technical drawings,thermodynamics,mining, construction and civil engineering machinery products,develop radiation protection strategies,metrology,ensure compliance with radiation protection regulations,civil engineering,perform scientific research,engineering processes,calibrate precision instrument,ensure compliance with safety legislation,use technical drawing software,monitor nuclear power plant systems,perform risk analysis,contamination exposure regulations,mechanical engineering,mechanics,nuclear energy","maintain nuclear reactors,electrical power safety regulations,test safety strategies,resolve equipment malfunctions,ensure equipment cooling,respond to nuclear emergencies,monitor radiation levels,develop strategies for electricity contingencies,design power plant systems,automation technology,design automation components,electricity consumption,wear appropriate protective gear",30,13
http://data.europa.eu/esco/occupation/1f958638-066f-470c-9549-a9070ba280a6,component engineer,,,"{'literal': 'Component engineers design and envision the engineering development of different small parts composing a bigger project, machine, or process. They ensure that parts are not conflicting from an engineering perspective.', 'mimetype': 'plain/text'}","project management,use technical drawing software,engineering principles,execute feasibility study,execute analytical mathematical calculations,interpret technical requirements,mathematics,production processes,define technical requirements,technical drawings,manufacturing processes,assess financial viability,perform scientific research,engineering processes,manage engineering project","computer science,robotic components,product data management,design principles,quality standards,electrical engineering,manage product testing,mechanical engineering,analyse production processes for improvement,draft design specifications,electromechanics,design electromechanical systems,circuit diagrams,record test data,provide advice to technicians,apply advanced manufacturing,use testing equipment,analyse test data,maintain equipment,conduct quality control analysis,ensure equipment availability,electronics,install machinery,use CAD software",15,24
http://data.europa.eu/esco/occupation/7f0fe7d3-54c6-41e9-88ba-9d4f0f1a46b4,microsystem engineer,,,"{'literal': 'Microsystem engineers research, design, develop, and supervise the production of microelectromechanical systems (MEMS), which can be integrated in mechanical, optical, acoustic, and electronic products.', 'mimetype': 'plain/text'}","report analysis results,microelectromechanical systems,analyse test data,mechanical engineering,test microelectromechanical systems,abide by regulations on banned materials,read engineering drawings,design microelectromechanical systems,mathematics,engineering principles,environmental legislation,design drawings,electricity,adjust engineering designs,physics,approve engineering design,electricity principles,conduct quality control analysis,conduct literature research,develop microelectromechanical system test procedures,microassembly,electrical engineering,environmental threats,perform scientific research,operate scientific measuring equipment,prepare production prototypes,electronics,microsystem test procedures,perform data analysis,record test data,design prototypes,use technical drawing software","process customer orders,automation technology,precision measuring instruments,operate precision machinery,precision mechanics,computer engineering,sensors,build business relationships,circuit diagrams,draft bill of materials,biomedical engineering,micromechanics,firmware,define manufacturing quality criteria,optoelectronics,assemble microelectromechanical systems,quality standards,maintain safe engineering watches,train employees,apply soldering techniques,provide technical documentation,control engineering,prepare assembly drawings,semiconductors,develop product design,nanotechnology,communicate with customers,CAE software,create technical plans,MOEM,microoptics,microsensors,apply technical communication skills,perform resource planning,use precision tools,program firmware,use CAM software,perform project management,programmable logic controller,coordinate engineering teams,use CAD software,microelectronics",32,42
http://data.europa.eu/esco/occupation/b5eaf231-77ad-4a86-8e54-15cc4398aad2,process engineer,Industrial and production engineers,2141,"{'literal': 'Process engineers apply engineering concepts in order to improve all kinds of production and manufacturing processes in terms of efficiency and productivity. They evaluate the variables and constraints present in given processes and present engineering solutions to optimise them.', 'mimetype': 'plain/text'}","engineering processes,troubleshoot,interpret technical requirements,manufacturing processes,use technical drawing software,define technical requirements,apply advanced manufacturing,perform scientific research,technical drawings,project management,manage engineering project,engineering principles,analyse production processes for improvement","define quality standards,environmental engineering,record test data,consult with technical staff,use testing equipment,collect samples for analysis,adjust engineering designs,maintain test equipment,apply health and safety standards,label samples,use CAD software,perform project management,read engineering drawings,assess financial viability,conduct performance tests,consult with design team,develop test procedures,manage budgets",13,18
http://data.europa.eu/esco/occupation/d7e663b2-f042-47d8-9fda-b5b8ba30ca04,aerospace engineer,,,"{'literal': 'Aerospace engineers develop, test and oversee the manufacture of flight vehicles such as aircrafts, missiles, and spacecrafts. The field of engineering they are active in, can be divided into two branches: aeronautical engineering and astronautical engineering.', 'mimetype': 'plain/text'}","quality standards,aircraft mechanics,troubleshoot,aerospace engineering,approve engineering design,execute feasibility study,production processes,engineering processes,engineering principles,adjust engineering designs,manufacturing processes,industrial engineering,ensure aircraft compliance with regulation,technical drawings,perform scientific research,assess financial viability,use technical drawing software","design principles,fluid mechanics,draft design specifications,build a product's physical model,design prototypes,apply advanced manufacturing,material mechanics,develop test procedures,record test data,aerodynamics,analyse production processes for improvement,mechanical engineering,stealth technology,materials science,oversee assembly operations,create a product's virtual model,plan test flights,use CAM software,unmanned air systems,guidance, navigation and control,synthetic natural environment,defense system,use CAD software,conduct performance tests,CAE software,manage product testing,control production",17,27
http://data.europa.eu/esco/occupation/615920c5-4f63-4eb3-8b60-afaaed3ab1ff,maintenance and repair engineer,Industrial and production engineers,2141,"{'literal': 'Maintenance and repair engineers focus on the optimization of equipment, procedures, machineries and infrastructure. They ensure their maximum availability at minimum costs.', 'mimetype': 'plain/text'}","resolve equipment malfunctions,maintain equipment,perform machine maintenance,write technical reports,maintenance and repair,advise on efficiency improvements,mechanics,quality assurance procedures,use testing equipment,troubleshoot,work safely with machines,inspect industrial equipment,conduct quality control analysis,engineering principles,maintain machinery,engineering processes,inspect machinery,manage budgets,perform test run,create solutions to problems,conduct routine machinery checks","write records for repairs,automation technology,perform risk analysis,communication,use a computer,quality standards,total quality control,maintain nuclear reactors,optimise production,perform maintenance on installed equipment,provide customer information related to repairs,lead process optimisation,read standard blueprints,maintain power plants,electronics,provide technical documentation,optimise production processes parameters,electricity,use computerised maintenance management systems,record test data,hydraulics,pneumatics,mechatronics,estimate restoration costs,apply technical communication skills,nuclear energy",21,26
http://data.europa.eu/esco/occupation/9e2e6e1e-363b-4e1b-a673-7bc0f7343300,ICT system administrator,Systems administrators,2522,"{'literal': 'ICT system administrators are responsible for the upkeep, configuration, and reliable operation of computer and network systems, servers, workstations and peripheral devices. They may acquire, install, or upgrade computer components and software; automate routine tasks; write computer programs; troubleshoot; train and supervise staff; and provide technical support. They ensure optimum system integrity, security, backup and performance.', 'mimetype': 'plain/text'}","integrate system components,ICT system user requirements,manage system security,software components libraries,provide technical documentation,apply ICT system usage policies,administer ICT system,ICT system programming,monitor system performance,maintain ICT system,hardware components,ICT infrastructure,interpret technical texts,organisational policies,support ICT system users,migrate existing data,implement ICT recovery system,manage changes in ICT system,manage system testing,apply system organisational policies,solve ICT system problems,perform backups,quality assurance methodologies","implement ICT risk management,ICT accessibility standards,install signal repeaters,execute integration testing,acquire system component,use different communication channels,interact with users to gather requirements,engineering processes,adjust ICT system capacity,ICT system integration,interfacing techniques,ICT recovery techniques,information security strategy,internet governance,provide ICT system training,systems development life-cycle",23,16
http://data.europa.eu/esco/occupation/32ac76f6-20a0-469e-8cac-e68634087dd3,picture archiving and communication systems administrator,Medical records and health information technicians,3252,"{'literal': 'Picture archiving and communication systems administrators manage picture archiving and communication systems (PACS). They store images taken by various types of medical equipment, such as X-rays, in order to enable easy access to these images for medical. PACS administrators ensure the day-to-day management and maintenance of the system.""', 'mimetype': 'plain/text'}","manage radiology information system,communicate effectively in healthcare,apply company policies,health records management,interact with healthcare users,administer ICT system,use electronic health records management system,medical terminology,computer science,medical informatics,attend to ICT systems quality,archive healthcare users' records,project management,data protection,empathise with the healthcare user,maintain ICT system","Cisco,human anatomy,ICT system user requirements,perform clerical duties,implement strategic planning,identify suppliers,provide cost benefit analysis reports,procurement of ICT network equipment,develop ICT workflow,solve ICT system problems,supplier management,develop professional network,radiological photography",16,13
http://data.europa.eu/esco/occupation/d84bf1d7-ef99-40c4-a407-3791d6531b44,telecommunications engineering technician,Telecommunications engineering technicians,3522,"{'literal': 'Telecommunications engineering technician deploy, maintain and monitor a telecommunication system that provides interactions between data and voice communications, such as telephone, video conferencing, computer, and voicemail systems. They are also involved in the design, manufacturing, construction, maintenance and repair of telecommunication systems. Telecommunications engineering technicians provide technical assistance in the research and development of telecommunication equipm","operate electronic measuring instruments,apply system organisational policies,manage system testing,support ICT system users,microwave principles,use scripting programming,install monitors for process control,electromagnetism,interpret technical texts,upgrade firmware,apply ICT system usage policies,integrate system components,ICT system user requirements,calibrate electronic instruments,ICT communications protocols,organisational policies,direct inward dialing,analog electronics theory,quality assurance methodologies,manage system security,electronics principles,use session border controller,manage changes in ICT system","ABAP,Assembly (computer programming),ASP.NET,TypeScript,Pascal (computer programming),JavaScript,AJAX,Common Lisp,meet deadlines,solder electronics,provide technical documentation,provide cost benefit analysis reports,COBOL,ML (computer programming),maintain telephony system,Java (computer programming),Prolog (computer programming),C#,Scala,VBScript,Objective-C,MATLAB,Lisp,execute ICT audits,PHP,APL,procurement of ICT network equipment,solve ICT system problems,Ruby (computer programming),Perl,OpenEdge Advanced Business Language,computer programming,R,Scratch (computer programming),Groovy,operate private branch exchange,Haskell,Python (computer programming),Smalltalk (computer programming),Microsoft Visual C++,Cisco,Swift (computer programming),SAP R3,telecommunication trunking,CoffeeScript,Erlang,C++,Visual Studio .NET,ICT system programming,SAS language",23,50
http://data.europa.eu/esco/occupation/55b4faa3-286f-4fc8-ac67-8bbb97d08820,education administrator,,,"{'literal': 'Education administrators organise and manage the administration, support systems and (student) activities of an education institution. They perform a range of administrative, secretarial, financial and otherwise supportive tasks to enable the efficient and cost-effective running of the school. They may assist in student recruitment, alumni relations, funding, work on committees including academic boards and quality insurance.', 'mimetype': 'plain/text'}","budgetary principles,manage school budget,education administration,handle financial transactions,electronic communication,manage budgets,customer service,manage educational institution's administration,office software,maintain records of financial transactions,trace financial transactions,communicate by telephone","maintain contract administration,kindergarten school procedures,perform clerical duties,financial management,consult student's support system,use different communication channels,accounting techniques,handle mail,deliver correspondence,primary school procedures,secondary school procedures,accounting,evaluate budgets,provide information on school services,student financial aid programmes,manage office facility systems,provide information on education financing,cooperate with education professionals,maintain internal communication systems,use office systems",12,20
http://data.europa.eu/esco/occupation/8c57af09-719c-42b3-be40-6ed4946236cc,database administrator,Database designers and administrators,2521,"{'literal': ""Database administrators test, implement and administer computer databases. They use their expertise in database management systems to plan, coordinate and implement security measures to safeguard computer databases. They also use scripts and configuration files to tailor a database to users' needs."", 'mimetype': 'plain/text'}","information structure,interpret technical texts,query languages,operate relational database management system,distributed computing,data quality assessment,perform ICT troubleshooting,system backup best practice,create data models,balance database resources,manage database,use scripting programming,database development tools,define database physical structure,design database scheme,data models,apply company policies,data storage,maintain database security,maintain database performance,administer ICT system,resource description framework query language,database management systems,perform backups,design database backup specifications","PostgreSQL,Microsoft Access,Filemaker (database management systems),MySQL,provide ICT support,use automatic programming,business intelligence,SPARQL,quality assurance methodologies,LDAP,use different communication channels,MDX,SQL Server,provide technical documentation,OpenEdge Database,LINQ,ObjectStore,provide technical training,online analytical processing,N1QL,execute ICT audits,Oracle Relational Database,IBM Informix,DB2,support ICT system users,estimate duration of work,Teradata Database,XQuery",25,28
http://data.europa.eu/esco/occupation/0464b062-cea6-4164-b10d-956c61956ae7,ICT security administrator,Database and network professionals not elsewhere classified,2529,"{'literal': 'ICT security administrators plan and carry out security measures to protect information and data from unauthorised access, deliberate attack, theft and corruption.', 'mimetype': 'plain/text'}","perform ICT troubleshooting,mobile device management,maintain ICT identity management,apply company policies,solve ICT system problems,ICT network security risks,cyber attack counter-measures,ensure proper document management,quality assurance methodologies,attend to ICT systems quality,manage IT security compliances,identify ICT system weaknesses,system backup best practice,organisational resilience,internet governance,database development tools,Internet of Things,maintain database security,interpret technical texts","execute software tests,execute ICT audits,cyber security,train employees,manage database,information security strategy,lead disaster recovery exercises,ICT infrastructure,address problems critically,build business relationships,perform backups,ICT security legislation,ICT encryption,use scripting programming,information confidentiality,computer forensics,ICT security standards,assess ICT knowledge,manage ICT virtualisation machines,web application security threats",19,20
http://data.europa.eu/esco/occupation/81480b40-a318-47f3-9b2c-56b69ed67d95,ICT network administrator,,,"{'literal': 'ICT network administrators maintain operation of a reliable, secure, and efficient data communications network, including LAN, WAN, intranet, and internet. They perform network address assignment, management and implementation of routing protocols such as ISIS, OSPF, BGP, routing table configurations and certain implementations of authentication. They perform maintenance and administration of servers (file servers, VPN gateways, intrusion detection systems), desktop computers, print","apply ICT system usage policies,computer programming,internet governance,integrate system components,ICT system programming,ICT security legislation,forecast future ICT network needs,design computer network,manage ICT virtualisation machines,solution deployment,install electronic communication equipment,manage email hosting service,adjust ICT system capacity,quality assurance methodologies,provide technical documentation,implement ICT network diagnostic tools,procurement of ICT network equipment,interpret technical texts,analyse network bandwidth requirements,define firewall rules,maintain internet protocol configuration,ICT network security risks,perform backups,network management system tools,cloud technologies,ICT network routing,ICT performance analysis methods","prepare licence agreements,provide technical training,Assembly (computer programming),apply system organisational policies,TypeScript,COBOL,R,maintain ICT server,ASP.NET,Groovy,Perl,MATLAB,mobile operating systems,Microsoft Visual C++,OpenEdge Advanced Business Language,Objective-C,AJAX,Cisco,Erlang,JavaScript,CoffeeScript,Scala,optimise choice of ICT solution,provide ICT system training,BlackBerry,proxy servers,Swift (computer programming),APL,C#,execute ICT audits,Ruby (computer programming),organisational policies,SAP R3,iOS,Prolog (computer programming),ML (computer programming),Python (computer programming),PHP,Lisp,Haskell,Android (mobile operating systems),Smalltalk (computer programming),Scratch (computer programming),Visual Studio .NET,install signal repeaters,ABAP,Java (computer programming),utilise computer-aided software engineering tools,Common Lisp,Windows Phone,Pascal (computer programming),acquire system component,ICT system user requirements,SAS language,C++,VBScript",27,56
http://data.europa.eu/esco/occupation/6e6839b6-099c-4802-906e-7f2c8203ee69,office manager,Office supervisors,3341,"{'literal': '\\\nOffice managers oversee the administrative work that clerical workers are commissioned to perform in various types of organisations or associations. They perform micromanagement and maintain a close view of administrative processes such as such as controlling correspondence, designing filing systems, reviewing and approving supply requisitions, assigning and monitoring clerical functions. They report to managers within the same department or to general managers in companies, dep","office software,analyse staff capacity,use office systems,manage office facility systems,manage needs for stationery items,make improvements to work activities,perform clerical duties,manage office appliance requirements,manage administrative systems,give instructions to staff,write work-related reports,implement corporate governance,create a work atmosphere of continuous improvement,manage staff,use different communication channels,cost management,delegate activities","contract law,assess employees' capability levels,revise drafts made by managers,trade union regulations,project management,recruit employees,accounting techniques,train employees,use customer relationship management software,maintain contract administration,manage budgets,labour legislation,financial capability,plan shifts of employees,prepare financial statements,develop classification systems,tax legislation,communicate with customers,manage accounts",17,19
http://data.europa.eu/esco/occupation/0a3c2d5b-e1f9-4200-9288-62bf3fed3310,membership administrator,,,"{'literal': 'Membership administrators ensure an effective membership administration, documentation and communication. They support the membership sales process, the current membership enquiries and the renewal processes.', 'mimetype': 'plain/text'}","manage membership database,recruit members,customer service,provide membership service,manage members,sales strategies,complete membership administration,use communication techniques,perform office routine activities,develop professional network,execute administration","show responsibility,write work-related reports,handle complaints,office software,write leaflets,make independent operating decisions,develop campaigns,handle customer complaints,meet deadlines,stimulate creative processes,process payments,deal with pressure from unexpected circumstances",11,12
http://data.europa.eu/esco/occupation/6724e558-2d75-4116-a473-91a4c14d4c69,pensions administrator,,,"{'literal': ""Pensions administrators perform administrative duties in the management of pension schemes, ensuring the correct calculation of client's pension benefits, compliance with legal requirements, drafting reports and communicating relevant information to customers. They work either in the private or the public sector."", 'mimetype': 'plain/text'}","communicate with beneficiaries,ensure information transparency,use IT tools,advise on social security benefits,calculate benefits,government social security programmes,social security law,obtain financial information,actuarial science,apply technical communication skills,types of pensions,comply with legal regulations,provide financial product information,protect client interests","synthesise financial information,legal research,handle financial transactions,provide support in financial calculation,manage pension funds,corporate social responsibility,investigate social security applications,analyse financial risk,develop pension schemes,promote social security programmes,trace financial transactions,maintain records of financial transactions,manage financial risk,handle financial disputes",14,14
http://data.europa.eu/esco/occupation/bb4ca5c1-879d-44e8-840d-24f320206bff,grants administrator,Accounting associate professionals,3313,"{'literal': 'Grants administrators handle the pass-through track of grants, often given out by the government to the grant recipient. They prepare the paperwork such as the grant applications and give out the grants. They are also responsible to make sure that the grant recipient spends the money correctly according to the terms laid out.', 'mimetype': 'plain/text'}","give out grants,grant concessions,follow up awarded grants,help grant recipient,complete administration,instruct grant recipient,manage grant applications,financial management","study topics,use communication techniques,use different communication channels,use microsoft office,check official documents,mathematics,write work-related reports,manage budgets,keep task records,respond to enquiries,conduct research interview,train employees,ensure proper document management,think analytically,budgetary principles,comply with legal regulations,manage database",8,17
http://data.europa.eu/esco/occupation/bac62d45-bb74-45fa-9b38-a3ebf2095212,case administrator,Legal and related associate professionals,3411,"{'literal': 'Case administrators supervise the progress of criminal and civil cases from the point of opening to closing. They review the case files and case progression to ensure proceedings occur compliant with legislation. They also ensure the proceedings occur in a timely manner and that everything has been concluded before closing cases.', 'mimetype': 'plain/text'}","ensure proper document management,supervise legal case procedures,civil process order,develop documentation in accordance with legal requirements,compile legal documents,comply with legal regulations,legal research,legal terminology,manage administrative systems,legal case management,write work-related reports,observe confidentiality","ensure information security,court procedures,interpret law,maintain operational communications,manage accounts,facilitate official agreement,document evidence,brief court officials,use different communication channels,respond to enquiries,show responsibility,law enforcement,record court procedures,correctional procedures,provide legal advice,accounting techniques",12,16
http://data.europa.eu/esco/occupation/8a3498c7-470a-4067-b48e-f330d9b702e8,securities underwriter,,,"{'literal': 'Securities underwriters administer the distribution activities of new securities from a business company. They work in close connection with the issuing body of the securities in order to establish the price and buys and sells them to other investors.  They receive underwriting fees from their issuing clients.', 'mimetype': 'plain/text'}","commercial law,monitor stock market,forecast economic trends,analyse market financial trends,trade securities,protect client interests,financial products,financial markets,economics,stock market,financial jurisdiction,securities,analyse economic trends,actuarial science","build business relationships,trace financial transactions,perform stock valuation,manage financial risk,advise on financial matters,manage securities,handle financial transactions,communicate with banking professionals,operate financial instruments,tax legislation,financial forecasting,provide support in financial calculation,analyse financial risk,apply technical communication skills,maintain records of financial transactions,create a financial plan,banking activities,assess risks of clients' assets,statistics",14,19
http://data.europa.eu/esco/occupation/20e39113-05f5-4184-94e2-f5e8e8c8d2ea,sport administrator,Professional services managers not elsewhere classified,1349,"{'literal': 'Sport administrators act in a middle management role within sport organisations at all levels, in any sport or country in Europe (e.g. sport clubs, federations, and local authorities). They carry out organisational tasks across a wide range of functions in accordance with the strategy and policies set by management, boards of directors and committees. They play a crucial role in the overall delivery of sport and their work in sport organisations directly impact the unlocking of the ","manage sport facility finances,perform project management,manage internal process of a sport organisation,liaise with sports organisations,develop practices to conduct effective sport club management,ensure the provision of resources for physical activity,impact of politics on sport delivery,involve volunteers,promote equality in sport activities,manage personal professional development in sport,ensure health and safety of staff,implement operational business plans,implement strategic planning,ensure health and safety of customers,develop opportunities for progression in sport,manage a team,manage customer service,respond to enquiries,coordinate the administration of a sports organisation,lead a team","establish collaborative relations,contribute to the safeguarding of children,support the development of sport activities in education,manage athletes touring abroad,CA Datacom/DB,liaise with board members,manage sports events,manage sport competition programmes,apply for external funding for physical activity,facilitate physical activity in the community,promote sport activities in public health",20,11
http://data.europa.eu/esco/occupation/d89b23c2-d042-4ca6-a917-109fe5a0b30c,curriculum administrator,Education methods specialists,2351,"{'literal': 'Curriculum administrators develop and improve the curricula of education institutions. They analyse the quality of existing curricula and work towards improvement. They communicate with education professionals to ensure an accurate analysis. They report on curriculum developments and perform administrative duties.', 'mimetype': 'plain/text'}","develop curriculum,identify education needs,advise on teaching methods,ensure curriculum adherence,cooperate with education professionals,pedagogy,monitor educational developments,advise on lesson plans,maintain relationships with government agencies,curriculum standards,analyse curriculum,analyse the training market,evaluate education programmes,monitor curriculum implementation","present reports,develop a pedagogical concept,establish educational network,e-learning,budgetary principles,provide feedback to teachers,learning technologies,advise on legislative acts,implement strategic planning,inspect education institutions,advise on curriculum development,special needs education,think analytically,develop e-learning plan,ensure compliance with policies",14,15
http://data.europa.eu/esco/occupation/30c0943c-caa1-411d-b273-26f475971273,quality engineer,,,"{'literal': 'Quality engineers define quality standards for the creation of products or services. They check to make sure the products and services are in compliance with the quality standards and they coordinate quality improvements.', 'mimetype': 'plain/text'}","perform risk analysis,report test findings,set quality assurance objectives,undertake inspections,define quality standards,analyse test data,quality assurance procedures,inspect quality of products,test procedures,quality assurance methodologies,write inspection reports,quality standards,identify process improvements,recommend product improvements,identify improvement actions,record test data,support implementation of quality management systems","industrial engineering,define manufacturing quality criteria,lead inspections,oversee quality control,use a computer,communicate test results to other departments,perform project management,ensure compliance with company regulations,check quality of raw materials,ensure compliance with legal requirements,use measurement instruments,train employees,manufacturing processes,audit techniques,communication,manage budgets,check quality of products on the production line,non-destructive testing,maintain test equipment,perform pre-assembly quality checks",17,20
http://data.europa.eu/esco/occupation/61d9270c-491d-438d-8d41-77ba2e0ef023,product quality inspector,Product graders and testers (excluding foods and beverages),7543,"{'literal': 'Product quality inspectors check products in order to assess their compliance in reference to a standard or reference guideline. They observe, measure, test, and form questions in order to fill in forms and present levels of compliance with comments after the inspection process. Product quality inspectors are employed or work externally for companies.', 'mimetype': 'plain/text'}","identify improvement actions,support implementation of quality management systems,perform quality audits,manage health and safety standards,identify process improvements,continuous improvement philosophies,create solutions to problems,use a computer,quality control systems,negotiate with stakeholders,manage corrective actions,write inspection reports,oversee quality control,monitor manufacturing quality standards,report defective manufacturing materials,revise quality control systems documentation,track key performance indicators,quality standards,quality assurance procedures,identify preventive actions,develop calibration procedures,develop methodologies for supplier evaluation","recommend product improvements,use technical documentation,mathematics,record test data,train staff in safety procedures,read engineering drawings,analyse production processes for improvement,execute analytical mathematical calculations,set quality assurance objectives,inspect quality of products,train staff in quality procedures,develop corporate training programmes,operate precision measuring equipment,issue licences,read standard blueprints,provide advice on breaches of regulation,develop procedures in case of defects,define quality standards,manage periodic calibration plans,maintain test equipment,collect samples for analysis,use testing equipment,use non-destructive testing equipment,lead inspections,conduct performance tests",22,25
http://data.europa.eu/esco/occupation/8a0c1556-f616-4d41-a03c-8a093a644807,footwear quality technician,,,"{'literal': 'Footwear quality technicians manage all the standards and techniques related to processes and products. They perform tasks using quality systems based on national and international standards. They analyse and interpret the results, prepare reports, advise on corrective measures, contribute to the achievement of requirements and objectives for the benefit of continuous improvement and customer satisfaction.', 'mimetype': 'plain/text'}","create solutions to problems,apply footwear and leather goods quality control techniques,footwear manufacturing technology,footwear quality,footwear finishing techniques,exert a goal-oriented leadership role towards colleagues,reduce environmental impact of footwear manufacturing,manage footwear quality systems,footwear components,use IT tools,footwear materials,use communication techniques,work in textile manufacturing teams,communicate commercial and technical issues in foreign languages","practice innovative thinking in the footwear and leather goods industries,health and safety regulations,measure working time in footwear and leather goods production,perform laboratory tests on footwear or leather goods,make technical drawings of fashion pieces,plan supply chain logistics for footwear and leather goods,determine footwear warehouse layout",14,7
http://data.europa.eu/esco/occupation/7bf11599-d0bb-4789-9886-55c87f5da449,leather goods quality technician,,,"{'literal': 'Leather goods quality technicians perform tasks related to the quality system, by controlling quality, executing laboratory tests (finished products, used materials and components) according to the national and international standards. They analyse and interpret the result of the laboratory tests, prepare reports, advise on corrective and preventive measures, contributing for the accomplishment of requirements and objectives in the with the aim of continuous improving and the custom","communicate commercial and technical issues in foreign languages,leather goods manufacturing processes,apply footwear and leather goods quality control techniques,leather goods quality,use IT tools,footwear finishing techniques,reduce environmental impact of footwear manufacturing,manage footwear quality systems,leather goods materials,leather goods components,use communication techniques","perform laboratory tests on footwear or leather goods,practice innovative thinking in the footwear and leather goods industries,plan supply chain logistics for footwear and leather goods,determine leather goods warehouse layout,measure working time in footwear and leather goods production",11,5
http://data.europa.eu/esco/occupation/998a0bf4-b1be-42ab-aee5-0096c9be3319,quality engineering technician,Physical and engineering science technicians not elsewhere classified,3119,"{'literal': 'Quality engineering technicians work with quality engineers or managers to analyse and solve quality problems and improve productivity. They examine machines for imperfections and inspect products to make sure they meet the standards. They also provide personnel with training in inspection techniques and prepare inspection plans.', 'mimetype': 'plain/text'}","quality assurance methodologies,oversee quality control,conduct performance tests,record test data,ensure compliance with company regulations,quality assurance procedures,undertake inspections,ensure compliance with legal requirements,inspect material,write inspection reports,quality standards,report test findings,test procedures,set quality assurance objectives,execute software tests,inspect quality of products,perform test run","manage chemical testing procedures,create solutions to problems,database quality standards,mechanics,automation technology,materials science,develop material testing procedures,support implementation of quality management systems,perform physical stress tests on models,provide technical documentation,ensure compliance with environmental legislation,analyse test data,electricity,maintain test equipment,electronics,statistics,apply statistical analysis techniques,read standard blueprints,communicate test results to other departments,manage manufacturing documentation,perform laboratory tests,apply health and safety standards,train employees,perform product testing,non-destructive testing",17,25
http://data.europa.eu/esco/occupation/491cf76d-eb0d-4f15-90f0-3f5c9b11472a,"gambling, betting, and lottery quality assurance engineer","Mathematicians, actuaries and statisticians",2120,"{'literal': 'Gambling, betting and lottery quality assurance engineers design and plan methods to test the gambling, the lottery or betting games. They execute the tests. These games can be both for public or for private audience, and the tests are for both online and land-based gaming.', 'mimetype': 'plain/text'}","perform services in a flexible manner,attend gaming tests,report gaming incidents,probability theory,legal standards in gambling,mathematics,solve problems in gambling through digital means,follow ethical code of conduct of gambling,develop work plans to solve problems","multimedia systems,apply gaming psychology,software components libraries,games rules,create game testing software,statistical analysis system software,ICT software specifications,hardware components,SAS language,ICT hardware specifications,adapt developed game to the market",9,11
http://data.europa.eu/esco/occupation/fdb16700-109e-4d02-949e-3213f278df93,industrial quality manager,,,"{'literal': 'Industrial quality managers monitor and control information assets by detailing processes and procedures to ensure compliance with industrial standards. They perform audits in industrial processes, advise on preventive and corrective actions, and ensure compliance with industrial standards.', 'mimetype': 'plain/text'}","evaluate industrial hygiene,manage corrective actions,analyse test data,industrial software,internal auditing,check quality of products on the production line,revise quality control systems documentation,conduct workplace audits,develop audit plan,support implementation of quality management systems,check quality of raw materials,industrial design,correctional procedures,create solutions to problems,audit techniques,follow safety standards in industrial contexts,inspect industrial equipment,perform quality audits,quality standards,oversee quality control,identify improvement actions,liaise with industrial professionals,industrial engineering,monitor manufacturing quality standards,define manufacturing quality criteria,record production data for quality control,provide technical expertise,identify preventive actions,database quality standards","create manufacturing guidelines,communicate test results to other departments,develop manufacturing policies,total quality control,manage manufacturing documentation,perform project management,assess supplier risks,use measurement instruments,manufacturing processes,attend to ICT systems quality,record test data,define quality standards,perform pre-assembly quality checks,advise on manufacturing problems,manage budgets,inspect quality of products,inspect material,lead inspections,provide manufacturing documentation",29,19
http://data.europa.eu/esco/occupation/555235ce-8c45-409b-a6c9-83e69c2d2bce,military engineer,"Armed forces occupations, other ranks",0310,"{'literal': 'Military engineers perform technical and scientific functions in the military, such as the development of concepts for military technical equipment, support of the manufacturing of military equipment, and technical research, maintenance, and quality assurance.', 'mimetype': 'plain/text'}","examine engineering principles,adjust engineering designs,military weaponry,design engineering components,engineering principles,supervise the maintenance of military equipment,oversee quality control,engineering processes,monitor technology trends,quality standards,mechanical tools,define technology strategy,monitor military equipment use,advise superiors on military operations","military combat techniques,electronic and telecommunication equipment,design prototypes,determine production feasibility,maintain electrical equipment,military code,write situation reports,perform test run,military logistics,perform minor repairs to equipment,concepts of telecommunications,report test findings,perform physical stress tests on models,test electronic units,provide technical documentation,electronics principles,mechanical engineering,electrical engineering,perform maintenance on installed equipment,maintain electronic equipment,calibrate electronic instruments",14,21
http://data.europa.eu/esco/occupation/239707a0-4754-4f4b-80b6-6b1ef5657aed,mastering engineer,,,"{'literal': 'Mastering engineers convert finished recordings to the desired format such as CD, vinyl and digital. They ensure the quality of the sound on all formats.', 'mimetype': 'plain/text'}","operate audio-signal processors,edit recorded sound,audiovisual products,adapt to artists' creative demands,assess sound quality,convert different audiovisual formats,audio editing software,types of audiovisual formats,audio mastering,audio technology,manage sound quality","musical theory,musical genres,audio post-production,audiovisual equipment,musical instruments,operate an audio mixing console",11,6
http://data.europa.eu/esco/occupation/3027abf6-bc54-4709-8dc1-4f20b772ac70,engineered wood board grader,,,"{'literal': 'Engineered wood board graders inspect finished engineered wood products for quality issues such as inclomplete gluing, warping or blemishing. They also test load bearing qualities of the wood. Graders sort products for quality according to guidelines.', 'mimetype': 'plain/text'}","prepare samples for testing,quality standards,composite materials,report test findings,operate precision measuring equipment,record test data,grade engineered wood,lead inspections,perform sample testing,ensure public safety and security,types of wood,oversee quality control,prepare technical reports,use a computer,apply safety management,apply health and safety standards,use measurement instruments,record survey measurements,define data quality criteria,inspect quality of products,use non-destructive testing equipment,conduct performance tests,define quality standards,monitor manufacturing quality standards,maintain test equipment","define manufacturing quality criteria,meet contract specifications,check quality of raw materials,manufacturing processes,revise quality control systems documentation,manage supplies,wear appropriate protective gear,work safely with machines,record production data for quality control,create solutions to problems,liaise with managers,recommend product improvements,use testing equipment,set quality assurance objectives",25,14
http://data.europa.eu/esco/occupation/c02ee787-c30b-4f0d-9d7f-6eb36fc44a5d,research manager,,,"{'literal': '\nResearch managers oversee the research and development functions of a research facility or program or university. They support the executive staff, coordinate work activities, and monitor staff and research projects. They may work in a wide array of sectors, such as the chemical, technical and life sciences sector. Research managers can also advise on research and execute research themselves.', 'mimetype': 'plain/text'}","scientific research methodology,manage research and development projects,communicate in English in a competent way,report analysis results,discuss research proposals,study topics,perform scientific research,manage operational budgets,provide project information on exhibitions,study a collection,respect cultural differences in the field of exhibition,estimate duration of work,manage staff,project management,work independently on exhibitions,cope with challenging demands","conduct qualitative research,biology,laboratory techniques,perform project management,use ICT recources to solve work related tasks,chemistry,conduct quantitative research,interact with an audience,liaise with cultural partners,direct an artistic team,physics,project management principles,present exhibition",16,13
http://data.europa.eu/esco/occupation/fa5b9075-3796-4e86-be0a-b5e6d725c25a,metrologist,Meteorologists,2112,"{'literal': 'Metrologists study and practice the science of measurement. They develop quantity systems, units of measurement and measuring methods to be used in science. Metrologists establish new methods and tools to quantify and better understand information.', 'mimetype': 'plain/text'}","create solutions to problems,apply scientific methods,write calibration report,troubleshoot,perform scientific research,maintain technical equipment,scientific research methodology,use testing equipment,assemble measuring equipment,develop measuring equipment,calibrate precision instrument,order equipment,operate scientific measuring equipment,quality standards,instrumentation engineering,work analytically,metrology,perform test run,study the relationships between quantities,develop calibration procedures,operate precision measuring equipment","laboratory techniques,inspect material,calibrate mechatronic instruments,operate surveying instruments,write scientific papers,biology,physics,maintain laboratory equipment,algebra,electronics,meteorology,calibrate electronic instruments,read standard blueprints,geometry,calibrate laboratory equipment,develop preventive maintenance procedures for instruments",21,16
http://data.europa.eu/esco/occupation/c25b3700-6095-42b7-99fc-b87dc326c044,agricultural scientist,"Farming, forestry and fisheries advisers",2132,"{'literal': 'Agricultural scientists research and study soil, animals and plants with the objective of improving agricultural processes, the quality of agricultural products or the impact of agricultural processes on the environment. They plan and implement projects such as development projects on behalf of clients or institutions.', 'mimetype': 'plain/text'}","project management principles,monitor the farm environmental management plan,report on environmental issues,livestock farming systems,environmental legislation in agriculture and forestry,provide advice to hatcheries,report pollution incidents,advise on soil and water protection,advise on efficiency improvements,provide advice to farmers,educate on recycling regulations,provide livestock advice and guidance,project management,make improvements to work activities,perform scientific research,research livestock production,create soil and plant improvement programmes,environmental policy,perform market research","organic farming,comply with farm regulations,evaluate employees work,assess the necessity of new farming technologies,consultation methods,train staff on recycling programs,advise on irrigation projects,apply precision farming,comply with legal regulations,inspect project regulations,ensure compliance with environmental legislation,manage fisheries projects,train employees,lead a team",19,14
http://data.europa.eu/esco/occupation/72628f3a-fd49-499a-9741-870b0a1fcef2,mathematician,"Mathematicians, actuaries and statisticians",2120,"{'literal': 'Mathematicians study and deepen existing mathematical theories in order to expand the knowledge and find new paradigms within the field. They can apply this knowledge to challenges presented in engineering and scientific projects in order to assure that measurements, quantities, and mathematic laws prove their viability.', 'mimetype': 'plain/text'}","statistics,create solutions to problems,scientific modelling,algebra,scientific research methodology,conduct quantitative research,think analytically,study the relationships between quantities,mathematics,apply scientific methods,use logical reasoning,execute analytical mathematical calculations","set theory,philosophy of mathematics,assist scientific research,write scientific papers,algorithms,instrumentation engineering,SAS language,develop statistical software,perform scientific research,geometry,statistical analysis system software,perform lectures,provide lesson materials,mechanical engineering,metalogic,create software design,develop scientific theories,computer science,carry out statistical forecasts,logic,develop financial statistics reports,apply statistical analysis techniques,philosophy,use software tools for site modelling,prepare lesson content",12,25
http://data.europa.eu/esco/occupation/e3229e40-f571-4b26-baca-29edc8fe313e,computer scientist,Systems analysts,2511,"{'literal': 'Computer scientists conduct research in computer and information science, directed toward greater knowledge and understanding of fundamental aspects of ICT phenomena. They write research reports and proposals. Computer scientists\xa0also invent and design new approaches to computing technology, find innovative uses for existing technology and studies and solve complex problems in computing.', 'mimetype': 'plain/text'}","apply reverse engineering,synthesise research publications,execute ICT user research activities,conduct research interview,conduct scholarly research,conduct quantitative research,apply statistical analysis techniques,write research proposals,conduct qualitative research,scientific research methodology,execute analytical mathematical calculations,conduct literature research","data mining,emergent technologies,report analysis results,develop professional network,LINQ,LDAP,information categorisation,documentation types,XQuery,create solutions to problems,behavioural science,process data,perform data mining,N1QL,information extraction,MDX,query languages,innovation processes,unstructured data,resource description framework query language,business intelligence,innovate in ICT,SPARQL",12,23
http://data.europa.eu/esco/occupation/6cd08cbe-7611-4d70-8886-6c59c0385442,communication scientist,,,"{'literal': 'Communication scientists research the different aspects of the planning, collecting, creating, organizing, preserving, using, evaluating and exchanging information through verbal or non-verbal communication. They study the interactions between groups, individuals, and individuals with technologies (robots).', 'mimetype': 'plain/text'}","types of media,scientific research methodology,conduct quantitative research,use data processing techniques,conduct qualitative research,develop communication strategies,media studies,communication studies,apply scientific methods,communication,perform scientific research","apply teaching strategies,write research proposals,advise on public relations,anthropology,journalism,develop scientific theories,perform public relations,sociology,advertising techniques,media law,perform customer management,perform market research,conduct public surveys,advise on communication strategies,content marketing strategy,write scientific papers,develop media strategy,interview focus groups,monitor sociological trends",11,19
http://data.europa.eu/esco/occupation/19db5ad1-ffbf-41a0-8746-d3878f0d5dbd,media scientist,,,"{'literal': 'Media scholars research the role and impact that media has on the society. They observe and document the usage of different kinds of media such as newspapers, radio and TV and the response from society.', 'mimetype': 'plain/text'}","literature,copyright legislation,communication studies,media studies,read books,perform scientific research,perform background research on writing subject,types of media,apply scientific methods,scientific research methodology,consult information sources,ethical code of conduct of journalists","press law,history of literature,anthropology,film studies,conduct quantitative research,editorial standards,do historical research,perform public relations,music literature,apply desktop publishing techniques,musical genres,history,write research proposals,advise on public relations,monitor sociological trends,interview techniques,watch video and motion picture production products,conduct public surveys,types of literature genres,write scientific papers,conduct qualitative research,apply teaching strategies,interview focus groups,assist scientific research,media law,literary techniques,project management,content marketing strategy,develop scientific theories,sociology,journalism",12,31
http://data.europa.eu/esco/occupation/b0f3f595-4965-4f13-ba5c-f6049b62469f,biometrician,,,"{'literal': 'Biometricians perform research in the field of biometrics. They carry statistical or biological research projects by measuring fingerprints, retinas, and human shapes for medical or industrial applications.', 'mimetype': 'plain/text'}","interpret current data,biometrics,develop scientific research protocols,statistics,mathematics,scientific research methodology,scientific modelling,perform scientific research,apply statistical analysis techniques,plan research process,execute analytical mathematical calculations","apply teaching strategies,write research proposals,SAS language,statistical analysis system software,gather experimental data,advise on legislative acts,prepare exercise session,assist in clinical trials,biology,conduct public surveys,develop scientific theories,prepare visual data,develop statistical software,write scientific papers,assist scientific research,create software design,write work-related reports,assess environmental impact,provide lesson materials,prepare lesson content,manage data collection systems,manage database,contribute to development of biometric systems",11,23
http://data.europa.eu/esco/occupation/f3d8bc61-f812-4106-afd2-a356e4c11fce,literary scholar,Authors and related writers,2641,"{'literal': 'Literary scholars research works of literature, history of literature, genres, and literary criticism in order to appraise the works and the surrounding aspects in an appropriate context and to produce research results on specific topics in the field of literature.', 'mimetype': 'plain/text'}","perform scientific research,spelling,history of literature,writing techniques,read books,literature,perform background research on writing subject,consult information sources,write scientific papers,scientific research methodology,apply scientific methods,literary criticism,copyright legislation,literary theory,grammar,literary techniques,types of literature genres","promote your writings,do historical research,rhetoric,journalism,read manuscripts,comparative literature,cultural history,apply teaching strategies,apply grammar and spelling rules,develop scientific theories,teach writing,write research proposals,study cultures,read scripts,conduct qualitative research,conduct quantitative research,critically reflect on artistic production processes,theoretical lexicography,linguistics,phonetics",17,20
http://data.europa.eu/esco/occupation/ff656b3a-65a8-4b4f-b04e-9db12936519b,demographer,"Mathematicians, actuaries and statisticians",2120,"{'literal': 'Demographers study a variety of parameters related with population. They develop, based on their observations, statistical analyses on the evolutions and changes of births, elderly, marriage and divorce, employment, mortality, immigration and related matters.', 'mimetype': 'plain/text'}","scientific research methodology,forecast human population trends,execute analytical mathematical calculations,use data processing techniques,study human population,use a computer,demography,apply scientific methods,statistics,perform scientific research,mathematics,apply statistical analysis techniques","write scientific papers,sociology,develop scientific theories,advise legislators,perform market research,manage database,geography,urban planning,conduct public surveys,find trends in geographic data,write research proposals,teach geography,monitor sociological trends,interview focus groups,scientific modelling,apply digital mapping",12,16
http://data.europa.eu/esco/occupation/0611f232-b30e-46c7-9c26-2d59b1448e79,criminologist,"Sociologists, anthropologists and related professionals",2632,"{'literal': 'Criminologists study conditions pertaining to humans such as the social and psychological aspects that could lead them to commit criminal acts. They observe and analyse different factors ranging from behavioural conditions up to social background and environment of suspects in order to advise organisations on the prevention of crime.', 'mimetype': 'plain/text'}","scientific research methodology,apply scientific methods,criminal law,apply knowledge of human behaviour,analyse legal evidence,criminology,review criminal acts,statistics,anthropology,apply statistical analysis techniques,use data processing techniques,psychology,mathematics,sociology,perform scientific research","demography,assist police investigations,present evidence,develop security concepts,apply teaching strategies,write scientific papers,advise on legal decisions,write research proposals,examine crime scenes,develop criminology theories,interview people,document evidence,manage database,create criminal profiles,observe human behaviour,legal research,monitor security measures,document interviews",15,18
