uri,title,skill_type,reuse_level,occupation_count
http://data.europa.eu/esco/skill/4fabca9a-7435-4f33-b1da-3cdb00340fdc,perform scientific research,http://data.europa.eu/esco/skill-type/skill,essential,65
http://data.europa.eu/esco/skill/209a5498-3449-4689-8ed9-bd08cab4fd78,engineering principles,http://data.europa.eu/esco/skill-type/knowledge,essential,54
http://data.europa.eu/esco/skill/42b23922-1c40-4dbe-9e0c-7a568dfdf06b,adjust engineering designs,http://data.europa.eu/esco/skill-type/skill,essential,50
http://data.europa.eu/esco/skill/541561bc-510c-4a99-881c-2d8bf5a85462,use technical drawing software,http://data.europa.eu/esco/skill-type/skill,essential,49
http://data.europa.eu/esco/skill/72a74f69-5cf1-43c5-99b9-62a444578919,engineering processes,http://data.europa.eu/esco/skill-type/knowledge,essential,46
http://data.europa.eu/esco/skill/f54c10e4-630d-4e50-95e9-4e9e268e8f12,approve engineering design,http://data.europa.eu/esco/skill-type/skill,essential,40
http://data.europa.eu/esco/skill/4339176e-3acd-4f7f-a5d9-445bee3d23f2,mathematics,http://data.europa.eu/esco/skill-type/knowledge,essential,40
http://data.europa.eu/esco/skill/59ea80e1-463a-4dba-82c6-d0b6d577d532,technical drawings,http://data.europa.eu/esco/skill-type/knowledge,essential,36
http://data.europa.eu/esco/skill/328733a7-6d84-420d-a65c-2a8014fadc60,record test data,http://data.europa.eu/esco/skill-type/skill,essential,33
http://data.europa.eu/esco/skill/b34e2ba1-9080-48c9-9b42-ee9192a4d3f1,use CAD software,http://data.europa.eu/esco/skill-type/skill,essential,33
http://data.europa.eu/esco/skill/9c071f1d-eac3-449d-b004-c14775b5a3b9,mechanical engineering,http://data.europa.eu/esco/skill-type/knowledge,essential,32
http://data.europa.eu/esco/skill/3e40c7d0-0e36-4b33-bc33-0aa87eda0561,electrical engineering,http://data.europa.eu/esco/skill-type/knowledge,essential,28
http://data.europa.eu/esco/skill/04dfd9fb-e0cf-40f6-96c6-9d2280c4347e,provide technical documentation,http://data.europa.eu/esco/skill-type/skill,essential,27
http://data.europa.eu/esco/skill/334e3e49-fb02-4051-809a-f06adfdc1c40,troubleshoot,http://data.europa.eu/esco/skill-type/skill,essential,27
http://data.europa.eu/esco/skill/692ace70-7f97-4214-92bd-88f7637d8a44,physics,http://data.europa.eu/esco/skill-type/knowledge,essential,27
http://data.europa.eu/esco/skill/c8ac1986-38fa-43b2-89dc-50a4beeb420e,electricity,http://data.europa.eu/esco/skill-type/knowledge,essential,26
http://data.europa.eu/esco/skill/8d4271ca-c9fd-40b3-875f-15f78332a49e,quality standards,http://data.europa.eu/esco/skill-type/knowledge,essential,25
http://data.europa.eu/esco/skill/cd5efa8c-e44d-4cbc-91c6-796018dbed68,perform project management,http://data.europa.eu/esco/skill-type/skill,essential,25
http://data.europa.eu/esco/skill/3c333552-8d89-43f5-90bd-856e15bec433,design drawings,http://data.europa.eu/esco/skill-type/knowledge,essential,24
http://data.europa.eu/esco/skill/1007aa13-9f18-4bcf-96f3-e108c40baf69,use a computer,http://data.europa.eu/esco/skill-type/skill,essential,23
http://data.europa.eu/esco/skill/233be639-bdb5-4099-ab40-96d537d6c1f3,ensure compliance with safety legislation,http://data.europa.eu/esco/skill-type/skill,essential,23
http://data.europa.eu/esco/skill/95c35c3a-035f-47c2-90cf-7e934d20fc08,electronics,http://data.europa.eu/esco/skill-type/knowledge,essential,23
http://data.europa.eu/esco/skill/ed3f3dba-3a35-4ed5-b113-67f4d10ef4c8,scientific research methodology,http://data.europa.eu/esco/skill-type/knowledge,essential,22
http://data.europa.eu/esco/skill/089ee650-297e-4716-87d1-440743b70a0d,ensure compliance with environmental legislation,http://data.europa.eu/esco/skill-type/skill,essential,22
http://data.europa.eu/esco/skill/a2b5dcf3-5b6a-453d-876c-cff540c0faf1,CAD software,http://data.europa.eu/esco/skill-type/knowledge,essential,22
http://data.europa.eu/esco/skill/3786b61f-f22e-48d1-af8d-ad4c354534db,manufacturing processes,http://data.europa.eu/esco/skill-type/knowledge,essential,21
http://data.europa.eu/esco/skill/efa141df-f382-418f-9121-bd88fd735669,mechanics,http://data.europa.eu/esco/skill-type/knowledge,essential,21
http://data.europa.eu/esco/skill/c32ad607-0c4d-4e34-b73f-668298f7bf13,apply technical communication skills,http://data.europa.eu/esco/skill-type/skill,essential,20
http://data.europa.eu/esco/skill/04f1b938-d4d4-4cb1-a863-982af76b9d93,SAS language,http://data.europa.eu/esco/skill-type/knowledge,optional,19
http://data.europa.eu/esco/skill/31c69100-b612-4a61-8db5-fd314318854c,execute analytical mathematical calculations,http://data.europa.eu/esco/skill-type/skill,essential,19
http://data.europa.eu/esco/skill/b07daddc-8625-4360-946e-ad2b0e56ebf6,read engineering drawings,http://data.europa.eu/esco/skill-type/skill,essential,19
http://data.europa.eu/esco/skill/3cd569a2-4f88-4c1e-9995-8dce8c5e51a7,JavaScript,http://data.europa.eu/esco/skill-type/knowledge,optional,18
http://data.europa.eu/esco/skill/b4dc6e4f-dc7d-445f-8ce2-d7b9d225e282,AJAX,http://data.europa.eu/esco/skill-type/knowledge,optional,18
http://data.europa.eu/esco/skill/4350c38d-0fe9-4ca7-bab9-40ed7f72b04f,PHP,http://data.europa.eu/esco/skill-type/knowledge,optional,18
http://data.europa.eu/esco/skill/bacbfc27-4b5d-47de-8bfd-af5fa27562a2,design prototypes,http://data.europa.eu/esco/skill-type/skill,essential,18
http://data.europa.eu/esco/skill/03b9b491-fc9b-4868-914a-bf7cd47b5041,create solutions to problems,http://data.europa.eu/esco/skill-type/skill,essential,18
http://data.europa.eu/esco/skill/cde9911c-f92e-4de1-811f-336e177ac4ce,chemistry,http://data.europa.eu/esco/skill-type/knowledge,essential,18
http://data.europa.eu/esco/skill/81a2db2c-7e55-44d0-9cd9-74c25147d7cd,analyse test data,http://data.europa.eu/esco/skill-type/skill,essential,18
http://data.europa.eu/esco/skill/465ff64a-1271-4064-8ed1-e969cb68d8b4,perform test run,http://data.europa.eu/esco/skill-type/skill,essential,18
http://data.europa.eu/esco/skill/7111b95d-0ce3-441a-9d92-4c75d05c4388,project management,http://data.europa.eu/esco/skill-type/knowledge,essential,17
http://data.europa.eu/esco/skill/21d2f96d-35f7-4e3f-9745-c533d2dd6e97,computer programming,http://data.europa.eu/esco/skill-type/knowledge,essential,17
http://data.europa.eu/esco/skill/b9f16465-56a9-426b-a047-0f9f1f95ec92,address problems critically,http://data.europa.eu/esco/skill-type/skill,essential,17
http://data.europa.eu/esco/skill/6f5850ea-5785-4e2c-b062-743066fd5bdb,environmental legislation,http://data.europa.eu/esco/skill-type/knowledge,essential,17
http://data.europa.eu/esco/skill/be80acfc-b6f2-4411-9b8d-b19d9cd2556a,Swift (computer programming),http://data.europa.eu/esco/skill-type/knowledge,optional,16
http://data.europa.eu/esco/skill/19a8293b-8e95-4de3-983f-77484079c389,Java (computer programming),http://data.europa.eu/esco/skill-type/knowledge,optional,16
http://data.europa.eu/esco/skill/56a7f561-1d55-43c9-9cd7-36a0a9bc6c50,ASP.NET,http://data.europa.eu/esco/skill-type/knowledge,optional,16
http://data.europa.eu/esco/skill/ffddfc7c-a9dd-449f-9e96-882dc447c8b6,Scala,http://data.europa.eu/esco/skill-type/knowledge,optional,16
http://data.europa.eu/esco/skill/47b9bbcf-356c-4782-83a4-7f5a1b2b51a3,Assembly (computer programming),http://data.europa.eu/esco/skill-type/knowledge,optional,16
http://data.europa.eu/esco/skill/000f1d3d-220f-4789-9c0a-cc742521fb02,Haskell,http://data.europa.eu/esco/skill-type/knowledge,optional,16
http://data.europa.eu/esco/skill/51586df8-1c46-4b47-8583-773cb63bf00b,R,http://data.europa.eu/esco/skill-type/knowledge,optional,16
http://data.europa.eu/esco/skill/300d432b-f457-4cd3-9cb1-1858c7d14954,OpenEdge Advanced Business Language,http://data.europa.eu/esco/skill-type/knowledge,optional,16
http://data.europa.eu/esco/skill/2bde42ae-e776-41c1-9ded-b07b30bfe985,Prolog (computer programming),http://data.europa.eu/esco/skill-type/knowledge,optional,16
http://data.europa.eu/esco/skill/c3a03c5a-c260-4c26-9b9a-873abb396f4d,MATLAB,http://data.europa.eu/esco/skill-type/knowledge,optional,16
http://data.europa.eu/esco/skill/4c016b68-4116-468c-9dc6-42710c239e4a,C#,http://data.europa.eu/esco/skill-type/knowledge,optional,16
http://data.europa.eu/esco/skill/a4d336a6-9ffd-402a-91cc-f359716ba4e0,ML (computer programming),http://data.europa.eu/esco/skill-type/knowledge,optional,16
http://data.europa.eu/esco/skill/b633eb55-8f1f-4ae6-ab4c-2022ffe2cb7f,C++,http://data.europa.eu/esco/skill-type/knowledge,optional,16
http://data.europa.eu/esco/skill/0de61385-de6d-4146-ba32-1cc1bc102220,Lisp,http://data.europa.eu/esco/skill-type/knowledge,optional,16
http://data.europa.eu/esco/skill/867137fb-ff1b-4ca3-99f3-cb6969aa2c68,TypeScript,http://data.europa.eu/esco/skill-type/knowledge,optional,16
http://data.europa.eu/esco/skill/0ccdfe98-f845-4598-84a1-3dca66e9d9a3,Ruby (computer programming),http://data.europa.eu/esco/skill-type/knowledge,optional,16
http://data.europa.eu/esco/skill/e8b89eb6-51e8-4c3a-babb-88b2e110376b,Pascal (computer programming),http://data.europa.eu/esco/skill-type/knowledge,optional,16
http://data.europa.eu/esco/skill/d56fc2b5-4b0a-4e7e-9bde-a33736f6ff18,Scratch (computer programming),http://data.europa.eu/esco/skill-type/knowledge,optional,16
http://data.europa.eu/esco/skill/52cf3037-ab53-4806-85ed-7fd21ea7f6a1,Groovy,http://data.europa.eu/esco/skill-type/knowledge,optional,16
http://data.europa.eu/esco/skill/13bdd41a-2a18-441f-96db-41252c519413,Visual Studio .NET,http://data.europa.eu/esco/skill-type/knowledge,optional,16
http://data.europa.eu/esco/skill/dcdd5ddf-82a6-4ac3-8edc-d4b23cae9a88,VBScript,http://data.europa.eu/esco/skill-type/knowledge,optional,16
http://data.europa.eu/esco/skill/9973a5a2-7822-4161-99e9-95c781eb63f8,Objective-C,http://data.europa.eu/esco/skill-type/knowledge,optional,16
http://data.europa.eu/esco/skill/0cd6dcf1-5778-42a5-b685-4d01ae4a4871,Common Lisp,http://data.europa.eu/esco/skill-type/knowledge,optional,16
http://data.europa.eu/esco/skill/ccd0a1d9-afda-43d9-b901-96344886e14d,Python (computer programming),http://data.europa.eu/esco/skill-type/knowledge,optional,16
http://data.europa.eu/esco/skill/58d7a289-dafd-4363-833f-d1dc4140885e,APL,http://data.europa.eu/esco/skill-type/knowledge,optional,16
http://data.europa.eu/esco/skill/bb99af26-71ff-4dca-bde7-1eb1f6194426,SAP R3,http://data.europa.eu/esco/skill-type/knowledge,optional,16
http://data.europa.eu/esco/skill/def007fa-5fed-4a5f-91a2-b0d7e3db1be1,COBOL,http://data.europa.eu/esco/skill-type/knowledge,optional,16
http://data.europa.eu/esco/skill/4c58528e-bdaa-43ad-8f5a-8ad0b8cd4bbb,design principles,http://data.europa.eu/esco/skill-type/knowledge,essential,16
http://data.europa.eu/esco/skill/82313e12-9d39-47d1-b7c9-78bbd6bb50e2,CAE software,http://data.europa.eu/esco/skill-type/knowledge,essential,16
http://data.europa.eu/esco/skill/7a757fa5-9a6f-43ab-9e66-f8f4dba1ffcb,use CAM software,http://data.europa.eu/esco/skill-type/skill,essential,16
http://data.europa.eu/esco/skill/7a34b3d9-bd3b-4f4e-a0f6-f97439901cb7,apply scientific methods,http://data.europa.eu/esco/skill-type/skill,essential,16
http://data.europa.eu/esco/skill/1a3660c2-011c-4e96-9b1d-529afc305428,inspect quality of products,http://data.europa.eu/esco/skill-type/skill,essential,16
http://data.europa.eu/esco/skill/99fc129e-360c-4174-9553-5c666a64a395,prepare technical reports,http://data.europa.eu/esco/skill-type/skill,essential,16
http://data.europa.eu/esco/skill/eb0e5615-1575-4a86-a1a2-7d39595033c5,ABAP,http://data.europa.eu/esco/skill-type/knowledge,optional,15
http://data.europa.eu/esco/skill/401eb8d8-6daa-4f8b-90ad-60afc71eb4f8,Perl,http://data.europa.eu/esco/skill-type/knowledge,optional,15
http://data.europa.eu/esco/skill/8369ede5-4200-4a44-be2e-bc60ef959259,Microsoft Visual C++,http://data.europa.eu/esco/skill-type/knowledge,optional,15
http://data.europa.eu/esco/skill/7ee4c2ea-b349-4bd2-81a3-ec31475d4833,statistics,http://data.europa.eu/esco/skill-type/knowledge,essential,15
http://data.europa.eu/esco/skill/d6179c4b-ff5a-4bbb-a3c8-e0acf0de1f56,assist scientific research,http://data.europa.eu/esco/skill-type/skill,essential,15
http://data.europa.eu/esco/skill/c3c2420c-ce9a-4371-8eed-1db479c3a562,write scientific papers,http://data.europa.eu/esco/skill-type/skill,essential,15
http://data.europa.eu/esco/skill/0b917c3e-e49f-40d9-8f95-3bc8e9c06fd2,perform laboratory tests,http://data.europa.eu/esco/skill-type/skill,essential,15
http://data.europa.eu/esco/skill/941364b9-1375-4add-9889-d67bae99bc8c,write technical reports,http://data.europa.eu/esco/skill-type/skill,essential,15
http://data.europa.eu/esco/skill/ccfbdaad-b91d-4bfe-bd0e-d30b33587f19,keep records of work progress,http://data.europa.eu/esco/skill-type/skill,essential,15
http://data.europa.eu/esco/skill/e54ff029-1ce9-447d-a5b2-eb7283a23e6e,train employees,http://data.europa.eu/esco/skill-type/skill,optional,15
http://data.europa.eu/esco/skill/1de6b87b-2c7d-49aa-bcc0-3b2ef75f064f,resolve equipment malfunctions,http://data.europa.eu/esco/skill-type/skill,essential,15
http://data.europa.eu/esco/skill/6a899482-8bcf-40ca-ae67-579a1cc467ab,manage engineering project,http://data.europa.eu/esco/skill-type/skill,essential,14
http://data.europa.eu/esco/skill/2522a6ce-3202-4ac8-9f5b-b9cb5a3a83a1,debug software,http://data.europa.eu/esco/skill-type/skill,essential,14
http://data.europa.eu/esco/skill/142f3f7f-f15f-412e-a5fe-f75755b5dbe0,materials science,http://data.europa.eu/esco/skill-type/knowledge,essential,14
http://data.europa.eu/esco/skill/e921279a-1a7e-4900-9720-bde93ae3e70e,prepare production prototypes,http://data.europa.eu/esco/skill-type/skill,essential,14
http://data.europa.eu/esco/skill/9433da85-70fa-4a25-8f96-71fa59dd1989,biology,http://data.europa.eu/esco/skill-type/knowledge,essential,14
http://data.europa.eu/esco/skill/0ee7b0d6-db98-4785-9948-f2ef415d155a,write research proposals,http://data.europa.eu/esco/skill-type/skill,essential,14
http://data.europa.eu/esco/skill/74374d09-7a54-4a05-ae78-d5940423de7c,use testing equipment,http://data.europa.eu/esco/skill-type/skill,essential,14
http://data.europa.eu/esco/skill/6122d586-5978-431f-8e7a-96e61fc1f3fc,wear appropriate protective gear,http://data.europa.eu/esco/skill-type/skill,essential,14
http://data.europa.eu/esco/skill/993b1e23-f2de-4bd8-b33f-f86dde1c8e9d,CoffeeScript,http://data.europa.eu/esco/skill-type/knowledge,optional,13
http://data.europa.eu/esco/skill/034c29fa-c3ba-45ea-b8f3-bf8e3705e386,Erlang,http://data.europa.eu/esco/skill-type/knowledge,optional,13
http://data.europa.eu/esco/skill/42ed3bfb-1a01-4c8b-9758-fc6438865734,Smalltalk (computer programming),http://data.europa.eu/esco/skill-type/knowledge,optional,13
http://data.europa.eu/esco/skill/82887396-e5bf-4306-af51-3fe8d82790b2,civil engineering,http://data.europa.eu/esco/skill-type/knowledge,essential,13
http://data.europa.eu/esco/skill/8bc1c7da-c832-4896-a441-30d087c46aad,examine engineering principles,http://data.europa.eu/esco/skill-type/skill,essential,13
http://data.europa.eu/esco/skill/e95058a6-e139-42e7-a470-72038a606649,assess financial viability,http://data.europa.eu/esco/skill-type/skill,essential,13
http://data.europa.eu/esco/skill/85c11255-469f-41bd-a6d1-382bc4a87783,interpret technical texts,http://data.europa.eu/esco/skill-type/skill,essential,12
http://data.europa.eu/esco/skill/f1b5800e-b763-4740-9586-3fef30568e81,analyse production processes for improvement,http://data.europa.eu/esco/skill-type/skill,essential,12
http://data.europa.eu/esco/skill/382c11ed-20d5-4ae7-b60e-15fec527fa6c,apply statistical analysis techniques,http://data.europa.eu/esco/skill-type/skill,essential,12
http://data.europa.eu/esco/skill/810134a4-3c40-4140-b8ca-6d6e8d0dc0f1,develop scientific theories,http://data.europa.eu/esco/skill-type/skill,optional,12
http://data.europa.eu/esco/skill/8bdd25f8-4b6e-40fe-a2cf-c1badc594114,geology,http://data.europa.eu/esco/skill-type/knowledge,essential,12
http://data.europa.eu/esco/skill/dcc96a49-0bac-4a9c-8f8e-a32b4e47e6eb,apply health and safety standards,http://data.europa.eu/esco/skill-type/skill,essential,12
http://data.europa.eu/esco/skill/21c5790c-0930-4d74-b3b0-84caf5af12ea,manage budgets,http://data.europa.eu/esco/skill-type/skill,essential,12
http://data.europa.eu/esco/skill/ce4990a4-bf69-4f5f-becb-e4fd96da3a74,"mining, construction and civil engineering machinery products",http://data.europa.eu/esco/skill-type/knowledge,essential,12
http://data.europa.eu/esco/skill/0da516ee-e70e-4384-be13-f5ff80be8127,communicate with customers,http://data.europa.eu/esco/skill-type/skill,essential,12
http://data.europa.eu/esco/skill/5d34adde-0b78-42b4-9d3d-69e9388d8398,oversee quality control,http://data.europa.eu/esco/skill-type/skill,essential,12
http://data.europa.eu/esco/skill/f4a6e9f7-5cff-46c0-894c-59c20bb78694,automation technology,http://data.europa.eu/esco/skill-type/knowledge,essential,12
http://data.europa.eu/esco/skill/797a4416-0b8d-44f3-8fcd-eb10bd0be6b4,develop software prototype,http://data.europa.eu/esco/skill-type/skill,essential,11
http://data.europa.eu/esco/skill/6014921e-1d25-4039-adc2-04852d61880e,ICT debugging tools,http://data.europa.eu/esco/skill-type/knowledge,essential,11
http://data.europa.eu/esco/skill/fd33c66c-70c4-40e6-b87c-5495bd3bf26e,design user interface,http://data.europa.eu/esco/skill-type/skill,essential,11
http://data.europa.eu/esco/skill/dc72ad0a-c5dc-4abd-bc0d-ca43e82162e1,build business relationships,http://data.europa.eu/esco/skill-type/skill,essential,11
http://data.europa.eu/esco/skill/d74df140-eb69-43e2-bac9-1cafc824d702,execute feasibility study,http://data.europa.eu/esco/skill-type/skill,essential,11
http://data.europa.eu/esco/skill/561c2525-5bd8-4d86-8f45-820f4be7db93,report test findings,http://data.europa.eu/esco/skill-type/skill,essential,11
http://data.europa.eu/esco/skill/c544a9f3-5945-4b54-afed-de0697852817,report analysis results,http://data.europa.eu/esco/skill-type/skill,essential,11
http://data.europa.eu/esco/skill/cb1a2fbf-242d-4a4e-a466-588378f124c1,operate scientific measuring equipment,http://data.europa.eu/esco/skill-type/skill,essential,11
http://data.europa.eu/esco/skill/b1b118c4-3291-484e-b64d-6d51fd5da8b3,environmental engineering,http://data.europa.eu/esco/skill-type/knowledge,essential,11
http://data.europa.eu/esco/skill/c7cc6dc5-d56b-4323-8e5c-47c4022f615f,quality assurance methodologies,http://data.europa.eu/esco/skill-type/knowledge,essential,11
http://data.europa.eu/esco/skill/901105f8-3a08-453e-b1dc-23619e317fd3,create flowchart diagram,http://data.europa.eu/esco/skill-type/skill,essential,10
http://data.europa.eu/esco/skill/f28617ad-afdd-4041-814c-216153a38998,analyse software specifications,http://data.europa.eu/esco/skill-type/skill,essential,10
http://data.europa.eu/esco/skill/9d2e926f-53d9-41f5-98f3-19dfaa687f3f,tools for software configuration management,http://data.europa.eu/esco/skill-type/knowledge,essential,10
http://data.europa.eu/esco/skill/172020d1-e151-445b-8173-e2a5fb16fe51,utilise computer-aided software engineering tools,http://data.europa.eu/esco/skill-type/skill,essential,10
http://data.europa.eu/esco/skill/69f0167e-75d9-46cf-847f-72a592880ebb,STAF,http://data.europa.eu/esco/skill-type/knowledge,optional,10
http://data.europa.eu/esco/skill/ed8de897-adbe-4f0e-b4d2-534953e64c72,integrate system components,http://data.europa.eu/esco/skill-type/skill,essential,10
http://data.europa.eu/esco/skill/0d168770-4d9c-4096-b048-a6577818d306,Apache Maven,http://data.europa.eu/esco/skill-type/knowledge,optional,10
http://data.europa.eu/esco/skill/6417a4cc-6f61-4459-a114-761a7fa0279d,Puppet (tools for software configuration management),http://data.europa.eu/esco/skill-type/knowledge,optional,10
http://data.europa.eu/esco/skill/f47a1998-0beb-43be-9f46-380aa4d183da,Jenkins (tools for software configuration management),http://data.europa.eu/esco/skill-type/knowledge,optional,10
http://data.europa.eu/esco/skill/c7451027-8249-405a-bb1b-342ff0f3fb3b,Salt (tools for software configuration management),http://data.europa.eu/esco/skill-type/knowledge,optional,10
http://data.europa.eu/esco/skill/6f8a40d6-f9ce-43ec-a72f-d4213a53f3ed,Ansible,http://data.europa.eu/esco/skill-type/knowledge,optional,10
http://data.europa.eu/esco/skill/7d10fcb2-b368-48ab-996b-7c9fafcf68ed,use automatic programming,http://data.europa.eu/esco/skill-type/skill,optional,10
http://data.europa.eu/esco/skill/8c4c49d4-9708-433f-8ca7-bf2c5211ee49,develop creative ideas,http://data.europa.eu/esco/skill-type/skill,essential,10
http://data.europa.eu/esco/skill/7814e88f-c133-4c3b-b27f-857afa145d42,ICT security legislation,http://data.europa.eu/esco/skill-type/knowledge,essential,10
http://data.europa.eu/esco/skill/a1816dfd-dbdc-4499-bef3-ff81dd895b33,industrial engineering,http://data.europa.eu/esco/skill-type/knowledge,essential,10
http://data.europa.eu/esco/skill/89f6560b-2194-45c9-9ece-d33049a73eef,computer engineering,http://data.europa.eu/esco/skill-type/knowledge,essential,10
http://data.europa.eu/esco/skill/8259c2c0-2749-41e2-a4a8-4a64a76eab37,laboratory techniques,http://data.europa.eu/esco/skill-type/knowledge,essential,10
http://data.europa.eu/esco/skill/d0f2f8a7-d935-4a6d-8e54-dcc3e5e2cbeb,present reports,http://data.europa.eu/esco/skill-type/skill,essential,10
http://data.europa.eu/esco/skill/8a753714-9a19-4418-9b37-77e79d72c705,integrate new products in manufacturing,http://data.europa.eu/esco/skill-type/skill,essential,10
http://data.europa.eu/esco/skill/9601b2a8-68e4-4906-9306-a23679b8f0b0,supervise staff,http://data.europa.eu/esco/skill-type/skill,essential,10
http://data.europa.eu/esco/skill/c5c51528-ccfc-4c53-b409-c200aaa44222,liaise with engineers,http://data.europa.eu/esco/skill-type/skill,essential,10
http://data.europa.eu/esco/skill/1dd23dba-dd00-45ab-abf4-642902538317,perform risk analysis,http://data.europa.eu/esco/skill-type/skill,essential,10
http://data.europa.eu/esco/skill/5c98825f-146d-4d35-97cf-207b2afd9ae2,create technical plans,http://data.europa.eu/esco/skill-type/skill,essential,10
http://data.europa.eu/esco/skill/19ec88aa-c0b1-4515-ba10-56b6cf27369e,electronic equipment standards,http://data.europa.eu/esco/skill-type/knowledge,essential,10
http://data.europa.eu/esco/skill/a99c6783-50c0-4f7a-99df-bf93429ef6dc,use precision tools,http://data.europa.eu/esco/skill-type/skill,optional,10
http://data.europa.eu/esco/skill/02c71cde-f513-43da-8952-0974763c7568,circuit diagrams,http://data.europa.eu/esco/skill-type/knowledge,essential,10
http://data.europa.eu/esco/skill/6360d655-3494-45f6-bfc6-d5f63afc355b,electrical power safety regulations,http://data.europa.eu/esco/skill-type/knowledge,essential,10
http://data.europa.eu/esco/skill/925463a7-d51f-4d5b-9f79-4d28cf30acde,integrated development environment software,http://data.europa.eu/esco/skill-type/knowledge,essential,9
http://data.europa.eu/esco/skill/2b7a79e5-84d8-4880-be66-3d9bb05bea17,use software design patterns,http://data.europa.eu/esco/skill-type/skill,essential,9
http://data.europa.eu/esco/skill/d9e5349e-8791-49c2-8ba4-839fdd1606c2,define technical requirements,http://data.europa.eu/esco/skill-type/skill,essential,9
http://data.europa.eu/esco/skill/2c4e11ef-da18-4e19-816b-e6bc19e12424,use logic programming,http://data.europa.eu/esco/skill-type/skill,optional,9
http://data.europa.eu/esco/skill/6b6a9252-2ed7-4862-a02f-1578f4a532ea,Eclipse (integrated development environment software),http://data.europa.eu/esco/skill-type/knowledge,optional,9
http://data.europa.eu/esco/skill/d31fab87-2a7d-485c-b699-2901ca294b15,use functional programming,http://data.europa.eu/esco/skill-type/skill,optional,9
http://data.europa.eu/esco/skill/5b9cde20-f1b9-4adc-bfb3-dbf70b14138d,use object-oriented programming,http://data.europa.eu/esco/skill-type/skill,optional,9
http://data.europa.eu/esco/skill/71746a0b-e58d-4dc4-ad03-bd84082eae21,collect customer feedback on applications,http://data.europa.eu/esco/skill-type/skill,essential,9
http://data.europa.eu/esco/skill/449d119b-2d66-43a9-9230-7d27f16afbb6,Xcode,http://data.europa.eu/esco/skill-type/knowledge,optional,9
http://data.europa.eu/esco/skill/25b291b5-8245-4d9d-b391-86a8a31d7109,use concurrent programming,http://data.europa.eu/esco/skill-type/skill,optional,9
http://data.europa.eu/esco/skill/013441c1-1f13-47e9-80c4-9a53e8e1bc05,KDevelop,http://data.europa.eu/esco/skill-type/knowledge,optional,9
http://data.europa.eu/esco/skill/12c7b323-d870-4f5b-9d7d-d9f525206d77,production processes,http://data.europa.eu/esco/skill-type/knowledge,essential,9
http://data.europa.eu/esco/skill/f10142ce-d522-49c3-9fd1-054fb63529d4,develop test procedures,http://data.europa.eu/esco/skill-type/skill,essential,9
http://data.europa.eu/esco/skill/bbd57056-80e0-45bb-a2c1-658ed99a1251,conduct performance tests,http://data.europa.eu/esco/skill-type/skill,essential,9
http://data.europa.eu/esco/skill/8316979b-df5a-4dc7-98ef-61ec6a10df84,conduct quantitative research,http://data.europa.eu/esco/skill-type/skill,essential,9
http://data.europa.eu/esco/skill/29fb0fb5-dfc4-4098-ac9b-3a712000f48f,manage database,http://data.europa.eu/esco/skill-type/skill,essential,9
http://data.europa.eu/esco/skill/918f5211-b99f-4b29-9a34-6e475583ef55,write work-related reports,http://data.europa.eu/esco/skill-type/skill,essential,9
http://data.europa.eu/esco/skill/e66cd71d-371c-4f82-8bce-b220b8c2d6ea,optoelectronics,http://data.europa.eu/esco/skill-type/knowledge,essential,9
http://data.europa.eu/esco/skill/a93011ca-e6ab-4182-8a05-4d4b282cff27,check quality of raw materials,http://data.europa.eu/esco/skill-type/skill,essential,9
http://data.europa.eu/esco/skill/e5e17773-3a63-40c5-99e4-10e036cf7b99,semiconductors,http://data.europa.eu/esco/skill-type/knowledge,essential,9
http://data.europa.eu/esco/skill/5d9e766b-8f17-4e17-bfab-3bb0e0719791,define quality standards,http://data.europa.eu/esco/skill-type/skill,essential,9
http://data.europa.eu/esco/skill/35bca3d6-c1ae-48ff-9ae3-a11cea578c2c,impact of geological factors on mining operations,http://data.europa.eu/esco/skill-type/knowledge,essential,9
http://data.europa.eu/esco/skill/857e8624-4db0-4725-a758-5914bd8cc350,thermodynamics,http://data.europa.eu/esco/skill-type/knowledge,essential,9
http://data.europa.eu/esco/skill/f8413360-6114-40de-a276-c59b764b9913,renewable energy technologies,http://data.europa.eu/esco/skill-type/knowledge,essential,9
http://data.europa.eu/esco/skill/6c153605-d62c-4970-81a9-49646ab32032,consumer electronics,http://data.europa.eu/esco/skill-type/knowledge,optional,9
http://data.europa.eu/esco/skill/41a3240f-58ba-44e2-a688-edeb21ea5c16,conduct quality control analysis,http://data.europa.eu/esco/skill-type/skill,essential,9
http://data.europa.eu/esco/skill/4b164a27-849f-4be2-ae79-d26a4969b677,microelectronics,http://data.europa.eu/esco/skill-type/knowledge,essential,9
http://data.europa.eu/esco/skill/cf200547-25b5-47c8-9eda-bca4aedc13fb,program firmware,http://data.europa.eu/esco/skill-type/skill,optional,9
http://data.europa.eu/esco/skill/46e1b714-94f4-462d-88e6-31f442708812,define manufacturing quality criteria,http://data.europa.eu/esco/skill-type/skill,essential,9
http://data.europa.eu/esco/skill/8b94aa1e-89c9-459d-b3b4-1dfab8dec2df,use software libraries,http://data.europa.eu/esco/skill-type/skill,essential,8
http://data.europa.eu/esco/skill/f5308e60-d763-4ead-be95-88c96fb3e02b,adapt to changes in technological development plans,http://data.europa.eu/esco/skill-type/skill,optional,8
http://data.europa.eu/esco/skill/8696aff0-18c0-4ba6-a4d0-9a21861b3e5e,World Wide Web Consortium standards,http://data.europa.eu/esco/skill-type/knowledge,essential,8
http://data.europa.eu/esco/skill/020918ef-4b55-47c1-8430-ab7b8f6a7377,migrate existing data,http://data.europa.eu/esco/skill-type/skill,essential,8
http://data.europa.eu/esco/skill/f049d050-12da-4e40-813a-2b5eb6df6b51,Internet of Things,http://data.europa.eu/esco/skill-type/knowledge,essential,8
http://data.europa.eu/esco/skill/438ff259-d086-4004-acda-1ec3e1631bc6,software anomalies,http://data.europa.eu/esco/skill-type/knowledge,essential,8
http://data.europa.eu/esco/skill/5be3d306-6cf1-4b49-aa1d-01651dd4ba4c,object-oriented modelling,http://data.europa.eu/esco/skill-type/knowledge,optional,8
http://data.europa.eu/esco/skill/415abd43-e8e5-4643-b5da-5f11307af57a,use different communication channels,http://data.europa.eu/esco/skill-type/skill,essential,8
http://data.europa.eu/esco/skill/3bddfd7c-ab6d-40c2-883d-5e97fb7640ba,create software design,http://data.europa.eu/esco/skill-type/skill,essential,8
http://data.europa.eu/esco/skill/a8d41cca-3bc9-4d2a-ae09-436dabe86e21,draft design specifications,http://data.europa.eu/esco/skill-type/skill,optional,8
http://data.europa.eu/esco/skill/2964011e-f828-4c6c-b98b-51e984d66365,material mechanics,http://data.europa.eu/esco/skill-type/knowledge,essential,8
http://data.europa.eu/esco/skill/2b92a5b2-6758-4ee3-9fb4-b6387a55cc8f,perform data analysis,http://data.europa.eu/esco/skill-type/skill,essential,8
http://data.europa.eu/esco/skill/89db623e-e1fc-4ec2-9a0f-7b72b4c35303,gather experimental data,http://data.europa.eu/esco/skill-type/skill,essential,8
http://data.europa.eu/esco/skill/4707da90-9cfc-46ca-8de0-38a0b7bfb137,think analytically,http://data.europa.eu/esco/skill-type/skill,essential,8
http://data.europa.eu/esco/skill/75f312e1-622b-4751-8d93-815b32feaf8d,pollution prevention,http://data.europa.eu/esco/skill-type/knowledge,essential,8
http://data.europa.eu/esco/skill/7f107a85-d6ac-410f-a995-d635c5aa418b,types of metal,http://data.europa.eu/esco/skill-type/knowledge,essential,8
http://data.europa.eu/esco/skill/4d032f82-6279-48e6-9892-116440a071e3,advise on pollution prevention,http://data.europa.eu/esco/skill-type/skill,essential,8
http://data.europa.eu/esco/skill/4064716d-6714-48ea-95a0-ef81c2b31672,mine safety legislation,http://data.europa.eu/esco/skill-type/knowledge,essential,8
http://data.europa.eu/esco/skill/3edfcb2b-2d0e-4673-87ce-f55c37eb5fca,monitor manufacturing quality standards,http://data.europa.eu/esco/skill-type/skill,essential,8
http://data.europa.eu/esco/skill/1fea0bc2-a6fa-4fe8-b36f-7a3194f8ed1c,electricity principles,http://data.europa.eu/esco/skill-type/knowledge,essential,8
http://data.europa.eu/esco/skill/81af8698-9873-4b3d-b6d2-8eb275bf170b,environmental threats,http://data.europa.eu/esco/skill-type/knowledge,essential,8
http://data.europa.eu/esco/skill/c0ccbd15-36f3-4515-ae0b-b4062d225ee2,abide by regulations on banned materials,http://data.europa.eu/esco/skill-type/skill,essential,8
http://data.europa.eu/esco/skill/ad903700-6511-4804-afc6-f9a2e9344a59,draft bill of materials,http://data.europa.eu/esco/skill-type/skill,optional,8
http://data.europa.eu/esco/skill/188048ff-18bf-43c4-a1a0-7adb6e68f421,monitor machine operations,http://data.europa.eu/esco/skill-type/skill,essential,8
http://data.europa.eu/esco/skill/68e66ed6-a171-4350-8ec1-2cfc4cae50e4,hydraulics,http://data.europa.eu/esco/skill-type/knowledge,essential,8
http://data.europa.eu/esco/skill/68b6ef08-d823-489d-a95c-752ae6f6e6a7,read standard blueprints,http://data.europa.eu/esco/skill-type/skill,essential,8
http://data.europa.eu/esco/skill/1e38f5be-bb7d-42c5-8301-c16cf400f8ee,energy,http://data.europa.eu/esco/skill-type/knowledge,essential,8
http://data.europa.eu/esco/skill/071c7f1d-f659-4b96-a222-b21012297f3b,energy market,http://data.europa.eu/esco/skill-type/knowledge,essential,8
http://data.europa.eu/esco/skill/1a6c7e0d-fc13-41d7-a5c0-8ca00606de89,promote sustainable energy,http://data.europa.eu/esco/skill-type/skill,essential,8
http://data.europa.eu/esco/skill/dd6e5939-d19b-4e2f-a025-2014f0a2ec88,power engineering,http://data.europa.eu/esco/skill-type/knowledge,essential,8
http://data.europa.eu/esco/skill/c8c18b8d-a813-49f8-a702-689564dcf8b2,electric generators,http://data.europa.eu/esco/skill-type/knowledge,essential,8
http://data.europa.eu/esco/skill/9e06bac6-6b91-48ca-8b7d-c1f48cdecd7c,solve ICT system problems,http://data.europa.eu/esco/skill-type/skill,essential,7
http://data.europa.eu/esco/skill/5da8018b-ae85-4cde-ad93-0394369018f3,SPARQL,http://data.europa.eu/esco/skill-type/knowledge,optional,7
http://data.europa.eu/esco/skill/99207709-d076-4cce-ba38-e90d3bb28806,resource description framework query language,http://data.europa.eu/esco/skill-type/knowledge,essential,7
http://data.europa.eu/esco/skill/f597f772-24d3-4cec-813c-cf5a7027c794,N1QL,http://data.europa.eu/esco/skill-type/knowledge,optional,7
http://data.europa.eu/esco/skill/c7d24594-0c11-4b27-9039-fe0bb903da8e,LINQ,http://data.europa.eu/esco/skill-type/knowledge,optional,7
http://data.europa.eu/esco/skill/3529d640-5d49-45fe-8ede-491e9c8e0447,maintain laboratory equipment,http://data.europa.eu/esco/skill-type/skill,essential,7
http://data.europa.eu/esco/skill/8867088a-e54d-41bc-81e8-a21ff98e81d3,calibrate electronic instruments,http://data.europa.eu/esco/skill-type/skill,essential,7
http://data.europa.eu/esco/skill/59eb177a-2f30-4943-8b30-5f87dd51a80d,apply teaching strategies,http://data.europa.eu/esco/skill-type/skill,essential,7
http://data.europa.eu/esco/skill/4bbb309f-9162-49b9-93da-fb2c371e5c5f,collect samples for analysis,http://data.europa.eu/esco/skill-type/skill,essential,7
http://data.europa.eu/esco/skill/e541c69c-ea80-4b17-87cb-4001d0b9d303,assess environmental impact,http://data.europa.eu/esco/skill-type/skill,essential,7
http://data.europa.eu/esco/skill/658b6ea0-79f5-451d-a037-7593a4416c85,develop material testing procedures,http://data.europa.eu/esco/skill-type/skill,essential,7
http://data.europa.eu/esco/skill/5033c2fb-ec55-4b8e-b0a4-9379593f1e1c,maintain equipment,http://data.europa.eu/esco/skill-type/skill,essential,7
http://data.europa.eu/esco/skill/351e3f8f-4631-412d-963f-25b5fd4efe48,maintain records of mining operations,http://data.europa.eu/esco/skill-type/skill,essential,7
http://data.europa.eu/esco/skill/9ebae336-b0dc-4711-9aef-0aeb3504ba63,monitor mine production,http://data.europa.eu/esco/skill-type/skill,essential,7
http://data.europa.eu/esco/skill/5eeac647-dc4b-496d-b109-c90b58006021,mining engineering,http://data.europa.eu/esco/skill-type/knowledge,essential,7
http://data.europa.eu/esco/skill/8abdc43c-2bfd-417c-97c2-27fcdaf53171,promote environmental awareness,http://data.europa.eu/esco/skill-type/skill,essential,7
http://data.europa.eu/esco/skill/339ac029-066a-4985-9f9d-b3d7c8fea0bb,manage staff,http://data.europa.eu/esco/skill-type/skill,essential,7
http://data.europa.eu/esco/skill/d15ce60f-ddab-41ce-ba56-398451b77b60,have computer literacy,http://data.europa.eu/esco/skill-type/skill,essential,7
http://data.europa.eu/esco/skill/91abe492-18be-4cce-93c7-0dca07072363,meet deadlines,http://data.europa.eu/esco/skill-type/skill,essential,7
http://data.europa.eu/esco/skill/0e9e3a56-3b26-4fa5-91df-6d9bfbea4259,electronic test procedures,http://data.europa.eu/esco/skill-type/knowledge,essential,7
http://data.europa.eu/esco/skill/0d282d6e-8cb9-4339-8e7d-cfafed96b5ed,conduct literature research,http://data.europa.eu/esco/skill-type/skill,essential,7
http://data.europa.eu/esco/skill/8a211052-4bec-49c2-9b4e-7914c37d21b4,microprocessors,http://data.europa.eu/esco/skill-type/knowledge,essential,7
http://data.europa.eu/esco/skill/e763b5c3-cfb3-48d2-9b83-fff97553ad95,microsensors,http://data.europa.eu/esco/skill-type/knowledge,essential,7
http://data.europa.eu/esco/skill/f19f2c6d-3f1d-4231-9fd9-ece77ed359d7,prepare assembly drawings,http://data.europa.eu/esco/skill-type/skill,optional,7
http://data.europa.eu/esco/skill/6310b25d-2a2f-45d3-a632-c5fa0c2bf48c,MOEM,http://data.europa.eu/esco/skill-type/knowledge,optional,7
http://data.europa.eu/esco/skill/136596a4-00b5-4ed3-bb6e-717198c1ccbe,apply soldering techniques,http://data.europa.eu/esco/skill-type/skill,essential,7
http://data.europa.eu/esco/skill/4f7fa632-15a6-4739-930b-abbac8055a80,firmware,http://data.europa.eu/esco/skill-type/knowledge,optional,7
http://data.europa.eu/esco/skill/d8045ecd-22f3-4711-bb51-58969d9f28c7,operate precision machinery,http://data.europa.eu/esco/skill-type/skill,optional,7
http://data.europa.eu/esco/skill/fd4386c5-96f0-4c6e-970c-c08729ae0cc6,develop product design,http://data.europa.eu/esco/skill-type/skill,optional,7
http://data.europa.eu/esco/skill/bf1f763e-c505-46e7-8af3-e48f13ec5f44,control engineering,http://data.europa.eu/esco/skill-type/knowledge,essential,7
http://data.europa.eu/esco/skill/70a7b3b3-31ef-4b29-a30f-bb7299dff39b,sensors,http://data.europa.eu/esco/skill-type/knowledge,essential,7
http://data.europa.eu/esco/skill/86ff9a65-66eb-4c8f-93d8-22e0a467fc08,power electronics,http://data.europa.eu/esco/skill-type/knowledge,optional,7
http://data.europa.eu/esco/skill/bf59255e-782a-4e83-a93c-6055cfdd8e7f,draw blueprints,http://data.europa.eu/esco/skill-type/skill,essential,7
http://data.europa.eu/esco/skill/9bcff7ef-1f9e-4054-b8fa-3c640e491a11,design electric power systems,http://data.europa.eu/esco/skill-type/skill,essential,7
http://data.europa.eu/esco/skill/4cecff40-8e5c-4320-a87d-be8687008dbf,inspect facility sites,http://data.europa.eu/esco/skill-type/skill,essential,7
http://data.europa.eu/esco/skill/0b0335f3-0aa1-491e-895e-81fc8774a300,develop automated migration methods,http://data.europa.eu/esco/skill-type/skill,essential,6
http://data.europa.eu/esco/skill/53403f06-6c51-4a24-9491-d8a6200526ce,create a product's virtual model,http://data.europa.eu/esco/skill-type/skill,essential,6
http://data.europa.eu/esco/skill/4f0e579d-ca7b-427c-ace6-9e2de3eb19c7,apply advanced manufacturing,http://data.europa.eu/esco/skill-type/skill,essential,6
http://data.europa.eu/esco/skill/87b1c959-236d-4761-b3be-b1c729497f75,fluid mechanics,http://data.europa.eu/esco/skill-type/knowledge,essential,6
http://data.europa.eu/esco/skill/9cf681c7-89ec-470c-b651-7fe03786f586,query languages,http://data.europa.eu/esco/skill-type/knowledge,essential,6
http://data.europa.eu/esco/skill/3f4dab51-572b-4e2c-85ef-3b4c3f7094e1,XQuery,http://data.europa.eu/esco/skill-type/knowledge,optional,6
http://data.europa.eu/esco/skill/1b7c716e-af95-4cda-a42f-6479c8b139f5,MDX,http://data.europa.eu/esco/skill-type/knowledge,optional,6
http://data.europa.eu/esco/skill/a57a54b6-2f2e-43e4-9621-b52f4a63cb08,LDAP,http://data.europa.eu/esco/skill-type/knowledge,optional,6
http://data.europa.eu/esco/skill/69bbd53f-fbb0-4476-b4b2-ef7844464e28,web programming,http://data.europa.eu/esco/skill-type/knowledge,essential,6
http://data.europa.eu/esco/skill/5ef0c719-5bcb-49f8-b8eb-824388225333,use scripting programming,http://data.europa.eu/esco/skill-type/skill,essential,6
http://data.europa.eu/esco/skill/cb304338-3a44-4b6f-802b-dfc6c64de109,scientific modelling,http://data.europa.eu/esco/skill-type/knowledge,essential,6
http://data.europa.eu/esco/skill/38dbdfc4-427e-4fc8-b394-b00ec29dbe3a,optics,http://data.europa.eu/esco/skill-type/knowledge,essential,6
http://data.europa.eu/esco/skill/5f00bf83-f776-4488-b312-6725f8b6783a,conduct public surveys,http://data.europa.eu/esco/skill-type/skill,optional,6
http://data.europa.eu/esco/skill/6f571969-3640-4774-a9bc-fd2ef583fdec,apply safety procedures in laboratory,http://data.europa.eu/esco/skill-type/skill,essential,6
http://data.europa.eu/esco/skill/aafbfaa4-5f93-457e-8cb8-d4ed855277f8,analyse experimental laboratory data,http://data.europa.eu/esco/skill-type/skill,essential,6
http://data.europa.eu/esco/skill/74aa00bc-db99-4984-8817-7df2ca954ea1,chemical processes,http://data.europa.eu/esco/skill-type/knowledge,essential,6
http://data.europa.eu/esco/skill/929a997b-d56c-4383-b36d-6de9fa0e1721,work with chemicals,http://data.europa.eu/esco/skill-type/skill,essential,6
http://data.europa.eu/esco/skill/48b68726-0fd6-4e03-a5eb-82236516ee7a,provide cost benefit analysis reports,http://data.europa.eu/esco/skill-type/skill,essential,6
http://data.europa.eu/esco/skill/fa465db3-56e8-4b5d-a781-e2a313a4ed2d,conduct qualitative research,http://data.europa.eu/esco/skill-type/skill,essential,6
http://data.europa.eu/esco/skill/ab2e56f3-24f0-413b-a67b-291a67fc2d1f,test chemical samples,http://data.europa.eu/esco/skill-type/skill,essential,6
http://data.europa.eu/esco/skill/5641a2af-9eb2-4209-9fc6-856f78f2d2f2,pollution legislation,http://data.europa.eu/esco/skill-type/knowledge,essential,6
http://data.europa.eu/esco/skill/15d76317-c71a-4fa2-aadc-2ecc34e627b7,communication,http://data.europa.eu/esco/skill-type/knowledge,essential,6
http://data.europa.eu/esco/skill/79aa4ec0-399d-432e-aae8-7a390ce89bcc,perform maintenance on installed equipment,http://data.europa.eu/esco/skill-type/skill,essential,6
http://data.europa.eu/esco/skill/445b65c5-5b16-4f66-94ce-f2a7f49f9ee7,manage emergency procedures,http://data.europa.eu/esco/skill-type/skill,essential,6
http://data.europa.eu/esco/skill/cfbde1b6-8e47-4b83-b430-3d5f7f38d69a,assess operating cost,http://data.europa.eu/esco/skill-type/skill,essential,6
http://data.europa.eu/esco/skill/81d274bc-6dbf-4003-bcba-f76478d5d930,nuclear energy,http://data.europa.eu/esco/skill-type/knowledge,essential,6
http://data.europa.eu/esco/skill/76415d7f-0fde-4364-b45f-5c044580d2aa,create AutoCAD drawings,http://data.europa.eu/esco/skill-type/skill,essential,6
http://data.europa.eu/esco/skill/1177c6f5-09c5-4c35-873c-afd22d170ad3,quality assurance procedures,http://data.europa.eu/esco/skill-type/knowledge,essential,6
http://data.europa.eu/esco/skill/cdd2b6cc-b4a9-42a0-824b-766f52176fd3,write inspection reports,http://data.europa.eu/esco/skill-type/skill,essential,6
http://data.europa.eu/esco/skill/2fb8480e-de3c-462b-b169-e8bbb344da68,innovation processes,http://data.europa.eu/esco/skill-type/knowledge,optional,6
http://data.europa.eu/esco/skill/a3d2c72d-1029-47fb-9d0d-4c4a57a044d9,health and safety hazards underground,http://data.europa.eu/esco/skill-type/knowledge,optional,6
http://data.europa.eu/esco/skill/2b9f4584-da2e-44e2-a2fb-4dd4fc64c1a2,integrated circuits,http://data.europa.eu/esco/skill-type/knowledge,essential,6
http://data.europa.eu/esco/skill/7af6e9e8-1e11-4c0b-b7c6-ac96bbbbc674,coordinate engineering teams,http://data.europa.eu/esco/skill-type/skill,optional,6
http://data.europa.eu/esco/skill/f5dd06b8-5d17-4932-9d03-957d0c4f5051,perform resource planning,http://data.europa.eu/esco/skill-type/skill,optional,6
http://data.europa.eu/esco/skill/26ed52cf-30ca-451e-9699-a6c04a30649f,solder electronics,http://data.europa.eu/esco/skill-type/skill,essential,6
http://data.europa.eu/esco/skill/b8b2a035-38f0-4c0e-94ee-edefc266c643,microelectromechanical systems,http://data.europa.eu/esco/skill-type/knowledge,essential,6
http://data.europa.eu/esco/skill/dc72d646-4e40-405a-8fa9-a410c60e490b,maintain safe engineering watches,http://data.europa.eu/esco/skill-type/skill,optional,6
http://data.europa.eu/esco/skill/42c25baf-ccb3-47d9-a872-bb2ceb615538,operate precision measuring equipment,http://data.europa.eu/esco/skill-type/skill,essential,6
http://data.europa.eu/esco/skill/cafc2723-c308-4058-9921-61306b5de924,fasten components,http://data.europa.eu/esco/skill-type/skill,essential,6
http://data.europa.eu/esco/skill/2feeef46-05cf-445c-9ca1-c96a30e10106,read assembly drawings,http://data.europa.eu/esco/skill-type/skill,essential,6
http://data.europa.eu/esco/skill/5133ed7b-0785-4c28-825d-1dcf518c4b5b,align components,http://data.europa.eu/esco/skill-type/skill,essential,6
http://data.europa.eu/esco/skill/8c474534-707f-46f3-b356-810bbfe8b693,provide advice to technicians,http://data.europa.eu/esco/skill-type/skill,optional,6
http://data.europa.eu/esco/skill/987a848a-01ec-4938-9f31-1af1c7bef651,maintain test equipment,http://data.europa.eu/esco/skill-type/skill,essential,6
http://data.europa.eu/esco/skill/94747ff4-603d-47d4-9780-bf53be41e190,inspect industrial equipment,http://data.europa.eu/esco/skill-type/skill,essential,6
http://data.europa.eu/esco/skill/c927ec6e-9082-4b22-afd3-0c4e219eaf73,ensure equipment maintenance,http://data.europa.eu/esco/skill-type/skill,essential,6
http://data.europa.eu/esco/skill/386774ac-fe5b-431a-b485-9aec0bf5c09e,maintain electrical equipment,http://data.europa.eu/esco/skill-type/skill,essential,6
http://data.europa.eu/esco/skill/7ff2c668-0e86-418a-a962-4958262ee337,use communication techniques,http://data.europa.eu/esco/skill-type/skill,essential,6
http://data.europa.eu/esco/skill/4b51e76e-9e8a-455f-a289-5b48246345c4,hardware components,http://data.europa.eu/esco/skill-type/knowledge,essential,5
http://data.europa.eu/esco/skill/b105ec9b-0857-41d6-8d07-a83e58b73d90,ICT system programming,http://data.europa.eu/esco/skill-type/knowledge,essential,5
http://data.europa.eu/esco/skill/9190d87f-9792-42e0-bb7f-64294a656bcd,monitor system performance,http://data.europa.eu/esco/skill-type/skill,essential,5
http://data.europa.eu/esco/skill/ca73ac82-867a-4afa-9732-834aebe896ff,ICT system user requirements,http://data.europa.eu/esco/skill-type/knowledge,essential,5
http://data.europa.eu/esco/skill/ce354460-500e-4eaa-8e95-8f243fcea3db,manage system testing,http://data.europa.eu/esco/skill-type/skill,essential,5
http://data.europa.eu/esco/skill/0af062de-eb43-41e9-9b96-249e2cd22d26,use markup languages,http://data.europa.eu/esco/skill-type/skill,essential,5
http://data.europa.eu/esco/skill/c5e8abde-d2ba-4e8e-a65e-720b71180666,unstructured data,http://data.europa.eu/esco/skill-type/knowledge,optional,5
http://data.europa.eu/esco/skill/1b61166d-0495-4f16-aff0-f564d3a8afb3,analytical chemistry,http://data.europa.eu/esco/skill-type/knowledge,essential,5
http://data.europa.eu/esco/skill/ad59afe4-6f8a-4bc4-acfd-0f228277508a,statistical analysis system software,http://data.europa.eu/esco/skill-type/knowledge,essential,5
http://data.europa.eu/esco/skill/20f57a7f-b90e-4403-8c77-5ddd89b5835b,prepare lesson content,http://data.europa.eu/esco/skill-type/skill,essential,5
http://data.europa.eu/esco/skill/1c08d63d-1c5e-4b9b-ad3e-f7ba7debb2d1,forecast organisational risks,http://data.europa.eu/esco/skill-type/skill,essential,5
http://data.europa.eu/esco/skill/41daf4d3-33b8-4199-b814-e54964d277b6,textile materials,http://data.europa.eu/esco/skill-type/knowledge,essential,5
http://data.europa.eu/esco/skill/f82b05a7-128b-4a72-a815-044ff6062f62,advise on waste management procedures,http://data.europa.eu/esco/skill-type/skill,essential,5
http://data.europa.eu/esco/skill/c01b4549-3bc2-4640-8ecb-ef335fc4445c,types of metal manufacturing processes,http://data.europa.eu/esco/skill-type/knowledge,essential,5
http://data.europa.eu/esco/skill/a2f40faa-f101-414c-9258-1b91fb564f10,optical engineering,http://data.europa.eu/esco/skill-type/knowledge,essential,5
http://data.europa.eu/esco/skill/abcfd4de-3b3d-48ed-a002-36071bad8d46,manage chemical testing procedures,http://data.europa.eu/esco/skill-type/skill,optional,5
http://data.europa.eu/esco/skill/46786464-6c5b-4970-9a63-2f2fb29b4c12,ferrous metal processing,http://data.europa.eu/esco/skill-type/knowledge,essential,5
http://data.europa.eu/esco/skill/75697ed4-c1a3-47dc-93e3-bb50f21aa2f6,non-destructive testing,http://data.europa.eu/esco/skill-type/knowledge,optional,5
http://data.europa.eu/esco/skill/8d6a9e62-1e89-49df-8147-680081ce5315,use non-destructive testing equipment,http://data.europa.eu/esco/skill-type/skill,essential,5
http://data.europa.eu/esco/skill/c79a6989-a73c-496b-997f-c706e1c5c52b,determine production feasibility,http://data.europa.eu/esco/skill-type/skill,essential,5
http://data.europa.eu/esco/skill/d4acc9e9-5302-4c55-8869-7c1882887690,monitor mine costs,http://data.europa.eu/esco/skill-type/skill,essential,5
http://data.europa.eu/esco/skill/eb65ce8e-61bf-49d1-99bb-cb699ba1005b,radiation protection,http://data.europa.eu/esco/skill-type/knowledge,essential,5
http://data.europa.eu/esco/skill/cab07957-4f35-4bdd-9d6d-dc5a0cf42e13,safety engineering,http://data.europa.eu/esco/skill-type/knowledge,essential,5
http://data.europa.eu/esco/skill/01c03003-516d-43c6-8477-45c472413521,advise on construction materials,http://data.europa.eu/esco/skill-type/skill,essential,5
http://data.europa.eu/esco/skill/b92758d4-4591-4df1-9ceb-f907aa71ebd9,use measurement instruments,http://data.europa.eu/esco/skill-type/skill,essential,5
http://data.europa.eu/esco/skill/4e09e2d2-e317-47d2-bf5e-1d6c66be3efc,energy performance of buildings,http://data.europa.eu/esco/skill-type/knowledge,essential,5
http://data.europa.eu/esco/skill/b5a1fc87-c9f2-41f4-a1ae-28e023715592,perform sample testing,http://data.europa.eu/esco/skill-type/skill,essential,5
http://data.europa.eu/esco/skill/138aecdf-1b02-4ffc-81c4-0a0461b4f3c0,conduct metallurgical structural analysis,http://data.europa.eu/esco/skill-type/skill,essential,5
http://data.europa.eu/esco/skill/fe39d4db-4cb5-4299-bb9f-896c8fd6ab13,perform market research,http://data.europa.eu/esco/skill-type/skill,essential,5
http://data.europa.eu/esco/skill/feb717ff-fba6-4a91-aa10-ee11cf2da6b4,design electronic systems,http://data.europa.eu/esco/skill-type/skill,essential,5
http://data.europa.eu/esco/skill/0de6bca4-f3aa-452a-8e10-d355b2c1bfc4,develop electronic test procedures,http://data.europa.eu/esco/skill-type/skill,essential,5
http://data.europa.eu/esco/skill/52838a25-11f5-4cb1-b4ab-c5c7d59041e8,types of electronics,http://data.europa.eu/esco/skill-type/knowledge,essential,5
http://data.europa.eu/esco/skill/e87ec79a-c9ff-46f5-84fa-7a0f394cdf40,robotics,http://data.europa.eu/esco/skill-type/knowledge,essential,5
http://data.europa.eu/esco/skill/7a950986-27fe-4b6c-adf3-88f211e77019,robotic components,http://data.europa.eu/esco/skill-type/knowledge,essential,5
http://data.europa.eu/esco/skill/0d6c9508-1cd6-4cea-98d2-d5fe2f5c6a73,process customer requests based on the REACh Regulation 1907 2006,http://data.europa.eu/esco/skill-type/skill,essential,5
http://data.europa.eu/esco/skill/e2d0daae-2aa1-40cc-99e2-b340b02f97d3,product data management,http://data.europa.eu/esco/skill-type/knowledge,optional,5
http://data.europa.eu/esco/skill/df08a4ae-4024-4460-8c92-eab78da1c94b,ensure material compliance,http://data.europa.eu/esco/skill-type/skill,essential,5
http://data.europa.eu/esco/skill/acfaffa2-9607-44fd-b014-19b817362089,microoptics,http://data.europa.eu/esco/skill-type/knowledge,optional,5
http://data.europa.eu/esco/skill/c8de8023-ab8a-402b-a828-b2b57cd3b2f7,install software,http://data.europa.eu/esco/skill-type/skill,optional,5
http://data.europa.eu/esco/skill/d88cb3f1-8e02-4618-bf32-4b0488066934,mechatronics,http://data.europa.eu/esco/skill-type/knowledge,essential,5
http://data.europa.eu/esco/skill/b552832c-ad26-4901-b76c-232a53c74aba,coordinate electricity generation,http://data.europa.eu/esco/skill-type/skill,optional,5
http://data.europa.eu/esco/skill/21c27eba-bd1f-42f5-a1d5-c250227030f7,electricity consumption,http://data.europa.eu/esco/skill-type/knowledge,essential,5
http://data.europa.eu/esco/skill/94e7a22f-16b8-4eee-98ba-a5b09e9cdf96,develop strategies for electricity contingencies,http://data.europa.eu/esco/skill-type/skill,essential,5
http://data.europa.eu/esco/skill/f7a4fb1d-d951-4c4c-8643-3212c0958f71,monitor electric generators,http://data.europa.eu/esco/skill-type/skill,essential,5
http://data.europa.eu/esco/skill/e4ff825c-7376-4135-93cd-3892fd67b7c1,develop environmental remediation strategies,http://data.europa.eu/esco/skill-type/skill,essential,5
http://data.europa.eu/esco/skill/8bdc520c-6293-4e99-bf6f-a44d5da3ebcb,monitor legislation developments,http://data.europa.eu/esco/skill-type/skill,essential,5
http://data.europa.eu/esco/skill/b251544f-7b92-46d5-8e14-97f59ce1c7dc,promote innovative infrastructure design,http://data.europa.eu/esco/skill-type/skill,essential,5
http://data.europa.eu/esco/skill/3d3ee5c3-4286-457f-9f76-1704011f7e11,comply with legal regulations,http://data.europa.eu/esco/skill-type/skill,essential,5
http://data.europa.eu/esco/skill/cab119c5-ff95-4499-b91a-54e9f6c5cde1,work in textile manufacturing teams,http://data.europa.eu/esco/skill-type/skill,essential,5
http://data.europa.eu/esco/skill/be48353d-25c7-4f86-bea9-7b9e248fbc6e,interpret technical requirements,http://data.europa.eu/esco/skill-type/skill,essential,4
http://data.europa.eu/esco/skill/0e0c9c11-b39e-43cf-ba95-2fe646f5de64,identify customer requirements,http://data.europa.eu/esco/skill-type/skill,essential,4
http://data.europa.eu/esco/skill/41ec47dd-08b3-464a-9c45-c706f3e74467,industrial software,http://data.europa.eu/esco/skill-type/knowledge,essential,4
http://data.europa.eu/esco/skill/976455eb-5bbe-4493-ae64-ed16c3b009ea,mobile operating systems,http://data.europa.eu/esco/skill-type/knowledge,essential,4
http://data.europa.eu/esco/skill/ba04b19b-0b18-4d5c-b799-4db31a98e58d,BlackBerry,http://data.europa.eu/esco/skill-type/knowledge,optional,4
http://data.europa.eu/esco/skill/d8829a1d-dbde-435b-b921-29d6462f35c9,Android (mobile operating systems),http://data.europa.eu/esco/skill-type/knowledge,optional,4
http://data.europa.eu/esco/skill/ce26e71f-2d47-474e-89b6-7920931ac4fc,iOS,http://data.europa.eu/esco/skill-type/knowledge,optional,4
http://data.europa.eu/esco/skill/968ea96d-42d0-44fe-94b0-f11d84a8234d,Windows Phone,http://data.europa.eu/esco/skill-type/knowledge,optional,4
http://data.europa.eu/esco/skill/484df271-bb52-49f1-8f50-f19624bf4df2,software components libraries,http://data.europa.eu/esco/skill-type/knowledge,essential,4
http://data.europa.eu/esco/skill/80466be3-825a-456a-94ec-9c83c0007f0c,aerodynamics,http://data.europa.eu/esco/skill-type/knowledge,essential,4
http://data.europa.eu/esco/skill/b7a03115-41c9-4167-a0b6-7e40cf0fd607,manage product testing,http://data.europa.eu/esco/skill-type/skill,optional,4
http://data.europa.eu/esco/skill/feceacee-d425-4e73-821a-02dfb85084db,control production,http://data.europa.eu/esco/skill-type/skill,optional,4
http://data.europa.eu/esco/skill/fecf8a0d-62c4-4e71-9b03-0f4fc2ad7bf5,data models,http://data.europa.eu/esco/skill-type/knowledge,essential,4
http://data.europa.eu/esco/skill/1dae8445-12e5-423a-bb26-824010e299b9,ensure compliance with legal requirements,http://data.europa.eu/esco/skill-type/skill,essential,4
http://data.europa.eu/esco/skill/0a9acb6b-1139-4be9-b431-3a80a959f2f4,Agile project management,http://data.europa.eu/esco/skill-type/knowledge,optional,4
http://data.europa.eu/esco/skill/d5a59ca8-2e91-472e-8571-d12ce4478679,Process-based management,http://data.europa.eu/esco/skill-type/knowledge,optional,4
http://data.europa.eu/esco/skill/da6393d5-a53c-4863-abc7-51f36281d74e,Lean project management,http://data.europa.eu/esco/skill-type/knowledge,optional,4
http://data.europa.eu/esco/skill/bec4359e-cb92-468f-a997-8fb28e32fba9,ICT project management methodologies,http://data.europa.eu/esco/skill-type/knowledge,optional,4
http://data.europa.eu/esco/skill/c2999f0c-eb37-4cdf-b9b0-82107b628794,style sheet languages,http://data.europa.eu/esco/skill-type/knowledge,essential,4
http://data.europa.eu/esco/skill/8785ccda-6f9f-4cf3-9033-fda10653d0be,JSSS,http://data.europa.eu/esco/skill-type/knowledge,optional,4
http://data.europa.eu/esco/skill/e5d1f825-60ed-4bdd-872a-e748c387f777,CSS,http://data.europa.eu/esco/skill-type/knowledge,optional,4
http://data.europa.eu/esco/skill/1110c92f-3059-445a-9436-0f4200d365f5,Sass,http://data.europa.eu/esco/skill-type/knowledge,optional,4
http://data.europa.eu/esco/skill/26fa7a33-a426-4cd5-9792-33bf668612e1,LESS,http://data.europa.eu/esco/skill-type/knowledge,optional,4
http://data.europa.eu/esco/skill/913e7e83-b8f8-4574-b1ca-1b38f3fd974a,execute software tests,http://data.europa.eu/esco/skill-type/skill,essential,4
http://data.europa.eu/esco/skill/cc7370dd-69fa-4c67-a96f-d4d135d38700,data quality assessment,http://data.europa.eu/esco/skill-type/knowledge,essential,4
http://data.europa.eu/esco/skill/143769cb-b61e-47d8-a61e-eedfbec1016c,business intelligence,http://data.europa.eu/esco/skill-type/knowledge,optional,4
http://data.europa.eu/esco/skill/9b9662e0-100a-4314-9bdc-8146a7105c3d,develop scientific research protocols,http://data.europa.eu/esco/skill-type/skill,essential,4
http://data.europa.eu/esco/skill/f256f3fb-bb26-4d2c-99f2-7f99b68076fd,design scientific equipment,http://data.europa.eu/esco/skill-type/skill,essential,4
http://data.europa.eu/esco/skill/26879b10-1df9-4071-a4c5-cb8e32eddb99,acoustics,http://data.europa.eu/esco/skill-type/knowledge,optional,4
http://data.europa.eu/esco/skill/3ab7c355-94f2-4b07-ab1b-4dcb29745b0e,types of optical instruments,http://data.europa.eu/esco/skill-type/knowledge,essential,4
http://data.europa.eu/esco/skill/3012a059-e062-4171-b37e-f9e7c7eb603e,perform lectures,http://data.europa.eu/esco/skill-type/skill,optional,4
http://data.europa.eu/esco/skill/840ea882-439c-4fa9-b219-edbe0607fe60,meteorology,http://data.europa.eu/esco/skill-type/knowledge,essential,4
http://data.europa.eu/esco/skill/6e19c179-3b5f-4c43-b6f5-16ce05b5e548,oceanography,http://data.europa.eu/esco/skill-type/knowledge,essential,4
http://data.europa.eu/esco/skill/d39a5880-7d0a-4573-9f70-a75ff875bf83,provide lesson materials,http://data.europa.eu/esco/skill-type/skill,essential,4
http://data.europa.eu/esco/skill/be727774-46d7-43d7-aee9-1a51b5cd8c71,carry out statistical forecasts,http://data.europa.eu/esco/skill-type/skill,essential,4
http://data.europa.eu/esco/skill/82fadde2-45cc-4734-bace-dadafdeaa41f,calibrate laboratory equipment,http://data.europa.eu/esco/skill-type/skill,essential,4
http://data.europa.eu/esco/skill/cf9c8e73-105d-419e-86dd-4304cc6cd718,geography,http://data.europa.eu/esco/skill-type/knowledge,essential,4
http://data.europa.eu/esco/skill/880c54f9-866e-4f37-b5fa-25ef8a7d49b6,accounting techniques,http://data.europa.eu/esco/skill-type/knowledge,optional,4
http://data.europa.eu/esco/skill/1b70a55d-b8a4-49fc-96c6-15ab4cff2522,use data processing techniques,http://data.europa.eu/esco/skill-type/skill,essential,4
http://data.europa.eu/esco/skill/ed8dbdd1-5b40-4eaf-adaf-3b1f6d16a37b,hazardous waste storage,http://data.europa.eu/esco/skill-type/knowledge,optional,4
http://data.europa.eu/esco/skill/bc54eee1-a858-4f80-afdc-0442a617ef50,conduct field work,http://data.europa.eu/esco/skill-type/skill,essential,4
http://data.europa.eu/esco/skill/9c66b182-96ec-43b3-8821-2aeb7df66f12,types of plastic,http://data.europa.eu/esco/skill-type/knowledge,essential,4
http://data.europa.eu/esco/skill/51754b8a-3e2c-4cc1-86e6-cf510d9c6fe4,use personal protection equipment,http://data.europa.eu/esco/skill-type/skill,essential,4
http://data.europa.eu/esco/skill/d9818afc-1dec-4944-8c9c-e3ae8fad176d,set up the controller of a machine,http://data.europa.eu/esco/skill-type/skill,essential,4
http://data.europa.eu/esco/skill/7aa52bdc-9c56-4341-be65-e8e30f64403f,monitor automated machines,http://data.europa.eu/esco/skill-type/skill,essential,4
http://data.europa.eu/esco/skill/d86babea-bf8b-4552-81a8-daf706066ad6,manage environmental impact of operations,http://data.europa.eu/esco/skill-type/skill,essential,4
http://data.europa.eu/esco/skill/87a0c0e6-c114-4ea1-b2d0-933bce1f3c5f,assemble machines,http://data.europa.eu/esco/skill-type/skill,optional,4
http://data.europa.eu/esco/skill/a8da58c7-42fc-4fd6-b25a-b06b74c00179,nanotechnology,http://data.europa.eu/esco/skill-type/knowledge,essential,4
http://data.europa.eu/esco/skill/5944cee9-763e-4b08-99e4-f514bdde14a6,hazardous waste types,http://data.europa.eu/esco/skill-type/knowledge,optional,4
http://data.europa.eu/esco/skill/d36178d1-07fa-44c5-8b19-0ca637256261,develop new installations,http://data.europa.eu/esco/skill-type/skill,essential,4
http://data.europa.eu/esco/skill/8df86db8-dfcd-414b-854f-ad1cdb18d733,communicate on the environmental impact of mining,http://data.europa.eu/esco/skill-type/skill,essential,4
http://data.europa.eu/esco/skill/c0fce59c-e227-4745-945f-95eb2f0bc03e,recommend product improvements,http://data.europa.eu/esco/skill-type/skill,essential,4
http://data.europa.eu/esco/skill/83fc0b2b-6cd2-46af-b1ff-d3fc83604c26,energy efficiency,http://data.europa.eu/esco/skill-type/knowledge,essential,4
http://data.europa.eu/esco/skill/e207163b-7963-4c3e-9494-7a4bb000211b,estimate duration of work,http://data.europa.eu/esco/skill-type/skill,essential,4
http://data.europa.eu/esco/skill/36e9c099-614e-44f1-ab0a-5e6fda4a0763,undertake inspections,http://data.europa.eu/esco/skill-type/skill,essential,4
http://data.europa.eu/esco/skill/ffc2465f-d2b5-4b2d-bf6e-56eefbe02da1,precious metal processing,http://data.europa.eu/esco/skill-type/knowledge,essential,4
http://data.europa.eu/esco/skill/0f850624-ae28-47c2-ab80-484290a96aea,metal and metal ore products,http://data.europa.eu/esco/skill-type/knowledge,essential,4
http://data.europa.eu/esco/skill/0b472dad-1a3f-456e-99ba-de5ffe8665c2,non-ferrous metal processing,http://data.europa.eu/esco/skill-type/knowledge,essential,4
http://data.europa.eu/esco/skill/3b2d77a8-6a61-48a0-af4b-e63bd083334f,alloys of precious metals,http://data.europa.eu/esco/skill-type/knowledge,essential,4
http://data.europa.eu/esco/skill/337e06b0-29e3-47bf-95a3-19bd84b311de,manipulate metal,http://data.europa.eu/esco/skill-type/skill,essential,4
http://data.europa.eu/esco/skill/0d254d2f-f6c7-49ac-be0d-a2651c222f7a,precious metals,http://data.europa.eu/esco/skill-type/knowledge,essential,4
http://data.europa.eu/esco/skill/499c05a2-6f36-4407-83c1-dc3448d35818,ensure public safety and security,http://data.europa.eu/esco/skill-type/skill,essential,4
http://data.europa.eu/esco/skill/db9f6f5d-2177-4c49-bf97-8eb462536665,test raw minerals,http://data.europa.eu/esco/skill-type/skill,essential,4
http://data.europa.eu/esco/skill/99ca6ed2-b6b8-4eb0-8180-92e750e546be,liaise with quality assurance,http://data.europa.eu/esco/skill-type/skill,optional,4
http://data.europa.eu/esco/skill/296e7a69-c21b-47ad-af28-bc1baee73c68,chemical technologies in metal manufacture,http://data.europa.eu/esco/skill-type/knowledge,essential,4
http://data.europa.eu/esco/skill/d1e78795-b3ed-40f4-abb0-21b689fa4ae5,separate metals from ores,http://data.europa.eu/esco/skill-type/skill,optional,4
http://data.europa.eu/esco/skill/bd08f332-a295-4a59-a13a-05b08ca3761b,install monitors for process control,http://data.europa.eu/esco/skill-type/skill,essential,4
http://data.europa.eu/esco/skill/7a66b8a3-502f-408e-ac69-46e72dec6ede,deal with pressure from unexpected circumstances,http://data.europa.eu/esco/skill-type/skill,essential,4
http://data.europa.eu/esco/skill/958b8802-ec3e-4813-97f7-6c8f48610dbd,identify process improvements,http://data.europa.eu/esco/skill-type/skill,essential,4
http://data.europa.eu/esco/skill/5ef9ba60-042f-476f-bed5-4e214a7927b2,communicate on minerals issues,http://data.europa.eu/esco/skill-type/skill,essential,4
http://data.europa.eu/esco/skill/f4482d36-86d0-422d-aeb2-59d1bbebb6ff,advise on mine equipment,http://data.europa.eu/esco/skill-type/skill,essential,4
http://data.europa.eu/esco/skill/f7b5d916-52f0-4865-b6a6-e1a3b711cb5e,implement strategic planning,http://data.europa.eu/esco/skill-type/skill,essential,4
http://data.europa.eu/esco/skill/96ec2d53-4f41-4172-8ef2-70742c4bb540,assess supplier risks,http://data.europa.eu/esco/skill-type/skill,essential,4
http://data.europa.eu/esco/skill/68698869-c13c-4563-adc7-118b7644f45d,identify customer's needs,http://data.europa.eu/esco/skill-type/skill,essential,4
http://data.europa.eu/esco/skill/6468e5fb-f3be-4025-87be-4b6556755c61,programmable logic controller,http://data.europa.eu/esco/skill-type/knowledge,optional,4
http://data.europa.eu/esco/skill/8712b176-c063-462f-9d0f-2e3c54d9a2eb,design microelectronics,http://data.europa.eu/esco/skill-type/skill,essential,4
http://data.europa.eu/esco/skill/c022ff1b-7783-4e64-89ef-0422c81ff51f,design microelectromechanical systems,http://data.europa.eu/esco/skill-type/skill,essential,4
http://data.europa.eu/esco/skill/6d12ac9b-5ec0-49b9-bd70-5a19352585cb,design integrated circuits,http://data.europa.eu/esco/skill-type/skill,essential,4
http://data.europa.eu/esco/skill/3edd4853-a8d2-4791-a5f0-af3a92f18245,electromagnetism,http://data.europa.eu/esco/skill-type/knowledge,essential,4
http://data.europa.eu/esco/skill/9cd87d80-9718-47e1-9ed4-cd85cbfebd0a,microassembly,http://data.europa.eu/esco/skill-type/knowledge,essential,4
http://data.europa.eu/esco/skill/3dc6fd8e-6ff7-432e-a262-04d487858efb,install hardware,http://data.europa.eu/esco/skill-type/skill,optional,4
http://data.europa.eu/esco/skill/b386e189-12c5-4df6-b1db-059eb3f6dd88,precision measuring instruments,http://data.europa.eu/esco/skill-type/knowledge,optional,4
http://data.europa.eu/esco/skill/162c7407-14ec-43ef-a4c2-31ccd1267850,design firmware,http://data.europa.eu/esco/skill-type/skill,optional,4
http://data.europa.eu/esco/skill/1ca140f8-d8aa-4e02-8ddc-31cbf75dd7ae,microwave principles,http://data.europa.eu/esco/skill-type/knowledge,essential,4
http://data.europa.eu/esco/skill/c500f5d0-42d4-4341-904e-cd4ef2ff3181,electromagnetic spectrum,http://data.europa.eu/esco/skill-type/knowledge,essential,4
http://data.europa.eu/esco/skill/5706691c-2c38-46e4-9e88-c55be7e5d3ff,digital camera sensors,http://data.europa.eu/esco/skill-type/knowledge,optional,4
http://data.europa.eu/esco/skill/baf501a8-f0fe-4ad7-9b69-8e920fa1a87b,test electronic units,http://data.europa.eu/esco/skill-type/skill,essential,4
http://data.europa.eu/esco/skill/8a2f841c-fe35-46c0-90bd-51858a88a83b,electronic components,http://data.europa.eu/esco/skill-type/knowledge,essential,4
http://data.europa.eu/esco/skill/6a2bc03b-e30d-429b-9549-5784cb92ae2f,printed circuit boards,http://data.europa.eu/esco/skill-type/knowledge,essential,4
http://data.europa.eu/esco/skill/71f81e1a-e2ca-48d6-b7b8-7a34c56c51f8,transmission technology,http://data.europa.eu/esco/skill-type/knowledge,optional,4
http://data.europa.eu/esco/skill/7d0f33ea-e724-4d77-8b75-ee4fe66bb9ba,plan manufacturing processes,http://data.europa.eu/esco/skill-type/skill,optional,4
http://data.europa.eu/esco/skill/86065a19-7537-4bd5-b41c-7e0638d67b58,follow safety standards in industrial contexts,http://data.europa.eu/esco/skill-type/skill,essential,4
http://data.europa.eu/esco/skill/a1a032e1-4b7a-4603-8516-43d83707ffac,set up machine controls,http://data.europa.eu/esco/skill-type/skill,essential,4
http://data.europa.eu/esco/skill/2bbdea06-a265-42b5-bb4f-7241b661f069,electromechanics,http://data.europa.eu/esco/skill-type/knowledge,essential,4
http://data.europa.eu/esco/skill/bf419e00-8548-491a-a06f-d72ab439df2f,pneumatics,http://data.europa.eu/esco/skill-type/knowledge,optional,4
http://data.europa.eu/esco/skill/6a72c057-499f-4fe4-b425-0fbe2a50ce07,calibrate mechatronic instruments,http://data.europa.eu/esco/skill-type/skill,optional,4
http://data.europa.eu/esco/skill/7b5cce4d-c7fe-4119-b48f-70aa05391787,computer science,http://data.europa.eu/esco/skill-type/knowledge,essential,4
http://data.europa.eu/esco/skill/85e6b82a-8244-45f6-8300-a6b2d62ee748,communicate test results to other departments,http://data.europa.eu/esco/skill-type/skill,essential,4
http://data.europa.eu/esco/skill/d9b6af48-e906-4a2a-94d9-557023740180,biomedical engineering,http://data.europa.eu/esco/skill-type/knowledge,optional,4
http://data.europa.eu/esco/skill/f96f5aa5-6ed7-40dc-a431-68b0a09d6d4b,design automation components,http://data.europa.eu/esco/skill-type/skill,essential,4
http://data.europa.eu/esco/skill/564e86a6-0916-44e6-b3d6-d99bc0c1f194,mitigate environmental impact of pipeline projects,http://data.europa.eu/esco/skill-type/skill,essential,4
http://data.europa.eu/esco/skill/09473fea-69ea-40dc-9ff4-bbaaff10840e,conduct engineering site audits,http://data.europa.eu/esco/skill-type/skill,essential,4
http://data.europa.eu/esco/skill/c1d7a6df-92e8-4b2f-9259-e04dd7242be3,types of pipelines,http://data.europa.eu/esco/skill-type/knowledge,essential,4
http://data.europa.eu/esco/skill/4334037f-c1d8-4241-b82e-8db7e469327b,electricity market,http://data.europa.eu/esco/skill-type/knowledge,optional,4
http://data.europa.eu/esco/skill/f191c306-f0eb-4cb8-82fb-3331adbbc6f1,adapt energy distribution schedules,http://data.europa.eu/esco/skill-type/skill,essential,4
http://data.europa.eu/esco/skill/200a8387-d67c-43e4-9cdc-44ab592c299e,ensure regulatory compliance in pipeline infrastructures,http://data.europa.eu/esco/skill-type/skill,essential,4
http://data.europa.eu/esco/skill/0b4c6885-eecd-48b5-b9da-c5c20a5f9550,monitor utility equipment,http://data.europa.eu/esco/skill-type/skill,essential,4
http://data.europa.eu/esco/skill/b422efe7-b151-4120-86ae-db11a48dd0fa,advise on environmental remediation,http://data.europa.eu/esco/skill-type/skill,essential,4
http://data.europa.eu/esco/skill/7ff9cce1-6518-48db-8f59-2beb81508fb2,provide information on wind turbines,http://data.europa.eu/esco/skill-type/skill,essential,4
http://data.europa.eu/esco/skill/465af498-53b1-4e04-9f49-7458afb59274,design utility equipment,http://data.europa.eu/esco/skill-type/skill,essential,4
http://data.europa.eu/esco/skill/981f770c-24f1-4711-afc0-13a6fa1a33ab,create designs for pipeline engineering,http://data.europa.eu/esco/skill-type/skill,essential,4
http://data.europa.eu/esco/skill/c49eb4a4-7b5f-44e6-b346-7153879ac86b,industrial heating systems,http://data.europa.eu/esco/skill-type/knowledge,essential,4
http://data.europa.eu/esco/skill/6542601c-92ee-4a03-abd9-fde0635727a2,respond to electrical power contingencies,http://data.europa.eu/esco/skill-type/skill,essential,4
http://data.europa.eu/esco/skill/2b76cbbf-eddc-4a12-a120-f4ea370820a5,ensure safety in electrical power operations,http://data.europa.eu/esco/skill-type/skill,essential,4
http://data.europa.eu/esco/skill/05e5e14f-ffa6-4106-b311-c6335ccc2bd2,solar energy,http://data.europa.eu/esco/skill-type/knowledge,essential,4
http://data.europa.eu/esco/skill/69f23426-9279-4fe6-a283-24c2aa4c855d,ensure equipment availability,http://data.europa.eu/esco/skill-type/skill,essential,4
http://data.europa.eu/esco/skill/7ae62140-fe02-4ee3-a0c5-fb5668a2870d,consumer protection,http://data.europa.eu/esco/skill-type/knowledge,essential,4
http://data.europa.eu/esco/skill/b7b381f5-7de2-4f91-9a8f-524041cb47d9,instrumentation engineering,http://data.europa.eu/esco/skill-type/knowledge,essential,4
http://data.europa.eu/esco/skill/cf3e976d-2c3e-495c-a874-f9e8a66d3b48,perform backups,http://data.europa.eu/esco/skill-type/skill,essential,4
http://data.europa.eu/esco/skill/7e1f9657-ab4e-407c-842f-b846197060e3,execute ICT audits,http://data.europa.eu/esco/skill-type/skill,optional,4
http://data.europa.eu/esco/skill/22b8039c-c890-4610-9228-5527e3b98f12,set quality assurance objectives,http://data.europa.eu/esco/skill-type/skill,essential,4
http://data.europa.eu/esco/skill/ccbd0898-e225-4abc-8992-57a23b0e2eec,support implementation of quality management systems,http://data.europa.eu/esco/skill-type/skill,essential,4
http://data.europa.eu/esco/skill/f9d70f2a-c3f0-475d-ac55-dc2e2ba856e8,lead inspections,http://data.europa.eu/esco/skill-type/skill,essential,4
http://data.europa.eu/esco/skill/8881a9c2-bd07-4954-bf27-c1f8acca9af0,sociology,http://data.europa.eu/esco/skill-type/knowledge,essential,4
http://data.europa.eu/esco/skill/2180bd8c-86de-4889-8165-adac902eee9d,embedded systems,http://data.europa.eu/esco/skill-type/knowledge,essential,3
http://data.europa.eu/esco/skill/09f2f811-a3fb-4de3-a70f-6420a6935575,systems development life-cycle,http://data.europa.eu/esco/skill-type/knowledge,essential,3
http://data.europa.eu/esco/skill/3c42d13b-d6e4-4ed9-bdc4-991251461dc4,engineering control theory,http://data.europa.eu/esco/skill-type/knowledge,essential,3
http://data.europa.eu/esco/skill/0ab03c6c-281b-48f4-83e0-10eeb27a1bae,network management system tools,http://data.europa.eu/esco/skill-type/knowledge,essential,3
http://data.europa.eu/esco/skill/7557f0f4-b8bc-4ac0-b91e-222ab1ba744f,tools for ICT test automation,http://data.europa.eu/esco/skill-type/knowledge,optional,3
http://data.europa.eu/esco/skill/6fa1c2c0-a012-4ca0-9642-e01569ba322c,ICT system integration,http://data.europa.eu/esco/skill-type/knowledge,essential,3
http://data.europa.eu/esco/skill/5dd96c59-5955-474b-8cf5-e986a5b50f1a,aerospace engineering,http://data.europa.eu/esco/skill-type/knowledge,essential,3
http://data.europa.eu/esco/skill/6b9194f0-f8bb-4b9a-96a5-2203c9c2671b,oversee assembly operations,http://data.europa.eu/esco/skill-type/skill,essential,3
http://data.europa.eu/esco/skill/fbafa41f-cd05-4109-a649-8b44d306d779,create data models,http://data.europa.eu/esco/skill-type/skill,essential,3
http://data.europa.eu/esco/skill/2450c3b3-e78e-435b-b84d-e05d984e71dc,software architecture models,http://data.europa.eu/esco/skill-type/knowledge,essential,3
http://data.europa.eu/esco/skill/94dd823c-148e-4614-a6e8-99249b16357d,ICT project management,http://data.europa.eu/esco/skill-type/knowledge,optional,3
http://data.europa.eu/esco/skill/4cb51222-3e2e-417c-9a5c-e9ccf262721d,ensure compliance with company regulations,http://data.europa.eu/esco/skill-type/skill,essential,3
http://data.europa.eu/esco/skill/85f46538-ae70-498a-bfbc-b8ddafe96c7d,levels of software testing,http://data.europa.eu/esco/skill-type/knowledge,essential,3
http://data.europa.eu/esco/skill/9136cbf1-7916-4f1c-bc9a-0318ee1d6016,human-computer interaction,http://data.europa.eu/esco/skill-type/knowledge,essential,3
http://data.europa.eu/esco/skill/29154735-107a-4daa-a050-537f7707f34e,conduct content quality assurance,http://data.europa.eu/esco/skill-type/skill,essential,3
http://data.europa.eu/esco/skill/ed39edd3-44d0-4a16-9796-bfb99f92baf3,ICT performance analysis methods,http://data.europa.eu/esco/skill-type/knowledge,essential,3
http://data.europa.eu/esco/skill/6a536b36-c5c7-4d10-bf67-a4fb0f8549b2,audit techniques,http://data.europa.eu/esco/skill-type/knowledge,essential,3
http://data.europa.eu/esco/skill/11eebd42-44ab-401d-8a2c-bdb9fc9beb50,information security strategy,http://data.europa.eu/esco/skill-type/knowledge,essential,3
http://data.europa.eu/esco/skill/896563fc-6255-4419-89c2-ffed30159ad6,conduct research interview,http://data.europa.eu/esco/skill-type/skill,essential,3
http://data.europa.eu/esco/skill/348b74cd-49ce-4844-8bdf-ec188b497213,visual presentation techniques,http://data.europa.eu/esco/skill-type/knowledge,essential,3
http://data.europa.eu/esco/skill/6c08403c-a5bb-4868-b8c2-b7d039c0e511,design database scheme,http://data.europa.eu/esco/skill-type/skill,essential,3
http://data.europa.eu/esco/skill/93aaf65c-5aad-4e6f-a7ba-ce9bf7c0e6e6,information categorisation,http://data.europa.eu/esco/skill-type/knowledge,essential,3
http://data.europa.eu/esco/skill/c3e36d05-8ae8-447f-bb2b-6f9409f85389,deliver visual presentation of data,http://data.europa.eu/esco/skill-type/skill,essential,3
http://data.europa.eu/esco/skill/a80fb090-63f4-4b05-83a5-2f090deb7757,manage data collection systems,http://data.europa.eu/esco/skill-type/skill,essential,3
http://data.europa.eu/esco/skill/696e3b5b-8b61-45af-ae4c-3ab700f197ec,information extraction,http://data.europa.eu/esco/skill-type/knowledge,essential,3
http://data.europa.eu/esco/skill/25f0ea33-b4a2-4f31-b7b4-7d20e827b180,data mining,http://data.europa.eu/esco/skill-type/knowledge,essential,3
http://data.europa.eu/esco/skill/1e77e42a-181f-4b48-8e74-201ce50ffc29,interpret current data,http://data.europa.eu/esco/skill-type/skill,essential,3
http://data.europa.eu/esco/skill/36ff57b0-637d-4a83-a0e8-d14f86f9f078,analyse scientific data,http://data.europa.eu/esco/skill-type/skill,essential,3
http://data.europa.eu/esco/skill/e3fcd642-5f9c-48ee-be58-258dd895d281,collect biological data,http://data.europa.eu/esco/skill-type/skill,essential,3
http://data.europa.eu/esco/skill/3c35dfa4-6dae-45a5-ae0a-f6a45923a95f,biometrics,http://data.europa.eu/esco/skill-type/knowledge,essential,3
http://data.europa.eu/esco/skill/f88cb903-83a2-44a3-98a8-e72180ec37a9,plan research process,http://data.europa.eu/esco/skill-type/skill,essential,3
http://data.europa.eu/esco/skill/82fc3feb-752b-4d49-803d-c08a717917aa,geophysics,http://data.europa.eu/esco/skill-type/knowledge,optional,3
http://data.europa.eu/esco/skill/34dc9e73-c35e-46a4-a35d-4417b721437c,prepare raw materials,http://data.europa.eu/esco/skill-type/skill,essential,3
http://data.europa.eu/esco/skill/0bc42cda-a6f0-4cac-9b34-7911faba0bd4,microbiology-bacteriology,http://data.europa.eu/esco/skill-type/knowledge,essential,3
http://data.europa.eu/esco/skill/75f650d0-9096-4b8f-bbd6-ad05ee3f6121,document analysis results,http://data.europa.eu/esco/skill-type/skill,optional,3
http://data.europa.eu/esco/skill/5e09534b-9ba1-4f29-84ad-1b3ad66d2dc8,review meteorological forecast data,http://data.europa.eu/esco/skill-type/skill,essential,3
http://data.europa.eu/esco/skill/442328a8-8a11-4e15-b80c-402a9bd5844d,conduct research on climate processes,http://data.europa.eu/esco/skill-type/skill,optional,3
http://data.europa.eu/esco/skill/7c3a172a-4c14-4a32-b4d7-bfc9913f9e25,study aerial photos,http://data.europa.eu/esco/skill-type/skill,essential,3
http://data.europa.eu/esco/skill/440f64e5-e66c-45ee-bc29-53c14a2ad720,use geographic information systems,http://data.europa.eu/esco/skill-type/skill,essential,3
http://data.europa.eu/esco/skill/377861af-f966-4c87-a2db-7e99904312b9,geographic information systems,http://data.europa.eu/esco/skill-type/knowledge,essential,3
http://data.europa.eu/esco/skill/c94dd931-f568-48e2-9a1c-922f1ce21f67,demography,http://data.europa.eu/esco/skill-type/knowledge,essential,3
http://data.europa.eu/esco/skill/4f060129-8b75-4d58-a8dd-515bd8fef349,develop financial statistics reports,http://data.europa.eu/esco/skill-type/skill,essential,3
http://data.europa.eu/esco/skill/dbdd03ec-f64f-4916-8a86-cc71d765cc20,advise on legislative acts,http://data.europa.eu/esco/skill-type/skill,optional,3
http://data.europa.eu/esco/skill/bb165899-d95f-4433-95f2-173fefd716d2,develop statistical software,http://data.europa.eu/esco/skill-type/skill,optional,3
http://data.europa.eu/esco/skill/b30b6e13-6688-4035-b99b-fb3a1def0833,archive scientific documentation,http://data.europa.eu/esco/skill-type/skill,optional,3
http://data.europa.eu/esco/skill/bfe4f330-d595-48c7-ab3c-f309471d6953,psychology,http://data.europa.eu/esco/skill-type/knowledge,essential,3
http://data.europa.eu/esco/skill/1cca610d-2afc-44a7-97fc-f2262fb5fc75,surveying,http://data.europa.eu/esco/skill-type/knowledge,essential,3
http://data.europa.eu/esco/skill/790a335b-2005-4b8a-b6fe-47ff7701ebb7,topography,http://data.europa.eu/esco/skill-type/knowledge,essential,3
http://data.europa.eu/esco/skill/af1df253-5103-46d7-a757-b17bf5a4e581,operate surveying instruments,http://data.europa.eu/esco/skill-type/skill,essential,3
http://data.europa.eu/esco/skill/120b9b87-3aad-4a42-b5e7-1b146a672038,record survey measurements,http://data.europa.eu/esco/skill-type/skill,essential,3
http://data.europa.eu/esco/skill/2dfa5bd5-c87c-461c-bce9-69b2c58732bd,cartography,http://data.europa.eu/esco/skill-type/knowledge,essential,3
http://data.europa.eu/esco/skill/9295d1c5-8d7d-423e-a6ce-dfbc1d991f88,apply digital mapping,http://data.europa.eu/esco/skill-type/skill,optional,3
http://data.europa.eu/esco/skill/d329b1ed-6e7a-400e-bca2-7c1936fbfbcb,advise architects,http://data.europa.eu/esco/skill-type/skill,optional,3
http://data.europa.eu/esco/skill/43b13058-68d0-40c6-8031-caf5a7b7d20c,keep task records,http://data.europa.eu/esco/skill-type/skill,essential,3
http://data.europa.eu/esco/skill/6f41081b-39ee-4a42-a8d4-a1cee7a39873,run laboratory simulations,http://data.europa.eu/esco/skill-type/skill,essential,3
http://data.europa.eu/esco/skill/d669af41-756c-48d9-a286-1443253f54b1,tax legislation,http://data.europa.eu/esco/skill-type/knowledge,essential,3
http://data.europa.eu/esco/skill/88af9294-b697-4687-ae19-aefbb6234dfa,economics,http://data.europa.eu/esco/skill-type/knowledge,essential,3
http://data.europa.eu/esco/skill/b0560439-14eb-41d1-aa53-1938efc24123,content marketing strategy,http://data.europa.eu/esco/skill-type/knowledge,optional,3
http://data.europa.eu/esco/skill/7edc05fe-378b-4c9e-bbb2-e5a29c5a845f,perform public relations,http://data.europa.eu/esco/skill-type/skill,optional,3
http://data.europa.eu/esco/skill/c4118654-695f-44bc-b9d3-1b26f3a955f8,international import export regulations,http://data.europa.eu/esco/skill-type/knowledge,essential,3
http://data.europa.eu/esco/skill/d8c19849-f4cf-458d-90cd-abe735a729bf,develop instrumentation systems,http://data.europa.eu/esco/skill-type/skill,essential,3
http://data.europa.eu/esco/skill/c0326e27-5fa8-4dca-aecb-ed89ab491513,prepare visual data,http://data.europa.eu/esco/skill-type/skill,essential,3
http://data.europa.eu/esco/skill/77f109c4-3107-4d2a-a512-5160ac103933,analyse environmental data,http://data.europa.eu/esco/skill-type/skill,essential,3
http://data.europa.eu/esco/skill/39e71107-3aa9-41a0-809c-edea477c968f,conduct land surveys,http://data.europa.eu/esco/skill-type/skill,optional,3
http://data.europa.eu/esco/skill/0415142d-6921-4f8d-832b-6271382b8193,test materials,http://data.europa.eu/esco/skill-type/skill,essential,3
http://data.europa.eu/esco/skill/50f8b1de-747c-4967-9732-3db89c365261,perform chemical experiments,http://data.europa.eu/esco/skill-type/skill,essential,3
http://data.europa.eu/esco/skill/74c0c0d2-aeb8-44b2-b86a-117d0455ae88,composite materials,http://data.europa.eu/esco/skill-type/knowledge,essential,3
http://data.europa.eu/esco/skill/fb8464e3-949e-4cc0-b50b-be7cf9c3e250,basic chemicals,http://data.europa.eu/esco/skill-type/knowledge,essential,3
http://data.europa.eu/esco/skill/4309a39d-af97-4e56-8d0e-5351b7b8dd01,develop chemical products,http://data.europa.eu/esco/skill-type/skill,optional,3
http://data.europa.eu/esco/skill/9148c1e4-beae-433c-bd72-e4a009440744,monitor production developments,http://data.europa.eu/esco/skill-type/skill,essential,3
http://data.europa.eu/esco/skill/5f97fac8-2001-4b81-ae8b-22f9062d921a,identify hazards in the workplace,http://data.europa.eu/esco/skill-type/skill,optional,3
http://data.europa.eu/esco/skill/e7219848-a27a-4bf4-8775-d367707be7c9,sales strategies,http://data.europa.eu/esco/skill-type/knowledge,essential,3
http://data.europa.eu/esco/skill/0f0698e7-04e4-4bf7-9af2-e3191147525a,optimise production processes parameters,http://data.europa.eu/esco/skill-type/skill,essential,3
http://data.europa.eu/esco/skill/4aa5e293-ec94-4c55-b51c-1145d15fbbd2,extract materials from furnace,http://data.europa.eu/esco/skill-type/skill,essential,3
http://data.europa.eu/esco/skill/a349fbfc-8b65-44f2-a112-761be2218cbc,report defective manufacturing materials,http://data.europa.eu/esco/skill-type/skill,essential,3
http://data.europa.eu/esco/skill/87434439-c07d-48be-af34-b0cdd03121c4,design engineering components,http://data.europa.eu/esco/skill-type/skill,essential,3
http://data.europa.eu/esco/skill/f0ab5d57-4be7-411b-afce-b4a76a142302,electrical machines,http://data.europa.eu/esco/skill-type/knowledge,essential,3
http://data.europa.eu/esco/skill/c3fb1757-a529-4336-8898-4e96cd99f95f,use chemical analysis equipment,http://data.europa.eu/esco/skill-type/skill,optional,3
http://data.europa.eu/esco/skill/1c5f1010-17aa-4a17-acd3-3bbef4fcd2b4,corrosion types,http://data.europa.eu/esco/skill-type/knowledge,essential,3
http://data.europa.eu/esco/skill/f929c89e-c363-4132-a918-e021d57b307c,supply chain management,http://data.europa.eu/esco/skill-type/knowledge,essential,3
http://data.europa.eu/esco/skill/cfbe1cdb-1738-45a1-b442-75cbda1fff06,mine dump design,http://data.europa.eu/esco/skill-type/skill,optional,3
http://data.europa.eu/esco/skill/cffc3e97-e942-4b13-a2f3-0bf4910c06d3,use technical documentation,http://data.europa.eu/esco/skill-type/skill,essential,3
http://data.europa.eu/esco/skill/9ce670ec-318c-4a91-9179-03437db728dc,ICT software specifications,http://data.europa.eu/esco/skill-type/knowledge,essential,3
http://data.europa.eu/esco/skill/a59708e3-e654-4e37-8b8a-741c3b756eee,multimedia systems,http://data.europa.eu/esco/skill-type/knowledge,essential,3
http://data.europa.eu/esco/skill/532bcdca-a889-4dea-8f7f-4e03d8cfd0d2,aircraft mechanics,http://data.europa.eu/esco/skill-type/knowledge,essential,3
http://data.europa.eu/esco/skill/9b3a7918-c4f0-4f3f-9eaf-72c952d17374,maintain mine machinery,http://data.europa.eu/esco/skill-type/skill,essential,3
http://data.europa.eu/esco/skill/ad5ea463-5dc7-497e-b5fa-e1a1db0aaa08,install mining machinery,http://data.europa.eu/esco/skill-type/skill,essential,3
http://data.europa.eu/esco/skill/ebed12be-5b84-4962-a4bb-9ef569fa2661,mechanical mine machinery manuals,http://data.europa.eu/esco/skill-type/knowledge,essential,3
http://data.europa.eu/esco/skill/6eff134b-e34f-4d6e-a6e8-5e47cf2228d0,risk management,http://data.europa.eu/esco/skill-type/knowledge,essential,3
http://data.europa.eu/esco/skill/2fd77342-8b8d-414e-8b03-5a65f79e9b78,maintain nuclear reactors,http://data.europa.eu/esco/skill-type/skill,optional,3
http://data.europa.eu/esco/skill/44e2c4c4-9fd2-42d4-a133-d81360ded4bc,manage health and safety standards,http://data.europa.eu/esco/skill-type/skill,essential,3
http://data.europa.eu/esco/skill/bf318ffc-0b68-4915-80be-8c8b500d344c,test safety strategies,http://data.europa.eu/esco/skill-type/skill,optional,3
http://data.europa.eu/esco/skill/7f18039d-dfae-471b-9daa-507f6b2d2842,urban planning,http://data.europa.eu/esco/skill-type/knowledge,essential,3
http://data.europa.eu/esco/skill/7d35602d-bc94-4975-aa7c-f4e8e05ce8e0,cost management,http://data.europa.eu/esco/skill-type/knowledge,essential,3
http://data.europa.eu/esco/skill/60ab2bf7-c812-4a88-86c0-7c81a9b2f77c,carry out environmental audits,http://data.europa.eu/esco/skill-type/skill,essential,3
http://data.europa.eu/esco/skill/5aa79c4a-8b29-4d57-8723-b9a69ef0727e,design strategies for nuclear emergencies,http://data.europa.eu/esco/skill-type/skill,essential,3
http://data.europa.eu/esco/skill/d1041406-2c24-4177-9b64-406621a8865e,assess suitability of metal types for specific application,http://data.europa.eu/esco/skill-type/skill,essential,3
http://data.europa.eu/esco/skill/54936e0e-2e1c-4b04-b73d-720b85a3f907,work in metal manufacture teams,http://data.europa.eu/esco/skill-type/skill,essential,3
http://data.europa.eu/esco/skill/29d762da-1711-4a3c-b424-f0a404f4bf2d,join metals,http://data.europa.eu/esco/skill-type/skill,essential,3
http://data.europa.eu/esco/skill/6055f185-3214-491e-975a-cfcc1756fe1d,metal forming technologies,http://data.europa.eu/esco/skill-type/knowledge,essential,3
http://data.europa.eu/esco/skill/476b2f93-c92d-4aa4-ae0e-eefd224497c3,maintain ore processing equipment,http://data.europa.eu/esco/skill-type/skill,optional,3
http://data.europa.eu/esco/skill/8794f8b6-8217-4e1e-91c8-ae1345bb4f7e,extract products from moulds,http://data.europa.eu/esco/skill-type/skill,optional,3
http://data.europa.eu/esco/skill/3606bf22-1987-4356-b8c4-13e89d8f6c69,interpret extraction data,http://data.europa.eu/esco/skill-type/skill,essential,3
http://data.europa.eu/esco/skill/cd4b9e72-a18d-44bd-b227-14bbdd162dc1,prepare samples for testing,http://data.europa.eu/esco/skill-type/skill,essential,3
http://data.europa.eu/esco/skill/16886497-e872-421a-8b9c-dc7fbbbb1ba5,design metal components,http://data.europa.eu/esco/skill-type/skill,optional,3
http://data.europa.eu/esco/skill/60ccdd6a-c100-43cf-9797-543a5c42b922,ensure health and safety in manufacturing,http://data.europa.eu/esco/skill-type/skill,essential,3
http://data.europa.eu/esco/skill/32ac6bfb-8b86-4312-9421-dcb8e0203ab5,process incident reports for prevention,http://data.europa.eu/esco/skill-type/skill,optional,3
http://data.europa.eu/esco/skill/d3db0350-dcfd-4a36-b5a8-f9e6cd1ef6f5,provide manufacturing documentation,http://data.europa.eu/esco/skill-type/skill,optional,3
http://data.europa.eu/esco/skill/2239694b-771a-4586-8b54-2794e361a9ae,maintain relationship with customers,http://data.europa.eu/esco/skill-type/skill,essential,3
http://data.europa.eu/esco/skill/3d0a644e-d056-46cb-aa0e-fbf6f88fcbb1,investigate mine accidents,http://data.europa.eu/esco/skill-type/skill,essential,3
http://data.europa.eu/esco/skill/a4ec696c-ac73-4bd5-8a3c-09a783cf3944,use mine planning software,http://data.europa.eu/esco/skill-type/skill,essential,3
http://data.europa.eu/esco/skill/7f7756fc-d89d-41d5-93ef-85991603f4ad,manage financial risk,http://data.europa.eu/esco/skill-type/skill,essential,3
http://data.europa.eu/esco/skill/42ab725f-e57f-4320-a9fd-ac3d6717963d,ensure customs compliance,http://data.europa.eu/esco/skill-type/skill,essential,3
http://data.europa.eu/esco/skill/de857fbb-91a6-4a3f-8a47-93a9c1a616c8,plan transport operations,http://data.europa.eu/esco/skill-type/skill,essential,3
http://data.europa.eu/esco/skill/faf8943c-72ff-4736-a587-25508695d6f0,maintain financial records,http://data.europa.eu/esco/skill-type/skill,essential,3
http://data.europa.eu/esco/skill/81db5616-3c98-4317-a728-5dae08d44bd4,comprehend financial business terminology,http://data.europa.eu/esco/skill-type/skill,essential,3
http://data.europa.eu/esco/skill/05010f6c-0b40-4525-ac4a-057d46a2b6f4,design electrical systems,http://data.europa.eu/esco/skill-type/skill,essential,3
http://data.europa.eu/esco/skill/c8bd9f9f-0ec6-447a-ab78-ad6eeeed9aa8,electrical testing methods,http://data.europa.eu/esco/skill-type/knowledge,essential,3
http://data.europa.eu/esco/skill/77bf865e-6360-424f-9d77-ce03918c7dcf,design circuit boards,http://data.europa.eu/esco/skill-type/skill,essential,3
http://data.europa.eu/esco/skill/c3cad273-2cd4-4e4c-9d0a-4d7ed638fc36,electromagnets,http://data.europa.eu/esco/skill-type/knowledge,essential,3
http://data.europa.eu/esco/skill/d1ec6846-dd8a-4810-8115-474cdf271540,regulations on substances,http://data.europa.eu/esco/skill-type/knowledge,essential,3
http://data.europa.eu/esco/skill/7957b5f9-1f33-4ff8-84e9-e258b17882c2,test microelectronics,http://data.europa.eu/esco/skill-type/skill,essential,3
http://data.europa.eu/esco/skill/61c81161-b732-4c47-aba5-9e554d9a853f,integrated circuit types,http://data.europa.eu/esco/skill-type/knowledge,essential,3
http://data.europa.eu/esco/skill/b27411a8-c401-4241-841b-c742ae32a8d3,micromechanics,http://data.europa.eu/esco/skill-type/knowledge,optional,3
http://data.europa.eu/esco/skill/bf4b6b71-3025-4129-babc-0e275804e058,optoelectronic devices,http://data.europa.eu/esco/skill-type/knowledge,essential,3
http://data.europa.eu/esco/skill/286d0e0d-48e9-4210-b110-b1fbf04c35f1,radars,http://data.europa.eu/esco/skill-type/knowledge,optional,3
http://data.europa.eu/esco/skill/ba45db8f-34e8-4f29-af0b-e6645e1d693f,maintain electronic equipment,http://data.europa.eu/esco/skill-type/skill,essential,3
http://data.europa.eu/esco/skill/52797dce-911c-4e6d-b0cb-491f6469014f,install electrical and electronic equipment,http://data.europa.eu/esco/skill-type/skill,essential,3
http://data.europa.eu/esco/skill/d560df46-dda4-4407-bab2-b87353a96814,design control systems,http://data.europa.eu/esco/skill-type/skill,essential,3
http://data.europa.eu/esco/skill/07e1799a-82c2-4877-9b43-1499812c5619,wear cleanroom suit,http://data.europa.eu/esco/skill-type/skill,essential,3
http://data.europa.eu/esco/skill/c7194910-5738-45e9-9932-22dbe2293a0c,send faulty equipment back to assembly line,http://data.europa.eu/esco/skill-type/skill,optional,3
http://data.europa.eu/esco/skill/fe4a9fb8-2963-4b23-8a18-e033197304f2,design sensors,http://data.europa.eu/esco/skill-type/skill,essential,3
http://data.europa.eu/esco/skill/4cdbc76c-75d8-4e12-8653-4820c2d5446f,microsystem test procedures,http://data.europa.eu/esco/skill-type/knowledge,essential,3
http://data.europa.eu/esco/skill/db4a5d3a-47f5-4ff2-bc79-e458ee58c3fe,assemble mechatronic units,http://data.europa.eu/esco/skill-type/skill,essential,3
http://data.europa.eu/esco/skill/999f0cf8-0d78-492c-be17-06ee15bce47a,simulate mechatronic design concepts,http://data.europa.eu/esco/skill-type/skill,essential,3
http://data.europa.eu/esco/skill/6c65bbce-15ce-447e-9666-0fe928f5588c,test mechatronic units,http://data.europa.eu/esco/skill-type/skill,essential,3
http://data.europa.eu/esco/skill/0458f6a0-cb54-4ff5-a543-b2c5354e17c0,keep up with digital transformation of industrial processes,http://data.europa.eu/esco/skill-type/skill,optional,3
http://data.europa.eu/esco/skill/a2b566b0-1070-47a4-adc8-88839942ce25,hybrid control systems,http://data.europa.eu/esco/skill-type/knowledge,optional,3
http://data.europa.eu/esco/skill/b979d9ae-37c2-4d1f-b8b8-7539f913cb19,electric drives,http://data.europa.eu/esco/skill-type/knowledge,essential,3
http://data.europa.eu/esco/skill/020b3c27-bae1-4b85-9d6f-eccee0f5ed99,manage supplies,http://data.europa.eu/esco/skill-type/skill,optional,3
http://data.europa.eu/esco/skill/36cf8d2c-3463-4147-8ea3-c423280087ab,remove defective products,http://data.europa.eu/esco/skill-type/skill,essential,3
http://data.europa.eu/esco/skill/2fea2558-630e-480d-9e12-47a05bc19b55,precision mechanics,http://data.europa.eu/esco/skill-type/knowledge,optional,3
http://data.europa.eu/esco/skill/e7b05688-c191-4c34-b8ba-9cdcb8d805ad,develop electricity distribution schedule,http://data.europa.eu/esco/skill-type/skill,optional,3
http://data.europa.eu/esco/skill/3220a66f-d129-463b-848e-891b4f1c79e3,develop hazardous waste management strategies,http://data.europa.eu/esco/skill-type/skill,essential,3
http://data.europa.eu/esco/skill/29bfe2cd-f011-4f94-a3aa-f77768e60460,analyse energy consumption,http://data.europa.eu/esco/skill-type/skill,optional,3
http://data.europa.eu/esco/skill/0dc8813a-cebd-4a42-acc8-9a7c4e6e3663,test procedures in electricity transmission,http://data.europa.eu/esco/skill-type/skill,optional,3
http://data.europa.eu/esco/skill/61368732-eb1c-47e0-8e33-20c8c8f5e70a,make electrical calculations,http://data.europa.eu/esco/skill-type/skill,essential,3
http://data.europa.eu/esco/skill/6853886b-ebc5-4b91-98af-9a4ecca803bd,types of wind turbines,http://data.europa.eu/esco/skill-type/knowledge,essential,3
http://data.europa.eu/esco/skill/7c127140-3a91-4fe2-b33e-12567d78ef0f,fuel gas,http://data.europa.eu/esco/skill-type/knowledge,essential,3
http://data.europa.eu/esco/skill/8fea133a-8e3d-4ae6-89b6-94961445ee85,ensure correct gas pressure,http://data.europa.eu/esco/skill-type/skill,optional,3
http://data.europa.eu/esco/skill/9a25b5b8-8b41-4dcd-8bd7-0034542836a2,adjust voltage,http://data.europa.eu/esco/skill-type/skill,essential,3
http://data.europa.eu/esco/skill/608eb32b-276c-42a6-9be9-2d7bc33e9b3b,natural gas,http://data.europa.eu/esco/skill-type/knowledge,essential,3
http://data.europa.eu/esco/skill/f2071535-4da0-4253-a548-920d170b80e0,design thermal equipment,http://data.europa.eu/esco/skill-type/skill,essential,3
http://data.europa.eu/esco/skill/9a8043af-5b1c-4f16-9e00-39416b46f512,monitor nuclear power plant systems,http://data.europa.eu/esco/skill-type/skill,essential,3
http://data.europa.eu/esco/skill/a432ffcd-b58d-4417-836c-ea3282b626ca,run simulations,http://data.europa.eu/esco/skill-type/skill,essential,3
http://data.europa.eu/esco/skill/6957717a-84f7-4af5-9791-b3f6f5cf6084,test gas purity,http://data.europa.eu/esco/skill-type/skill,essential,3
http://data.europa.eu/esco/skill/a366bfc5-8d17-4792-a9f0-db0951528dda,advise on environmental risk management systems,http://data.europa.eu/esco/skill-type/skill,essential,3
http://data.europa.eu/esco/skill/56a13f47-ad7c-451f-81cf-e550107abc03,electrical discharge,http://data.europa.eu/esco/skill-type/knowledge,essential,3
http://data.europa.eu/esco/skill/885808f7-f42b-406e-95f2-28efcd45ddda,carry out energy management of facilities,http://data.europa.eu/esco/skill-type/skill,essential,3
http://data.europa.eu/esco/skill/7832b684-580c-4eaf-a8b3-322164b041ab,provide information on solar panels,http://data.europa.eu/esco/skill-type/skill,essential,3
http://data.europa.eu/esco/skill/3b73a161-be59-4079-815e-b4879f9b20b5,gas consumption,http://data.europa.eu/esco/skill-type/knowledge,essential,3
http://data.europa.eu/esco/skill/c9bb544b-99a1-4335-bcea-23f84b01095a,develop non-hazardous waste management strategies,http://data.europa.eu/esco/skill-type/skill,essential,3
http://data.europa.eu/esco/skill/6c4b5031-2eaf-449e-af88-8304a66e4eb5,fuel distribution systems,http://data.europa.eu/esco/skill-type/knowledge,essential,3
http://data.europa.eu/esco/skill/33784b61-bd86-4451-8a89-741ada5f8475,maintain photovoltaic systems,http://data.europa.eu/esco/skill-type/skill,optional,3
http://data.europa.eu/esco/skill/694e1e70-3e22-4d72-a3ac-b5f92951423d,ensure compliance with electricity distribution schedule,http://data.europa.eu/esco/skill-type/skill,essential,3
http://data.europa.eu/esco/skill/5d3798b0-d3a3-45ef-9df2-8b8756d4d79c,use thermal analysis,http://data.europa.eu/esco/skill-type/skill,essential,3
http://data.europa.eu/esco/skill/57869946-cec2-4121-981c-84c9846c58d0,electric current,http://data.europa.eu/esco/skill-type/knowledge,essential,3
http://data.europa.eu/esco/skill/50ac5186-bb18-4ffb-9f29-00636853c8ea,design solar energy systems,http://data.europa.eu/esco/skill-type/skill,essential,3
http://data.europa.eu/esco/skill/106b9659-4b9a-4ce2-8d16-80add5bf81b0,energy transformation,http://data.europa.eu/esco/skill-type/knowledge,essential,3
http://data.europa.eu/esco/skill/96d901a6-c931-4e8d-b685-a47e1deaaa1b,identify energy needs,http://data.europa.eu/esco/skill-type/skill,essential,3
http://data.europa.eu/esco/skill/cf9a4613-ff8a-40a7-931f-c6fba2cc3d50,heat transfer processes,http://data.europa.eu/esco/skill-type/knowledge,essential,3
http://data.europa.eu/esco/skill/aba2e61d-ef78-45bd-a9bc-392a718d4877,"heating, ventilation, air conditioning and refrigeration parts",http://data.europa.eu/esco/skill-type/knowledge,essential,3
http://data.europa.eu/esco/skill/2aff3316-15b8-4ca1-8ae2-270bd5fd22e1,electrical equipment regulations,http://data.europa.eu/esco/skill-type/knowledge,essential,3
http://data.europa.eu/esco/skill/557d1221-0235-4a48-ada5-8fca73443627,electronics principles,http://data.europa.eu/esco/skill-type/knowledge,essential,3
http://data.europa.eu/esco/skill/f30a7ea4-77dd-452c-8a2d-b06c12606a7f,operate soldering equipment,http://data.europa.eu/esco/skill-type/skill,essential,3
http://data.europa.eu/esco/skill/4c831013-9027-4ec6-83de-c5c19e68d083,work safely with machines,http://data.europa.eu/esco/skill-type/skill,essential,3
http://data.europa.eu/esco/skill/081d7679-5070-4777-bece-a28c49f15636,environmental policy,http://data.europa.eu/esco/skill-type/knowledge,essential,3
http://data.europa.eu/esco/skill/9ef0f3a0-9ce2-4ef1-a987-0366b5cb2dbe,database development tools,http://data.europa.eu/esco/skill-type/knowledge,essential,3
http://data.europa.eu/esco/skill/7fc4c18a-68f3-425a-aadf-f83633be47a1,learning technologies,http://data.europa.eu/esco/skill-type/knowledge,essential,3
http://data.europa.eu/esco/skill/5f5e9350-1d13-4391-b9e1-07f6b2047fc5,e-learning,http://data.europa.eu/esco/skill-type/knowledge,essential,3
http://data.europa.eu/esco/skill/8a6394d1-f44f-4b0d-81d5-7201fc025ba8,develop e-learning plan,http://data.europa.eu/esco/skill-type/skill,essential,3
http://data.europa.eu/esco/skill/7c89d065-c50d-4129-b963-b73e62e58ba4,identify education needs,http://data.europa.eu/esco/skill-type/skill,essential,3
http://data.europa.eu/esco/skill/d04e4bde-05fa-499c-9237-1fe5e4560525,secondary school procedures,http://data.europa.eu/esco/skill-type/skill,optional,3
http://data.europa.eu/esco/skill/74bb0643-a15f-48ea-b12c-d98bf49cb317,primary school procedures,http://data.europa.eu/esco/skill-type/knowledge,optional,3
http://data.europa.eu/esco/skill/9b55d4b6-d015-4605-985e-5313a1e3face,functionalities of machinery,http://data.europa.eu/esco/skill-type/knowledge,optional,3
http://data.europa.eu/esco/skill/078098e1-01f7-4654-9ddd-016f4063b54d,cooperate with education professionals,http://data.europa.eu/esco/skill-type/skill,essential,3
http://data.europa.eu/esco/skill/50ab7296-bc34-4cb1-9fdb-7cf7b6f80f9c,maintain work standards,http://data.europa.eu/esco/skill-type/skill,essential,3
http://data.europa.eu/esco/skill/36dc0b74-84ee-4be2-a91c-0a91b4576a21,apply footwear and leather goods quality control techniques,http://data.europa.eu/esco/skill-type/skill,essential,3
http://data.europa.eu/esco/skill/064493f5-894a-4346-a2dd-833da0fbe43f,footwear finishing techniques,http://data.europa.eu/esco/skill-type/knowledge,essential,3
http://data.europa.eu/esco/skill/9918125c-7a48-4062-9921-7e50eccc123c,covert slivers into thread,http://data.europa.eu/esco/skill-type/skill,optional,3
http://data.europa.eu/esco/skill/d2810e30-951b-4cfa-b7dc-06f81e5f4763,staple spinning machine technology,http://data.europa.eu/esco/skill-type/knowledge,essential,3
http://data.europa.eu/esco/skill/dd6f8901-b20a-48e9-94ac-b1829dc2cfec,manage manufacturing documentation,http://data.europa.eu/esco/skill-type/skill,optional,3
http://data.europa.eu/esco/skill/d54a1355-05c8-45eb-9c42-267d2cfcdf44,provide technical training,http://data.europa.eu/esco/skill-type/skill,optional,3
http://data.europa.eu/esco/skill/5d05068e-7ae7-4ff6-8fa3-e35ea03b48b1,check quality of products on the production line,http://data.europa.eu/esco/skill-type/skill,essential,3
http://data.europa.eu/esco/skill/9707091a-323b-4240-877a-5999a19286f0,apply ICT system usage policies,http://data.europa.eu/esco/skill-type/skill,essential,3
http://data.europa.eu/esco/skill/0868eef3-2213-4572-9343-74931345a7d3,administer ICT system,http://data.europa.eu/esco/skill-type/skill,essential,3
http://data.europa.eu/esco/skill/3a5231a0-8c30-48ee-b671-08e2debd4441,organisational policies,http://data.europa.eu/esco/skill-type/knowledge,essential,3
http://data.europa.eu/esco/skill/db36f7f1-5900-45bd-9ffb-f2b19c4362ac,support ICT system users,http://data.europa.eu/esco/skill-type/skill,essential,3
http://data.europa.eu/esco/skill/07e47d58-dd0e-4302-9e68-70a188e89065,apply system organisational policies,http://data.europa.eu/esco/skill-type/skill,essential,3
http://data.europa.eu/esco/skill/5063a99f-975b-4a7c-85e3-69ecb375b4d3,internet governance,http://data.europa.eu/esco/skill-type/knowledge,essential,3
http://data.europa.eu/esco/skill/0a43729f-2a79-4dae-9faa-95520daae79f,apply company policies,http://data.europa.eu/esco/skill-type/skill,essential,3
http://data.europa.eu/esco/skill/7f0b1a66-ebaf-4c8a-b606-4c1844eb692e,attend to ICT systems quality,http://data.europa.eu/esco/skill-type/skill,essential,3
http://data.europa.eu/esco/skill/709ef32a-7435-48e2-8fa2-16e389ecab8a,Cisco,http://data.europa.eu/esco/skill-type/knowledge,optional,3
http://data.europa.eu/esco/skill/ab986bc4-df92-4351-9ac1-aa75af943cf7,perform clerical duties,http://data.europa.eu/esco/skill-type/skill,essential,3
http://data.europa.eu/esco/skill/32428b21-514b-42c2-81b5-244a7804ea74,procurement of ICT network equipment,http://data.europa.eu/esco/skill-type/knowledge,essential,3
http://data.europa.eu/esco/skill/bf5d77ad-e18c-48d8-83f0-bc79c011c74a,develop professional network,http://data.europa.eu/esco/skill-type/skill,essential,3
http://data.europa.eu/esco/skill/74688c5d-2af1-4f7a-9d1c-00e808eaa1e6,budgetary principles,http://data.europa.eu/esco/skill-type/knowledge,essential,3
http://data.europa.eu/esco/skill/f7e7ccb6-fadc-4c35-935d-e1040be40dfe,handle financial transactions,http://data.europa.eu/esco/skill-type/skill,essential,3
http://data.europa.eu/esco/skill/cf310cff-0d28-4dbc-9dbb-cc500a3196c2,office software,http://data.europa.eu/esco/skill-type/knowledge,essential,3
http://data.europa.eu/esco/skill/648782e0-b5e5-4e59-bed0-627aa8ac29f0,maintain records of financial transactions,http://data.europa.eu/esco/skill-type/skill,essential,3
http://data.europa.eu/esco/skill/0295b2a4-fb86-495f-9547-d479532fc4c2,trace financial transactions,http://data.europa.eu/esco/skill-type/skill,essential,3
http://data.europa.eu/esco/skill/c241f5a5-e23f-47bf-ad24-d83ea0010166,ensure proper document management,http://data.europa.eu/esco/skill-type/skill,essential,3
http://data.europa.eu/esco/skill/f632251a-4078-4546-b19f-7ef528d08325,use IT tools,http://data.europa.eu/esco/skill-type/skill,essential,3
http://data.europa.eu/esco/skill/a8585efe-4011-47b2-9aed-cd01bd3652c0,legal research,http://data.europa.eu/esco/skill-type/knowledge,essential,3
http://data.europa.eu/esco/skill/87cadd76-4e3a-47e5-b66d-559fbc1e8993,respond to enquiries,http://data.europa.eu/esco/skill-type/skill,essential,3
http://data.europa.eu/esco/skill/e76f5374-f86d-431c-9704-475a38ce72be,identify improvement actions,http://data.europa.eu/esco/skill-type/skill,essential,3
http://data.europa.eu/esco/skill/6c315001-d329-4930-9294-9cf2c7afb672,revise quality control systems documentation,http://data.europa.eu/esco/skill-type/skill,essential,3
http://data.europa.eu/esco/skill/d67aaf6e-e3fc-4d47-9694-3fba2dc64ef6,inspect material,http://data.europa.eu/esco/skill-type/skill,essential,3
http://data.europa.eu/esco/skill/c2aacac0-5a16-4493-b769-e7c052916d39,anthropology,http://data.europa.eu/esco/skill-type/knowledge,essential,3
http://data.europa.eu/esco/skill/3391d6dd-d584-4c8c-9af9-d2f0c45e2b4b,journalism,http://data.europa.eu/esco/skill-type/knowledge,optional,3
http://data.europa.eu/esco/skill/670c79e9-aa33-41ae-9858-573ade0adb89,interview focus groups,http://data.europa.eu/esco/skill-type/skill,optional,3
http://data.europa.eu/esco/skill/2cc30e4e-2139-411a-9fa9-f0d616b64c57,monitor sociological trends,http://data.europa.eu/esco/skill-type/skill,optional,3
http://data.europa.eu/esco/skill/b0096dc5-2e2d-4bc1-8172-05bf486c3968,design application interfaces,http://data.europa.eu/esco/skill-type/skill,essential,2
http://data.europa.eu/esco/skill/b8c01891-e3df-4a4b-948d-95b45e1788f5,mobile device software frameworks,http://data.europa.eu/esco/skill-type/knowledge,optional,2
http://data.europa.eu/esco/skill/83218cac-3599-417e-93d2-26013cdccd98,service-oriented modelling,http://data.europa.eu/esco/skill-type/knowledge,essential,2
http://data.europa.eu/esco/skill/41bf7ede-fc84-4a57-8c89-b548d11b0ba1,manage business knowledge,http://data.europa.eu/esco/skill-type/skill,essential,2
http://data.europa.eu/esco/skill/b16200f4-4f39-4b8b-aa9d-3568054d6bdb,Open source model,http://data.europa.eu/esco/skill-type/knowledge,optional,2
http://data.europa.eu/esco/skill/67a118f4-8a5f-48f7-8e5f-de34b9ca2c37,Hybrid model,http://data.europa.eu/esco/skill-type/knowledge,optional,2
http://data.europa.eu/esco/skill/63f0aa84-5e4c-4eb6-8e8c-876d9feedf1f,Outsourcing model,http://data.europa.eu/esco/skill-type/knowledge,optional,2
http://data.europa.eu/esco/skill/eeca3780-8049-499f-a268-95a7ad26642c,SaaS (service-oriented modelling),http://data.europa.eu/esco/skill-type/knowledge,optional,2
http://data.europa.eu/esco/skill/e76dd90d-91c4-49c0-bfd0-dfa2c4c90c81,interpret electronic design specifications,http://data.europa.eu/esco/skill-type/skill,essential,2
http://data.europa.eu/esco/skill/7482a123-e801-48de-9733-262125671410,task algorithmisation,http://data.europa.eu/esco/skill-type/knowledge,essential,2
http://data.europa.eu/esco/skill/6e4f75b4-c60f-4623-a9ba-760c8245753b,ICT communications protocols,http://data.europa.eu/esco/skill-type/knowledge,essential,2
http://data.europa.eu/esco/skill/283cbcd3-7101-4dbb-be37-56f3625515b1,provide ICT consulting advice,http://data.europa.eu/esco/skill-type/skill,essential,2
http://data.europa.eu/esco/skill/e043aeeb-78f5-4049-afbf-12bba52225bc,hardware architectures,http://data.europa.eu/esco/skill-type/knowledge,optional,2
http://data.europa.eu/esco/skill/3ff589b7-68df-4ea5-ae41-b395bdb2378f,ICT security standards,http://data.europa.eu/esco/skill-type/knowledge,optional,2
http://data.europa.eu/esco/skill/cbe2c304-1e7d-489a-97d9-a7d3e37a9db6,apply ICT systems theory,http://data.europa.eu/esco/skill-type/skill,essential,2
http://data.europa.eu/esco/skill/cdd8b6b2-2fd9-453c-8d62-8a1dc6efcd49,systems theory,http://data.europa.eu/esco/skill-type/knowledge,essential,2
http://data.europa.eu/esco/skill/6e8fe5de-fe6d-482c-92fe-20e56ee57324,global navigation satellite system performance parameters,http://data.europa.eu/esco/skill-type/knowledge,essential,2
http://data.europa.eu/esco/skill/fea269a3-85e5-4953-a5b8-e9b7b275b7df,geostationary satellites,http://data.europa.eu/esco/skill-type/knowledge,essential,2
http://data.europa.eu/esco/skill/b3f971b2-6c11-43d3-b5ce-8ba7f5a223c7,types of satellites,http://data.europa.eu/esco/skill-type/knowledge,essential,2
http://data.europa.eu/esco/skill/a521903b-aa32-4954-9790-961b0df1261f,unmanned air systems,http://data.europa.eu/esco/skill-type/knowledge,essential,2
http://data.europa.eu/esco/skill/af2eb9ef-c98d-4ab2-b4dd-049cdb30e665,"guidance, navigation and control",http://data.europa.eu/esco/skill-type/knowledge,optional,2
http://data.europa.eu/esco/skill/c69fe106-693e-4633-8c80-9734e52700b1,defense system,http://data.europa.eu/esco/skill-type/knowledge,optional,2
http://data.europa.eu/esco/skill/6ed67cf0-d8b9-4025-8b6e-a29a11e6b977,build a product's physical model,http://data.europa.eu/esco/skill-type/skill,optional,2
http://data.europa.eu/esco/skill/f82e10fc-392c-429e-bcc2-0b9ce5ee886f,synthetic natural environment,http://data.europa.eu/esco/skill-type/knowledge,optional,2
http://data.europa.eu/esco/skill/ddfe79e2-c2e3-4ba7-9bdf-3820b4f75b54,identify ICT user needs,http://data.europa.eu/esco/skill-type/skill,essential,2
http://data.europa.eu/esco/skill/a8797f21-1af0-4c5e-98ca-bf1442929363,interact with users to gather requirements,http://data.europa.eu/esco/skill-type/skill,essential,2
http://data.europa.eu/esco/skill/a846cb9e-c152-41e7-bd34-45e7ff941e3b,legal requirements of ICT products,http://data.europa.eu/esco/skill-type/knowledge,essential,2
http://data.europa.eu/esco/skill/a47d194d-0ffd-4aaa-b695-fbbe0255000e,design information system,http://data.europa.eu/esco/skill-type/skill,essential,2
http://data.europa.eu/esco/skill/2d6d4784-0992-48e7-b100-22d7229b3f0a,translate requirement concepts into visual design,http://data.europa.eu/esco/skill-type/skill,essential,2
http://data.europa.eu/esco/skill/695c3249-18e7-4435-bdb8-54a16011159d,develop documentation in accordance with legal requirements,http://data.europa.eu/esco/skill-type/skill,essential,2
http://data.europa.eu/esco/skill/7adb8473-bcc6-4ff8-9850-76d945d40092,analyse ICT system,http://data.europa.eu/esco/skill-type/skill,essential,2
http://data.europa.eu/esco/skill/a3ce2bf7-5562-4639-9b52-fdb4850a3904,ICT problem management techniques,http://data.europa.eu/esco/skill-type/knowledge,optional,2
http://data.europa.eu/esco/skill/dad7e408-162f-46a4-8567-db560e19e2fc,identify ICT system weaknesses,http://data.europa.eu/esco/skill-type/skill,essential,2
http://data.europa.eu/esco/skill/f058bf62-70d1-4f5e-be2a-8b26fac24a96,design graphics,http://data.europa.eu/esco/skill-type/skill,essential,2
http://data.europa.eu/esco/skill/a71577b2-7550-4222-88ee-dcbd2d881516,graphics editor software,http://data.europa.eu/esco/skill-type/knowledge,essential,2
http://data.europa.eu/esco/skill/4a466c62-db7d-4905-9a41-f23214810acb,GIMP (graphics editor software),http://data.europa.eu/esco/skill-type/knowledge,optional,2
http://data.europa.eu/esco/skill/14ced458-5f4b-495f-bd3d-9c240614bda0,Adobe Photoshop,http://data.europa.eu/esco/skill-type/knowledge,optional,2
http://data.europa.eu/esco/skill/6b3afb82-c4ea-4f14-be54-a757fb762663,Vagrant,http://data.europa.eu/esco/skill-type/knowledge,optional,2
http://data.europa.eu/esco/skill/27b913f0-3c52-448b-ad27-fc6ef08fb326,Adobe Illustrator,http://data.europa.eu/esco/skill-type/knowledge,optional,2
http://data.europa.eu/esco/skill/85038d57-1fdd-40de-b908-2c005545a8c3,SketchBook Pro,http://data.europa.eu/esco/skill-type/knowledge,optional,2
http://data.europa.eu/esco/skill/b0ac313d-de44-4344-ada6-76d2177b6d92,Synfig,http://data.europa.eu/esco/skill-type/knowledge,optional,2
http://data.europa.eu/esco/skill/86f7126d-97fd-4da5-be96-d1cf6ecd54e6,Microsoft Visio,http://data.europa.eu/esco/skill-type/knowledge,optional,2
http://data.europa.eu/esco/skill/e74f4f21-8d45-412c-b5c3-652e6167ee32,content development processes,http://data.europa.eu/esco/skill-type/knowledge,essential,2
http://data.europa.eu/esco/skill/902fb91c-3113-4004-9b4f-79aa86b638b7,web application security threats,http://data.europa.eu/esco/skill-type/knowledge,optional,2
http://data.europa.eu/esco/skill/eb3aa8c1-fb14-47b4-a352-b7975abd2480,replicate customer software issues,http://data.europa.eu/esco/skill-type/skill,essential,2
http://data.europa.eu/esco/skill/78a74fd1-efc6-49dc-adb1-1b0fbe35c22c,provide software testing documentation,http://data.europa.eu/esco/skill-type/skill,essential,2
http://data.europa.eu/esco/skill/7253d98c-4a6d-4e37-8b6c-accca9f4b639,develop ICT test suite,http://data.europa.eu/esco/skill-type/skill,optional,2
http://data.europa.eu/esco/skill/6a322874-e32f-4cd8-9683-badce67a7f73,develop automated software tests,http://data.europa.eu/esco/skill-type/skill,optional,2
http://data.europa.eu/esco/skill/be0ff6d8-5e61-4021-9c89-e40cf0b75cc6,measure software usability,http://data.europa.eu/esco/skill-type/skill,essential,2
http://data.europa.eu/esco/skill/c4b626c1-e71c-44ec-9f88-042766f37fcc,application usability,http://data.europa.eu/esco/skill-type/knowledge,essential,2
http://data.europa.eu/esco/skill/ea412de3-9d7a-4943-8d8c-c6d3c7495d0e,execute integration testing,http://data.europa.eu/esco/skill-type/skill,optional,2
http://data.europa.eu/esco/skill/9d1b08b3-ba1e-41f6-a466-1ac1e62eb5f0,conduct ICT code review,http://data.europa.eu/esco/skill-type/skill,optional,2
http://data.europa.eu/esco/skill/0e1fe34b-f4e7-4642-8c8b-5a05ac3438e5,manage schedule of tasks,http://data.europa.eu/esco/skill-type/skill,optional,2
http://data.europa.eu/esco/skill/bd14968e-e409-45af-b362-3495ed7b10e0,cloud technologies,http://data.europa.eu/esco/skill-type/knowledge,essential,2
http://data.europa.eu/esco/skill/2164e860-7f20-48bc-b98c-5d9f8a561550,design computer network,http://data.europa.eu/esco/skill-type/skill,essential,2
http://data.europa.eu/esco/skill/bf7ea00f-db77-4a95-9b9f-2d12b6d9fcb4,implement ICT network diagnostic tools,http://data.europa.eu/esco/skill-type/skill,essential,2
http://data.europa.eu/esco/skill/8fa840f7-e66a-4370-8e6d-7d554260c31c,forecast future ICT network needs,http://data.europa.eu/esco/skill-type/skill,essential,2
http://data.europa.eu/esco/skill/0da6cab1-0ee9-4391-a299-f71fbf21db56,ICT network routing,http://data.europa.eu/esco/skill-type/knowledge,essential,2
http://data.europa.eu/esco/skill/861cc783-6d4c-442e-9081-3a6e389be454,install electronic communication equipment,http://data.europa.eu/esco/skill-type/skill,essential,2
http://data.europa.eu/esco/skill/881cd4ec-5b52-46c6-abc4-60551d58b355,make technical drawings of fashion pieces,http://data.europa.eu/esco/skill-type/skill,essential,2
http://data.europa.eu/esco/skill/db1484fb-3b59-439d-ae82-0905af2790aa,properties of fabrics,http://data.europa.eu/esco/skill-type/knowledge,optional,2
http://data.europa.eu/esco/skill/a4c2aa71-086f-4a46-b481-2619673c9dfe,execute ICT user research activities,http://data.europa.eu/esco/skill-type/skill,essential,2
http://data.europa.eu/esco/skill/269b8734-fa1d-4c6f-a843-523fa3bbae6e,behavioural science,http://data.europa.eu/esco/skill-type/knowledge,essential,2
http://data.europa.eu/esco/skill/2618f336-8e71-4666-83b5-f368edb0906d,cognitive psychology,http://data.europa.eu/esco/skill-type/knowledge,essential,2
http://data.europa.eu/esco/skill/b0a3bb25-a02f-43ed-ab1f-994fa66a424a,online analytical processing,http://data.europa.eu/esco/skill-type/knowledge,essential,2
http://data.europa.eu/esco/skill/03a74eee-2dc6-4147-8667-5cdeb65f122d,manage ICT data classification,http://data.europa.eu/esco/skill-type/skill,optional,2
http://data.europa.eu/esco/skill/4216e465-7baa-4884-a241-54b197bb9278,perform data mining,http://data.europa.eu/esco/skill-type/skill,optional,2
http://data.europa.eu/esco/skill/54c9c155-9293-4329-8ed2-2e76e8b519d4,define data quality criteria,http://data.europa.eu/esco/skill-type/skill,essential,2
http://data.europa.eu/esco/skill/0d6714c6-720e-4985-9791-5ab85d28da79,gather data,http://data.europa.eu/esco/skill-type/skill,essential,2
http://data.europa.eu/esco/skill/ab1e97ed-2319-4293-a8b7-072d2648822f,database management systems,http://data.europa.eu/esco/skill-type/knowledge,essential,2
http://data.europa.eu/esco/skill/3c6cd54b-e206-47a4-90c8-d19ff4523f34,contact scientists,http://data.europa.eu/esco/skill-type/skill,essential,2
http://data.europa.eu/esco/skill/0df2e216-68ae-4952-b9dc-3c2f2bc04fe3,maintain database,http://data.europa.eu/esco/skill-type/skill,essential,2
http://data.europa.eu/esco/skill/8f2a4d74-b16f-4023-8fc1-b8dc8b21ffb9,molecular biology,http://data.europa.eu/esco/skill-type/knowledge,essential,2
http://data.europa.eu/esco/skill/45290231-bc6c-461e-b05c-aab9bad212c4,analyse telescope images,http://data.europa.eu/esco/skill-type/skill,essential,2
http://data.europa.eu/esco/skill/60f2ec1a-9237-4d0e-8c4a-1a3e67a0d83d,define celestial bodies,http://data.europa.eu/esco/skill-type/skill,essential,2
http://data.europa.eu/esco/skill/2c6fbea1-55cc-4a64-a640-d90656b82c5c,carry out scientific research in observatory,http://data.europa.eu/esco/skill-type/skill,essential,2
http://data.europa.eu/esco/skill/ff27618d-43d0-4480-83ee-8b1a672da078,astronomy,http://data.europa.eu/esco/skill-type/knowledge,essential,2
http://data.europa.eu/esco/skill/9436db78-4331-495b-a97d-223fd246de2f,operate telescopes,http://data.europa.eu/esco/skill-type/skill,essential,2
http://data.europa.eu/esco/skill/b4a05236-1754-4ec6-869c-025f82855878,aeronomy,http://data.europa.eu/esco/skill-type/knowledge,optional,2
http://data.europa.eu/esco/skill/ca99ec2c-fbdf-4a60-87c9-1ed6835738bc,teach astronomy,http://data.europa.eu/esco/skill-type/skill,optional,2
http://data.europa.eu/esco/skill/8770350e-746f-4adb-9556-18ca68104be6,market research,http://data.europa.eu/esco/skill-type/knowledge,essential,2
http://data.europa.eu/esco/skill/b70ab677-5781-40b5-9198-d98f4a34310f,toxicology,http://data.europa.eu/esco/skill-type/knowledge,essential,2
http://data.europa.eu/esco/skill/b36a1779-914b-4a4e-9d79-a1765bdfcc86,allergies,http://data.europa.eu/esco/skill-type/knowledge,optional,2
http://data.europa.eu/esco/skill/c5bfa6cf-2221-4dc2-8824-120a1eed28da,perfume raw materials,http://data.europa.eu/esco/skill-type/knowledge,optional,2
http://data.europa.eu/esco/skill/b0ca1911-90b3-4a27-93bb-72aed1403c9e,create fragrances formulae,http://data.europa.eu/esco/skill-type/skill,essential,2
http://data.europa.eu/esco/skill/78521a78-d0b6-41ca-ae11-d1af9da8a3cb,food science,http://data.europa.eu/esco/skill-type/knowledge,optional,2
http://data.europa.eu/esco/skill/b069365c-28af-48f3-a7e1-106df39cf814,test fragrances against customer satisfaction,http://data.europa.eu/esco/skill-type/skill,optional,2
http://data.europa.eu/esco/skill/2f954283-4642-409a-8e9b-d6ae0a11b358,use meteorological tools to forecast meteorological conditions,http://data.europa.eu/esco/skill-type/skill,essential,2
http://data.europa.eu/esco/skill/c605fd71-08c4-4f03-8187-9874d2401cb7,carry out meteorological research,http://data.europa.eu/esco/skill-type/skill,essential,2
http://data.europa.eu/esco/skill/206f5738-e91f-4390-84a2-fcb864bc11b1,use specialised computer models for weather forecasting,http://data.europa.eu/esco/skill-type/skill,essential,2
http://data.europa.eu/esco/skill/607e4018-3144-43c3-832a-6da339f1d1ef,operate meteorological instruments,http://data.europa.eu/esco/skill-type/skill,optional,2
http://data.europa.eu/esco/skill/fd9694e7-5e7a-4209-806f-51451bb63dc7,present during live broadcasts,http://data.europa.eu/esco/skill-type/skill,essential,2
http://data.europa.eu/esco/skill/669edd06-1de6-4d01-8029-3e64a3754001,develop models for weather forecast,http://data.europa.eu/esco/skill-type/skill,optional,2
http://data.europa.eu/esco/skill/02b6350e-433a-42b1-b620-92fc53b9a14d,operate remote sensing equipment,http://data.europa.eu/esco/skill-type/skill,optional,2
http://data.europa.eu/esco/skill/f2d57f41-43b4-4f5b-8100-3df5c21eda50,process data,http://data.europa.eu/esco/skill-type/skill,essential,2
http://data.europa.eu/esco/skill/ef30e7f8-1ef0-4a6f-87ac-d6a701125305,set theory,http://data.europa.eu/esco/skill-type/knowledge,optional,2
http://data.europa.eu/esco/skill/a56dec32-05ef-45de-a256-ee6741f356db,information confidentiality,http://data.europa.eu/esco/skill-type/knowledge,optional,2
http://data.europa.eu/esco/skill/54924a2c-daca-40d3-9716-4b38ceb04f38,algorithms,http://data.europa.eu/esco/skill-type/knowledge,optional,2
http://data.europa.eu/esco/skill/79c36c91-28a5-44b7-ab9b-7093b2d4b21e,advise on financial matters,http://data.europa.eu/esco/skill-type/skill,optional,2
http://data.europa.eu/esco/skill/9ec4252d-cbe8-4134-88fa-549dee1883f3,human anatomy,http://data.europa.eu/esco/skill-type/knowledge,essential,2
http://data.europa.eu/esco/skill/51e53aff-6f8a-42ca-9cb9-47335130f4d7,human physiology,http://data.europa.eu/esco/skill-type/knowledge,essential,2
http://data.europa.eu/esco/skill/fbdbed1c-442a-47b3-a26f-0e867d82bbea,ergonomics,http://data.europa.eu/esco/skill-type/knowledge,optional,2
http://data.europa.eu/esco/skill/1d4b74b0-1a48-48ec-a3cd-26cca0c212a3,biological chemistry,http://data.europa.eu/esco/skill-type/knowledge,optional,2
http://data.europa.eu/esco/skill/2fd5cac8-b23f-46fe-b186-8836df388fda,assist in clinical trials,http://data.europa.eu/esco/skill-type/skill,optional,2
http://data.europa.eu/esco/skill/8485ef31-f707-4452-a6ec-9dbf3837611f,optomechanical engineering,http://data.europa.eu/esco/skill-type/knowledge,optional,2
http://data.europa.eu/esco/skill/2b834a98-14ff-47e1-8aef-cf8ffae912fa,collect mapping data,http://data.europa.eu/esco/skill-type/skill,essential,2
http://data.europa.eu/esco/skill/7d4e4636-f136-46f6-ae23-2a7639d6b861,geodesy,http://data.europa.eu/esco/skill-type/knowledge,essential,2
http://data.europa.eu/esco/skill/222137dc-9021-4be8-bb7a-29833e02616a,prepare surveying report,http://data.europa.eu/esco/skill-type/skill,essential,2
http://data.europa.eu/esco/skill/bb0069d2-0953-43d4-923b-18ad370bc2f3,adjust surveying equipment,http://data.europa.eu/esco/skill-type/skill,essential,2
http://data.europa.eu/esco/skill/67785eab-0818-41f9-9756-a8e0a215b95b,surveying methods,http://data.europa.eu/esco/skill-type/knowledge,essential,2
http://data.europa.eu/esco/skill/023f4870-b417-4bd2-b0ae-78e61587c79f,geomatics,http://data.europa.eu/esco/skill-type/knowledge,essential,2
http://data.europa.eu/esco/skill/bad66a63-4e3f-41f9-9e5d-a4d5f12f8d36,create GIS reports,http://data.europa.eu/esco/skill-type/skill,optional,2
http://data.europa.eu/esco/skill/5b776f2d-cac1-437e-badd-9871876209a5,develop geological databases,http://data.europa.eu/esco/skill-type/skill,optional,2
http://data.europa.eu/esco/skill/d89b9a3f-19bf-4b9b-9664-ed35924eb399,collect data using GPS,http://data.europa.eu/esco/skill-type/skill,essential,2
http://data.europa.eu/esco/skill/c6445183-6a52-49e0-a51c-6b3481ba5c54,conduct research before survey,http://data.europa.eu/esco/skill-type/skill,essential,2
http://data.europa.eu/esco/skill/faa8e4f3-40fd-4fb7-bf3e-fb8eb639fb33,prepare geological map sections,http://data.europa.eu/esco/skill-type/skill,optional,2
http://data.europa.eu/esco/skill/b64b9863-5ed3-49c7-8fd3-5324fabeda5d,interpret geophysical data,http://data.europa.eu/esco/skill-type/skill,optional,2
http://data.europa.eu/esco/skill/49320ec7-65f9-4f90-bed2-2d41784f1836,compile GIS-data,http://data.europa.eu/esco/skill-type/skill,optional,2
http://data.europa.eu/esco/skill/9e14c1d8-72f2-45ba-815d-0d12e12d19fa,create thematic maps,http://data.europa.eu/esco/skill-type/skill,optional,2
http://data.europa.eu/esco/skill/1f403e44-7a79-4b91-b86a-e406208be161,possess visual literacy,http://data.europa.eu/esco/skill-type/skill,essential,2
http://data.europa.eu/esco/skill/df958b10-9e1c-4a80-9170-5572a5366e84,medical devices,http://data.europa.eu/esco/skill-type/knowledge,optional,2
http://data.europa.eu/esco/skill/73997f48-cd9d-4724-872d-86ecbb2ed9a2,plant species,http://data.europa.eu/esco/skill-type/knowledge,essential,2
http://data.europa.eu/esco/skill/5f302d63-048e-451c-b150-97c124a5a26b,analyse economic trends,http://data.europa.eu/esco/skill-type/skill,essential,2
http://data.europa.eu/esco/skill/d63c2bad-817d-4116-b4d8-b927cb01212d,commercial law,http://data.europa.eu/esco/skill-type/knowledge,essential,2
http://data.europa.eu/esco/skill/0a48d064-dd04-47fb-a00d-85e9b4874033,business management principles,http://data.europa.eu/esco/skill-type/knowledge,essential,2
http://data.europa.eu/esco/skill/905b6acd-377b-46b9-9d80-e47e9ca789ca,financial markets,http://data.europa.eu/esco/skill-type/knowledge,essential,2
http://data.europa.eu/esco/skill/4b2db903-cd8e-48ce-97fb-a92db4def54e,financial forecasting,http://data.europa.eu/esco/skill-type/knowledge,optional,2
http://data.europa.eu/esco/skill/292549e6-08ec-456c-b008-eba7a0a68428,analyse market financial trends,http://data.europa.eu/esco/skill-type/skill,essential,2
http://data.europa.eu/esco/skill/f2a34d6b-131a-4b8f-a110-898b9c91d18f,forecast economic trends,http://data.europa.eu/esco/skill-type/skill,essential,2
http://data.europa.eu/esco/skill/756ae350-9e1f-4cb9-9c27-6bd99806dadc,sales promotion techniques,http://data.europa.eu/esco/skill-type/knowledge,essential,2
http://data.europa.eu/esco/skill/e6262391-ffda-4b8e-9f5c-89cf1a0e7384,audiovisual equipment,http://data.europa.eu/esco/skill-type/knowledge,optional,2
http://data.europa.eu/esco/skill/a5f836cc-7e6d-4f3d-a7ee-0146ebb84260,create soil and plant improvement programmes,http://data.europa.eu/esco/skill-type/skill,essential,2
http://data.europa.eu/esco/skill/fabc4abb-d255-403e-bfbb-6557afb4db58,label samples,http://data.europa.eu/esco/skill-type/skill,optional,2
http://data.europa.eu/esco/skill/a8429098-ddac-481b-91e7-688d021c092e,ecology,http://data.europa.eu/esco/skill-type/knowledge,essential,2
http://data.europa.eu/esco/skill/fabd4be5-c648-40f7-9706-f2d99f065119,thermoplastic materials,http://data.europa.eu/esco/skill-type/knowledge,essential,2
http://data.europa.eu/esco/skill/21056f6a-8a85-4eb0-b709-468578b809e0,assess the feasibility of implementing developments,http://data.europa.eu/esco/skill-type/skill,optional,2
http://data.europa.eu/esco/skill/798d427e-51b3-4cd4-8b24-1357015e9ae7,optimise production,http://data.europa.eu/esco/skill-type/skill,essential,2
http://data.europa.eu/esco/skill/cf2005ee-c788-4283-81d9-b443dfdf2c2e,types of wood,http://data.europa.eu/esco/skill-type/knowledge,essential,2
http://data.europa.eu/esco/skill/40fa39b5-0f69-432a-b5ea-b01b5d98649a,dispose of hazardous waste,http://data.europa.eu/esco/skill-type/skill,optional,2
http://data.europa.eu/esco/skill/9f34107c-8db0-4b00-84d8-3f64e400c80c,consult technical resources,http://data.europa.eu/esco/skill-type/skill,essential,2
http://data.europa.eu/esco/skill/c3d61bcf-e698-4d39-8db1-388284dbfc74,operate lifting equipment,http://data.europa.eu/esco/skill-type/skill,optional,2
http://data.europa.eu/esco/skill/2416dc09-6384-409e-8b1d-80bb7a2e7369,handle chemicals,http://data.europa.eu/esco/skill-type/skill,essential,2
http://data.europa.eu/esco/skill/940a70fa-7c58-423b-8d03-34920b59f0f7,manage processes,http://data.europa.eu/esco/skill-type/skill,essential,2
http://data.europa.eu/esco/skill/2c28fc20-8a60-4311-8899-5ef8729c05b3,design process,http://data.europa.eu/esco/skill-type/skill,essential,2
http://data.europa.eu/esco/skill/89d2bb53-67fc-4b9e-80c7-07b6c587bc0d,work safely with chemicals,http://data.europa.eu/esco/skill-type/skill,essential,2
http://data.europa.eu/esco/skill/1c8327dd-9af0-4124-9c4e-0342d90189d4,design pharmaceutical manufacturing systems,http://data.europa.eu/esco/skill-type/skill,optional,2
http://data.europa.eu/esco/skill/b73bda36-9c32-4045-ad4b-168b81d44662,design optical systems,http://data.europa.eu/esco/skill-type/skill,optional,2
http://data.europa.eu/esco/skill/acbb31e0-7cfb-4987-a9a7-4df119e0b83b,pharmaceutical chemistry,http://data.europa.eu/esco/skill-type/knowledge,optional,2
http://data.europa.eu/esco/skill/7b1ab171-caed-4561-89e4-b214396b1ae8,pharmaceutical technology,http://data.europa.eu/esco/skill-type/knowledge,optional,2
http://data.europa.eu/esco/skill/451c8010-7dbb-4f96-b4d4-0955766d9eff,improve chemical processes,http://data.europa.eu/esco/skill-type/skill,optional,2
http://data.europa.eu/esco/skill/34396520-b785-42dc-afe0-f74d7aa9f793,pharmaceutical drug development,http://data.europa.eu/esco/skill-type/knowledge,optional,2
http://data.europa.eu/esco/skill/d8aa87e2-bbe4-45ac-a1e4-f48b6f63952e,develop pharmaceutical drugs,http://data.europa.eu/esco/skill-type/skill,optional,2
http://data.europa.eu/esco/skill/b0279338-ddfa-473d-b961-fa51b1185612,recognise signs of corrosion,http://data.europa.eu/esco/skill-type/skill,optional,2
http://data.europa.eu/esco/skill/326809fc-238d-40c2-881e-40042f7f2f0d,establish collaborative relations,http://data.europa.eu/esco/skill-type/skill,optional,2
http://data.europa.eu/esco/skill/b8ac179c-4a29-4467-9177-031daf1321d6,packaging engineering,http://data.europa.eu/esco/skill-type/knowledge,essential,2
http://data.europa.eu/esco/skill/1c3a0f83-8ee5-4693-9e3d-f1546a59a653,types of packaging materials,http://data.europa.eu/esco/skill-type/knowledge,essential,2
http://data.europa.eu/esco/skill/13f22eb5-e3a8-405a-9d89-c8124d4a239a,good manufacturing practices,http://data.europa.eu/esco/skill-type/knowledge,optional,2
http://data.europa.eu/esco/skill/c438aa25-949e-47e6-a79c-a805d774946e,write batch record documentation,http://data.europa.eu/esco/skill-type/skill,optional,2
http://data.europa.eu/esco/skill/c69587b4-05d3-45bb-b79b-9b85e6603fc2,provide technical expertise,http://data.europa.eu/esco/skill-type/skill,essential,2
http://data.europa.eu/esco/skill/2ce0a4d6-f2f4-47f8-a811-a445862089e8,design plant waste procedures,http://data.europa.eu/esco/skill-type/skill,optional,2
http://data.europa.eu/esco/skill/7afd29d7-9c9f-4151-83f2-562b8c94a3af,apply transportation management concepts,http://data.europa.eu/esco/skill-type/skill,optional,2
http://data.europa.eu/esco/skill/825999ab-104e-46d5-87ac-385cdd0b3ea2,procure mechanical machinery,http://data.europa.eu/esco/skill-type/skill,essential,2
http://data.europa.eu/esco/skill/ed1d2fed-92c4-47d6-9d6d-34d501c55572,advise on geology for mineral extraction,http://data.europa.eu/esco/skill-type/skill,essential,2
http://data.europa.eu/esco/skill/371d57e6-cc5f-4fc0-9c0c-58feb595cc5b,perform product testing,http://data.europa.eu/esco/skill-type/skill,essential,2
http://data.europa.eu/esco/skill/1ba3a076-6517-4dd9-b461-eb23ca25fbe9,nuclear reprocessing,http://data.europa.eu/esco/skill-type/knowledge,essential,2
http://data.europa.eu/esco/skill/61268e22-9367-4c3b-91d9-b651e4c142e2,fire safety regulations,http://data.europa.eu/esco/skill-type/knowledge,essential,2
http://data.europa.eu/esco/skill/6633d687-cb8d-4743-a69c-cfb963fe4f4c,fire protection engineering,http://data.europa.eu/esco/skill-type/knowledge,essential,2
http://data.europa.eu/esco/skill/861009ea-4d15-4e80-a8dc-7db41ecaf49b,fire prevention procedures,http://data.europa.eu/esco/skill-type/knowledge,essential,2
http://data.europa.eu/esco/skill/ccde26f3-e822-4b6a-94a1-39af4ae41fed,fire-fighting systems,http://data.europa.eu/esco/skill-type/knowledge,essential,2
http://data.europa.eu/esco/skill/b8ad23ec-7b72-40e6-a85f-a4ee71f8fdd9,conduct fire tests,http://data.europa.eu/esco/skill-type/skill,essential,2
http://data.europa.eu/esco/skill/6074be26-466d-4df7-b845-4c44157a2529,conduct fire safety inspections,http://data.europa.eu/esco/skill-type/skill,optional,2
http://data.europa.eu/esco/skill/37838e04-ac5f-43a5-82d0-35f42351fd60,advise on safety improvements,http://data.europa.eu/esco/skill-type/skill,essential,2
http://data.europa.eu/esco/skill/2e04c512-6867-49c5-ad58-0797b8fbddf2,determine fire risks,http://data.europa.eu/esco/skill-type/skill,optional,2
http://data.europa.eu/esco/skill/50f2d23c-b3fb-48a5-967b-14fd0a6dd205,inspect construction supplies,http://data.europa.eu/esco/skill-type/skill,essential,2
http://data.europa.eu/esco/skill/adf6bcb1-6fbb-4b77-8be4-65ce20ee04e2,prioritise tasks,http://data.europa.eu/esco/skill-type/skill,essential,2
http://data.europa.eu/esco/skill/cc173f61-3386-44c5-a048-3889e1ec9114,construction methods,http://data.europa.eu/esco/skill-type/knowledge,essential,2
http://data.europa.eu/esco/skill/efacdaad-ab73-4056-bee3-4eb34b458bf6,industrial design,http://data.europa.eu/esco/skill-type/knowledge,essential,2
http://data.europa.eu/esco/skill/dda26251-7331-41fd-871f-1106ca468189,traffic engineering,http://data.europa.eu/esco/skill-type/knowledge,optional,2
http://data.europa.eu/esco/skill/76654176-5cc8-4cb3-b307-4ef1b6c2543c,zoning codes,http://data.europa.eu/esco/skill-type/knowledge,essential,2
http://data.europa.eu/esco/skill/f2f463e5-2382-49cb-8199-e7e043d868df,health and safety regulations,http://data.europa.eu/esco/skill-type/knowledge,essential,2
http://data.europa.eu/esco/skill/b66b7130-e851-4e54-a3cc-7bd1f8db531e,respond to nuclear emergencies,http://data.europa.eu/esco/skill-type/skill,optional,2
http://data.europa.eu/esco/skill/c2fddf67-6b53-4cd4-8483-82e97e0f2a81,evaluate industrial hygiene,http://data.europa.eu/esco/skill-type/skill,essential,2
http://data.europa.eu/esco/skill/a0e23745-6ba4-45e2-9510-df6e71ed1230,apply knowledge of human behaviour,http://data.europa.eu/esco/skill-type/skill,essential,2
http://data.europa.eu/esco/skill/37ab8cef-8abf-43be-a71f-1e45aef610b8,monitor work site,http://data.europa.eu/esco/skill-type/skill,essential,2
http://data.europa.eu/esco/skill/72c80b59-6b2a-430a-a68a-108470bd64b8,instruct employees on radiation protection,http://data.europa.eu/esco/skill-type/skill,optional,2
http://data.europa.eu/esco/skill/632a96bc-498c-48ea-a83f-fdc42d811a51,follow nuclear plant safety precautions,http://data.europa.eu/esco/skill-type/skill,essential,2
http://data.europa.eu/esco/skill/556be6f4-225f-46a2-a795-d3d54d98c3f7,conduct workplace audits,http://data.europa.eu/esco/skill-type/skill,essential,2
http://data.europa.eu/esco/skill/4da883cc-056d-4661-8970-da4bbcc1f9e0,prepare extraction proposals,http://data.europa.eu/esco/skill-type/skill,optional,2
http://data.europa.eu/esco/skill/d874115e-2668-4619-a0a8-6022feb47aec,manufacturing of jewellery,http://data.europa.eu/esco/skill-type/knowledge,optional,2
http://data.europa.eu/esco/skill/a94ef591-d0c5-4097-98ff-6a7f50ea72e8,monitor extraction logging operations,http://data.europa.eu/esco/skill-type/skill,optional,2
http://data.europa.eu/esco/skill/875217fb-fe22-4c2c-adf4-b57f2052626a,make time-critical decisions,http://data.europa.eu/esco/skill-type/skill,essential,2
http://data.europa.eu/esco/skill/f5f5b244-6cea-4fbc-8a50-8f712791bc09,follow company standards,http://data.europa.eu/esco/skill-type/skill,essential,2
http://data.europa.eu/esco/skill/80ae18bf-f3a4-4f83-b372-7c5c9d686865,manage commercial risks,http://data.europa.eu/esco/skill-type/skill,essential,2
http://data.europa.eu/esco/skill/3369d4f5-bfa7-47dc-b61f-e74d0d91bf74,optimise financial performance,http://data.europa.eu/esco/skill-type/skill,essential,2
http://data.europa.eu/esco/skill/496932f1-0b6b-4f73-9432-d95c7ddcd43b,recruit employees,http://data.europa.eu/esco/skill-type/skill,optional,2
http://data.europa.eu/esco/skill/15725b82-9608-4579-abdf-adf91982dad9,develop health and safety strategies in mining,http://data.europa.eu/esco/skill-type/skill,essential,2
http://data.europa.eu/esco/skill/e186976a-64f0-4052-a25b-297d19e1d0ec,think proactively,http://data.europa.eu/esco/skill-type/skill,essential,2
http://data.europa.eu/esco/skill/275db6dd-7606-4dce-b8dc-644b2a50e578,interface with anti-mining lobbyists,http://data.europa.eu/esco/skill-type/skill,essential,2
http://data.europa.eu/esco/skill/a1d24f87-230e-4b4c-8107-dccf81316364,evaluate mine development projects,http://data.europa.eu/esco/skill-type/skill,essential,2
http://data.europa.eu/esco/skill/cf2eca70-a30c-4bb7-aeda-61c434a0f05c,train mine engineers,http://data.europa.eu/esco/skill-type/skill,optional,2
http://data.europa.eu/esco/skill/d73cb129-b385-4776-8303-f3f926b2e481,report on production results,http://data.europa.eu/esco/skill-type/skill,essential,2
http://data.europa.eu/esco/skill/d3a8ef9c-8572-438c-91dc-010537070be3,manage environmental impact,http://data.europa.eu/esco/skill-type/skill,essential,2
http://data.europa.eu/esco/skill/87de6e49-ca1c-42a4-8751-5ff0b991966b,negotiate with stakeholders,http://data.europa.eu/esco/skill-type/skill,essential,2
http://data.europa.eu/esco/skill/aa31bb76-8109-43c4-abc0-21529336a880,handle carriers,http://data.europa.eu/esco/skill-type/skill,essential,2
http://data.europa.eu/esco/skill/4bdbd6db-7d75-40e7-b40e-5718e2982dfb,perform financial risk management in international trade,http://data.europa.eu/esco/skill-type/skill,essential,2
http://data.europa.eu/esco/skill/90a4035a-f72e-48d3-9d4e-1c6be84c9ae5,communicate with shipment forwarders,http://data.europa.eu/esco/skill-type/skill,essential,2
http://data.europa.eu/esco/skill/293301db-be3c-4cba-b3ee-6cc9c55fd70a,monitor international market performance,http://data.europa.eu/esco/skill-type/skill,essential,2
http://data.europa.eu/esco/skill/11747665-0e98-4f27-bd0d-536862cd5746,identify suppliers,http://data.europa.eu/esco/skill-type/skill,essential,2
http://data.europa.eu/esco/skill/d6d3fee7-47e2-47f4-a0ec-6c75f28c6abd,product comprehension,http://data.europa.eu/esco/skill-type/knowledge,essential,2
http://data.europa.eu/esco/skill/b0565bd9-29c8-42f6-b174-702970fc2f4f,produce sales reports,http://data.europa.eu/esco/skill-type/skill,essential,2
http://data.europa.eu/esco/skill/5609c548-8581-4a28-8afc-5f744868e9c7,build rapport with people from different cultural backgrounds,http://data.europa.eu/esco/skill-type/skill,essential,2
http://data.europa.eu/esco/skill/2de4572a-4724-4f76-afc2-72a568a264ac,speak different languages,http://data.europa.eu/esco/skill-type/skill,essential,2
http://data.europa.eu/esco/skill/04cda8e8-e06b-4c91-bbb5-27414dc1cf14,embargo regulations,http://data.europa.eu/esco/skill-type/knowledge,essential,2
http://data.europa.eu/esco/skill/cbf01241-d126-402a-af28-2eb81e2e24e8,export regulations of dual-use goods,http://data.europa.eu/esco/skill-type/knowledge,essential,2
http://data.europa.eu/esco/skill/0ee94af1-b445-4973-9c3f-459fab250342,apply conflict management,http://data.europa.eu/esco/skill-type/skill,essential,2
http://data.europa.eu/esco/skill/6f45a77d-9208-40f2-a116-ac99c77ef580,international commercial transactions rules,http://data.europa.eu/esco/skill-type/knowledge,essential,2
http://data.europa.eu/esco/skill/9889b795-d755-41b2-8afd-2e3c87a65a38,use customer relationship management software,http://data.europa.eu/esco/skill-type/skill,essential,2
http://data.europa.eu/esco/skill/ce6242a1-a2d9-43e6-a481-ae89b9ec0460,model microelectronics,http://data.europa.eu/esco/skill-type/skill,essential,2
http://data.europa.eu/esco/skill/bc1a03da-e78c-4956-9dc2-0da70711df80,nanoelectronics,http://data.europa.eu/esco/skill-type/knowledge,optional,2
http://data.europa.eu/esco/skill/18edb12e-4f41-4ae0-8085-7513236580c8,optical glass characteristics,http://data.europa.eu/esco/skill-type/knowledge,essential,2
http://data.europa.eu/esco/skill/67d81541-4dc2-44ee-af59-2c3ebb8a91e1,refractive power,http://data.europa.eu/esco/skill-type/knowledge,essential,2
http://data.europa.eu/esco/skill/08deb446-76f3-4fa2-bd01-dd368c66880d,optical equipment standards,http://data.europa.eu/esco/skill-type/knowledge,essential,2
http://data.europa.eu/esco/skill/ac42ad10-4399-4730-a097-04dfb605aace,optical manufacturing process,http://data.europa.eu/esco/skill-type/knowledge,essential,2
http://data.europa.eu/esco/skill/a670abe2-c4a2-49a6-996c-760562aeb43d,optical components,http://data.europa.eu/esco/skill-type/knowledge,essential,2
http://data.europa.eu/esco/skill/2e5c3901-cac5-46a0-ad5d-b98a34680513,test optical components,http://data.europa.eu/esco/skill-type/skill,essential,2
http://data.europa.eu/esco/skill/72b90d26-b881-4984-a542-9c47bd42e549,maintain optical equipment,http://data.europa.eu/esco/skill-type/skill,optional,2
http://data.europa.eu/esco/skill/14764a75-3104-4875-ba1d-57c059b9b013,telecommunications engineering,http://data.europa.eu/esco/skill-type/knowledge,optional,2
http://data.europa.eu/esco/skill/e8fd5bfe-e4fe-417f-bceb-270a0e6657f4,operate optical assembly equipment,http://data.europa.eu/esco/skill-type/skill,essential,2
http://data.europa.eu/esco/skill/fed2fe77-623b-42f7-9d46-a2e5454f069a,lasers,http://data.europa.eu/esco/skill-type/knowledge,optional,2
http://data.europa.eu/esco/skill/be566f3e-6c21-4799-a7d0-fa4abbcb71cd,ensure aircraft compliance with regulation,http://data.europa.eu/esco/skill-type/skill,essential,2
http://data.europa.eu/esco/skill/34330a42-eeb0-44c3-a41e-670e9b20c7c7,air traffic management,http://data.europa.eu/esco/skill-type/knowledge,optional,2
http://data.europa.eu/esco/skill/68269b0a-35c5-4867-bc17-a0b0230fe60c,ensure quality of final product,http://data.europa.eu/esco/skill-type/skill,essential,2
http://data.europa.eu/esco/skill/190b7060-79fa-4450-9a3d-c4ce63b0fa4d,solder components onto electronic board,http://data.europa.eu/esco/skill-type/skill,optional,2
http://data.europa.eu/esco/skill/24c39caf-6f4d-4fa1-bd54-2eb917c0dfde,customise drafts,http://data.europa.eu/esco/skill-type/skill,essential,2
http://data.europa.eu/esco/skill/bee296bc-48f7-4df6-bd2c-8616c8a6c8de,design hardware,http://data.europa.eu/esco/skill-type/skill,optional,2
http://data.europa.eu/esco/skill/d1a2b81b-a3b5-4e4c-958f-e361254c295e,develop assembly instructions,http://data.europa.eu/esco/skill-type/skill,optional,2
http://data.europa.eu/esco/skill/c290c45c-b8da-4517-be4a-b16fdce26cb2,review drafts,http://data.europa.eu/esco/skill-type/skill,optional,2
http://data.europa.eu/esco/skill/432ab648-aece-4237-969f-8bca94fe181c,use manual draughting techniques,http://data.europa.eu/esco/skill-type/skill,optional,2
http://data.europa.eu/esco/skill/e975b791-b488-4935-be44-06f2f9a443bb,set up automotive robot,http://data.europa.eu/esco/skill-type/skill,essential,2
http://data.europa.eu/esco/skill/4a2a63e6-5c62-43a0-a375-fdf4c2805270,customise software for drive system,http://data.europa.eu/esco/skill-type/skill,optional,2
http://data.europa.eu/esco/skill/ca8c5849-2655-44b3-b2fa-c4c0e2a04aeb,replace machines,http://data.europa.eu/esco/skill-type/skill,optional,2
http://data.europa.eu/esco/skill/7ffae77a-93ce-40a3-af99-fae5729e8b15,assemble robots,http://data.europa.eu/esco/skill-type/skill,essential,2
http://data.europa.eu/esco/skill/7341904f-5913-470c-8c53-bc832df248ec,maintain robotic equipment,http://data.europa.eu/esco/skill-type/skill,optional,2
http://data.europa.eu/esco/skill/3c6fe585-7d12-4315-b579-e30c042088ce,use computer-aided engineering systems,http://data.europa.eu/esco/skill-type/skill,essential,2
http://data.europa.eu/esco/skill/671fa6d0-5052-493b-8476-c4ef43bb96bc,determine production capacity,http://data.europa.eu/esco/skill-type/skill,optional,2
http://data.europa.eu/esco/skill/3b3b7373-220a-4287-87cf-e24a208b63c6,quality and cycle time optimisation,http://data.europa.eu/esco/skill-type/knowledge,optional,2
http://data.europa.eu/esco/skill/efc5534d-3631-4564-a7b0-f6ae558f3c03,ensure conformity to specifications,http://data.europa.eu/esco/skill-type/skill,essential,2
http://data.europa.eu/esco/skill/6e34b68e-0d61-49f2-bc4d-571c0326d857,test sensors,http://data.europa.eu/esco/skill-type/skill,essential,2
http://data.europa.eu/esco/skill/ffdd5e53-7191-4043-ae0e-eea1bb077080,model sensor,http://data.europa.eu/esco/skill-type/skill,essential,2
http://data.europa.eu/esco/skill/0e44ceb3-9dd4-4ec4-b1d7-a0e83ddba7d4,automotive engineering,http://data.europa.eu/esco/skill-type/skill,optional,2
http://data.europa.eu/esco/skill/61bef658-d7f9-4759-b1b0-0f9cb3bc581a,biotechnology,http://data.europa.eu/esco/skill-type/knowledge,optional,2
http://data.europa.eu/esco/skill/6709e92c-7546-46a4-aa57-5e951bd4cb0f,building automation,http://data.europa.eu/esco/skill-type/knowledge,optional,2
http://data.europa.eu/esco/skill/887a5c70-5524-4c7d-96cc-6cdcf1c5309f,inspect building systems,http://data.europa.eu/esco/skill-type/skill,essential,2
http://data.europa.eu/esco/skill/8570573a-937b-406a-b4b2-1def0387d0d1,maintain concentrated solar power systems,http://data.europa.eu/esco/skill-type/skill,essential,2
http://data.europa.eu/esco/skill/b2fb9c46-cb25-42b9-9f04-ca1242f9402f,monitor waste treatment equipment,http://data.europa.eu/esco/skill-type/skill,optional,2
http://data.europa.eu/esco/skill/d189d4f0-5459-46b0-adaa-0ce9a6531da0,develop gas distribution schedule,http://data.europa.eu/esco/skill-type/skill,optional,2
http://data.europa.eu/esco/skill/5589cc21-672e-4fd4-8a25-74f3f9da3b5d,manage gas transmission system,http://data.europa.eu/esco/skill-type/skill,optional,2
http://data.europa.eu/esco/skill/6cfd4a53-f454-43aa-900e-c973cf5827a3,inspect underground power cables,http://data.europa.eu/esco/skill-type/skill,optional,2
http://data.europa.eu/esco/skill/3a116ee0-19d4-49e9-a8f0-f2cd4f51c463,transmission towers,http://data.europa.eu/esco/skill-type/knowledge,optional,2
http://data.europa.eu/esco/skill/0a0532c2-ee60-4410-8e07-70e4d69370ec,operate automated process control,http://data.europa.eu/esco/skill-type/skill,optional,2
http://data.europa.eu/esco/skill/114a79ef-1e62-475b-a862-954f5b4cca20,develop waste management processes,http://data.europa.eu/esco/skill-type/skill,essential,2
http://data.europa.eu/esco/skill/1557a239-5ed4-48e6-9536-d1ac6eaefcf3,gas market,http://data.europa.eu/esco/skill-type/knowledge,optional,2
http://data.europa.eu/esco/skill/8248a071-5307-4a64-a62d-643a35ec31e2,types of photovoltaic panels,http://data.europa.eu/esco/skill-type/knowledge,essential,2
http://data.europa.eu/esco/skill/7263d760-f114-42b8-8d60-3b9e8107e990,supervise electricity distribution operations,http://data.europa.eu/esco/skill-type/skill,optional,2
http://data.europa.eu/esco/skill/ca02218c-c5d4-41d6-9a11-1d7447f05167,supervise gas distribution operations,http://data.europa.eu/esco/skill-type/skill,essential,2
http://data.europa.eu/esco/skill/c564a8dc-e6b3-48a1-bb6c-674f6ce37215,fossil fuels,http://data.europa.eu/esco/skill-type/knowledge,optional,2
http://data.europa.eu/esco/skill/9581639c-e521-4d12-9b4e-25faca24d34b,supervise crew,http://data.europa.eu/esco/skill-type/skill,optional,2
http://data.europa.eu/esco/skill/7add3681-17b6-4027-8a9d-ee92d2b96a42,manage workflow processes,http://data.europa.eu/esco/skill-type/skill,optional,2
http://data.europa.eu/esco/skill/b9f67432-0057-4247-aa84-469f8c53b39d,waste and scrap products,http://data.europa.eu/esco/skill-type/knowledge,essential,2
http://data.europa.eu/esco/skill/fde9f003-eedf-40d4-984d-d8beb2e0a855,manufacturing of steam generators,http://data.europa.eu/esco/skill-type/knowledge,essential,2
http://data.europa.eu/esco/skill/7594068e-1a9d-4d39-b6f8-aa10f9792d2d,operate steam turbine,http://data.europa.eu/esco/skill-type/skill,optional,2
http://data.europa.eu/esco/skill/0b95eb5d-f3eb-4387-a0bb-094a394196c7,refrigerants,http://data.europa.eu/esco/skill-type/knowledge,essential,2
http://data.europa.eu/esco/skill/9cf2856d-0375-4ec3-a51f-7f9c82119859,maintain solar energy systems,http://data.europa.eu/esco/skill-type/skill,essential,2
http://data.europa.eu/esco/skill/2839f191-cd94-49a9-ac16-46018066b8b2,liaise with local authorities,http://data.europa.eu/esco/skill-type/skill,optional,2
http://data.europa.eu/esco/skill/e8c60367-d0fb-498d-9e90-7d46346f0089,ensure compliance with gas distribution schedule,http://data.europa.eu/esco/skill-type/skill,optional,2
http://data.europa.eu/esco/skill/28878fd9-9a17-452a-b3b8-5db5c63d7905,analyse energy market trends,http://data.europa.eu/esco/skill-type/skill,optional,2
http://data.europa.eu/esco/skill/27273605-2400-4392-a6d6-cc8161a2d445,ensure compliance with waste legislative regulations,http://data.europa.eu/esco/skill-type/skill,optional,2
http://data.europa.eu/esco/skill/8614b988-b907-473e-a701-47b525959dc8,advise on heating systems energy efficiency,http://data.europa.eu/esco/skill-type/skill,essential,2
http://data.europa.eu/esco/skill/18ee0ab2-60c0-42f2-9ce6-041738d63293,manage electricity transmission system,http://data.europa.eu/esco/skill-type/skill,optional,2
http://data.europa.eu/esco/skill/6a0aab53-6246-41e8-a910-e7a13f314860,test pipeline infrastructure operations,http://data.europa.eu/esco/skill-type/skill,optional,2
http://data.europa.eu/esco/skill/bb75528c-a953-459e-bd48-f90a8a7a0cf3,operate hydraulic machinery controls,http://data.europa.eu/esco/skill-type/skill,optional,2
http://data.europa.eu/esco/skill/c1de3963-05eb-4e45-8496-58156a345fb1,shift energy demands,http://data.europa.eu/esco/skill-type/skill,essential,2
http://data.europa.eu/esco/skill/3398504d-9137-4a38-a91c-b37416eba276,security requirements of goods transported via pipelines,http://data.europa.eu/esco/skill-type/knowledge,essential,2
http://data.europa.eu/esco/skill/82423b5c-486f-42e7-b00e-7358757a8de5,test samples for pollutants,http://data.europa.eu/esco/skill-type/skill,optional,2
http://data.europa.eu/esco/skill/90cac92e-bda6-4739-a754-6a2172df7c2f,pipeline transport regulations;,http://data.europa.eu/esco/skill-type/knowledge,essential,2
http://data.europa.eu/esco/skill/0037c821-2898-4919-b96e-7ed1cd89554c,develop energy saving concepts,http://data.europa.eu/esco/skill-type/skill,optional,2
http://data.europa.eu/esco/skill/3310562c-ed9e-43c2-a4d0-bafeed7057a4,report on fuel distribution incidents,http://data.europa.eu/esco/skill-type/skill,optional,2
http://data.europa.eu/esco/skill/22d69f7d-cbbf-4098-a5a8-a1b2f73cafb0,inspect overhead power lines,http://data.europa.eu/esco/skill-type/skill,optional,2
http://data.europa.eu/esco/skill/5bf756dd-a54a-47cd-80fe-3418fedd1c51,calculate solar panel orientation,http://data.europa.eu/esco/skill-type/skill,optional,2
http://data.europa.eu/esco/skill/36500a31-3204-45b2-bf75-5cfe06d9cea2,use thermal management,http://data.europa.eu/esco/skill-type/skill,essential,2
http://data.europa.eu/esco/skill/f14cfbac-07c5-43de-8b63-51518be99826,design wind turbines,http://data.europa.eu/esco/skill-type/skill,essential,2
http://data.europa.eu/esco/skill/45b2a257-1c28-4c84-bc71-a4871e398c54,research locations for wind farms,http://data.europa.eu/esco/skill-type/skill,essential,2
http://data.europa.eu/esco/skill/55cc1f3f-69fc-46ec-b24a-9708f6bd92b4,use software tools for site modelling,http://data.europa.eu/esco/skill-type/skill,optional,2
http://data.europa.eu/esco/skill/52242966-692f-4a4f-8279-cadbc7874183,inspect wind turbines,http://data.europa.eu/esco/skill-type/skill,essential,2
http://data.europa.eu/esco/skill/415cb0c2-e169-4f99-ba3e-d1c433b75368,assemble electrical components,http://data.europa.eu/esco/skill-type/skill,optional,2
http://data.europa.eu/esco/skill/a9b68e58-766a-403d-b5fe-955b57bdad1b,operate electronic measuring instruments,http://data.europa.eu/esco/skill-type/skill,essential,2
http://data.europa.eu/esco/skill/78aeeab7-f22f-4fcd-8543-d11340e3ee3c,assemble electromechanical systems,http://data.europa.eu/esco/skill-type/skill,essential,2
http://data.europa.eu/esco/skill/52739347-5eaa-4c9e-8cde-af7d2ba83320,model electromagnetic products,http://data.europa.eu/esco/skill-type/skill,essential,2
http://data.europa.eu/esco/skill/ec66b111-d8d0-4516-88ba-ee0b6fe6f695,process customer orders,http://data.europa.eu/esco/skill-type/skill,optional,2
http://data.europa.eu/esco/skill/23236dce-adc6-47bc-91e2-6701a93ece58,test microelectromechanical systems,http://data.europa.eu/esco/skill-type/skill,essential,2
http://data.europa.eu/esco/skill/aaa638f1-1027-47e6-a2fb-c4389f8dd27d,develop microelectromechanical system test procedures,http://data.europa.eu/esco/skill-type/skill,essential,2
http://data.europa.eu/esco/skill/4babe92a-68a1-4718-b1ab-640735c2cd53,test electromechanical systems,http://data.europa.eu/esco/skill-type/skill,essential,2
http://data.europa.eu/esco/skill/27065048-bca8-4b0a-891a-b192b9ceadfd,CAM software,http://data.europa.eu/esco/skill-type/knowledge,essential,2
http://data.europa.eu/esco/skill/5d71a91f-cc72-4b66-b6e3-d75ecc05e235,manage instrumentation systems,http://data.europa.eu/esco/skill-type/skill,optional,2
http://data.europa.eu/esco/skill/c5422318-3218-4ce9-9bdd-f38b93ff63a3,design electromechanical systems,http://data.europa.eu/esco/skill-type/skill,optional,2
http://data.europa.eu/esco/skill/4ff549c3-daa5-4def-9916-301c7bdf13b8,control systems,http://data.europa.eu/esco/skill-type/knowledge,essential,2
http://data.europa.eu/esco/skill/af0b1937-7538-434f-871b-7e8f72e04117,assemble instrumentation equipment,http://data.europa.eu/esco/skill-type/skill,optional,2
http://data.europa.eu/esco/skill/2e55bf22-45f2-43f6-8aa0-28894263313d,electric motors,http://data.europa.eu/esco/skill-type/knowledge,essential,2
http://data.europa.eu/esco/skill/ed291aa0-8b2f-4179-b2f7-540ea6f63bf3,electrical wiring diagrams,http://data.europa.eu/esco/skill-type/knowledge,essential,2
http://data.europa.eu/esco/skill/8c30f212-806e-49f6-ba1d-77ec0f0df524,design electromagnets,http://data.europa.eu/esco/skill-type/skill,essential,2
http://data.europa.eu/esco/skill/2c11a7eb-f1fc-4df6-909d-7aeff35ff1a4,assemble microelectromechanical systems,http://data.europa.eu/esco/skill-type/skill,optional,2
http://data.europa.eu/esco/skill/16c8eade-5c2b-4c9c-a60d-6799dbc758a3,instrumentation equipment,http://data.europa.eu/esco/skill-type/knowledge,essential,2
http://data.europa.eu/esco/skill/8844808b-5788-4872-ba15-d3cfa4d9ddaf,ensure equipment cooling,http://data.europa.eu/esco/skill-type/skill,optional,2
http://data.europa.eu/esco/skill/1d4ddf05-510a-424a-85d3-2305558665c5,research ocean energy projects,http://data.europa.eu/esco/skill-type/skill,optional,2
http://data.europa.eu/esco/skill/5bf7f85a-b080-4b27-8ddc-9f62af4643f5,use power tools,http://data.europa.eu/esco/skill-type/skill,essential,2
http://data.europa.eu/esco/skill/c0fc7d2d-d013-40d7-bc58-75cf3771153f,perform minor repairs to equipment,http://data.europa.eu/esco/skill-type/skill,optional,2
http://data.europa.eu/esco/skill/96835f47-da71-415b-8cbf-d37386dc98d4,conduct environmental surveys,http://data.europa.eu/esco/skill-type/skill,essential,2
http://data.europa.eu/esco/skill/1cebfd4f-2ab3-480a-a3c8-8065a303717d,address public health issues,http://data.europa.eu/esco/skill-type/skill,essential,2
http://data.europa.eu/esco/skill/0e0b8991-4b24-4bb8-9113-df3ce43c1ff9,advise on mining environmental issues,http://data.europa.eu/esco/skill-type/skill,essential,2
http://data.europa.eu/esco/skill/f12f094b-492f-4e88-b36b-50b8e58b7500,conduct environmental site assessments,http://data.europa.eu/esco/skill-type/skill,essential,2
http://data.europa.eu/esco/skill/25b973c6-68ea-4ff7-bd26-aa76bd08b62a,hydraulic fluid,http://data.europa.eu/esco/skill-type/knowledge,essential,2
http://data.europa.eu/esco/skill/5b8d63ff-a58b-4331-a53b-b1925acae4dc,advise on irrigation projects,http://data.europa.eu/esco/skill-type/skill,optional,2
http://data.europa.eu/esco/skill/414bfea8-a6bd-44e1-8820-80b1238a39cc,detect flaws in pipeline infrastructure,http://data.europa.eu/esco/skill-type/skill,optional,2
http://data.europa.eu/esco/skill/88547698-700d-41dc-b0c1-515adf63f9bf,prepare timelines for pipeline development projects,http://data.europa.eu/esco/skill-type/skill,optional,2
http://data.europa.eu/esco/skill/dc07021c-7528-4351-809a-1525904466ba,ensure compliance with radiation protection regulations,http://data.europa.eu/esco/skill-type/skill,essential,2
http://data.europa.eu/esco/skill/12adba20-07ba-40af-ad41-48f730af3851,radioactive contamination,http://data.europa.eu/esco/skill-type/knowledge,essential,2
http://data.europa.eu/esco/skill/613ec980-2d4c-4f56-a58b-28a343205d7b,develop radiation protection strategies,http://data.europa.eu/esco/skill-type/skill,essential,2
http://data.europa.eu/esco/skill/c291df22-0d6b-4cea-8feb-11c350a33081,monitor radiation levels,http://data.europa.eu/esco/skill-type/skill,optional,2
http://data.europa.eu/esco/skill/f0f93b8b-0ee4-4452-945e-4a2272c0d8dd,make numerical calculations,http://data.europa.eu/esco/skill-type/skill,essential,2
http://data.europa.eu/esco/skill/1dea2f3a-857c-4fc3-b1f8-d5f2015c46a9,give instructions to staff,http://data.europa.eu/esco/skill-type/skill,essential,2
http://data.europa.eu/esco/skill/0dc7aa1b-b5af-4f4b-81ce-ee22ed8b6926,assess ICT knowledge,http://data.europa.eu/esco/skill-type/skill,essential,2
http://data.europa.eu/esco/skill/03ff0d53-573a-47a0-a0ad-1995815a4339,information structure,http://data.europa.eu/esco/skill-type/knowledge,essential,2
http://data.europa.eu/esco/skill/8bc3c77c-30c3-45e6-bd61-069ba433ecfe,e-learning software infrastructure,http://data.europa.eu/esco/skill-type/knowledge,essential,2
http://data.europa.eu/esco/skill/dc298fac-7ab4-4feb-9b43-33d947d7703e,standards for web-based e-learning,http://data.europa.eu/esco/skill-type/knowledge,essential,2
http://data.europa.eu/esco/skill/4dafe480-f2ae-46b5-bd5e-8d4e538f50c7,identify training needs,http://data.europa.eu/esco/skill-type/skill,essential,2
http://data.europa.eu/esco/skill/6c80d53c-d8c9-41fe-998f-091fca208834,learning management systems,http://data.europa.eu/esco/skill-type/knowledge,essential,2
http://data.europa.eu/esco/skill/e3145bd7-7f35-44ec-a5dc-4417c5c9ab9a,instructional design models,http://data.europa.eu/esco/skill-type/knowledge,essential,2
http://data.europa.eu/esco/skill/d87fe0be-9055-4a76-a444-e98b5bfad9d8,Taleo,http://data.europa.eu/esco/skill-type/knowledge,optional,2
http://data.europa.eu/esco/skill/d4789070-2ff7-4bbb-94ca-8bb1739826a9,authoring software,http://data.europa.eu/esco/skill-type/knowledge,essential,2
http://data.europa.eu/esco/skill/49dd67a9-d0a6-4375-b856-85e09032fdac,keep up to date with subject knowledge,http://data.europa.eu/esco/skill-type/skill,optional,2
http://data.europa.eu/esco/skill/219dd03d-4168-416a-be40-f4becca55130,Engrade,http://data.europa.eu/esco/skill-type/knowledge,optional,2
http://data.europa.eu/esco/skill/426c1016-5a78-4357-9734-9cf5127d4fb7,assess employees' capability levels,http://data.europa.eu/esco/skill-type/skill,optional,2
http://data.europa.eu/esco/skill/54971fec-1c2f-49c0-9396-2f0c9fa5c8c0,LAMS,http://data.europa.eu/esco/skill-type/knowledge,optional,2
http://data.europa.eu/esco/skill/bedd8fa7-5a64-4134-9095-58f5709e25e4,Moodle,http://data.europa.eu/esco/skill-type/knowledge,optional,2
http://data.europa.eu/esco/skill/a87c1c42-8927-4183-97c7-a17554c22b29,Litmos,http://data.europa.eu/esco/skill-type/knowledge,optional,2
http://data.europa.eu/esco/skill/085bfce5-70fe-43da-9499-307725e89bbc,WizIQ,http://data.europa.eu/esco/skill-type/knowledge,optional,2
http://data.europa.eu/esco/skill/489b2571-ce18-4944-b452-ed1f54e55b68,Schoology,http://data.europa.eu/esco/skill-type/knowledge,optional,2
http://data.europa.eu/esco/skill/604f62cc-0f04-4903-b9f9-7128f72d4e5a,Brightspace (learning management systems),http://data.europa.eu/esco/skill-type/knowledge,optional,2
http://data.europa.eu/esco/skill/a9622bbb-3a6f-4819-a3fe-cd6a447a78e9,Sakai,http://data.europa.eu/esco/skill-type/knowledge,optional,2
http://data.europa.eu/esco/skill/3cfa46e9-b7da-44ac-b09e-9596dffe0425,optimise choice of ICT solution,http://data.europa.eu/esco/skill-type/skill,optional,2
http://data.europa.eu/esco/skill/36fe44b2-af36-4467-9be8-601e64b3dbc7,liaise with educational support staff,http://data.europa.eu/esco/skill-type/skill,essential,2
http://data.europa.eu/esco/skill/b5af495b-61f1-4330-9891-dca56d97d714,communicate with youth,http://data.europa.eu/esco/skill-type/skill,essential,2
http://data.europa.eu/esco/skill/3cd304db-9df0-4f22-9759-9ed86155876c,show consideration for student's situation,http://data.europa.eu/esco/skill-type/skill,essential,2
http://data.europa.eu/esco/skill/f5dc20ae-8b2f-4c9b-b4fa-e9e8c81dbcf4,encourage students to acknowledge their achievements,http://data.europa.eu/esco/skill-type/skill,essential,2
http://data.europa.eu/esco/skill/11f536f5-b0e2-46a6-95c1-bd765946604c,guarantee students' safety,http://data.europa.eu/esco/skill-type/skill,essential,2
http://data.europa.eu/esco/skill/ed57378a-2b27-4d80-8701-124e559cf17d,liaise with educational staff,http://data.europa.eu/esco/skill-type/skill,essential,2
http://data.europa.eu/esco/skill/731101d9-94bc-4805-bff4-9578d1bf03b5,learning difficulties,http://data.europa.eu/esco/skill-type/knowledge,essential,2
http://data.europa.eu/esco/skill/d5e1e30e-44ab-4aba-abab-b8263e801b7a,assist students in their learning,http://data.europa.eu/esco/skill-type/skill,essential,2
http://data.europa.eu/esco/skill/573d3f91-c81c-407e-a56d-0f3a63272b43,adapt teaching to student's capabilities,http://data.europa.eu/esco/skill-type/skill,essential,2
http://data.europa.eu/esco/skill/09f159aa-2745-4ab0-a050-96722a2269b9,assist in the organisation of school events,http://data.europa.eu/esco/skill-type/skill,optional,2
http://data.europa.eu/esco/skill/b1d75e36-64d3-4000-bd9c-14899bea87e2,perform playground surveillance,http://data.europa.eu/esco/skill-type/skill,optional,2
http://data.europa.eu/esco/skill/860e85ee-5992-445a-b3d3-9bab524f7600,manage resources for educational purposes,http://data.europa.eu/esco/skill-type/skill,optional,2
http://data.europa.eu/esco/skill/e9160feb-109a-41eb-9604-9f898c710d0f,oversee extra-curricular activities,http://data.europa.eu/esco/skill-type/skill,essential,2
http://data.europa.eu/esco/skill/d4ae9564-0b61-4aa0-9df0-d4fdc969fd6f,grammar,http://data.europa.eu/esco/skill-type/knowledge,essential,2
http://data.europa.eu/esco/skill/621391ab-1187-4705-a0cb-a7b1a6d2b664,school psychology,http://data.europa.eu/esco/skill-type/knowledge,optional,2
http://data.europa.eu/esco/skill/f7940b22-764a-43f0-9642-f60f5897109b,counsel students,http://data.europa.eu/esco/skill-type/skill,essential,2
http://data.europa.eu/esco/skill/1b957e3d-0017-42b0-9bfe-49a1cdd31de7,teach writing,http://data.europa.eu/esco/skill-type/skill,optional,2
http://data.europa.eu/esco/skill/29ca8fd4-40c1-494c-85ea-525f1ab4aa8c,construct individual learning plans,http://data.europa.eu/esco/skill-type/skill,optional,2
http://data.europa.eu/esco/skill/be3f635b-b400-4eb3-b4cc-c44a34f26eae,spelling,http://data.europa.eu/esco/skill-type/knowledge,essential,2
http://data.europa.eu/esco/skill/ef1e63c9-f8c1-46ad-8c74-3cea311c9377,special needs education,http://data.europa.eu/esco/skill-type/knowledge,optional,2
http://data.europa.eu/esco/skill/8e839bce-38f0-472d-8792-9b7c12b197ef,behavioural disorders,http://data.europa.eu/esco/skill-type/knowledge,essential,2
http://data.europa.eu/esco/skill/135192cb-84e4-4b70-8946-fbe5041b26cd,learning needs analysis,http://data.europa.eu/esco/skill-type/knowledge,essential,2
http://data.europa.eu/esco/skill/a13566a2-4461-4dcc-82b2-8280fb5bb993,provide teacher support,http://data.europa.eu/esco/skill-type/skill,optional,2
http://data.europa.eu/esco/skill/e3211ab2-18b5-49b4-90de-d395f3be2378,execute working instructions,http://data.europa.eu/esco/skill-type/skill,essential,2
http://data.europa.eu/esco/skill/5592ab32-4e7a-4cda-8e64-ca36d5de8a10,adapt to changing situations,http://data.europa.eu/esco/skill-type/skill,essential,2
http://data.europa.eu/esco/skill/fc54bd7f-0c03-4fdd-af8c-5eb4021e716d,identify with the company's goals,http://data.europa.eu/esco/skill-type/skill,essential,2
http://data.europa.eu/esco/skill/0fc0cb61-f44d-4fd0-afd1-18506380b55e,exert a goal-oriented leadership role towards colleagues,http://data.europa.eu/esco/skill-type/skill,essential,2
http://data.europa.eu/esco/skill/14dc991f-1b21-413d-86a3-499e6676abb9,consult student's support system,http://data.europa.eu/esco/skill-type/skill,essential,2
http://data.europa.eu/esco/skill/2fcd95a4-1f9a-41cf-95a9-4701bde476b4,operate welding equipment,http://data.europa.eu/esco/skill-type/skill,essential,2
http://data.europa.eu/esco/skill/de131ede-cbfe-4e34-aff4-96f16831c3c4,report pollution incidents,http://data.europa.eu/esco/skill-type/skill,essential,2
http://data.europa.eu/esco/skill/8a98707e-b2ee-48fe-9f36-e47e3555ecf7,evaluate employees work,http://data.europa.eu/esco/skill-type/skill,essential,2
http://data.europa.eu/esco/skill/f14ff4b7-be1e-4b55-b39b-520005f8a97e,liaise with managers,http://data.europa.eu/esco/skill-type/skill,essential,2
http://data.europa.eu/esco/skill/c8f14c32-7f24-41bb-9e8f-b24d6fd3ca86,follow production schedule,http://data.europa.eu/esco/skill-type/skill,essential,2
http://data.europa.eu/esco/skill/85aa1871-db96-42f7-801f-c39f924de2d7,plan shifts of employees,http://data.europa.eu/esco/skill-type/skill,essential,2
http://data.europa.eu/esco/skill/7cc80984-8c8a-4e03-8fda-b76b4198d1f0,textile technologies,http://data.europa.eu/esco/skill-type/knowledge,essential,2
http://data.europa.eu/esco/skill/3159d806-fa7b-4803-9288-0c0417b7871c,textile industry machinery products,http://data.europa.eu/esco/skill-type/knowledge,essential,2
http://data.europa.eu/esco/skill/8c86584c-5afb-414f-8983-2ee3da5eacfc,types of textile fibres,http://data.europa.eu/esco/skill-type/knowledge,essential,2
http://data.europa.eu/esco/skill/50833e34-8e85-4cf7-9b7b-c2a9f1893d5b,manufacture knitted textiles,http://data.europa.eu/esco/skill-type/skill,essential,2
http://data.europa.eu/esco/skill/e9440312-38ed-4d64-9850-b9dd47182456,manufacture weft knitted fabrics,http://data.europa.eu/esco/skill-type/skill,essential,2
http://data.europa.eu/esco/skill/059d0c45-3ad3-440e-a20d-63ecbece9336,knitting machine technology,http://data.europa.eu/esco/skill-type/knowledge,essential,2
http://data.europa.eu/esco/skill/a7876190-30fc-4eba-a462-018e5f95196d,use warp knitting technologies,http://data.europa.eu/esco/skill-type/skill,optional,2
http://data.europa.eu/esco/skill/cda1c50a-b82a-4ea2-9ea4-21c656ac3ea8,manufacture braided products,http://data.europa.eu/esco/skill-type/skill,optional,2
http://data.europa.eu/esco/skill/f2836f4d-e797-49fe-94ec-c237c84df76d,evaluate textile characteristics,http://data.europa.eu/esco/skill-type/skill,optional,2
http://data.europa.eu/esco/skill/a4cfad38-109a-4a61-8d01-98fd8cf001ce,footwear materials,http://data.europa.eu/esco/skill-type/knowledge,essential,2
http://data.europa.eu/esco/skill/e54a3ed7-465f-432b-8940-2aeabeaa449e,footwear quality,http://data.europa.eu/esco/skill-type/knowledge,essential,2
http://data.europa.eu/esco/skill/ec7fd241-e68f-4593-a42a-a12a9bd80cbc,footwear components,http://data.europa.eu/esco/skill-type/knowledge,essential,2
http://data.europa.eu/esco/skill/a23659b1-a8bc-4331-a58d-eef263ca6a14,follow work procedures,http://data.europa.eu/esco/skill-type/skill,essential,2
http://data.europa.eu/esco/skill/c5fdbd81-db10-4fc3-8cee-8b1a7169c472,maintain footwear assembling equipment,http://data.europa.eu/esco/skill-type/skill,essential,2
http://data.europa.eu/esco/skill/c6846331-2e11-45d6-ab8d-306c956332fc,footwear manufacturing technology,http://data.europa.eu/esco/skill-type/knowledge,essential,2
http://data.europa.eu/esco/skill/60e1eb15-5e2b-4501-bc4f-8de1929b71a4,manufacture staple yarns,http://data.europa.eu/esco/skill-type/skill,essential,2
http://data.europa.eu/esco/skill/4fa3be83-9376-4723-bb74-c282ff2078f9,adjust filament tension,http://data.europa.eu/esco/skill-type/skill,essential,2
http://data.europa.eu/esco/skill/434e926b-89bb-4720-a5c6-65ddb8e733b5,measure yarn count,http://data.europa.eu/esco/skill-type/skill,essential,2
http://data.europa.eu/esco/skill/f1dd6732-ad04-404b-a631-8da133ea7cfd,set the operation speed of manufacturing machines,http://data.europa.eu/esco/skill-type/skill,essential,2
http://data.europa.eu/esco/skill/ff584c6e-520c-4187-ba90-1c9634bcc0ba,cut filament,http://data.europa.eu/esco/skill-type/skill,essential,2
http://data.europa.eu/esco/skill/c7f7d806-9243-4200-b496-adcba53e0a8c,tend spinning machines,http://data.europa.eu/esco/skill-type/skill,essential,2
http://data.europa.eu/esco/skill/632fc607-42e2-4402-a17b-29f6806e7e56,convert textile fibres into sliver,http://data.europa.eu/esco/skill-type/skill,essential,2
http://data.europa.eu/esco/skill/972c02fd-7e74-4351-8156-c258c4a79383,process man-made fibres,http://data.europa.eu/esco/skill-type/skill,optional,2
http://data.europa.eu/esco/skill/cdde122d-eb32-4b60-90c0-117107d04e4b,manufacture texturised filament yarns,http://data.europa.eu/esco/skill-type/skill,optional,2
http://data.europa.eu/esco/skill/65a3a184-7d11-4db9-9b85-281961d1514b,conduct routine machinery checks,http://data.europa.eu/esco/skill-type/skill,essential,2
http://data.europa.eu/esco/skill/8a4e99e0-f259-4931-888f-604cfdc15b31,perform machine maintenance,http://data.europa.eu/esco/skill-type/skill,essential,2
http://data.europa.eu/esco/skill/ae4ea3e1-3c1a-45b0-96a7-106988c053c0,provide customer information related to repairs,http://data.europa.eu/esco/skill-type/skill,optional,2
http://data.europa.eu/esco/skill/f8cfab53-c7f7-465d-9eca-d2a28e4dc708,write records for repairs,http://data.europa.eu/esco/skill-type/skill,optional,2
http://data.europa.eu/esco/skill/827ebc71-b406-483e-9617-33c63dd487a0,estimate restoration costs,http://data.europa.eu/esco/skill-type/skill,optional,2
http://data.europa.eu/esco/skill/a181e89d-44ae-40e7-8d37-177071237c74,metrology,http://data.europa.eu/esco/skill-type/knowledge,essential,2
http://data.europa.eu/esco/skill/6532ef3b-1685-4de7-a858-d31fdaa435ca,calibrate precision instrument,http://data.europa.eu/esco/skill-type/skill,essential,2
http://data.europa.eu/esco/skill/8bc75dce-beba-40f9-93fc-66c9708ed74b,advise on efficiency improvements,http://data.europa.eu/esco/skill-type/skill,essential,2
http://data.europa.eu/esco/skill/8af372fa-7b85-4bab-ab20-3f2eb980c400,total quality control,http://data.europa.eu/esco/skill-type/knowledge,optional,2
http://data.europa.eu/esco/skill/2a3a96a3-709e-4d60-81f6-d247d6933f13,manage system security,http://data.europa.eu/esco/skill-type/skill,essential,2
http://data.europa.eu/esco/skill/fbbcb9ab-4b95-4e57-a756-30d08b7da7a5,maintain ICT system,http://data.europa.eu/esco/skill-type/skill,essential,2
http://data.europa.eu/esco/skill/d0c6d77e-cb25-4770-bf77-2073fc5f7523,ICT infrastructure,http://data.europa.eu/esco/skill-type/knowledge,essential,2
http://data.europa.eu/esco/skill/1e7ed56a-6d6b-422f-962e-38543d150755,manage changes in ICT system,http://data.europa.eu/esco/skill-type/skill,essential,2
http://data.europa.eu/esco/skill/f0ff6f10-cbb4-44c0-acd5-ed17046b1396,install signal repeaters,http://data.europa.eu/esco/skill-type/skill,optional,2
http://data.europa.eu/esco/skill/90be83d9-56f1-46a4-a6bc-96c51f6c9025,acquire system component,http://data.europa.eu/esco/skill-type/skill,optional,2
http://data.europa.eu/esco/skill/b1604a2d-c26a-427d-bda9-b8073a319fe9,adjust ICT system capacity,http://data.europa.eu/esco/skill-type/skill,essential,2
http://data.europa.eu/esco/skill/418a56a2-7cfc-4b6d-8cf5-5c2add99a849,provide ICT system training,http://data.europa.eu/esco/skill-type/skill,optional,2
http://data.europa.eu/esco/skill/15a33d76-4640-438d-ae64-fdc0c1d3eebc,customer service,http://data.europa.eu/esco/skill-type/knowledge,essential,2
http://data.europa.eu/esco/skill/a703b581-ad64-4791-8bb3-624aea569fa5,maintain contract administration,http://data.europa.eu/esco/skill-type/skill,optional,2
http://data.europa.eu/esco/skill/52e53619-fa77-4f72-b237-5e4aae784dc2,financial management,http://data.europa.eu/esco/skill-type/knowledge,essential,2
http://data.europa.eu/esco/skill/6ae8306a-4f9d-4410-ac82-6406f3cbd16a,manage office facility systems,http://data.europa.eu/esco/skill-type/skill,essential,2
http://data.europa.eu/esco/skill/71dde84c-0058-4c52-a556-523369333db8,use office systems,http://data.europa.eu/esco/skill-type/skill,essential,2
http://data.europa.eu/esco/skill/744442ac-c157-4350-8be0-ce454df4f5c5,perform ICT troubleshooting,http://data.europa.eu/esco/skill-type/skill,essential,2
http://data.europa.eu/esco/skill/47ca0da1-cae5-4395-ae6b-fd97b9ff48d3,system backup best practice,http://data.europa.eu/esco/skill-type/knowledge,essential,2
http://data.europa.eu/esco/skill/ec85cc63-4e24-4631-bf92-8789db2605c0,maintain database security,http://data.europa.eu/esco/skill-type/skill,essential,2
http://data.europa.eu/esco/skill/2ddb1226-1117-4eb4-ae65-3a2f5a5a3c80,ICT network security risks,http://data.europa.eu/esco/skill-type/knowledge,essential,2
http://data.europa.eu/esco/skill/ae4f0cc6-e0b9-47f5-bdca-2fc2e6316dce,manage ICT virtualisation machines,http://data.europa.eu/esco/skill-type/skill,essential,2
http://data.europa.eu/esco/skill/b184750e-9f9e-4ef2-a882-845e6058b605,make improvements to work activities,http://data.europa.eu/esco/skill-type/skill,essential,2
http://data.europa.eu/esco/skill/77e7cb08-2c6f-42ab-881b-b34b2318acbe,manage administrative systems,http://data.europa.eu/esco/skill-type/skill,essential,2
http://data.europa.eu/esco/skill/e2e15494-65b9-4af5-8b86-53fb51e7e022,manage accounts,http://data.europa.eu/esco/skill-type/skill,optional,2
http://data.europa.eu/esco/skill/199f7919-5114-41b6-b6a5-41e0e4896ec1,show responsibility,http://data.europa.eu/esco/skill-type/skill,optional,2
http://data.europa.eu/esco/skill/c9f4efcd-e16a-4515-a0cb-60c6c479853d,actuarial science,http://data.europa.eu/esco/skill-type/knowledge,essential,2
http://data.europa.eu/esco/skill/25a7fc25-f2fc-4bfd-9999-943c03d53372,protect client interests,http://data.europa.eu/esco/skill-type/skill,essential,2
http://data.europa.eu/esco/skill/6bf6b5bd-6658-4338-b0ee-dc143e68e6d3,provide support in financial calculation,http://data.europa.eu/esco/skill-type/skill,optional,2
http://data.europa.eu/esco/skill/eb8babfb-ab91-4937-a032-6a79f82e9b7f,analyse financial risk,http://data.europa.eu/esco/skill-type/skill,optional,2
http://data.europa.eu/esco/skill/54f78038-58a8-46cb-9633-41ade03c07b7,study topics,http://data.europa.eu/esco/skill-type/skill,essential,2
http://data.europa.eu/esco/skill/7ddbfce9-902d-4d1c-b751-30274f4b49ce,document evidence,http://data.europa.eu/esco/skill-type/skill,optional,2
http://data.europa.eu/esco/skill/d4a0744a-508b-4a5e-97a5-ad1fc7f55e6e,correctional procedures,http://data.europa.eu/esco/skill-type/knowledge,essential,2
http://data.europa.eu/esco/skill/1f1d2ff8-c4c1-45cc-9812-6a7ee84a73cb,lead a team,http://data.europa.eu/esco/skill-type/skill,essential,2
http://data.europa.eu/esco/skill/d512d178-37a6-4eab-a660-412d2bb0824a,test procedures,http://data.europa.eu/esco/skill-type/knowledge,essential,2
http://data.europa.eu/esco/skill/0c0a8629-97b7-412f-ad91-be97d80205af,perform pre-assembly quality checks,http://data.europa.eu/esco/skill-type/skill,optional,2
http://data.europa.eu/esco/skill/d83cba15-8511-4d07-b89a-9fde0d1d8241,perform quality audits,http://data.europa.eu/esco/skill-type/skill,essential,2
http://data.europa.eu/esco/skill/286e486c-a094-4715-8e5b-a2370b09a408,manage corrective actions,http://data.europa.eu/esco/skill-type/skill,essential,2
http://data.europa.eu/esco/skill/58240e34-7364-4078-a530-7a4f51649731,identify preventive actions,http://data.europa.eu/esco/skill-type/skill,essential,2
http://data.europa.eu/esco/skill/0c521914-1ba6-4f92-8fce-b6b97f3f8edb,develop calibration procedures,http://data.europa.eu/esco/skill-type/skill,essential,2
http://data.europa.eu/esco/skill/49298916-2090-4b08-ac57-5cfedaa5af36,reduce environmental impact of footwear manufacturing,http://data.europa.eu/esco/skill-type/skill,essential,2
http://data.europa.eu/esco/skill/d7cf018c-ba15-42b1-b262-387d4cbfc185,manage footwear quality systems,http://data.europa.eu/esco/skill-type/skill,essential,2
http://data.europa.eu/esco/skill/6bc57b80-37c8-4c9a-be7b-960d2e44fb77,communicate commercial and technical issues in foreign languages,http://data.europa.eu/esco/skill-type/skill,essential,2
http://data.europa.eu/esco/skill/11a76a95-66c1-43e0-91f0-be1cc5d05964,practice innovative thinking in the footwear and leather goods industries,http://data.europa.eu/esco/skill-type/skill,optional,2
http://data.europa.eu/esco/skill/e8664a7b-aef5-4db7-89c6-fe50ba22ef07,measure working time in footwear and leather goods production,http://data.europa.eu/esco/skill-type/skill,optional,2
http://data.europa.eu/esco/skill/88f0a98e-4b90-479b-9b5a-f5f8cbe0b49e,perform laboratory tests on footwear or leather goods,http://data.europa.eu/esco/skill-type/skill,optional,2
http://data.europa.eu/esco/skill/5a23ed81-6c48-4631-a2a5-740f8079f50b,plan supply chain logistics for footwear and leather goods,http://data.europa.eu/esco/skill-type/skill,optional,2
http://data.europa.eu/esco/skill/b5c7e0dc-dda3-4790-a7d1-d6d8023b3089,database quality standards,http://data.europa.eu/esco/skill-type/knowledge,essential,2
http://data.europa.eu/esco/skill/3cb69f14-c297-474a-8950-5e7af4da0049,perform physical stress tests on models,http://data.europa.eu/esco/skill-type/skill,optional,2
http://data.europa.eu/esco/skill/2879a6f9-868b-40a1-a424-d50007ca8354,record production data for quality control,http://data.europa.eu/esco/skill-type/skill,essential,2
http://data.europa.eu/esco/skill/52eb7ab6-269f-4f44-a21d-b0c705eaf857,musical genres,http://data.europa.eu/esco/skill-type/knowledge,optional,2
http://data.europa.eu/esco/skill/237db40b-4600-47c0-837f-4a2c4f3014ab,project management principles,http://data.europa.eu/esco/skill-type/knowledge,essential,2
http://data.europa.eu/esco/skill/e72ce847-f7a9-40b8-ac66-ce291a2121de,study the relationships between quantities,http://data.europa.eu/esco/skill-type/skill,essential,2
http://data.europa.eu/esco/skill/55e910e4-736d-44cf-bfa9-b15adc5d91d2,algebra,http://data.europa.eu/esco/skill-type/knowledge,essential,2
http://data.europa.eu/esco/skill/21dfab2e-f954-49ab-8fb6-18cc98cf10bb,geometry,http://data.europa.eu/esco/skill-type/knowledge,optional,2
http://data.europa.eu/esco/skill/89c1d71c-f443-4e60-a7c3-f824ecb10597,types of media,http://data.europa.eu/esco/skill-type/knowledge,essential,2
http://data.europa.eu/esco/skill/253112b8-f613-4e1d-a691-d80ca258e21a,media studies,http://data.europa.eu/esco/skill-type/knowledge,essential,2
http://data.europa.eu/esco/skill/477579e7-e0ca-4cc5-8712-17b78d0d8d2a,communication studies,http://data.europa.eu/esco/skill-type/knowledge,essential,2
http://data.europa.eu/esco/skill/2691f4d8-d090-423f-afd7-9e721f562e8d,advise on public relations,http://data.europa.eu/esco/skill-type/skill,optional,2
http://data.europa.eu/esco/skill/1d062465-89b3-4fd9-b043-0f4d6d386a52,media law,http://data.europa.eu/esco/skill-type/knowledge,optional,2
http://data.europa.eu/esco/skill/0ab9d433-10e5-4683-ae54-4687179a5259,literature,http://data.europa.eu/esco/skill-type/knowledge,essential,2
http://data.europa.eu/esco/skill/e2103a1d-4a84-47a9-b4f7-774787573449,copyright legislation,http://data.europa.eu/esco/skill-type/knowledge,essential,2
http://data.europa.eu/esco/skill/b9fa8c6d-a837-45e3-84ac-848defae9f50,read books,http://data.europa.eu/esco/skill-type/skill,essential,2
http://data.europa.eu/esco/skill/f8d30e1d-baa7-4d35-b9f4-df7e1650396e,perform background research on writing subject,http://data.europa.eu/esco/skill-type/skill,essential,2
http://data.europa.eu/esco/skill/7287dff1-7420-4d24-939a-5f4eb15b752b,consult information sources,http://data.europa.eu/esco/skill-type/skill,essential,2
http://data.europa.eu/esco/skill/48fd824b-aedf-4613-9fde-3099d88feba7,history of literature,http://data.europa.eu/esco/skill-type/knowledge,essential,2
http://data.europa.eu/esco/skill/30560a8b-e9e9-4988-8192-8bf15bac72b3,do historical research,http://data.europa.eu/esco/skill-type/skill,optional,2
http://data.europa.eu/esco/skill/7bb85eab-18df-437c-adce-7b729abb315e,types of literature genres,http://data.europa.eu/esco/skill-type/knowledge,essential,2
http://data.europa.eu/esco/skill/c89a26a1-96ef-48d7-abfe-bf4b8e3bbe1c,literary techniques,http://data.europa.eu/esco/skill-type/knowledge,essential,2
http://data.europa.eu/esco/skill/8369c2d6-c100-4cf6-bd83-9668d8678433,utilise machine learning,http://data.europa.eu/esco/skill-type/skill,optional,1
http://data.europa.eu/esco/skill/85616cc4-98bf-4355-9cf1-72ff11752848,develop ICT device driver,http://data.europa.eu/esco/skill-type/skill,essential,1
http://data.europa.eu/esco/skill/07e51c60-763a-4335-b4ec-70a15f66d328,propose ICT solutions to business problems,http://data.europa.eu/esco/skill-type/skill,essential,1
http://data.europa.eu/esco/skill/cfa2be0d-96d5-4017-a866-962efb9c5070,signal processing,http://data.europa.eu/esco/skill-type/knowledge,essential,1
http://data.europa.eu/esco/skill/bf6c5ed4-84af-440f-abcc-7fa5ba19c738,real-time computing,http://data.europa.eu/esco/skill-type/knowledge,essential,1
http://data.europa.eu/esco/skill/f6424ebb-8401-446b-9f7e-10d7c854da02,ICT network simulation,http://data.europa.eu/esco/skill-type/knowledge,optional,1
http://data.europa.eu/esco/skill/fb601189-afa9-4a7b-8430-21a906483072,field-programmable gate arrays,http://data.europa.eu/esco/skill-type/knowledge,optional,1
http://data.europa.eu/esco/skill/ee3b1553-2dc5-434b-8dcf-4ae3a40b3a48,verify formal ICT specifications,http://data.europa.eu/esco/skill-type/skill,optional,1
http://data.europa.eu/esco/skill/20c920d4-7ff7-4676-ba61-3f04490d9416,keep up with the latest information systems solutions,http://data.europa.eu/esco/skill-type/skill,essential,1
http://data.europa.eu/esco/skill/e3201e73-ef4d-447d-ac9b-b18e45f35eea,monitor satellites,http://data.europa.eu/esco/skill-type/skill,essential,1
http://data.europa.eu/esco/skill/3180dd8e-332e-4430-bf4d-c4079e9da1b0,launching of satellites into orbit,http://data.europa.eu/esco/skill-type/knowledge,essential,1
http://data.europa.eu/esco/skill/ea14a3eb-526f-4d8d-9015-c2dc62739e7a,research satellite launch sites,http://data.europa.eu/esco/skill-type/skill,optional,1
http://data.europa.eu/esco/skill/4c3eb8fb-83dc-4c01-bb81-6acbe0c35ad9,plan space satellite missions,http://data.europa.eu/esco/skill-type/skill,optional,1
http://data.europa.eu/esco/skill/861313ba-3a1a-4d33-842a-1b8e45e2415b,manage ICT legacy implication,http://data.europa.eu/esco/skill-type/skill,essential,1
http://data.europa.eu/esco/skill/0ee94c0a-3716-494a-95a2-dcbab9e58be2,business requirements techniques,http://data.europa.eu/esco/skill-type/knowledge,essential,1
http://data.europa.eu/esco/skill/8ff015a0-98ea-4d80-a23e-1f68110a919e,software design methodologies,http://data.europa.eu/esco/skill-type/knowledge,essential,1
http://data.europa.eu/esco/skill/f7e2eb04-3e50-4561-bce1-7e51a1fec308,define software architecture,http://data.europa.eu/esco/skill-type/skill,essential,1
http://data.europa.eu/esco/skill/56042303-972b-41be-9310-58467599ff7e,analyse business processes,http://data.europa.eu/esco/skill-type/skill,essential,1
http://data.europa.eu/esco/skill/dba46f87-0831-49cd-a1c7-340a653c0221,Agile development,http://data.europa.eu/esco/skill-type/knowledge,optional,1
http://data.europa.eu/esco/skill/f0de4973-0a70-4644-8fd4-3a97080476f4,DevOps,http://data.europa.eu/esco/skill-type/knowledge,optional,1
http://data.europa.eu/esco/skill/96eb286a-58b7-45ff-a916-5578d0b79b8c,Rapid application development,http://data.europa.eu/esco/skill-type/knowledge,optional,1
http://data.europa.eu/esco/skill/21fecc8a-392e-49ce-ac26-fb0696ccfead,create project specifications,http://data.europa.eu/esco/skill-type/skill,optional,1
http://data.europa.eu/esco/skill/07dd856d-6141-48a7-a228-918f88494812,create prototype of user experience solutions,http://data.europa.eu/esco/skill-type/skill,optional,1
http://data.europa.eu/esco/skill/4840338b-ac6c-486a-be1d-9ddfe00b8bdf,Spiral development,http://data.europa.eu/esco/skill-type/knowledge,optional,1
http://data.europa.eu/esco/skill/00c04e40-35ea-4ed1-824c-82f936c8f876,Incremental development,http://data.europa.eu/esco/skill-type/knowledge,optional,1
http://data.europa.eu/esco/skill/33d49d4f-31ec-473f-9b8a-b555aa5116bb,Iterative development,http://data.europa.eu/esco/skill-type/knowledge,optional,1
http://data.europa.eu/esco/skill/6a876489-7ad8-4a13-b09c-c9b8e97a302e,Waterfall development,http://data.europa.eu/esco/skill-type/knowledge,optional,1
http://data.europa.eu/esco/skill/7193cb6d-8334-494f-86e5-21e6d03a47c3,unified modelling language,http://data.europa.eu/esco/skill-type/knowledge,optional,1
http://data.europa.eu/esco/skill/ed1d8bd4-cd2a-4c64-b665-56d70651026c,Prototyping development,http://data.europa.eu/esco/skill-type/knowledge,optional,1
http://data.europa.eu/esco/skill/3c76296d-4bbd-44ba-8eaa-95bf275f79b7,manage ICT project,http://data.europa.eu/esco/skill-type/skill,optional,1
http://data.europa.eu/esco/skill/fc4fcb4b-993f-4f2c-b158-c2171ec18ed8,draw design sketches,http://data.europa.eu/esco/skill-type/skill,essential,1
http://data.europa.eu/esco/skill/7364cc39-b9c0-449f-9416-57723e2fd9c4,utilise methodologies for user centered design,http://data.europa.eu/esco/skill-type/skill,essential,1
http://data.europa.eu/esco/skill/1019423b-3368-4f83-b24f-19e5fa23e816,software UI design patterns,http://data.europa.eu/esco/skill-type/knowledge,essential,1
http://data.europa.eu/esco/skill/de0be6e8-644c-4cc9-9c8d-925dd98dda56,software interaction design,http://data.europa.eu/esco/skill-type/knowledge,optional,1
http://data.europa.eu/esco/skill/c4b1f326-224a-420a-b8b3-814a8f13b6cb,implement front-end website design,http://data.europa.eu/esco/skill-type/skill,essential,1
http://data.europa.eu/esco/skill/e8d9ce55-7bc3-4f09-8412-0a393d4b5b96,compose description for web elements,http://data.europa.eu/esco/skill-type/skill,optional,1
http://data.europa.eu/esco/skill/fb7aee4d-f6c6-4a87-8e9d-8e542b3771f8,software metrics,http://data.europa.eu/esco/skill-type/knowledge,essential,1
http://data.europa.eu/esco/skill/7961413f-61d0-4722-9cd9-20a050a29899,perform software unit testing,http://data.europa.eu/esco/skill-type/skill,essential,1
http://data.europa.eu/esco/skill/5d74614d-32c8-4ca4-9818-6980e52424b1,plan software testing,http://data.europa.eu/esco/skill-type/skill,optional,1
http://data.europa.eu/esco/skill/ff25cbf0-6978-4c4c-887e-d4b185410d74,perform software recovery testing,http://data.europa.eu/esco/skill-type/skill,optional,1
http://data.europa.eu/esco/skill/86d2e2ea-1ba2-4aa6-b465-8a1f9abc81b8,apply information security policies,http://data.europa.eu/esco/skill-type/skill,essential,1
http://data.europa.eu/esco/skill/39a25537-5057-4c0b-8141-32851e1cd886,manufacturing of wearing apparel,http://data.europa.eu/esco/skill-type/knowledge,essential,1
http://data.europa.eu/esco/skill/5174d7e4-bb67-403c-930e-9afc5e2f8f6e,inspect wearing apparel products,http://data.europa.eu/esco/skill-type/skill,essential,1
http://data.europa.eu/esco/skill/deb9b821-316f-45bb-a57b-fbce518a8161,standard sizing systems for clothing,http://data.europa.eu/esco/skill-type/knowledge,essential,1
http://data.europa.eu/esco/skill/af8170c1-23f9-401c-b24b-e57399d6c722,apparel manufacturing technology,http://data.europa.eu/esco/skill-type/knowledge,essential,1
http://data.europa.eu/esco/skill/7e2f6f05-d6ef-45f3-a33c-5d6d0b07e1cf,alter wearing apparel,http://data.europa.eu/esco/skill-type/skill,essential,1
http://data.europa.eu/esco/skill/6d9f05ed-9ada-4604-9670-2df3bb439050,distinguish fabrics,http://data.europa.eu/esco/skill-type/skill,essential,1
http://data.europa.eu/esco/skill/05c00631-b864-4842-b47e-06710c197c7a,coordinate manufacturing production activities,http://data.europa.eu/esco/skill-type/skill,essential,1
http://data.europa.eu/esco/skill/58136283-9617-45b1-8f53-bf58efd9c5cc,manufacturing of made-up textile articles,http://data.europa.eu/esco/skill-type/knowledge,essential,1
http://data.europa.eu/esco/skill/2ac79be0-1f66-48da-84a6-2d294179927f,create patterns for garments,http://data.europa.eu/esco/skill-type/skill,essential,1
http://data.europa.eu/esco/skill/09853c3b-6784-456f-abe9-c9f44bf872bc,distinguish accessories,http://data.europa.eu/esco/skill-type/skill,essential,1
http://data.europa.eu/esco/skill/9eda8999-cc4a-4a50-8991-f8c4f2c87e12,grade patterns for wearing apparel,http://data.europa.eu/esco/skill-type/skill,essential,1
http://data.europa.eu/esco/skill/018164df-2814-4926-bdf7-398d86b9dfe6,evaluate garment quality,http://data.europa.eu/esco/skill-type/skill,essential,1
http://data.europa.eu/esco/skill/58c080f9-71d5-429d-9476-bc9e742d460c,perform process control in the wearing apparel industry,http://data.europa.eu/esco/skill-type/skill,essential,1
http://data.europa.eu/esco/skill/a3b7134f-81c8-43da-b207-a00d8b09e61b,operate garment manufacturing machines,http://data.europa.eu/esco/skill-type/skill,essential,1
http://data.europa.eu/esco/skill/d8ee0b01-3d33-4a32-a07c-6a107400cac0,CAD for garment manufacturing,http://data.europa.eu/esco/skill-type/knowledge,essential,1
http://data.europa.eu/esco/skill/b916d60e-38e9-4241-914a-4e2144bda711,operate computerised control systems,http://data.europa.eu/esco/skill-type/skill,essential,1
http://data.europa.eu/esco/skill/e9ac6d35-0219-44c3-b488-bfd14923d09f,use pattern-cutting softwares,http://data.europa.eu/esco/skill-type/skill,optional,1
http://data.europa.eu/esco/skill/4ce06d6b-f3df-40b6-b950-570be5008032,analyse scanned data of the body,http://data.europa.eu/esco/skill-type/skill,optional,1
http://data.europa.eu/esco/skill/90227e81-a1f1-47ae-8e8a-453fb5661f08,use 3D scanners for clothing,http://data.europa.eu/esco/skill-type/skill,optional,1
http://data.europa.eu/esco/skill/d7d68f0f-b3f9-452a-89ca-09275680c135,bundle fabrics,http://data.europa.eu/esco/skill-type/skill,optional,1
http://data.europa.eu/esco/skill/9bc3b9ae-50d8-4a32-857e-8cf8d9b4ba8e,3D body scanning technologies,http://data.europa.eu/esco/skill-type/knowledge,optional,1
http://data.europa.eu/esco/skill/a3b7b8ec-794b-4821-8c6b-465fe2c7a691,cut fabrics,http://data.europa.eu/esco/skill-type/skill,optional,1
http://data.europa.eu/esco/skill/0737ad0a-75ac-4696-988b-565820577ac0,use experience map,http://data.europa.eu/esco/skill-type/skill,essential,1
http://data.europa.eu/esco/skill/f0f5bb34-71df-4715-9c9e-03567b76ec8f,create website wireframe,http://data.europa.eu/esco/skill-type/skill,essential,1
http://data.europa.eu/esco/skill/465e7c78-cd26-4503-a5ca-40009e807705,assess users' interaction with ICT applications,http://data.europa.eu/esco/skill-type/skill,essential,1
http://data.europa.eu/esco/skill/7bdcdadb-146c-475f-8cff-921c6fd5f858,test for behavioural patterns,http://data.europa.eu/esco/skill-type/skill,essential,1
http://data.europa.eu/esco/skill/3d3db1e7-b041-495e-8a93-deeacded8a2f,test for emotional patterns,http://data.europa.eu/esco/skill-type/skill,essential,1
http://data.europa.eu/esco/skill/79e29b8b-47d1-470d-b7b1-32506bfe7d9a,collect ICT data,http://data.europa.eu/esco/skill-type/skill,essential,1
http://data.europa.eu/esco/skill/713fb616-118e-40bc-9366-4a69879a49d5,implement data quality processes,http://data.europa.eu/esco/skill-type/skill,essential,1
http://data.europa.eu/esco/skill/50b100ea-74fd-4706-99db-3e4ca55e51b8,perform data cleansing,http://data.europa.eu/esco/skill-type/skill,essential,1
http://data.europa.eu/esco/skill/4a193795-fa63-414e-9f2e-bfdb3924571e,handle data samples,http://data.europa.eu/esco/skill-type/skill,essential,1
http://data.europa.eu/esco/skill/505e4ef3-7ce4-437d-b7b4-5c608f71c258,build recommender systems,http://data.europa.eu/esco/skill-type/skill,essential,1
http://data.europa.eu/esco/skill/f9670490-8aa4-4540-b121-d440a8294aab,develop data processing applications,http://data.europa.eu/esco/skill-type/skill,essential,1
http://data.europa.eu/esco/skill/07889c08-7220-47c8-96f7-6068fbea00dc,normalise data,http://data.europa.eu/esco/skill-type/skill,essential,1
http://data.europa.eu/esco/skill/2daec0e6-f0c1-43e8-8178-aedba99130ec,establish data processes,http://data.europa.eu/esco/skill-type/skill,essential,1
http://data.europa.eu/esco/skill/46ec0033-3c71-415e-bcff-b065675ba2dc,integrate ICT data,http://data.europa.eu/esco/skill-type/skill,optional,1
http://data.europa.eu/esco/skill/4d85b881-e490-4b4c-897a-2faa4ef53956,manage ICT data architecture,http://data.europa.eu/esco/skill-type/skill,optional,1
http://data.europa.eu/esco/skill/9ff9db9d-d14b-426e-83f3-e7449af6c79f,manage data,http://data.europa.eu/esco/skill-type/skill,optional,1
http://data.europa.eu/esco/skill/9983816d-cc78-4d3f-9e3c-c7baa9ebc77a,computer equipment,http://data.europa.eu/esco/skill-type/knowledge,essential,1
http://data.europa.eu/esco/skill/4463a721-69f3-413d-8321-43e3af13a4f1,use databases,http://data.europa.eu/esco/skill-type/skill,essential,1
http://data.europa.eu/esco/skill/54b2c5ea-4475-4bf5-a433-b0dc5442e691,genetics,http://data.europa.eu/esco/skill-type/knowledge,optional,1
http://data.europa.eu/esco/skill/e135f4ad-2eed-448c-8f39-beb44238177c,evaluate genetic data,http://data.europa.eu/esco/skill-type/skill,optional,1
http://data.europa.eu/esco/skill/e3423f86-0e6b-4bec-a354-1d21fe8597b6,genetic engineering,http://data.europa.eu/esco/skill-type/knowledge,optional,1
http://data.europa.eu/esco/skill/3c748b49-fe85-42f6-b62d-b877bc8edb29,observe celestial objects,http://data.europa.eu/esco/skill-type/skill,essential,1
http://data.europa.eu/esco/skill/6400e5a5-5534-4465-b456-3632af0c5cf1,quantum optics,http://data.europa.eu/esco/skill-type/knowledge,essential,1
http://data.europa.eu/esco/skill/d460032f-f49e-4b70-90c2-ba563aee14be,quantum mechanics,http://data.europa.eu/esco/skill-type/knowledge,essential,1
http://data.europa.eu/esco/skill/e97f4e66-bb24-4727-b053-cadd23cfe29d,observe matter,http://data.europa.eu/esco/skill-type/skill,optional,1
http://data.europa.eu/esco/skill/2f4e1ff6-1191-4fd8-b1bf-043af19cec65,perform sensory evaluation,http://data.europa.eu/esco/skill-type/skill,essential,1
http://data.europa.eu/esco/skill/ee4d0595-5b1e-490d-bd66-5fa3688ec323,quantitative sensory testing,http://data.europa.eu/esco/skill-type/knowledge,essential,1
http://data.europa.eu/esco/skill/d395175b-0902-4cfe-928c-f83d8bf12564,olfaction,http://data.europa.eu/esco/skill-type/knowledge,essential,1
http://data.europa.eu/esco/skill/76b20de9-ae08-418b-acd1-df2a95b32d18,food flavourings,http://data.europa.eu/esco/skill-type/knowledge,essential,1
http://data.europa.eu/esco/skill/8a203a8c-d42e-4063-9036-970434c424e4,combination of flavours,http://data.europa.eu/esco/skill-type/knowledge,essential,1
http://data.europa.eu/esco/skill/7b0abe5e-ac4d-4416-94b0-747ab497893f,allergology,http://data.europa.eu/esco/skill-type/knowledge,essential,1
http://data.europa.eu/esco/skill/cd0f35cd-fc71-4057-a85e-b73dee89e541,research fragrances,http://data.europa.eu/esco/skill-type/skill,essential,1
http://data.europa.eu/esco/skill/ed1ad815-c24f-4f0b-864a-4d9d9780df6e,advise on fragrances,http://data.europa.eu/esco/skill-type/skill,essential,1
http://data.europa.eu/esco/skill/c1e6e283-bc66-4e78-b4ec-501ff082d9f1,food allergies,http://data.europa.eu/esco/skill-type/knowledge,optional,1
http://data.europa.eu/esco/skill/7dc7f1fc-509e-4654-9840-f79c67f3634b,assess food samples,http://data.europa.eu/esco/skill-type/skill,optional,1
http://data.europa.eu/esco/skill/76437256-e318-4b8b-af67-32bdae072b17,participate in the development of new food products,http://data.europa.eu/esco/skill-type/skill,optional,1
http://data.europa.eu/esco/skill/713f1ba8-c7a8-43e5-a5cc-0b869474efe7,food legislation,http://data.europa.eu/esco/skill-type/knowledge,optional,1
http://data.europa.eu/esco/skill/67ba7f39-1ebc-4d71-ba11-5804a1712ff3,analyse samples of food and beverages,http://data.europa.eu/esco/skill-type/skill,optional,1
http://data.europa.eu/esco/skill/090ae6b3-12ab-4c72-b98a-17b790cf416e,develop new food products,http://data.europa.eu/esco/skill-type/skill,optional,1
http://data.europa.eu/esco/skill/750caee5-12a0-46ba-b8aa-1e56370deaf9,analyse consumer buying trends,http://data.europa.eu/esco/skill-type/skill,optional,1
http://data.europa.eu/esco/skill/7ef2fc4f-1d8a-4169-bad3-20f5cd878e35,advise food industry,http://data.europa.eu/esco/skill-type/skill,optional,1
http://data.europa.eu/esco/skill/bd4b6a7b-75df-4c1b-a125-453cb9991a44,troubleshoot cosmetics formula issues,http://data.europa.eu/esco/skill-type/skill,optional,1
http://data.europa.eu/esco/skill/cfccea88-0558-40d4-b896-56a1e7993e24,climatology,http://data.europa.eu/esco/skill-type/knowledge,essential,1
http://data.europa.eu/esco/skill/e6e5c6b7-4e2e-47bd-a01f-917334e81d2c,write weather briefing,http://data.europa.eu/esco/skill-type/skill,optional,1
http://data.europa.eu/esco/skill/0ce96a86-7a28-4c44-9e59-591375310894,collect weather-related data,http://data.europa.eu/esco/skill-type/skill,optional,1
http://data.europa.eu/esco/skill/ddfd922f-a4f7-47a7-bf1c-cf9124e5bf40,create weather maps,http://data.europa.eu/esco/skill-type/skill,optional,1
http://data.europa.eu/esco/skill/694f1a0a-b6bd-453f-af6d-a833503da307,manage meteorological database,http://data.europa.eu/esco/skill-type/skill,optional,1
http://data.europa.eu/esco/skill/06670261-ea6b-4b52-a915-c7d4ff837f74,identify statistical patterns,http://data.europa.eu/esco/skill-type/skill,essential,1
http://data.europa.eu/esco/skill/91a36728-ce00-4293-bdac-4e24eced9c86,opinion poll,http://data.europa.eu/esco/skill-type/knowledge,optional,1
http://data.europa.eu/esco/skill/f73ed9e8-65c6-450d-9f19-8f3f8266689c,design questionnaires,http://data.europa.eu/esco/skill-type/skill,optional,1
http://data.europa.eu/esco/skill/47a49cd6-097d-457a-9f7b-c290c14930d5,analyse big data,http://data.europa.eu/esco/skill-type/skill,optional,1
http://data.europa.eu/esco/skill/38d49d88-9069-467b-b29e-3cae739bdd4d,build predictive models,http://data.europa.eu/esco/skill-type/skill,optional,1
http://data.europa.eu/esco/skill/13d96098-2ff0-46b8-b326-b7c0e18cc1f1,nutrition,http://data.europa.eu/esco/skill-type/knowledge,essential,1
http://data.europa.eu/esco/skill/5dfcc46a-4fb1-453c-961b-5d41bf077433,neurology,http://data.europa.eu/esco/skill-type/knowledge,essential,1
http://data.europa.eu/esco/skill/8a06c621-adfe-41df-8fe9-6b33f1ea3f0a,biomechanics,http://data.europa.eu/esco/skill-type/knowledge,essential,1
http://data.europa.eu/esco/skill/56a46b02-ab98-4603-8816-c9daff1a119a,kinetics,http://data.europa.eu/esco/skill-type/knowledge,essential,1
http://data.europa.eu/esco/skill/dbf04479-0dd1-437f-a6ed-3b43157e5d35,kinesiology,http://data.europa.eu/esco/skill-type/knowledge,essential,1
http://data.europa.eu/esco/skill/fd04fd5e-3573-4f50-b845-32fa2422991b,kinanthropometry,http://data.europa.eu/esco/skill-type/knowledge,essential,1
http://data.europa.eu/esco/skill/87669743-a291-4ea0-9a50-cac60d45649c,rehabilitation,http://data.europa.eu/esco/skill-type/knowledge,optional,1
http://data.europa.eu/esco/skill/2aa8d1eb-4c9f-4ba8-bb53-e35ed36fb14b,exercise physiology,http://data.europa.eu/esco/skill-type/knowledge,optional,1
http://data.europa.eu/esco/skill/f40c7c6f-92c6-4c60-a21b-a837904d14c2,osteopathy,http://data.europa.eu/esco/skill-type/knowledge,optional,1
http://data.europa.eu/esco/skill/95992467-644f-4178-97ad-b0e50a8ab084,therapeutic massage,http://data.europa.eu/esco/skill-type/knowledge,optional,1
http://data.europa.eu/esco/skill/f4eede2b-492c-4b1d-b118-ce681859a712,acupuncture methods,http://data.europa.eu/esco/skill-type/knowledge,optional,1
http://data.europa.eu/esco/skill/f274995e-9781-4c7f-a246-25577ee51dc6,develop patient treatment strategies,http://data.europa.eu/esco/skill-type/skill,optional,1
http://data.europa.eu/esco/skill/b053a782-1e05-43fa-ae9b-e2cc68ff76ac,kinesitherapy,http://data.europa.eu/esco/skill-type/knowledge,optional,1
http://data.europa.eu/esco/skill/684a597e-0d82-4f98-92f1-1e5888043764,contribute to the rehabilitation process,http://data.europa.eu/esco/skill-type/skill,optional,1
http://data.europa.eu/esco/skill/25b762be-23eb-4165-aa05-64663de3e654,assist in performing physical exercises,http://data.europa.eu/esco/skill-type/skill,optional,1
http://data.europa.eu/esco/skill/f8e5f1fd-82ee-45c0-b179-399d8e9a22aa,deal with challenging people,http://data.europa.eu/esco/skill-type/skill,optional,1
http://data.europa.eu/esco/skill/e402a6d8-0ca8-4230-9bbe-c559a80b7624,provide individual exercise programmes,http://data.europa.eu/esco/skill-type/skill,optional,1
http://data.europa.eu/esco/skill/1bd24c22-f065-4ef9-adf4-068f01581987,occupational physiology,http://data.europa.eu/esco/skill-type/knowledge,optional,1
http://data.europa.eu/esco/skill/2435cec5-38ed-4ec2-8cbe-57381ffcf353,assist patients with rehabilitation,http://data.europa.eu/esco/skill-type/skill,optional,1
http://data.europa.eu/esco/skill/15277ff0-0308-486d-aeba-359774fc6a70,attend sports training,http://data.europa.eu/esco/skill-type/skill,optional,1
http://data.europa.eu/esco/skill/40923b61-344c-43eb-a8b7-d2d8a7a73143,psychomotor therapy,http://data.europa.eu/esco/skill-type/knowledge,optional,1
http://data.europa.eu/esco/skill/cec82e1c-b9ba-411d-86d1-4fa8ec7089bc,create a diet plan,http://data.europa.eu/esco/skill-type/skill,optional,1
http://data.europa.eu/esco/skill/db8a9ba7-96ad-4c53-b552-d4f1570dfefb,pathology,http://data.europa.eu/esco/skill-type/knowledge,optional,1
http://data.europa.eu/esco/skill/d2c3fe66-d01a-473e-a7b1-cb463a617f86,hydrography,http://data.europa.eu/esco/skill-type/knowledge,essential,1
http://data.europa.eu/esco/skill/b7b1d2aa-c489-41c2-9fe3-9b237c0a79c3,bathymetry,http://data.europa.eu/esco/skill-type/knowledge,essential,1
http://data.europa.eu/esco/skill/e2b82b00-f07f-4fc8-a7bb-c8febf65efe5,compare survey computations,http://data.europa.eu/esco/skill-type/skill,essential,1
http://data.europa.eu/esco/skill/86945516-619a-456e-b0d0-2fb31d927992,perform surveying calculations,http://data.europa.eu/esco/skill-type/skill,essential,1
http://data.europa.eu/esco/skill/9737edec-475a-4a00-907f-1223770d6b99,conduct underwater surveys,http://data.europa.eu/esco/skill-type/skill,essential,1
http://data.europa.eu/esco/skill/65f375e1-6724-4539-8f8d-b35f4ba11af0,document survey operations,http://data.europa.eu/esco/skill-type/skill,essential,1
http://data.europa.eu/esco/skill/938973e2-c084-4c34-9dd4-382128caee6d,steer vessels,http://data.europa.eu/esco/skill-type/skill,optional,1
http://data.europa.eu/esco/skill/16a3d876-e330-4648-b03f-5f8d7e18ee17,collect geological data,http://data.europa.eu/esco/skill-type/skill,optional,1
http://data.europa.eu/esco/skill/d7cbc3a2-fd0a-4d3b-acb9-6e24706c2176,assist hydrographic surveys,http://data.europa.eu/esco/skill-type/skill,optional,1
http://data.europa.eu/esco/skill/e02faa7a-9277-4340-aeda-e35bf138320e,provide information on geological characteristics,http://data.europa.eu/esco/skill-type/skill,optional,1
http://data.europa.eu/esco/skill/6b30644d-bdc5-4bca-b1af-edbf5c6b15ee,process collected survey data,http://data.europa.eu/esco/skill-type/skill,optional,1
http://data.europa.eu/esco/skill/cbb330ab-55ac-4eec-b54c-b85c6219f508,remote sensing techniques,http://data.europa.eu/esco/skill-type/knowledge,essential,1
http://data.europa.eu/esco/skill/0435fe96-523f-4888-a76f-22df1e92d9c4,photogrammetry,http://data.europa.eu/esco/skill-type/knowledge,essential,1
http://data.europa.eu/esco/skill/e4d90d50-bd28-4a0c-a3a7-d4963e2a307a,study radar images,http://data.europa.eu/esco/skill-type/skill,essential,1
http://data.europa.eu/esco/skill/944e06e8-7b12-4064-9e72-d80cd6d0cbba,Earth science,http://data.europa.eu/esco/skill-type/knowledge,optional,1
http://data.europa.eu/esco/skill/95324ac5-69a5-419b-a877-720b1ee44236,research remote sensing technologies,http://data.europa.eu/esco/skill-type/skill,optional,1
http://data.europa.eu/esco/skill/ee6c325b-223e-432f-89c3-a0f135adac9e,create cadastral maps,http://data.europa.eu/esco/skill-type/skill,optional,1
http://data.europa.eu/esco/skill/87b27b84-daa7-4ff1-b888-6f33e5d82e96,create strategic maps,http://data.europa.eu/esco/skill-type/skill,optional,1
http://data.europa.eu/esco/skill/a5515186-a519-4a9f-8876-9aaacf06e0a9,develop vaccines,http://data.europa.eu/esco/skill-type/skill,optional,1
http://data.europa.eu/esco/skill/b47da85a-bfde-4012-a3b2-60be9f7ddcdc,research improvement of crop yields,http://data.europa.eu/esco/skill-type/skill,optional,1
http://data.europa.eu/esco/skill/4ca83b9d-afa0-49f8-b7af-e4e6a42ad299,crop production principles,http://data.europa.eu/esco/skill-type/knowledge,optional,1
http://data.europa.eu/esco/skill/ec841d52-755c-4534-b362-811ca07b6cd8,animal species,http://data.europa.eu/esco/skill-type/knowledge,optional,1
http://data.europa.eu/esco/skill/f40be391-915a-4f80-bc3d-b727cfd172b6,advise on the causes of crop disorders,http://data.europa.eu/esco/skill-type/skill,optional,1
http://data.europa.eu/esco/skill/1236128d-9bb4-4d94-bc1e-40fd14824280,medicines,http://data.europa.eu/esco/skill-type/knowledge,optional,1
http://data.europa.eu/esco/skill/235a6894-16ad-42f4-a16a-d0da28e7448c,undertake research in medical genetics,http://data.europa.eu/esco/skill-type/skill,optional,1
http://data.europa.eu/esco/skill/9d75efb9-0c77-4f86-b5e7-99100808564a,pest control in plants,http://data.europa.eu/esco/skill-type/knowledge,optional,1
http://data.europa.eu/esco/skill/5fb523ab-25e9-43a7-a853-c785db50f6cc,pests and diseases,http://data.europa.eu/esco/skill-type/knowledge,optional,1
http://data.europa.eu/esco/skill/53d45a18-6c15-4c50-821c-d116ae0611ec,medical studies,http://data.europa.eu/esco/skill-type/knowledge,optional,1
http://data.europa.eu/esco/skill/45a16833-6666-488d-aadf-e02e569275e8,use technology for forensics,http://data.europa.eu/esco/skill-type/skill,optional,1
http://data.europa.eu/esco/skill/5aec5b83-df71-483e-90b9-21e56a0a3cb2,measure pollution,http://data.europa.eu/esco/skill-type/skill,optional,1
http://data.europa.eu/esco/skill/e0cfe83a-17d7-4015-a427-bd3986f27b42,medical laboratory technology,http://data.europa.eu/esco/skill-type/knowledge,optional,1
http://data.europa.eu/esco/skill/691c7db6-bad8-4a09-a3c4-4bf799375a35,agricultural production principles,http://data.europa.eu/esco/skill-type/knowledge,optional,1
http://data.europa.eu/esco/skill/98bcc40b-2f63-4832-9290-7430a103d102,advise on pest infestation prevention,http://data.europa.eu/esco/skill-type/skill,optional,1
http://data.europa.eu/esco/skill/b011c8b4-76e1-4bbc-8bb9-1d205e7b618a,market analysis,http://data.europa.eu/esco/skill-type/knowledge,optional,1
http://data.europa.eu/esco/skill/99571e68-801f-49af-a897-5f75996642e1,financial analysis,http://data.europa.eu/esco/skill-type/knowledge,optional,1
http://data.europa.eu/esco/skill/c33dd5ae-ae72-49d7-8dcf-8bc72e59fe78,civil law,http://data.europa.eu/esco/skill-type/knowledge,optional,1
http://data.europa.eu/esco/skill/efb523d0-c998-440d-8639-cd14ba841c4c,public law,http://data.europa.eu/esco/skill-type/knowledge,optional,1
http://data.europa.eu/esco/skill/384ed14c-bf1f-4a65-aef6-6e711f43c4ce,advise on economic development,http://data.europa.eu/esco/skill-type/skill,optional,1
http://data.europa.eu/esco/skill/8a43795b-bb38-4f29-91df-a6c92ad4643c,analyse financial performance of a company,http://data.europa.eu/esco/skill-type/skill,optional,1
http://data.europa.eu/esco/skill/8394fefb-f62a-48c0-a156-3117cefdb9b3,develop economic policies,http://data.europa.eu/esco/skill-type/skill,optional,1
http://data.europa.eu/esco/skill/d7b66759-c40c-44de-9f31-9418f84e10c5,assess risk factors,http://data.europa.eu/esco/skill-type/skill,optional,1
http://data.europa.eu/esco/skill/7d4a4dc4-9324-4975-905d-ff1140f95acc,vocal techniques,http://data.europa.eu/esco/skill-type/knowledge,essential,1
http://data.europa.eu/esco/skill/6246dda7-e075-448f-b11a-8274923042d5,breathing techniques,http://data.europa.eu/esco/skill-type/knowledge,essential,1
http://data.europa.eu/esco/skill/8e16511d-3540-47e1-8620-8f111b7ae280,pronunciation techniques,http://data.europa.eu/esco/skill-type/knowledge,essential,1
http://data.europa.eu/esco/skill/ccf87541-680c-4943-914f-58bb61358266,read pre-drafted texts,http://data.europa.eu/esco/skill-type/skill,essential,1
http://data.europa.eu/esco/skill/add5de06-4fcc-4d9a-9b27-4db9722c9be7,memorise lines,http://data.europa.eu/esco/skill-type/skill,essential,1
http://data.europa.eu/esco/skill/38509fa4-7c06-4a4b-9622-f521f03c37b8,photography,http://data.europa.eu/esco/skill-type/knowledge,optional,1
http://data.europa.eu/esco/skill/c39b8441-359e-4cf9-8a52-c5f6dd918813,lighting techniques,http://data.europa.eu/esco/skill-type/knowledge,optional,1
http://data.europa.eu/esco/skill/fb21ee7e-6d25-481a-b1bc-928f86afe497,work with a voice coach,http://data.europa.eu/esco/skill-type/skill,optional,1
http://data.europa.eu/esco/skill/96d04e79-b290-4275-8ca2-df5ff4845737,adopt a relaxed posture,http://data.europa.eu/esco/skill-type/skill,optional,1
http://data.europa.eu/esco/skill/a3f1d933-728d-494a-a260-293132b8fdd4,characteristics of plants,http://data.europa.eu/esco/skill-type/knowledge,essential,1
http://data.europa.eu/esco/skill/70bc4cfe-16c8-4433-a873-15ea8620453e,use laboratory equipment,http://data.europa.eu/esco/skill-type/skill,essential,1
http://data.europa.eu/esco/skill/6b29b77f-7265-4dae-8309-78077f99ab60,assist in the production of laboratory documentation,http://data.europa.eu/esco/skill-type/skill,essential,1
http://data.europa.eu/esco/skill/35f1dcdc-577f-46c6-96d9-6c7a64501de9,laboratory equipment,http://data.europa.eu/esco/skill-type/knowledge,essential,1
http://data.europa.eu/esco/skill/2a58e994-74b9-4211-85ac-cfb409a9b667,botany,http://data.europa.eu/esco/skill-type/knowledge,essential,1
http://data.europa.eu/esco/skill/ab6265f2-a9bf-49e8-a9a5-67cbab4de38b,manage inventory,http://data.europa.eu/esco/skill-type/skill,essential,1
http://data.europa.eu/esco/skill/ff9ed77c-f19c-41d8-8b11-a382c6819e8d,preserve samples,http://data.europa.eu/esco/skill-type/skill,optional,1
http://data.europa.eu/esco/skill/0fb63e16-f674-4b96-9954-b9d63b666650,variety of botanicals,http://data.europa.eu/esco/skill-type/knowledge,optional,1
http://data.europa.eu/esco/skill/f49df8e2-f451-49aa-9aa9-b21b2afdbb87,biosecurity,http://data.europa.eu/esco/skill-type/knowledge,optional,1
http://data.europa.eu/esco/skill/54434099-46cd-4809-a0c2-648d46def111,aquatic species,http://data.europa.eu/esco/skill-type/knowledge,optional,1
http://data.europa.eu/esco/skill/aeb400b6-d38c-45cc-9252-3c6983c614bb,conduct ecological surveys,http://data.europa.eu/esco/skill-type/skill,optional,1
http://data.europa.eu/esco/skill/9d3490b2-a0e6-415b-81a4-a3a4a63268b0,maintain plant health,http://data.europa.eu/esco/skill-type/skill,optional,1
http://data.europa.eu/esco/skill/87da57a8-ae40-41e3-998e-f517daa95c9a,handle chemical products for soil and plants,http://data.europa.eu/esco/skill-type/skill,optional,1
http://data.europa.eu/esco/skill/7b3717e4-e963-44e0-b94f-1088a7242da0,nurse plants,http://data.europa.eu/esco/skill-type/skill,optional,1
http://data.europa.eu/esco/skill/dcb01a4f-720a-480f-b61a-11a1286d56f3,horticulture principles,http://data.europa.eu/esco/skill-type/knowledge,optional,1
http://data.europa.eu/esco/skill/355c4510-8b6c-4d39-9e4d-5b91ddda2fb4,analyse cell cultures,http://data.europa.eu/esco/skill-type/skill,optional,1
http://data.europa.eu/esco/skill/68a8fc55-1755-40c0-ad3c-ef6371254159,plant care products,http://data.europa.eu/esco/skill-type/knowledge,optional,1
http://data.europa.eu/esco/skill/6c1143b7-1a4c-49ba-849a-ae328673e566,soil structure,http://data.europa.eu/esco/skill-type/knowledge,essential,1
http://data.europa.eu/esco/skill/91a6da8d-24dc-4453-9821-de305864677c,soil science,http://data.europa.eu/esco/skill-type/knowledge,essential,1
http://data.europa.eu/esco/skill/a11c4c9c-ed68-4dcd-b7ef-841e7e347d70,conduct soil sample tests,http://data.europa.eu/esco/skill-type/skill,essential,1
http://data.europa.eu/esco/skill/5548401e-dbe9-4603-9917-1c8b3e0ad4ad,soil mechanics,http://data.europa.eu/esco/skill-type/knowledge,essential,1
http://data.europa.eu/esco/skill/afdcb380-ef9f-4785-b877-cc551f035034,agronomy,http://data.europa.eu/esco/skill-type/knowledge,optional,1
http://data.europa.eu/esco/skill/b34f8562-9fcc-4e58-bd1c-8088ebadd315,advise on nature conservation,http://data.europa.eu/esco/skill-type/skill,optional,1
http://data.europa.eu/esco/skill/695b888d-cdcf-4ba8-8425-53da04ebf063,monitor pulp quality,http://data.europa.eu/esco/skill-type/skill,essential,1
http://data.europa.eu/esco/skill/631f70b6-d431-456d-8262-cb8c79fdb2f2,check paper quality,http://data.europa.eu/esco/skill-type/skill,essential,1
http://data.europa.eu/esco/skill/c095e69a-dee5-4a58-afb0-3c330d2bb276,sizes of paper,http://data.europa.eu/esco/skill-type/knowledge,essential,1
http://data.europa.eu/esco/skill/4f012a77-a344-467f-9f54-70f48e090095,paper chemistry,http://data.europa.eu/esco/skill-type/knowledge,essential,1
http://data.europa.eu/esco/skill/dc2a04ca-61b6-4e37-a8b1-ff9f6f208c49,types of pulp,http://data.europa.eu/esco/skill-type/knowledge,essential,1
http://data.europa.eu/esco/skill/7dcda7b8-afa9-4504-b7d9-95a51e8ee96d,types of paper,http://data.europa.eu/esco/skill-type/knowledge,essential,1
http://data.europa.eu/esco/skill/608a5d9d-0007-4797-bd51-361e3aa51a48,paper production processes,http://data.europa.eu/esco/skill-type/knowledge,essential,1
http://data.europa.eu/esco/skill/267b9417-9d05-4731-a877-bfb978fb50eb,plan engineering activities,http://data.europa.eu/esco/skill-type/skill,essential,1
http://data.europa.eu/esco/skill/0625e737-2b29-4835-ac28-aeec4a8dc0f2,test paper production samples,http://data.europa.eu/esco/skill-type/skill,essential,1
http://data.europa.eu/esco/skill/4aba6668-6118-4953-804b-869cef94422a,dispose of non-hazardous waste,http://data.europa.eu/esco/skill-type/skill,optional,1
http://data.europa.eu/esco/skill/29fb886c-6be0-4e93-9ea1-232881f2092a,plan product management,http://data.europa.eu/esco/skill-type/skill,optional,1
http://data.europa.eu/esco/skill/96d6a0a7-5923-44c1-adec-c76ab617c6d9,prepare production reports,http://data.europa.eu/esco/skill-type/skill,optional,1
http://data.europa.eu/esco/skill/1e82d6b1-9f46-498e-a53e-d9aa7ebbae50,maintain furnace temperature,http://data.europa.eu/esco/skill-type/skill,essential,1
http://data.europa.eu/esco/skill/1a0d7ac7-71d6-4efd-84d3-199f88821bc3,measure furnace temperature,http://data.europa.eu/esco/skill-type/skill,essential,1
http://data.europa.eu/esco/skill/d716e8f0-a93e-43f0-b651-be9a5658e905,record furnace operations,http://data.europa.eu/esco/skill-type/skill,essential,1
http://data.europa.eu/esco/skill/621cd6bc-b146-44ef-965f-4fa882c12eb6,load materials into furnace,http://data.europa.eu/esco/skill-type/skill,essential,1
http://data.europa.eu/esco/skill/8299babb-970b-48d1-8839-7235276894cf,plastic resins,http://data.europa.eu/esco/skill-type/knowledge,essential,1
http://data.europa.eu/esco/skill/4aacf6a5-9740-48f9-8ed5-11c1cfce722a,operate heat treatment furnace,http://data.europa.eu/esco/skill-type/skill,essential,1
http://data.europa.eu/esco/skill/23bfab2e-bf4d-462b-bcac-0c46733a1d4b,tend discharge conveyor,http://data.europa.eu/esco/skill-type/skill,essential,1
http://data.europa.eu/esco/skill/eded531c-c3e3-408a-aff5-7eaf39f3904e,prevent damage in a furnace,http://data.europa.eu/esco/skill-type/skill,essential,1
http://data.europa.eu/esco/skill/7bca33d0-e1bb-4963-92f2-a17408b479ab,mix moulding and casting material,http://data.europa.eu/esco/skill-type/skill,optional,1
http://data.europa.eu/esco/skill/e4f6279f-2ae3-49bd-b0ab-b8d6b86c38a1,cool materials,http://data.europa.eu/esco/skill-type/skill,optional,1
http://data.europa.eu/esco/skill/90d672aa-dbf5-4692-adf9-a3d4a73eaf5e,feed hoppers,http://data.europa.eu/esco/skill-type/skill,optional,1
http://data.europa.eu/esco/skill/f60416d5-2d98-4401-ba0d-b92b53e01d86,keep stock records,http://data.europa.eu/esco/skill-type/skill,optional,1
http://data.europa.eu/esco/skill/3fa11d4e-8204-401c-8317-4e91fdfc920c,injection moulding machine parts,http://data.europa.eu/esco/skill-type/knowledge,essential,1
http://data.europa.eu/esco/skill/7cd6de25-f691-4aac-81a2-a9d09b004b38,use hand tools,http://data.europa.eu/esco/skill-type/skill,essential,1
http://data.europa.eu/esco/skill/b81a56c8-959d-45cf-a8b7-08227f84301f,synthetic materials,http://data.europa.eu/esco/skill-type/knowledge,essential,1
http://data.europa.eu/esco/skill/fe490d6c-851b-44a8-949b-808e24c2cc54,measure materials,http://data.europa.eu/esco/skill-type/skill,optional,1
http://data.europa.eu/esco/skill/f98159cb-935a-4a20-97d0-68e2e3e60765,anticipate installation maintenance,http://data.europa.eu/esco/skill-type/skill,optional,1
http://data.europa.eu/esco/skill/f0006418-17ee-4c38-af75-f5e1e35de64c,build machines,http://data.europa.eu/esco/skill-type/skill,optional,1
http://data.europa.eu/esco/skill/b589ce7c-588f-4045-be2d-9332c2d2278d,surface engineering,http://data.europa.eu/esco/skill-type/knowledge,essential,1
http://data.europa.eu/esco/skill/a9d2af37-f208-4ce8-8cc2-24de0b02b555,analyse stress resistance of materials,http://data.europa.eu/esco/skill-type/skill,optional,1
http://data.europa.eu/esco/skill/530cb489-d900-46ab-9350-4d50ccd49eea,welding techniques,http://data.europa.eu/esco/skill-type/knowledge,optional,1
http://data.europa.eu/esco/skill/0bb4b474-da3a-45ce-9de3-0c964d84e73f,soldering techniques,http://data.europa.eu/esco/skill-type/knowledge,optional,1
http://data.europa.eu/esco/skill/65825c90-dd02-4533-8192-9195c18e1676,apply validation engineering,http://data.europa.eu/esco/skill-type/skill,optional,1
http://data.europa.eu/esco/skill/fd446407-b08e-49da-b8e3-7e7c79618c3f,conduct public presentations,http://data.europa.eu/esco/skill-type/skill,optional,1
http://data.europa.eu/esco/skill/4db59630-40d1-403d-b2f0-0cc81d95632d,pharmacovigilance legislation,http://data.europa.eu/esco/skill-type/knowledge,optional,1
http://data.europa.eu/esco/skill/722be5b6-9492-46da-aeef-ddd880fdceb1,electrical instrumentation engineering,http://data.europa.eu/esco/skill-type/knowledge,optional,1
http://data.europa.eu/esco/skill/4c35663d-f3c7-464a-bbdd-3568eba2dc7b,drug administration regulations,http://data.europa.eu/esco/skill-type/knowledge,optional,1
http://data.europa.eu/esco/skill/f0c3839a-e295-42b5-b986-b3960c90c79f,test production input materials,http://data.europa.eu/esco/skill-type/skill,optional,1
http://data.europa.eu/esco/skill/2ad081e6-0a3f-4612-ac15-7ace75d39e26,intellectual property law,http://data.europa.eu/esco/skill-type/knowledge,optional,1
http://data.europa.eu/esco/skill/aa6a8f15-75aa-48ab-a1ca-413d43b23c43,manage pharmaceutical production facilities construction,http://data.europa.eu/esco/skill-type/skill,optional,1
http://data.europa.eu/esco/skill/60c544c9-0815-479c-bcec-93c7891815ea,pharmacology,http://data.europa.eu/esco/skill-type/knowledge,optional,1
http://data.europa.eu/esco/skill/ad320551-6c52-4fa3-bee9-558a44ed1e2a,evaluate pharmaceutical manufacturing process,http://data.europa.eu/esco/skill-type/skill,optional,1
http://data.europa.eu/esco/skill/a1c72d66-3671-4a8e-840d-e8b28e237b6f,pharmaceutical industry,http://data.europa.eu/esco/skill-type/knowledge,optional,1
http://data.europa.eu/esco/skill/0aa38c07-644b-4f81-8014-924ea3cc8dc5,pharmaceutical legislation,http://data.europa.eu/esco/skill-type/knowledge,optional,1
http://data.europa.eu/esco/skill/89423614-b96a-44f5-9e63-1501549d8f31,pharmaceutical manufacturing quality systems,http://data.europa.eu/esco/skill-type/knowledge,optional,1
http://data.europa.eu/esco/skill/ec0449aa-ad5b-4231-8022-907ce82e1128,contribute to registration of pharmaceutical products,http://data.europa.eu/esco/skill-type/skill,optional,1
http://data.europa.eu/esco/skill/c09dce1b-e198-487e-b63f-934e10a4c181,monitor plant production,http://data.europa.eu/esco/skill-type/skill,optional,1
http://data.europa.eu/esco/skill/22a40965-a2c7-43c4-853e-e0fd412383bd,chemical preservation,http://data.europa.eu/esco/skill-type/knowledge,optional,1
http://data.europa.eu/esco/skill/18f36e41-209a-4691-8381-e830eddbaae1,manage chemical reagents,http://data.europa.eu/esco/skill-type/skill,essential,1
http://data.europa.eu/esco/skill/c20927b5-15d4-4cd3-8776-a56040ca702b,manage mineral processing plant,http://data.europa.eu/esco/skill-type/skill,essential,1
http://data.europa.eu/esco/skill/78f81b3e-b095-414a-8d7c-56b567f6ed33,manage mineral testing procedures,http://data.europa.eu/esco/skill-type/skill,essential,1
http://data.europa.eu/esco/skill/f7f139ba-c5c2-43ac-8d0f-78aadad910f6,bioleaching,http://data.europa.eu/esco/skill-type/knowledge,optional,1
http://data.europa.eu/esco/skill/ed938748-60ae-4964-a657-ff2685ecc0d0,evaluate engine performance,http://data.europa.eu/esco/skill-type/skill,essential,1
http://data.europa.eu/esco/skill/f5fa2654-52cc-45d2-ac92-ac979dee5d12,engine components,http://data.europa.eu/esco/skill-type/knowledge,essential,1
http://data.europa.eu/esco/skill/204cd81a-b1f0-467c-8c5c-17e723eb62fd,operation of different engines,http://data.europa.eu/esco/skill-type/knowledge,essential,1
http://data.europa.eu/esco/skill/af0bbc31-b54d-4e8d-82b1-2e91a1115523,mechanics of trains,http://data.europa.eu/esco/skill-type/knowledge,optional,1
http://data.europa.eu/esco/skill/53b1dcbc-7c51-43cd-9e3a-9ca78afd2895,bicycle mechanics,http://data.europa.eu/esco/skill-type/knowledge,optional,1
http://data.europa.eu/esco/skill/632843be-2872-47b4-a92e-352629f9bd88,analyse stress resistance of products,http://data.europa.eu/esco/skill-type/skill,optional,1
http://data.europa.eu/esco/skill/7566f0b4-7f6e-455c-abb5-ec58e57f7e17,mechanics of motor vehicles,http://data.europa.eu/esco/skill-type/knowledge,optional,1
http://data.europa.eu/esco/skill/2ee670aa-c687-4ff7-92eb-0abc9b57e5f2,mechanics of vessels,http://data.europa.eu/esco/skill-type/knowledge,optional,1
http://data.europa.eu/esco/skill/1441e3b2-d776-40aa-9684-536a25329ebb,advise on mine development,http://data.europa.eu/esco/skill-type/skill,essential,1
http://data.europa.eu/esco/skill/9b0b2bb5-e26d-4384-8272-fa72060ac6bd,carry out geological explorations,http://data.europa.eu/esco/skill-type/skill,essential,1
http://data.europa.eu/esco/skill/dfbed830-a70d-46da-9cce-82081593d948,advise on mine production,http://data.europa.eu/esco/skill-type/skill,essential,1
http://data.europa.eu/esco/skill/032b0bed-22b1-456b-8009-91e6b838fe45,geological mapping,http://data.europa.eu/esco/skill-type/knowledge,optional,1
http://data.europa.eu/esco/skill/94b2c46e-6338-4a1d-950a-d44eef018c53,collaborate with engineers,http://data.europa.eu/esco/skill-type/skill,essential,1
http://data.europa.eu/esco/skill/0ba0717c-3a7a-45a3-834c-59c554e56c72,translate formulae into processes,http://data.europa.eu/esco/skill-type/skill,essential,1
http://data.europa.eu/esco/skill/e2e9bf69-80b3-4237-afd9-40960dc3c67e,prepare chemical samples,http://data.europa.eu/esco/skill-type/skill,essential,1
http://data.europa.eu/esco/skill/31d35d3d-2bf2-49aa-9c20-92566ef80277,use ICT systems,http://data.europa.eu/esco/skill-type/skill,essential,1
http://data.europa.eu/esco/skill/2a778aeb-f246-4f03-9a96-c60183001037,schedule production,http://data.europa.eu/esco/skill-type/skill,optional,1
http://data.europa.eu/esco/skill/b74a4387-80dc-4d78-aab4-11215c86b1dc,inorganic chemistry,http://data.europa.eu/esco/skill-type/knowledge,optional,1
http://data.europa.eu/esco/skill/93261e82-8ffe-4a8b-b8b0-02265edbf562,supervise laboratory operations,http://data.europa.eu/esco/skill-type/skill,optional,1
http://data.europa.eu/esco/skill/d154e48f-95b4-4ce6-907e-4a44d50129fe,set production facilities standards,http://data.europa.eu/esco/skill-type/skill,optional,1
http://data.europa.eu/esco/skill/4b9cf8e3-5b00-49ee-9d2f-bb78d6b46493,communicate with external laboratories,http://data.europa.eu/esco/skill-type/skill,optional,1
http://data.europa.eu/esco/skill/1c43679a-c6fc-4b42-bb8b-452a34ae9b73,use chromatography software,http://data.europa.eu/esco/skill-type/skill,optional,1
http://data.europa.eu/esco/skill/fba060b5-fb15-4722-9666-564040bd29ef,maintain chromotography machinery,http://data.europa.eu/esco/skill-type/skill,optional,1
http://data.europa.eu/esco/skill/00f2eee1-cd4d-4a45-ae10-b6060f53ad5d,act as contact person during equipment incident,http://data.europa.eu/esco/skill-type/skill,optional,1
http://data.europa.eu/esco/skill/e2649956-6e7c-4ac6-92ee-fab9c61badf2,educate public on fire safety,http://data.europa.eu/esco/skill-type/skill,optional,1
http://data.europa.eu/esco/skill/c643e59b-d74c-4f44-b76e-6e1d96c05ec4,use safety equipment in construction,http://data.europa.eu/esco/skill-type/skill,essential,1
http://data.europa.eu/esco/skill/615cfc39-797f-4229-8e92-159fcf8f3030,building codes,http://data.europa.eu/esco/skill-type/knowledge,essential,1
http://data.europa.eu/esco/skill/86df7af2-f9f3-4c06-a500-7f1fba9e78fe,follow health and safety procedures in construction,http://data.europa.eu/esco/skill-type/skill,essential,1
http://data.europa.eu/esco/skill/fe77f9ca-7bd2-4a68-98f4-8463a4fb8301,construction industry,http://data.europa.eu/esco/skill-type/knowledge,essential,1
http://data.europa.eu/esco/skill/b10c9a92-d6ff-40bc-ac64-4705949a2ac7,perform field research,http://data.europa.eu/esco/skill-type/skill,essential,1
http://data.europa.eu/esco/skill/63395522-32f0-46c4-851d-69c2d3800a8a,prevent damage to utility infrastructure,http://data.europa.eu/esco/skill-type/skill,essential,1
http://data.europa.eu/esco/skill/3b64ab47-a874-403a-b781-7b23c2fc3c6c,advise on building matters,http://data.europa.eu/esco/skill-type/skill,optional,1
http://data.europa.eu/esco/skill/156f8c5b-894a-4ccc-a70e-37a2726f3f00,work ergonomically,http://data.europa.eu/esco/skill-type/skill,optional,1
http://data.europa.eu/esco/skill/4a112f96-72c1-47f3-aa61-4b34ea415701,obtain relevant licenses,http://data.europa.eu/esco/skill-type/skill,optional,1
http://data.europa.eu/esco/skill/3dd3dfa7-51c0-40ef-af46-e2df300489f6,monitor parameters' compliance in construction projects,http://data.europa.eu/esco/skill-type/skill,optional,1
http://data.europa.eu/esco/skill/6181f475-110c-497c-a46d-ed2e14e7bc90,ensure compliance with construction project deadline,http://data.europa.eu/esco/skill-type/skill,optional,1
http://data.europa.eu/esco/skill/4fa2d6ba-4fff-4f21-bddd-4a54ae840955,work in a construction team,http://data.europa.eu/esco/skill-type/skill,optional,1
http://data.europa.eu/esco/skill/ef2adfe8-d7a5-465d-bbe6-8f9e913ae7ed,set up temporary construction site infrastructure,http://data.europa.eu/esco/skill-type/skill,optional,1
http://data.europa.eu/esco/skill/e1f5c539-7c93-49ee-917d-a24e0d887686,control of expenses,http://data.europa.eu/esco/skill-type/skill,optional,1
http://data.europa.eu/esco/skill/d2efac49-6a08-402c-ae58-1b8aa95980ba,design scale models,http://data.europa.eu/esco/skill-type/skill,optional,1
http://data.europa.eu/esco/skill/5d9dd44a-81f8-4710-bd4d-af27ec5c2139,calculate needs for construction supplies,http://data.europa.eu/esco/skill-type/skill,optional,1
http://data.europa.eu/esco/skill/65227f84-5d33-44a4-ad4b-1e8571b415c0,maintain operational standards,http://data.europa.eu/esco/skill-type/skill,optional,1
http://data.europa.eu/esco/skill/1de548e0-9535-4d2e-9d20-d4474c1ea813,oversee construction project,http://data.europa.eu/esco/skill-type/skill,optional,1
http://data.europa.eu/esco/skill/1f632076-fd9b-4b18-a9a2-b59a59181d3e,urban planning law,http://data.europa.eu/esco/skill-type/knowledge,optional,1
http://data.europa.eu/esco/skill/7c3cde53-9ff7-4e82-8396-13fdfadd3432,design buildings,http://data.europa.eu/esco/skill-type/skill,optional,1
http://data.europa.eu/esco/skill/7f27f1ff-2e17-4b69-990e-c23334478313,assessment of risks and threats,http://data.europa.eu/esco/skill-type/knowledge,essential,1
http://data.europa.eu/esco/skill/594bd121-9614-4e87-9ecf-6ccb95507efe,draw up risk assessment,http://data.europa.eu/esco/skill-type/skill,essential,1
http://data.europa.eu/esco/skill/5d099b8d-eae9-457f-a9ae-0fe5395ece05,adhere to standards of national and international safety programmes,http://data.europa.eu/esco/skill-type/skill,optional,1
http://data.europa.eu/esco/skill/9fd17276-f2c1-47a3-8a42-808134136630,thermohydraulics,http://data.europa.eu/esco/skill-type/knowledge,optional,1
http://data.europa.eu/esco/skill/02137a68-6860-45e8-8e4d-38db467bb8b6,human factors regarding safety,http://data.europa.eu/esco/skill-type/knowledge,optional,1
http://data.europa.eu/esco/skill/f90d4810-8bac-4e5e-b870-3e35a4138ff7,accept own accountability,http://data.europa.eu/esco/skill-type/skill,optional,1
http://data.europa.eu/esco/skill/1fcc7c3a-9693-4999-870f-8dab6283d9e7,design safety equipment,http://data.europa.eu/esco/skill-type/skill,optional,1
http://data.europa.eu/esco/skill/ef1b72a4-7f39-47e8-985a-a541db616dcf,educate employees on occupational hazards,http://data.europa.eu/esco/skill-type/skill,optional,1
http://data.europa.eu/esco/skill/2cbb31ac-2403-4c31-90f3-7473623a56fc,investigate occupational injuries,http://data.europa.eu/esco/skill-type/skill,optional,1
http://data.europa.eu/esco/skill/33c8742f-fc91-433b-8d3f-3238f7e3018f,install safety devices,http://data.europa.eu/esco/skill-type/skill,optional,1
http://data.europa.eu/esco/skill/668504c9-aca5-4893-90eb-9805da03a0a2,follow up on safety breaches,http://data.europa.eu/esco/skill-type/skill,optional,1
http://data.europa.eu/esco/skill/f12d412a-04e3-49a8-a4f6-2e32a67c12a2,metal drawing processes,http://data.europa.eu/esco/skill-type/knowledge,essential,1
http://data.europa.eu/esco/skill/fd70741f-5916-4fae-8d8a-d4ca8b578b8f,determine characteristics of mineral deposits,http://data.europa.eu/esco/skill-type/skill,optional,1
http://data.europa.eu/esco/skill/676807c0-348d-452e-8eab-40fb7b9e1594,test construction material samples,http://data.europa.eu/esco/skill-type/skill,optional,1
http://data.europa.eu/esco/skill/3a55c908-154f-4739-a8d7-cce034cc8e27,develop alternative mining methods,http://data.europa.eu/esco/skill-type/skill,optional,1
http://data.europa.eu/esco/skill/d2b3891d-d710-4f53-9a68-ff7b1158fef5,excavation techniques,http://data.europa.eu/esco/skill-type/knowledge,optional,1
http://data.europa.eu/esco/skill/bf40aa7c-1e99-40bb-a718-1e1492aaf00f,identify market niches,http://data.europa.eu/esco/skill-type/skill,essential,1
http://data.europa.eu/esco/skill/75b30aeb-34c0-40f4-b77d-271d75a98b14,improve business processes,http://data.europa.eu/esco/skill-type/skill,essential,1
http://data.europa.eu/esco/skill/ea0e069a-d1c1-4c11-b4aa-af9809815d3e,follow manufacturing work schedule,http://data.europa.eu/esco/skill-type/skill,optional,1
http://data.europa.eu/esco/skill/89ba58e8-a67e-4d2b-ad42-6acab25c241b,measure customer feedback,http://data.europa.eu/esco/skill-type/skill,optional,1
http://data.europa.eu/esco/skill/a9dc530e-0e1f-4eef-a739-47bdfe11930e,show social competences,http://data.europa.eu/esco/skill-type/skill,essential,1
http://data.europa.eu/esco/skill/4b905e0b-6323-49fb-aca2-e1bf8c3d5a81,oversee mine planning activities,http://data.europa.eu/esco/skill-type/skill,essential,1
http://data.europa.eu/esco/skill/5f680338-289a-454a-b762-d87e07915f02,ensure mining records are maintained,http://data.europa.eu/esco/skill-type/skill,essential,1
http://data.europa.eu/esco/skill/1d86078b-c78a-46b7-bee6-9e2bb7532b91,manage mining plant equipment,http://data.europa.eu/esco/skill-type/skill,essential,1
http://data.europa.eu/esco/skill/999286f1-22d9-4950-9422-89bd45265a5f,maintain relationships with stakeholders,http://data.europa.eu/esco/skill-type/skill,optional,1
http://data.europa.eu/esco/skill/f077719c-82ff-4035-9426-47c5eb554454,manage medium term objectives,http://data.europa.eu/esco/skill-type/skill,essential,1
http://data.europa.eu/esco/skill/2a314d49-c071-403b-9cc8-75aea53e7859,manage heavy equipment,http://data.europa.eu/esco/skill-type/skill,essential,1
http://data.europa.eu/esco/skill/c0508d27-e150-49c0-92be-f63f0e0f0cc7,deputise for the mine manager,http://data.europa.eu/esco/skill-type/skill,essential,1
http://data.europa.eu/esco/skill/cc3b901c-4d66-48f8-90b9-41883be1e1ed,plan medium to long term objectives,http://data.europa.eu/esco/skill-type/skill,essential,1
http://data.europa.eu/esco/skill/507e2b21-1285-47e9-bf09-0db794df1bf0,develop environmental policy,http://data.europa.eu/esco/skill-type/skill,essential,1
http://data.europa.eu/esco/skill/4a2d006d-8349-482b-9e54-175b9b113d27,develop mine rehabilitation plan,http://data.europa.eu/esco/skill-type/skill,optional,1
http://data.europa.eu/esco/skill/e934f5b0-8641-418c-9c4e-1f2b54790d44,impact of meteorological phenomena on mining operations,http://data.europa.eu/esco/skill-type/knowledge,optional,1
http://data.europa.eu/esco/skill/c77ac399-de03-4136-9531-023c453006be,hazardous freight regulations,http://data.europa.eu/esco/skill-type/knowledge,essential,1
http://data.europa.eu/esco/skill/50b92084-93fd-4fa4-b2e8-d4be690603b9,track shipping sites,http://data.europa.eu/esco/skill-type/skill,essential,1
http://data.europa.eu/esco/skill/0b144726-21c2-46ed-8d13-c03d27f61604,perform multiple tasks at the same time,http://data.europa.eu/esco/skill-type/skill,essential,1
http://data.europa.eu/esco/skill/5cd46e15-61ce-4f23-b688-2b9a8c08e2a0,forecast distribution activities,http://data.europa.eu/esco/skill-type/skill,essential,1
http://data.europa.eu/esco/skill/131b4258-d9bb-4b01-9202-374184fb3c07,minimise shipping cost,http://data.europa.eu/esco/skill-type/skill,essential,1
http://data.europa.eu/esco/skill/a16e3fc6-c77d-46e3-aa18-c691fed47fd1,freight transport methods,http://data.europa.eu/esco/skill-type/knowledge,essential,1
http://data.europa.eu/esco/skill/aa238394-8126-4ada-be2f-9dfe065cf314,adhere to organisational guidelines,http://data.europa.eu/esco/skill-type/skill,essential,1
http://data.europa.eu/esco/skill/d0586c39-a2d9-4492-a970-c566a64ffd86,ensure regulatory compliance concerning distribution activities,http://data.europa.eu/esco/skill-type/skill,essential,1
http://data.europa.eu/esco/skill/04a97507-f019-4b5c-ae52-46224922ce25,manage freight payment methods,http://data.europa.eu/esco/skill-type/skill,essential,1
http://data.europa.eu/esco/skill/53815c73-d352-4d4d-92cb-fb7020cbd8e6,carry out inventory control accuracy,http://data.europa.eu/esco/skill-type/skill,essential,1
http://data.europa.eu/esco/skill/3d913cd3-4ba3-4be9-8b35-4ad0de5ccb60,track shipments,http://data.europa.eu/esco/skill-type/skill,essential,1
http://data.europa.eu/esco/skill/d4c4df36-5f61-4677-afa4-82d9e93c657b,negotiate sale of commodities,http://data.europa.eu/esco/skill-type/skill,essential,1
http://data.europa.eu/esco/skill/71152876-b629-4a99-b9ea-0f25a0d07e4e,negotiate sales contracts,http://data.europa.eu/esco/skill-type/skill,essential,1
http://data.europa.eu/esco/skill/c1013d55-b503-428f-aa58-f45412350e28,initiate contact with buyers,http://data.europa.eu/esco/skill-type/skill,essential,1
http://data.europa.eu/esco/skill/5308b523-dc53-4d32-91c7-6654ff40eea8,initiate contact with sellers,http://data.europa.eu/esco/skill-type/skill,essential,1
http://data.europa.eu/esco/skill/d207a30b-2f80-4138-9b77-f88d549b8768,identify new business opportunities,http://data.europa.eu/esco/skill-type/skill,essential,1
http://data.europa.eu/esco/skill/fde186df-c9c4-49f5-b2a5-d66adc7c43a5,negotiate buying conditions,http://data.europa.eu/esco/skill-type/skill,essential,1
http://data.europa.eu/esco/skill/bdcf429c-5ccf-4c3d-bb61-4c987573a35e,show entrepreneurial spirit,http://data.europa.eu/esco/skill-type/skill,essential,1
http://data.europa.eu/esco/skill/5e50a0f1-4089-4df6-a15b-34b39d3aeab4,conduct performance measurement,http://data.europa.eu/esco/skill-type/skill,essential,1
http://data.europa.eu/esco/skill/fc22f985-cdc2-47da-8df7-949db1f5c06f,direct distribution operations,http://data.europa.eu/esco/skill-type/skill,essential,1
http://data.europa.eu/esco/skill/6bc02a4a-66af-4b49-9bd3-d07695d52b42,abide by business ethical code of conducts,http://data.europa.eu/esco/skill-type/skill,essential,1
http://data.europa.eu/esco/skill/39d92981-7b68-47de-bfc0-5374c067dba9,control trade commercial documentation,http://data.europa.eu/esco/skill-type/skill,essential,1
http://data.europa.eu/esco/skill/363e30cf-b3ec-4b3f-b02c-ac77a5902d15,set import export strategies,http://data.europa.eu/esco/skill-type/skill,essential,1
http://data.europa.eu/esco/skill/885564e4-9818-44ac-a77d-ddfe30b34ed7,managing a business with great care,http://data.europa.eu/esco/skill-type/skill,essential,1
http://data.europa.eu/esco/skill/66dd1398-6be6-4a0d-a0d0-4a8b3941963a,export control principles,http://data.europa.eu/esco/skill-type/knowledge,essential,1
http://data.europa.eu/esco/skill/f2898671-c530-4357-8999-6420d3a7708f,maintain electrical mine machinery,http://data.europa.eu/esco/skill-type/skill,essential,1
http://data.europa.eu/esco/skill/93d49976-acd8-4925-b5d1-7d80e0fd8dc0,procure electrical machinery,http://data.europa.eu/esco/skill-type/skill,essential,1
http://data.europa.eu/esco/skill/9ba355be-f119-42b6-a7d6-52f6ce2e4a3f,design circuits using CAD,http://data.europa.eu/esco/skill-type/skill,essential,1
http://data.europa.eu/esco/skill/d3586c5c-e8a6-4fad-bf07-de7ca5072380,install electrical mining machinery,http://data.europa.eu/esco/skill-type/skill,essential,1
http://data.europa.eu/esco/skill/064018ab-0192-441b-92a5-43c2328e9be2,electrical mine machinery manuals,http://data.europa.eu/esco/skill-type/knowledge,essential,1
http://data.europa.eu/esco/skill/1b6197c8-a08b-412b-8be0-ed6de108b17e,develop improvements to the electrical systems,http://data.europa.eu/esco/skill-type/skill,essential,1
http://data.europa.eu/esco/skill/95760903-58e9-4194-842a-a24e0af43074,file claims with insurance companies,http://data.europa.eu/esco/skill-type/skill,essential,1
http://data.europa.eu/esco/skill/25d8dedb-a557-441a-8aeb-2d618b79abe9,handle quotes from prospective shippers,http://data.europa.eu/esco/skill-type/skill,essential,1
http://data.europa.eu/esco/skill/94506271-00d8-481b-9359-739ce2a06cde,apply import strategies,http://data.europa.eu/esco/skill-type/skill,essential,1
http://data.europa.eu/esco/skill/c0ec2baa-38e4-4cad-9770-cf6a7fbfdfcf,monitor merchandise delivery,http://data.europa.eu/esco/skill-type/skill,essential,1
http://data.europa.eu/esco/skill/52f6fca4-1ab6-4588-983d-15a278148961,administer multi-modal logistics,http://data.europa.eu/esco/skill-type/skill,essential,1
http://data.europa.eu/esco/skill/0959a14b-9743-4d71-93ba-a1fefa56e5ae,create import-export commercial documentation,http://data.europa.eu/esco/skill-type/skill,essential,1
http://data.europa.eu/esco/skill/0efad746-55ba-4586-b481-ebfb1f7a8488,apply export strategies,http://data.europa.eu/esco/skill-type/skill,essential,1
http://data.europa.eu/esco/skill/4e4a9605-66d5-4e47-b591-bdc2d0fbdba1,train employees in mine safety,http://data.europa.eu/esco/skill-type/skill,essential,1
http://data.europa.eu/esco/skill/8006596d-605b-4088-a3f6-8e3aedec21ab,prevent health and safety problems,http://data.europa.eu/esco/skill-type/skill,essential,1
http://data.europa.eu/esco/skill/c83b7143-132d-4559-be57-83eb4da1e7c1,inspect mine safety conditions,http://data.europa.eu/esco/skill-type/skill,optional,1
http://data.europa.eu/esco/skill/909c2e48-262e-4ebe-be05-5324ab086c1d,generate reconciliation reports,http://data.europa.eu/esco/skill-type/skill,essential,1
http://data.europa.eu/esco/skill/2d78e626-28e9-423a-abb1-5f6491785a20,maintain plans of a mining site,http://data.europa.eu/esco/skill-type/skill,essential,1
http://data.europa.eu/esco/skill/f8ea6bda-9f1d-4864-b8f4-ba7e6984e5dd,schedule mine production,http://data.europa.eu/esco/skill-type/skill,essential,1
http://data.europa.eu/esco/skill/500ec9db-4ce6-4955-9f2a-706cf35e5fbd,minerals laws,http://data.europa.eu/esco/skill-type/knowledge,optional,1
http://data.europa.eu/esco/skill/d72df8d3-058d-46b0-be77-10663d1a006b,report mine machinery repairs,http://data.europa.eu/esco/skill-type/skill,essential,1
http://data.europa.eu/esco/skill/bb53ee36-a5af-4c32-93f0-0438a437e509,train operators in using mine machinery,http://data.europa.eu/esco/skill-type/skill,essential,1
http://data.europa.eu/esco/skill/32b8710b-2e9d-466c-ba27-4cf188e70aaf,test mine equipment,http://data.europa.eu/esco/skill-type/skill,essential,1
http://data.europa.eu/esco/skill/f041ce17-a005-4c69-846e-e3806e0b62f9,conduct inter-shift communication,http://data.europa.eu/esco/skill-type/skill,essential,1
http://data.europa.eu/esco/skill/a27296de-4b08-44df-a4f1-660e5bb03f59,communicate mine equipment information,http://data.europa.eu/esco/skill-type/skill,essential,1
http://data.europa.eu/esco/skill/9a825ed0-6186-4e18-9db7-6975e9d70dea,weld mining machinery,http://data.europa.eu/esco/skill-type/skill,optional,1
http://data.europa.eu/esco/skill/f4d3a8ff-2db1-4015-aa28-d4564afef3fd,keep records on sales,http://data.europa.eu/esco/skill-type/skill,essential,1
http://data.europa.eu/esco/skill/7f783956-f734-4d56-85de-10f0c1706f8a,record customers' personal data,http://data.europa.eu/esco/skill-type/skill,essential,1
http://data.europa.eu/esco/skill/97b246e3-4f45-4708-9734-cd3158d868cf,demonstrate motivation for sales,http://data.europa.eu/esco/skill-type/skill,essential,1
http://data.europa.eu/esco/skill/13e2378e-0d10-450d-843a-b3592575826e,implement marketing strategies,http://data.europa.eu/esco/skill-type/skill,essential,1
http://data.europa.eu/esco/skill/50181a4b-1cfd-4fbd-ac9a-c1a494b9c5d0,implement customer follow-up,http://data.europa.eu/esco/skill-type/skill,essential,1
http://data.europa.eu/esco/skill/fb3bc9b5-2297-4bba-85b1-60f696a92db8,characteristics of services,http://data.europa.eu/esco/skill-type/knowledge,essential,1
http://data.europa.eu/esco/skill/6d97bf55-6fb6-4795-8282-3ef915ae0bb8,prospect new customers,http://data.europa.eu/esco/skill-type/skill,essential,1
http://data.europa.eu/esco/skill/00e53a0a-c0ba-4c9f-a2ed-4706d5832a00,guarantee customer satisfaction,http://data.europa.eu/esco/skill-type/skill,essential,1
http://data.europa.eu/esco/skill/de7b8c6c-9ed4-4776-924c-4265dd1d9cde,demonstrate products' features,http://data.europa.eu/esco/skill-type/skill,essential,1
http://data.europa.eu/esco/skill/13e93abd-618c-46df-abbe-1af38ecd1aa2,ensure customer focus,http://data.europa.eu/esco/skill-type/skill,essential,1
http://data.europa.eu/esco/skill/8b7409b0-e18e-4dfc-9ad9-8ddbcce38849,keep records of customer interaction,http://data.europa.eu/esco/skill-type/skill,essential,1
http://data.europa.eu/esco/skill/2206af0c-3deb-48c5-a544-b9983d347da3,answer requests for quotation,http://data.europa.eu/esco/skill-type/skill,essential,1
http://data.europa.eu/esco/skill/1585fc98-bfe4-461f-97fc-734055a2c3ce,characteristics of products,http://data.europa.eu/esco/skill-type/knowledge,essential,1
http://data.europa.eu/esco/skill/b99aa3b8-0066-46b2-a027-30afae444ad8,implement sales strategies,http://data.europa.eu/esco/skill-type/skill,essential,1
http://data.europa.eu/esco/skill/debb8d81-ed7f-447d-853a-5d107fda6fcf,provide customer follow-up services,http://data.europa.eu/esco/skill-type/skill,essential,1
http://data.europa.eu/esco/skill/cf22d572-a77f-410d-83e4-3a627cc8df77,supervise sales activities,http://data.europa.eu/esco/skill-type/skill,essential,1
http://data.europa.eu/esco/skill/cace7a77-38b7-4cdf-8171-e17692bef5f6,respond to customers' inquiries,http://data.europa.eu/esco/skill-type/skill,essential,1
http://data.europa.eu/esco/skill/81513fdf-5ea9-4375-9bc4-67ad959ac5de,contact customers,http://data.europa.eu/esco/skill-type/skill,essential,1
http://data.europa.eu/esco/skill/28eb4689-3ba4-47a1-96b0-34a60751ea17,design infrastructure for surface mines,http://data.europa.eu/esco/skill-type/skill,essential,1
http://data.europa.eu/esco/skill/f21c2b32-83e0-46b2-99b1-c277e3d27f2f,plan geotechnical investigations in the field,http://data.europa.eu/esco/skill-type/skill,essential,1
http://data.europa.eu/esco/skill/89890187-7fa6-4e32-9444-73be4deb514b,manage geotechnical staff,http://data.europa.eu/esco/skill-type/skill,essential,1
http://data.europa.eu/esco/skill/9e4dc918-cc74-432e-9b39-53b1b606748a,advise on site selection,http://data.europa.eu/esco/skill-type/skill,optional,1
http://data.europa.eu/esco/skill/50dd3681-081b-4349-97cf-1537ad332d20,install rock movement monitoring devices,http://data.europa.eu/esco/skill-type/skill,optional,1
http://data.europa.eu/esco/skill/e9b99d6e-c7ec-4f87-b7b4-b5322733c998,interpret seismic data,http://data.europa.eu/esco/skill-type/skill,optional,1
http://data.europa.eu/esco/skill/c1b746ee-b72c-4ef7-b5c1-f817892938a6,develop optical test procedures,http://data.europa.eu/esco/skill-type/skill,essential,1
http://data.europa.eu/esco/skill/f8bd915e-8424-469f-bab8-e64fc2e4c2dd,optical instruments,http://data.europa.eu/esco/skill-type/knowledge,essential,1
http://data.europa.eu/esco/skill/eabc06f6-2daf-45bb-b525-7fc078e2eadf,design optical prototypes,http://data.europa.eu/esco/skill-type/skill,essential,1
http://data.europa.eu/esco/skill/b9a57803-7f3d-42a7-a652-03c96de1d42f,model optical systems,http://data.europa.eu/esco/skill-type/skill,essential,1
http://data.europa.eu/esco/skill/1f56f042-27cd-4ef0-8a57-28860af950e7,photonics,http://data.europa.eu/esco/skill-type/knowledge,optional,1
http://data.europa.eu/esco/skill/4d51a8b4-f051-4052-bf3a-f9eb2ccd1dd8,cavity optomechanics,http://data.europa.eu/esco/skill-type/knowledge,optional,1
http://data.europa.eu/esco/skill/fdfa3dcb-b8f0-454f-a659-64c66dc6b6a2,fibre optics,http://data.europa.eu/esco/skill-type/knowledge,optional,1
http://data.europa.eu/esco/skill/b293aa52-8ead-42b7-96ef-de4fb0654c28,air transport law,http://data.europa.eu/esco/skill-type/knowledge,essential,1
http://data.europa.eu/esco/skill/d5b63f98-28ce-4cbb-b075-6ac539a685b0,common aviation safety regulations,http://data.europa.eu/esco/skill-type/knowledge,essential,1
http://data.europa.eu/esco/skill/2672f6a9-1e70-43c5-859d-e6a0fc9ea0f1,aircraft flight control systems,http://data.europa.eu/esco/skill-type/knowledge,essential,1
http://data.europa.eu/esco/skill/86c6e967-2e4f-4bfe-9fe6-abf1c40d8cbc,comply with air traffic control operations,http://data.europa.eu/esco/skill-type/skill,essential,1
http://data.europa.eu/esco/skill/f6f22c8e-249e-4e82-9528-6779a947b265,surveillance radars,http://data.europa.eu/esco/skill-type/knowledge,essential,1
http://data.europa.eu/esco/skill/c648deac-4969-41b7-8a67-9987f5d414a6,airport safety regulations,http://data.europa.eu/esco/skill-type/knowledge,essential,1
http://data.europa.eu/esco/skill/5088c536-13fb-4b6b-85e7-4053578e1451,electrical systems used in transportation,http://data.europa.eu/esco/skill-type/knowledge,essential,1
http://data.europa.eu/esco/skill/787b82e0-382b-4f1e-b9f3-56f419fbb1cb,airport electrical systems,http://data.europa.eu/esco/skill-type/knowledge,essential,1
http://data.europa.eu/esco/skill/2c02af08-a7f9-4535-889d-f4172cfc9a17,inspect aircraft for airworthiness,http://data.europa.eu/esco/skill-type/skill,optional,1
http://data.europa.eu/esco/skill/1b270383-b30c-4092-a9ed-b1637ecf2b79,use meteorological information,http://data.europa.eu/esco/skill-type/skill,optional,1
http://data.europa.eu/esco/skill/f7582089-04a6-4de8-92e1-b11d79769ab7,ensure safety in international aviation,http://data.europa.eu/esco/skill-type/skill,optional,1
http://data.europa.eu/esco/skill/2847f2cd-36e2-42f2-91bc-ede7aacdfaaf,test circuitry,http://data.europa.eu/esco/skill-type/skill,optional,1
http://data.europa.eu/esco/skill/e61cf429-2382-4073-99b3-693126eb80d2,perform aircraft maintenance,http://data.europa.eu/esco/skill-type/skill,optional,1
http://data.europa.eu/esco/skill/b80b624d-8fa5-4a88-a12f-9d56880eddef,aviation meteorology,http://data.europa.eu/esco/skill-type/knowledge,optional,1
http://data.europa.eu/esco/skill/6a50499d-70cc-4fa7-9895-682302d08f16,operate cockpit control panels,http://data.europa.eu/esco/skill-type/skill,optional,1
http://data.europa.eu/esco/skill/b387bca8-0f61-4548-b41c-2fe6887d1534,air traffic control operations,http://data.europa.eu/esco/skill-type/knowledge,optional,1
http://data.europa.eu/esco/skill/3f6dc31c-ceef-4e93-9d8a-b4b862cf9b51,test electrical equipment,http://data.europa.eu/esco/skill-type/skill,optional,1
http://data.europa.eu/esco/skill/55e286cf-b8a0-40bd-9e87-276cbc0284b9,types of aircraft,http://data.europa.eu/esco/skill-type/knowledge,optional,1
http://data.europa.eu/esco/skill/4efae845-a71a-4b10-a245-f996394cccf4,address aircraft mechanical issues,http://data.europa.eu/esco/skill-type/skill,optional,1
http://data.europa.eu/esco/skill/f6f66b89-248b-438c-a3ce-196edcb3397c,manage air navigation services,http://data.europa.eu/esco/skill-type/skill,optional,1
http://data.europa.eu/esco/skill/4ed385bf-3e87-476a-9f06-08c2e801133a,assemble electronic units,http://data.europa.eu/esco/skill-type/skill,essential,1
http://data.europa.eu/esco/skill/03459358-3f0f-4b13-a143-890e2da798d3,configure electronic equipment,http://data.europa.eu/esco/skill-type/skill,essential,1
http://data.europa.eu/esco/skill/59a317ae-8b75-4ee3-9942-cceb10b39d4a,inspect electronic supplies,http://data.europa.eu/esco/skill-type/skill,optional,1
http://data.europa.eu/esco/skill/89bb44dc-9f4c-400b-86cd-dcd0bd599a58,maintain electronic systems,http://data.europa.eu/esco/skill-type/skill,optional,1
http://data.europa.eu/esco/skill/57d4d1f4-28b2-4a38-b7a9-a80626e99afc,pack electronic equipment,http://data.europa.eu/esco/skill-type/skill,optional,1
http://data.europa.eu/esco/skill/e487f6f8-854d-4210-9658-4196f07cc209,repair electronic components,http://data.europa.eu/esco/skill-type/skill,optional,1
http://data.europa.eu/esco/skill/ae0f2a15-ba82-4a88-817c-431c58c70167,manual draughting techniques,http://data.europa.eu/esco/skill-type/knowledge,essential,1
http://data.europa.eu/esco/skill/aec13d38-b54b-425a-90c5-b0daac6f0776,assemble microelectronics,http://data.europa.eu/esco/skill-type/skill,essential,1
http://data.europa.eu/esco/skill/87a6436a-c83f-4afe-a93a-d807a988e0ec,maintain microelectronics,http://data.europa.eu/esco/skill-type/skill,optional,1
http://data.europa.eu/esco/skill/b8daa5f3-fc11-46db-a0aa-59d026a95bc6,operate SMT placement equipment,http://data.europa.eu/esco/skill-type/skill,optional,1
http://data.europa.eu/esco/skill/88033500-d3a7-4a94-ba88-0f1680b9d017,surface-mount technology,http://data.europa.eu/esco/skill-type/knowledge,optional,1
http://data.europa.eu/esco/skill/71e097c8-fb00-4275-b73e-ee9761af68a0,apply optical coating,http://data.europa.eu/esco/skill-type/skill,essential,1
http://data.europa.eu/esco/skill/d92e5172-679b-4fa5-b51b-8a3941461d9a,assemble optoelectronics,http://data.europa.eu/esco/skill-type/skill,essential,1
http://data.europa.eu/esco/skill/771cc8fa-a72f-47f7-91fc-6fabdc693c8d,test optoelectronics,http://data.europa.eu/esco/skill-type/skill,essential,1
http://data.europa.eu/esco/skill/be64a688-37ae-4124-8eee-1aec483cce33,clean optical components,http://data.europa.eu/esco/skill-type/skill,essential,1
http://data.europa.eu/esco/skill/a3144f20-137a-4575-8399-a6a841f10a3a,inspect optical supplies,http://data.europa.eu/esco/skill-type/skill,optional,1
http://data.europa.eu/esco/skill/27fabb9a-3294-4ddb-9844-9214b77d9084,optomechanical devices,http://data.europa.eu/esco/skill-type/knowledge,optional,1
http://data.europa.eu/esco/skill/46fbc5cb-e6df-4355-8483-a4ccb819f753,calibrate optical instruments,http://data.europa.eu/esco/skill-type/skill,optional,1
http://data.europa.eu/esco/skill/455a7133-cf0f-4c74-a91f-fd35c0d25b79,install mechatronic equipment,http://data.europa.eu/esco/skill-type/skill,essential,1
http://data.europa.eu/esco/skill/875a4e96-dbe6-4673-b3e9-9a06459f77e7,maintain mechatronic equipment,http://data.europa.eu/esco/skill-type/skill,optional,1
http://data.europa.eu/esco/skill/df12fd50-55dc-4cfd-a021-818880668789,maintain control systems for automated equipment,http://data.europa.eu/esco/skill-type/skill,optional,1
http://data.europa.eu/esco/skill/818c2b89-1335-4443-ada7-e1046862e273,install automation components,http://data.europa.eu/esco/skill-type/skill,optional,1
http://data.europa.eu/esco/skill/4107d971-baf4-4118-a217-4025810d6256,micromechatronic engineering,http://data.europa.eu/esco/skill-type/knowledge,optional,1
http://data.europa.eu/esco/skill/bf942c60-8539-4951-83ee-63f770da1cb8,program a CNC controller,http://data.europa.eu/esco/skill-type/skill,optional,1
http://data.europa.eu/esco/skill/f3f29c39-4124-4a8c-a63c-878bfc487586,types of containers,http://data.europa.eu/esco/skill-type/knowledge,essential,1
http://data.europa.eu/esco/skill/97965983-0da4-4902-9daf-d5cd2693ef73,3D modelling,http://data.europa.eu/esco/skill-type/knowledge,optional,1
http://data.europa.eu/esco/skill/8fdf4273-d8ce-47a2-b461-45cb1282ef36,reverse engineering,http://data.europa.eu/esco/skill-type/knowledge,optional,1
http://data.europa.eu/esco/skill/69fe6624-bc7f-412e-ad6d-35c7b0df842e,instrument performance elements,http://data.europa.eu/esco/skill-type/knowledge,essential,1
http://data.europa.eu/esco/skill/270de514-3206-4cf9-b122-0f148ab06fa1,measure electrical characteristics,http://data.europa.eu/esco/skill-type/skill,essential,1
http://data.europa.eu/esco/skill/82b14cde-76e7-4d4b-b564-c45c014f3ce4,waste removal regulations,http://data.europa.eu/esco/skill-type/knowledge,optional,1
http://data.europa.eu/esco/skill/8dee09d8-07da-493a-a171-d2d7737498ff,research equipment needs,http://data.europa.eu/esco/skill-type/skill,optional,1
http://data.europa.eu/esco/skill/b42b1578-709f-4b59-b23a-fe4bfc7f6b9b,check system parameters against reference values,http://data.europa.eu/esco/skill-type/skill,optional,1
http://data.europa.eu/esco/skill/3b8d148d-dec4-459e-a0ad-431dccbaa976,wire harnesses,http://data.europa.eu/esco/skill-type/knowledge,optional,1
http://data.europa.eu/esco/skill/db54a4d7-9ea9-4c3d-9bd9-9169e6c1fb4f,change power distribution systems,http://data.europa.eu/esco/skill-type/skill,optional,1
http://data.europa.eu/esco/skill/46454506-fb7c-4ad7-84e0-d4a6a5589ea1,zero-energy building design,http://data.europa.eu/esco/skill-type/knowledge,optional,1
http://data.europa.eu/esco/skill/1cf20c3c-027e-45f4-bad1-c91b98726d28,provide information on geothermal heat pumps,http://data.europa.eu/esco/skill-type/skill,essential,1
http://data.europa.eu/esco/skill/e38cbdd2-cd6c-451a-a9bd-9bc6355dafe8,inform on government funding,http://data.europa.eu/esco/skill-type/skill,essential,1
http://data.europa.eu/esco/skill/92721092-fe7c-4689-96bd-4f02385bc0e7,manage contracts,http://data.europa.eu/esco/skill-type/skill,optional,1
http://data.europa.eu/esco/skill/b2235ce8-d0f0-4954-9b60-e2c1aeeadab5,assess project resource needs,http://data.europa.eu/esco/skill-type/skill,optional,1
http://data.europa.eu/esco/skill/101e6f4c-c892-4812-9e2c-f2b888771bb3,test wind turbine blades,http://data.europa.eu/esco/skill-type/skill,essential,1
http://data.europa.eu/esco/skill/5b9a2f49-0510-46d9-a2f6-5c74129088bb,oversee pre-assembly operations,http://data.europa.eu/esco/skill-type/skill,optional,1
http://data.europa.eu/esco/skill/8604cb5f-9e1f-427c-ba23-3c4a6853fe95,design wind farm collector systems,http://data.europa.eu/esco/skill-type/skill,optional,1
http://data.europa.eu/esco/skill/76b9e515-715d-4a53-a702-019adad1059b,install circuit breakers,http://data.europa.eu/esco/skill-type/skill,optional,1
http://data.europa.eu/esco/skill/ddc3119d-1d6e-4324-9125-a3380d299ac5,computer technology,http://data.europa.eu/esco/skill-type/knowledge,optional,1
http://data.europa.eu/esco/skill/61d6ef20-6cc7-40f8-919e-3360db6cf2b3,hardware materials,http://data.europa.eu/esco/skill-type/knowledge,optional,1
http://data.europa.eu/esco/skill/52b38e90-3d05-4042-a9e2-d19dec8dd7c1,test hardware,http://data.europa.eu/esco/skill-type/skill,optional,1
http://data.europa.eu/esco/skill/53456d90-8c0d-4bd2-9f1b-312619b6e2a6,hardware testing methods,http://data.europa.eu/esco/skill-type/knowledge,optional,1
http://data.europa.eu/esco/skill/d15e92c4-c8dc-48cd-a1f6-94fe13347f87,electrical wiring plans,http://data.europa.eu/esco/skill-type/knowledge,optional,1
http://data.europa.eu/esco/skill/78fef945-17e8-4d56-aab2-8625060ab3d3,model electromechanical systems,http://data.europa.eu/esco/skill-type/skill,optional,1
http://data.europa.eu/esco/skill/c330db31-7fa9-4a8c-8ad6-baa957bcfed1,install operating system,http://data.europa.eu/esco/skill-type/skill,optional,1
http://data.europa.eu/esco/skill/78b1de70-0930-462f-9a7e-bf9b4135e1e2,write routine reports,http://data.europa.eu/esco/skill-type/skill,optional,1
http://data.europa.eu/esco/skill/bbbd263e-affb-4ec8-84fb-3e5d9e62306b,model hardware,http://data.europa.eu/esco/skill-type/skill,optional,1
http://data.europa.eu/esco/skill/2857540c-180b-4208-9127-e94a01871966,align software with system architectures,http://data.europa.eu/esco/skill-type/skill,optional,1
http://data.europa.eu/esco/skill/117373c8-f04b-4fff-8683-aebe36edac81,hardware platforms,http://data.europa.eu/esco/skill-type/knowledge,optional,1
http://data.europa.eu/esco/skill/0b8da079-f587-403f-a6ad-cd18b8150044,gather technical information,http://data.europa.eu/esco/skill-type/skill,optional,1
http://data.europa.eu/esco/skill/2876970d-90af-45bd-9cfd-c0af757947ea,maintain electrical engines,http://data.europa.eu/esco/skill-type/skill,optional,1
http://data.europa.eu/esco/skill/9ab0a456-e4f6-4070-a360-46e1009b6c0d,use CAE software,http://data.europa.eu/esco/skill-type/skill,optional,1
http://data.europa.eu/esco/skill/301a852a-3958-44be-bfef-c3a077616c7a,gas dehydration processes,http://data.europa.eu/esco/skill-type/knowledge,essential,1
http://data.europa.eu/esco/skill/ec065d9b-748f-450d-b628-925a33cf688b,design natural gas processing systems,http://data.europa.eu/esco/skill-type/skill,essential,1
http://data.europa.eu/esco/skill/cbeac734-a8ea-47d2-8364-af5e19d01d0d,hydraulic fracturing,http://data.europa.eu/esco/skill-type/knowledge,essential,1
http://data.europa.eu/esco/skill/657c5a25-903c-4669-9efc-46c85c176fbf,gas chromatography,http://data.europa.eu/esco/skill-type/knowledge,essential,1
http://data.europa.eu/esco/skill/44832432-3bcc-4e62-8696-0411dd28e4b7,natural gas liquids recovery processes,http://data.europa.eu/esco/skill-type/knowledge,essential,1
http://data.europa.eu/esco/skill/65f2b899-d1c6-40e3-9f8e-40c4d3e59079,natural gas liquids fractionation processes,http://data.europa.eu/esco/skill-type/knowledge,essential,1
http://data.europa.eu/esco/skill/4669d245-31b4-4695-ba92-2eea6e965255,gas contaminant removal processes,http://data.europa.eu/esco/skill-type/knowledge,essential,1
http://data.europa.eu/esco/skill/b46b3e55-4a2b-4cb1-977f-87ce3cc2db2c,operate gas extraction equipment,http://data.europa.eu/esco/skill-type/skill,optional,1
http://data.europa.eu/esco/skill/d2fd219f-5cb1-4f67-8db5-be6c5fc865c7,operate hydrogen extraction equipment,http://data.europa.eu/esco/skill-type/skill,optional,1
http://data.europa.eu/esco/skill/a7671dcb-40fa-40fc-a278-c6d068ee13e9,thermal materials,http://data.europa.eu/esco/skill-type/knowledge,essential,1
http://data.europa.eu/esco/skill/dfce2aba-783e-4e17-9c17-e74aca505ec2,interpret 2D plans,http://data.europa.eu/esco/skill-type/skill,essential,1
http://data.europa.eu/esco/skill/f519caf2-a69f-4357-a8b7-d992e4bfdae3,design thermal requirements,http://data.europa.eu/esco/skill-type/skill,essential,1
http://data.europa.eu/esco/skill/aafbb139-02c6-4f35-bc62-ff73faf97d6d,interpret 3D plans,http://data.europa.eu/esco/skill-type/skill,essential,1
http://data.europa.eu/esco/skill/77592603-505b-4096-97dd-d0def6bd7601,computational fluid dynamics,http://data.europa.eu/esco/skill-type/knowledge,optional,1
http://data.europa.eu/esco/skill/16da7f95-bd00-4a5c-b837-bf1c2a5a9f15,prepare pieces for joining,http://data.europa.eu/esco/skill-type/skill,essential,1
http://data.europa.eu/esco/skill/af1c7b89-679b-4fae-b67c-ed05c669719c,repair wiring,http://data.europa.eu/esco/skill-type/skill,optional,1
http://data.europa.eu/esco/skill/a61d58b6-f6f1-4b54-8cdd-54b3bb11b69c,cut metal products,http://data.europa.eu/esco/skill-type/skill,optional,1
http://data.europa.eu/esco/skill/95cdf47d-293f-4837-824d-6bc567fb0e7b,calibrate electromechanical system,http://data.europa.eu/esco/skill-type/skill,optional,1
http://data.europa.eu/esco/skill/e0ded9a1-372d-46c8-80b5-ad994d606ef2,maintain electromechanical equipment,http://data.europa.eu/esco/skill-type/skill,optional,1
http://data.europa.eu/esco/skill/469e19ed-a0bd-445a-ae2d-4ba9430e296b,promote sustainability,http://data.europa.eu/esco/skill-type/skill,optional,1
http://data.europa.eu/esco/skill/e704b3b5-f695-4a7c-8332-6cb558b454ad,replace large components,http://data.europa.eu/esco/skill-type/skill,optional,1
http://data.europa.eu/esco/skill/182915aa-3470-433a-9b12-347511befcde,maintain records of maintenance interventions,http://data.europa.eu/esco/skill-type/skill,optional,1
http://data.europa.eu/esco/skill/9570e84e-6699-4c9f-9a12-7bc82d53a231,public health,http://data.europa.eu/esco/skill-type/knowledge,essential,1
http://data.europa.eu/esco/skill/519e5731-4d6c-4f98-938e-0976a202c6ba,hazardous waste treatment,http://data.europa.eu/esco/skill-type/knowledge,optional,1
http://data.europa.eu/esco/skill/4ca91852-c534-4b98-ab1c-59a126534c88,project commissioning,http://data.europa.eu/esco/skill-type/knowledge,optional,1
http://data.europa.eu/esco/skill/e4698f9f-bb23-486e-a74a-c8f3a19c3132,investigate contamination,http://data.europa.eu/esco/skill-type/skill,optional,1
http://data.europa.eu/esco/skill/9f763ac3-1d6c-48d2-ab54-324b1b144f40,manage air quality,http://data.europa.eu/esco/skill-type/skill,optional,1
http://data.europa.eu/esco/skill/340a75f4-76e1-4ef0-8f1e-1bb78ba561ef,inspect compliance with hazardous waste regulations,http://data.europa.eu/esco/skill-type/skill,optional,1
http://data.europa.eu/esco/skill/4e87c852-602a-4a0e-b8d8-20709ce14ac5,assess the life cycle of resources,http://data.europa.eu/esco/skill-type/skill,optional,1
http://data.europa.eu/esco/skill/bed97655-cb0c-4f05-bfd7-9a79d058619d,wildlife projects,http://data.europa.eu/esco/skill-type/knowledge,optional,1
http://data.europa.eu/esco/skill/3f82a026-8a37-4b54-9ebb-7702b66eeb24,perform environmental investigations,http://data.europa.eu/esco/skill-type/skill,essential,1
http://data.europa.eu/esco/skill/b13e0689-636d-42d0-86c3-df9d6f85a882,manage environmental management system,http://data.europa.eu/esco/skill-type/skill,essential,1
http://data.europa.eu/esco/skill/edf0690f-629d-4674-a9df-45fd89413e85,assess groundwater environmental impact,http://data.europa.eu/esco/skill-type/skill,essential,1
http://data.europa.eu/esco/skill/414332e4-8347-4771-b947-65bd3801a620,use consulting techniques,http://data.europa.eu/esco/skill-type/skill,essential,1
http://data.europa.eu/esco/skill/e3f2c37f-e484-4b4c-ad82-f565a2b98f89,environmental management monitors,http://data.europa.eu/esco/skill-type/knowledge,essential,1
http://data.europa.eu/esco/skill/2c8199c8-4e40-49b3-b878-caee6e1c1bc0,investigate pollution,http://data.europa.eu/esco/skill-type/skill,essential,1
http://data.europa.eu/esco/skill/f6d7ba88-5234-4994-944d-843ca453c923,implement environmental protection measures,http://data.europa.eu/esco/skill-type/skill,essential,1
http://data.europa.eu/esco/skill/3d69b305-4051-4c1d-ba1e-d8c5b35e22db,monitor environmental parameters,http://data.europa.eu/esco/skill-type/skill,optional,1
http://data.europa.eu/esco/skill/192e12e7-6bf0-42e6-bfc3-70c08551f12a,assess environmental plans against financial costs,http://data.europa.eu/esco/skill-type/skill,optional,1
http://data.europa.eu/esco/skill/2cb27e30-2be7-4a09-9502-fdd2102c046b,carry out training in environmental matters,http://data.europa.eu/esco/skill-type/skill,optional,1
http://data.europa.eu/esco/skill/9c5dbb72-563f-449d-ab89-56b8dfc271b6,flood remediation equipment,http://data.europa.eu/esco/skill-type/knowledge,essential,1
http://data.europa.eu/esco/skill/afc7c834-8190-4b65-acc6-5c158c851c85,consider the impact of material characteristics on pipeline flows,http://data.europa.eu/esco/skill-type/skill,essential,1
http://data.europa.eu/esco/skill/bc946ebd-caa8-4e18-b5c5-5928768f45fa,analyse route possibilities in pipeline projects,http://data.europa.eu/esco/skill-type/skill,essential,1
http://data.europa.eu/esco/skill/b7729524-6d0e-45b6-87c8-79af1e955a5b,identify risk of flooding,http://data.europa.eu/esco/skill-type/skill,essential,1
http://data.europa.eu/esco/skill/397412dc-47c4-4580-82d0-15a9f9a86ea2,design drainage well systems,http://data.europa.eu/esco/skill-type/skill,essential,1
http://data.europa.eu/esco/skill/11bebcd3-ad55-42b9-b9af-4c7cd7953e3f,survey sites for pipeline installation,http://data.europa.eu/esco/skill-type/skill,essential,1
http://data.europa.eu/esco/skill/189777b9-6e95-4f76-b8db-f8e0f0477bc6,develop irrigation strategies,http://data.europa.eu/esco/skill-type/skill,optional,1
http://data.europa.eu/esco/skill/700ea222-8139-4c48-95cf-014855565530,irrigation systems,http://data.europa.eu/esco/skill-type/knowledge,optional,1
http://data.europa.eu/esco/skill/b25c3eb8-fd63-4d77-8308-7061dbd271c1,conserve natural resources,http://data.europa.eu/esco/skill-type/skill,optional,1
http://data.europa.eu/esco/skill/6b5d032a-b85a-44ea-9dad-5201048d2dd2,develop flood remediation strategies,http://data.europa.eu/esco/skill-type/skill,optional,1
http://data.europa.eu/esco/skill/c3404999-faaa-4779-9cbf-e594b9c4d3b6,perform follow-up on pipeline route services,http://data.europa.eu/esco/skill-type/skill,optional,1
http://data.europa.eu/esco/skill/4ee4ed1d-dc38-48e0-a9e6-a6b64f316ea6,water policies,http://data.europa.eu/esco/skill-type/knowledge,optional,1
http://data.europa.eu/esco/skill/eb6b7a26-69ab-43f5-9ab4-d09f8904f8e0,follow up pipeline integrity management priorities,http://data.europa.eu/esco/skill-type/skill,optional,1
http://data.europa.eu/esco/skill/b970e437-2f8b-42e3-ae49-6718a0cca44f,water reuse,http://data.europa.eu/esco/skill-type/knowledge,optional,1
http://data.europa.eu/esco/skill/45b79278-465a-4eed-8809-369318bab119,develop site remediation strategies,http://data.europa.eu/esco/skill-type/skill,essential,1
http://data.europa.eu/esco/skill/89a94a26-29d4-4cd7-9e9d-faebc300c1b1,conduct erosion control,http://data.europa.eu/esco/skill-type/skill,essential,1
http://data.europa.eu/esco/skill/c5320743-60f2-40dc-bc13-337cc3834892,study groundwater,http://data.europa.eu/esco/skill-type/skill,essential,1
http://data.europa.eu/esco/skill/0562cd60-cd92-47c3-bc63-30a55c5ca4fe,examine geochemical samples,http://data.europa.eu/esco/skill-type/skill,essential,1
http://data.europa.eu/esco/skill/0e628dde-8d1b-4a1d-b973-a349fe1725c8,conduct sediment control,http://data.europa.eu/esco/skill-type/skill,essential,1
http://data.europa.eu/esco/skill/5333761a-9a0e-4150-ac1d-6ff8111e37a8,archaeology,http://data.europa.eu/esco/skill-type/knowledge,optional,1
http://data.europa.eu/esco/skill/ac3de76e-7197-4830-b8d2-c7ed3d51622c,negotiate land access,http://data.europa.eu/esco/skill-type/skill,optional,1
http://data.europa.eu/esco/skill/68d5d7e2-1e9e-4b2b-bce9-ff6c687e4f45,develop sewerage networks,http://data.europa.eu/esco/skill-type/skill,essential,1
http://data.europa.eu/esco/skill/07ec6866-d283-46a6-991c-e8ce0c6fc159,interpret scientific data to assess water quality,http://data.europa.eu/esco/skill-type/skill,optional,1
http://data.europa.eu/esco/skill/6af000e5-a451-4f78-9feb-723971f2ad05,develop water purification methods,http://data.europa.eu/esco/skill-type/skill,optional,1
http://data.europa.eu/esco/skill/fbe6232a-e2b2-4830-a5e6-ed6415f01e85,analyse community needs,http://data.europa.eu/esco/skill-type/skill,optional,1
http://data.europa.eu/esco/skill/d6af2e83-6f95-4882-9774-af91ed59d4a6,supervise sewerage systems construction,http://data.europa.eu/esco/skill-type/skill,optional,1
http://data.europa.eu/esco/skill/10ac5282-3288-4383-8f69-9864d8564ea9,inspect pipelines,http://data.europa.eu/esco/skill-type/skill,optional,1
http://data.europa.eu/esco/skill/a46b6220-7313-4b3b-9bdb-cca897aff546,perform pipeline routing studies,http://data.europa.eu/esco/skill-type/skill,optional,1
http://data.europa.eu/esco/skill/ddbf25f1-b91a-4083-9ef1-cc113a46e4c0,ecosystems,http://data.europa.eu/esco/skill-type/knowledge,optional,1
http://data.europa.eu/esco/skill/2a2e85d7-75cc-40b4-8a34-82277d72eb84,supervise waste disposal,http://data.europa.eu/esco/skill-type/skill,optional,1
http://data.europa.eu/esco/skill/2f48c606-a936-46a4-9058-dd925973efd6,measure water quality parameters,http://data.europa.eu/esco/skill-type/skill,optional,1
http://data.europa.eu/esco/skill/fcc29203-1f8d-4c54-90ee-78cb18467695,supervise waste water treatments,http://data.europa.eu/esco/skill-type/skill,optional,1
http://data.europa.eu/esco/skill/82ea1455-ff29-43c8-8074-685fa2653144,maintain waste collection records,http://data.europa.eu/esco/skill-type/skill,essential,1
http://data.europa.eu/esco/skill/5c095b0c-c9b8-49fc-ad30-460905783d77,characteristics of waste,http://data.europa.eu/esco/skill-type/knowledge,essential,1
http://data.europa.eu/esco/skill/7608e884-6f73-4205-a02a-ea7062a2337e,monitor disposal of radioactive substances,http://data.europa.eu/esco/skill-type/skill,optional,1
http://data.europa.eu/esco/skill/2dd79277-f639-463d-b74f-00b7501d742d,decontamination techniques,http://data.europa.eu/esco/skill-type/knowledge,optional,1
http://data.europa.eu/esco/skill/1ead478f-4e9d-4aa7-a728-823fc1e894f5,assess waste type,http://data.europa.eu/esco/skill-type/skill,optional,1
http://data.europa.eu/esco/skill/0520d8ba-3c24-4f75-a8b0-f883ddeed82d,audit contractors,http://data.europa.eu/esco/skill-type/skill,essential,1
http://data.europa.eu/esco/skill/016cee6c-9e95-466c-bd51-d63327751aa2,assess railway operations,http://data.europa.eu/esco/skill-type/skill,essential,1
http://data.europa.eu/esco/skill/aaee0ebe-d6f5-4355-8fed-460963306445,railway framework legislation,http://data.europa.eu/esco/skill-type/knowledge,essential,1
http://data.europa.eu/esco/skill/3cd35f5d-ce6d-4f14-9a09-53d7a28d834c,maintain relationship with suppliers,http://data.europa.eu/esco/skill-type/skill,essential,1
http://data.europa.eu/esco/skill/25a713ba-cbc0-4388-80ca-dad1b7629533,manage railway construction projects,http://data.europa.eu/esco/skill-type/skill,essential,1
http://data.europa.eu/esco/skill/6172948e-5d52-4f94-a617-278a9013a8ae,liaise with rail experts,http://data.europa.eu/esco/skill-type/skill,essential,1
http://data.europa.eu/esco/skill/16010de9-b33f-4766-93d3-8ea0c6458a68,follow ethical code of conduct in transport services,http://data.europa.eu/esco/skill-type/skill,essential,1
http://data.europa.eu/esco/skill/4be5ce29-9ecb-47c6-b38d-a2552230dd3f,carry out navigational calculations,http://data.europa.eu/esco/skill-type/skill,essential,1
http://data.europa.eu/esco/skill/378b4cd5-ced1-4133-82e6-6d12bee2553b,design customised maps,http://data.europa.eu/esco/skill-type/skill,essential,1
http://data.europa.eu/esco/skill/4b2c4de9-43d7-4905-9d58-bc2e7d84b2e1,manage tender processes,http://data.europa.eu/esco/skill-type/skill,essential,1
http://data.europa.eu/esco/skill/0f040ee7-075c-4986-9a6c-d20f846d69d6,rail construction engineering,http://data.europa.eu/esco/skill-type/knowledge,essential,1
http://data.europa.eu/esco/skill/09276365-d4a2-45d0-a5c6-3b25e306f6d9,prepare railway technical studies,http://data.europa.eu/esco/skill-type/skill,essential,1
http://data.europa.eu/esco/skill/1fdbb8ac-0f77-4261-b28c-6ff6a46ad096,rail design engineering,http://data.europa.eu/esco/skill-type/knowledge,essential,1
http://data.europa.eu/esco/skill/284e28fc-7218-4ebc-a4bc-406f95f26d8e,work in a rail transport team,http://data.europa.eu/esco/skill-type/skill,optional,1
http://data.europa.eu/esco/skill/fff0e2cd-d0bd-4b02-9daf-158b79d9688a,natural language processing,http://data.europa.eu/esco/skill-type/knowledge,essential,1
http://data.europa.eu/esco/skill/fda917eb-0d6a-4371-8c93-2a10bf950966,manage ICT semantic integration,http://data.europa.eu/esco/skill-type/skill,essential,1
http://data.europa.eu/esco/skill/b04f377b-ee80-4b38-aca1-19d266a23b17,analyse business requirements,http://data.europa.eu/esco/skill-type/skill,essential,1
http://data.europa.eu/esco/skill/98301d4a-2cc3-439d-8d7f-0b6ac76302bb,business process modelling,http://data.europa.eu/esco/skill-type/knowledge,essential,1
http://data.europa.eu/esco/skill/e465a154-93f7-4973-9ce1-31659fe16dd2,principles of artificial intelligence,http://data.europa.eu/esco/skill-type/knowledge,essential,1
http://data.europa.eu/esco/skill/1bba98a7-92b9-450b-9235-e0c905f8f3c4,information architecture,http://data.europa.eu/esco/skill-type/knowledge,optional,1
http://data.europa.eu/esco/skill/0e361e34-c563-4892-b9d3-873a6a4fef8a,digital game genres,http://data.europa.eu/esco/skill-type/knowledge,essential,1
http://data.europa.eu/esco/skill/9714735d-6f60-440b-bdbc-aaf45ebcbe78,analyse the context of an organisation,http://data.europa.eu/esco/skill-type/skill,essential,1
http://data.europa.eu/esco/skill/af607e5e-4ba1-4e5f-a2a6-dc05806567c7,coordinate technological activities,http://data.europa.eu/esco/skill-type/skill,optional,1
http://data.europa.eu/esco/skill/93a2f730-d5f6-4604-a25e-a2ee206ea468,provide training on e-learning,http://data.europa.eu/esco/skill-type/skill,optional,1
http://data.europa.eu/esco/skill/3c134a08-521f-489d-9ff0-d84fcdc963eb,create SCORM packages,http://data.europa.eu/esco/skill-type/skill,essential,1
http://data.europa.eu/esco/skill/be40c4c3-a855-4d67-9ca5-6f4428c34b0d,provide written content,http://data.europa.eu/esco/skill-type/skill,essential,1
http://data.europa.eu/esco/skill/ac516e9b-8bfa-4b72-8e3e-340b0a3a51d5,manage content development projects,http://data.europa.eu/esco/skill-type/skill,essential,1
http://data.europa.eu/esco/skill/cc9b4fbb-65f1-4c92-9229-1392d03b6e20,structure information,http://data.europa.eu/esco/skill-type/skill,essential,1
http://data.europa.eu/esco/skill/3d957fb2-b8f4-4b4c-b955-23299c761ad5,design web-based courses,http://data.europa.eu/esco/skill-type/skill,essential,1
http://data.europa.eu/esco/skill/dfb9cec6-3ae3-408a-9d57-c44361bf7aaf,provide multimedia content,http://data.europa.eu/esco/skill-type/skill,essential,1
http://data.europa.eu/esco/skill/d6c29154-9cc1-48a4-a2de-3d1d0d7f0831,publishing strategy,http://data.europa.eu/esco/skill-type/knowledge,essential,1
http://data.europa.eu/esco/skill/9710092c-f174-4e84-95bf-2064d39ad7a0,manage content metadata,http://data.europa.eu/esco/skill-type/skill,essential,1
http://data.europa.eu/esco/skill/c0e2f74c-51f0-4020-9756-d190848cf181,integrate content into output media,http://data.europa.eu/esco/skill-type/skill,essential,1
http://data.europa.eu/esco/skill/96a67da1-881f-4d09-927e-ac75fcff4d93,compile content,http://data.europa.eu/esco/skill-type/skill,essential,1
http://data.europa.eu/esco/skill/b6d14ab8-3441-4cbe-8a0e-5b4f7f994730,develop digital educational materials,http://data.europa.eu/esco/skill-type/skill,essential,1
http://data.europa.eu/esco/skill/0d7f2cce-245a-4d02-9b8d-2e9946cc4c5d,deliver online training,http://data.europa.eu/esco/skill-type/skill,optional,1
http://data.europa.eu/esco/skill/d8726a5a-0614-4dc6-ad03-cf5e3b3caaa5,apply ICT terminology,http://data.europa.eu/esco/skill-type/skill,optional,1
http://data.europa.eu/esco/skill/7234e847-451d-499a-9c7b-0050a4e758d6,utilise content types,http://data.europa.eu/esco/skill-type/skill,optional,1
http://data.europa.eu/esco/skill/cbc00aa3-a700-4adf-8a1f-c30a22979490,create script for artistic production,http://data.europa.eu/esco/skill-type/skill,optional,1
http://data.europa.eu/esco/skill/8193f6c6-80d5-4542-a316-2b783e3d8ad9,plan learning curriculum,http://data.europa.eu/esco/skill-type/skill,optional,1
http://data.europa.eu/esco/skill/31b67516-af16-4b97-8430-a8a8e0f84190,assessment processes,http://data.europa.eu/esco/skill-type/knowledge,essential,1
http://data.europa.eu/esco/skill/edff6d20-660d-4d33-b412-9a5b664a14be,curriculum objectives,http://data.europa.eu/esco/skill-type/knowledge,essential,1
http://data.europa.eu/esco/skill/5a676421-d33a-490f-8043-4f81224d3f47,provide learning support,http://data.europa.eu/esco/skill-type/skill,essential,1
http://data.europa.eu/esco/skill/e3ef4981-2cba-4b34-b273-728c3a33d04f,apply intercultural teaching strategies,http://data.europa.eu/esco/skill-type/skill,essential,1
http://data.europa.eu/esco/skill/3377f3b2-4ba2-457f-b29d-8df59e8cfba8,observe student's progress,http://data.europa.eu/esco/skill-type/skill,essential,1
http://data.europa.eu/esco/skill/b2a9587a-49a4-4384-b134-0d394be806e3,adapt teaching to target group,http://data.europa.eu/esco/skill-type/skill,essential,1
http://data.europa.eu/esco/skill/b32e593b-cc7f-4f38-bf50-e69431ec7ada,demonstrate when teaching,http://data.europa.eu/esco/skill-type/skill,essential,1
http://data.europa.eu/esco/skill/63b9a087-a5db-424e-96ef-3212c8b5311e,tutor students,http://data.europa.eu/esco/skill-type/skill,essential,1
http://data.europa.eu/esco/skill/b9bb1f03-15e2-4079-943e-7e483b21725b,give constructive feedback,http://data.europa.eu/esco/skill-type/skill,essential,1
http://data.europa.eu/esco/skill/6fe019dd-027f-45f3-b19c-d27f7ae00980,assess students,http://data.europa.eu/esco/skill-type/skill,essential,1
http://data.europa.eu/esco/skill/4b34864d-78a4-457e-8d91-0ab9296db890,arrange parent teacher conference,http://data.europa.eu/esco/skill-type/skill,optional,1
http://data.europa.eu/esco/skill/2b98fed2-58b5-4b05-a9ec-bc3d101933a4,recognise indicators of gifted student,http://data.europa.eu/esco/skill-type/skill,optional,1
http://data.europa.eu/esco/skill/71a6ac5f-f220-4bdc-95b7-b1b2e640fec5,teach mathematics,http://data.europa.eu/esco/skill-type/skill,optional,1
http://data.europa.eu/esco/skill/229b10cf-6f3a-490c-9706-01c107df0562,facilitate teamwork between students,http://data.europa.eu/esco/skill-type/skill,optional,1
http://data.europa.eu/esco/skill/89a1fa04-5a83-4c56-9b25-48ef48cdbc69,language teaching methods,http://data.europa.eu/esco/skill-type/knowledge,optional,1
http://data.europa.eu/esco/skill/480282ca-74ce-4f01-8495-0afa409ea164,support gifted students,http://data.europa.eu/esco/skill-type/skill,optional,1
http://data.europa.eu/esco/skill/a5b0cd5c-e13a-4ab3-8d93-4d242adcfb01,teamwork principles,http://data.europa.eu/esco/skill-type/knowledge,optional,1
http://data.europa.eu/esco/skill/b78f324d-e16c-43f8-97d2-50d3a7cd1fb3,work with virtual learning environments,http://data.europa.eu/esco/skill-type/skill,optional,1
http://data.europa.eu/esco/skill/7530bc44-f09d-4dd2-8911-92b98333e442,assist students with equipment,http://data.europa.eu/esco/skill-type/skill,optional,1
http://data.europa.eu/esco/skill/efe801a5-8704-4def-8a96-c32f7a6cb9fb,maintain relations with children's parents,http://data.europa.eu/esco/skill-type/skill,optional,1
http://data.europa.eu/esco/skill/bcb02777-45be-4166-9448-74a15b6f8136,assist children with special needs in education settings,http://data.europa.eu/esco/skill-type/skill,optional,1
http://data.europa.eu/esco/skill/478e5c9d-c6c2-45a7-90b4-97ec2c736ac0,apply pre-teaching methods,http://data.europa.eu/esco/skill-type/skill,optional,1
http://data.europa.eu/esco/skill/a9ead737-a7cd-4046-adea-1ff7326db09f,teach languages,http://data.europa.eu/esco/skill-type/skill,optional,1
http://data.europa.eu/esco/skill/0f2cd213-1f80-4c02-96c9-bf183834f7d6,identify learning disorders,http://data.europa.eu/esco/skill-type/skill,optional,1
http://data.europa.eu/esco/skill/28ca596e-5e2f-4149-a28d-42d2c4c20227,assess the development of youth,http://data.europa.eu/esco/skill-type/skill,optional,1
http://data.europa.eu/esco/skill/a8fe6eae-cfc1-4580-ad12-f325e8c2b21b,keep records of attendance,http://data.europa.eu/esco/skill-type/skill,optional,1
http://data.europa.eu/esco/skill/2b87f4e6-c4cf-4b4c-8157-e2794d136617,teach reading strategies,http://data.europa.eu/esco/skill-type/skill,optional,1
http://data.europa.eu/esco/skill/3399cde5-6d0d-48a5-a7ac-53706648f283,escort students on a field trip,http://data.europa.eu/esco/skill-type/skill,optional,1
http://data.europa.eu/esco/skill/198b614d-a9af-46f5-b3fd-2672b401dd8e,health and safety in the workplace,http://data.europa.eu/esco/skill-type/knowledge,optional,1
http://data.europa.eu/esco/skill/39d7fe0c-205a-44d0-a17d-81ebcb5fc032,physico-chemical properties of hides and skins,http://data.europa.eu/esco/skill-type/knowledge,optional,1
http://data.europa.eu/esco/skill/269b7ddb-f615-470b-998f-07940725c72e,leather technology,http://data.europa.eu/esco/skill-type/knowledge,optional,1
http://data.europa.eu/esco/skill/d1920e7f-c9ef-4e48-91b9-cdb6fbb46f58,manage quality of leather throughout the production process,http://data.europa.eu/esco/skill-type/skill,optional,1
http://data.europa.eu/esco/skill/80d3b9f6-2d66-4f16-b05c-af8ac6f0e9c9,identify defects on raw hides,http://data.europa.eu/esco/skill-type/skill,optional,1
http://data.europa.eu/esco/skill/98fadee8-84f2-40fc-a199-292c01c9cbb0,monitor operations in the leather industry,http://data.europa.eu/esco/skill-type/skill,optional,1
http://data.europa.eu/esco/skill/a65fb963-6faf-47b2-a3d9-c4e5e4d833c5,support children's wellbeing,http://data.europa.eu/esco/skill-type/skill,essential,1
http://data.europa.eu/esco/skill/1b8872bd-d869-4b08-b9b2-296d2b1c644c,monitor student's behaviour,http://data.europa.eu/esco/skill-type/skill,essential,1
http://data.europa.eu/esco/skill/a17286c5-238d-4f0b-bc24-29e9121345de,listen actively,http://data.europa.eu/esco/skill-type/skill,essential,1
http://data.europa.eu/esco/skill/b78a32fd-e99b-4b65-a01e-4b43b3b90167,communication disorders,http://data.europa.eu/esco/skill-type/knowledge,essential,1
http://data.europa.eu/esco/skill/57beaad1-7c5e-4b17-a35f-31f49e1d7378,education law,http://data.europa.eu/esco/skill-type/knowledge,optional,1
http://data.europa.eu/esco/skill/223dcb57-20cf-4caa-88a3-809df043acbb,assist students with their enrolment,http://data.europa.eu/esco/skill-type/skill,optional,1
http://data.europa.eu/esco/skill/868fc91a-f988-48e2-81e5-33e1b3de0ac2,developmental psychology,http://data.europa.eu/esco/skill-type/knowledge,optional,1
http://data.europa.eu/esco/skill/0ffed47f-d320-48cf-988d-40449825085c,counselling methods,http://data.europa.eu/esco/skill-type/knowledge,optional,1
http://data.europa.eu/esco/skill/4a874516-eb34-4dc1-833d-864c5a448db2,support the positiveness of youths,http://data.europa.eu/esco/skill-type/skill,optional,1
http://data.europa.eu/esco/skill/ecd3a74e-6060-4510-8c4a-b6400a8ef299,organise projects to fill education needs,http://data.europa.eu/esco/skill-type/skill,optional,1
http://data.europa.eu/esco/skill/7a63f944-6948-4ae4-9c1f-d08e492535c9,apply person-centred care,http://data.europa.eu/esco/skill-type/skill,optional,1
http://data.europa.eu/esco/skill/98a0c718-40b1-4a4f-a366-b8155f238d9b,promote the safeguarding of young people,http://data.europa.eu/esco/skill-type/skill,optional,1
http://data.europa.eu/esco/skill/8215bbba-2f6d-4530-bf41-904d871eaf72,manoeuvre heavy trucks,http://data.europa.eu/esco/skill-type/skill,essential,1
http://data.europa.eu/esco/skill/575f79e8-8500-4ddf-91ec-5e6de73d35a3,mechanical components of vehicles,http://data.europa.eu/esco/skill-type/knowledge,essential,1
http://data.europa.eu/esco/skill/2ee57de4-bffd-4194-b009-0060edec77cc,use welding equipment,http://data.europa.eu/esco/skill-type/skill,essential,1
http://data.europa.eu/esco/skill/e0b749fa-4d71-488e-9b83-e27ae6fa3f25,drive timber machine,http://data.europa.eu/esco/skill-type/skill,essential,1
http://data.europa.eu/esco/skill/8f8e16a0-a5d5-4bce-b2fa-d8177a26c43b,maintain forestry equipment,http://data.europa.eu/esco/skill-type/skill,essential,1
http://data.europa.eu/esco/skill/d019e141-80a7-4a38-9aa9-972e663e7f55,operate forestry machinery,http://data.europa.eu/esco/skill-type/skill,essential,1
http://data.europa.eu/esco/skill/f9411f5f-0bb8-4f92-91c4-38b8b38e5179,report to the team leader,http://data.europa.eu/esco/skill-type/skill,essential,1
http://data.europa.eu/esco/skill/8efb6150-2c43-4109-b3cd-41c3451698ea,maintain mechanical equipment,http://data.europa.eu/esco/skill-type/skill,essential,1
http://data.europa.eu/esco/skill/b928ae44-b19f-49c7-a823-b09094de1063,repair equipment on site,http://data.europa.eu/esco/skill-type/skill,essential,1
http://data.europa.eu/esco/skill/b4877620-c375-45f3-a678-2ddb4dae6a29,repair ICT devices,http://data.europa.eu/esco/skill-type/skill,essential,1
http://data.europa.eu/esco/skill/2818cc47-5a9e-424c-9416-8078526097d5,maintain edged hand tools,http://data.europa.eu/esco/skill-type/skill,optional,1
http://data.europa.eu/esco/skill/2b281511-176e-4f7c-a581-0875d3c4cb51,forestry regulations,http://data.europa.eu/esco/skill-type/knowledge,optional,1
http://data.europa.eu/esco/skill/ed4c9170-a0b0-4aa4-89f1-ebb6d203b91a,pay attention to safety while performing forestry operations,http://data.europa.eu/esco/skill-type/skill,optional,1
http://data.europa.eu/esco/skill/c6630414-123f-49e9-9838-5376ab24f75e,manage time in forestry,http://data.europa.eu/esco/skill-type/skill,optional,1
http://data.europa.eu/esco/skill/1d21f6ad-340f-45da-a0a3-4e83867f47a6,provide first aid,http://data.europa.eu/esco/skill-type/skill,optional,1
http://data.europa.eu/esco/skill/5ae495c8-14a0-4854-90bb-d81476a614c5,carry out forestry related measurements,http://data.europa.eu/esco/skill-type/skill,optional,1
http://data.europa.eu/esco/skill/cca6049f-4b0f-4ea5-b0f9-9c54bbe147f8,carry out work related calculations in agriculture,http://data.europa.eu/esco/skill-type/skill,optional,1
http://data.europa.eu/esco/skill/40f95147-6453-4ab5-85b7-f1a7ad86f8a1,work in a forestry team,http://data.europa.eu/esco/skill-type/skill,optional,1
http://data.europa.eu/esco/skill/277f489c-7a47-4791-bd87-61ca01737f96,oversee production requirements,http://data.europa.eu/esco/skill-type/skill,essential,1
http://data.europa.eu/esco/skill/8c8d0196-4acd-4217-89cb-abaf96845b14,analyse the need for technical resources,http://data.europa.eu/esco/skill-type/skill,essential,1
http://data.europa.eu/esco/skill/911e13ee-1eec-4243-88c8-3c08a3681a19,manage resources,http://data.europa.eu/esco/skill-type/skill,essential,1
http://data.europa.eu/esco/skill/cd85312f-0e0b-460b-addd-57d6df800595,coordinate communication within a team,http://data.europa.eu/esco/skill-type/skill,essential,1
http://data.europa.eu/esco/skill/91be6910-bd67-4e1f-95b0-32513b399b24,communicate problems to senior colleagues,http://data.europa.eu/esco/skill-type/skill,essential,1
http://data.europa.eu/esco/skill/40f27736-0d98-4446-8234-11646e4f4bc3,oversee logistics of finished products,http://data.europa.eu/esco/skill-type/skill,optional,1
http://data.europa.eu/esco/skill/65715f7a-c791-416b-b88a-2933a1c81647,recruit personnel,http://data.europa.eu/esco/skill-type/skill,optional,1
http://data.europa.eu/esco/skill/d1a2437d-7eee-4c13-9104-0bb3dd7b45d6,check material rescources,http://data.europa.eu/esco/skill-type/skill,optional,1
http://data.europa.eu/esco/skill/a7b9039e-0145-4e3e-bbf8-30151d3e6cc0,schedule regular machine maintenance,http://data.europa.eu/esco/skill-type/skill,optional,1
http://data.europa.eu/esco/skill/31dadcd2-7816-4330-a422-0fc5fb824229,control textile process,http://data.europa.eu/esco/skill-type/skill,essential,1
http://data.europa.eu/esco/skill/91c6415a-6d77-4d45-a615-44475123b330,set-up weft knitting machines,http://data.europa.eu/esco/skill-type/skill,essential,1
http://data.europa.eu/esco/skill/dbe6fdf0-d776-4dd2-95b6-d7a9dd799603,textile techniques,http://data.europa.eu/esco/skill-type/knowledge,essential,1
http://data.europa.eu/esco/skill/8b854fad-fed3-44e1-8104-eb60630c31e5,tend knitting machine,http://data.europa.eu/esco/skill-type/skill,essential,1
http://data.europa.eu/esco/skill/6e250b10-f197-4045-b9c5-53837b044554,"textile products, textile semi-finished products and raw materials",http://data.europa.eu/esco/skill-type/knowledge,essential,1
http://data.europa.eu/esco/skill/b1d83178-01ba-4802-bcdd-48c2715030cf,textile measurement,http://data.europa.eu/esco/skill-type/knowledge,essential,1
http://data.europa.eu/esco/skill/cc63230c-356b-4c5b-950a-7e3b1ffe2dea,cut textiles,http://data.europa.eu/esco/skill-type/skill,essential,1
http://data.europa.eu/esco/skill/4e373bb6-b9e1-4400-ba59-0313e88e8f94,textile industry,http://data.europa.eu/esco/skill-type/knowledge,essential,1
http://data.europa.eu/esco/skill/73b4cc3b-3827-4c54-ac54-d912e5cdae21,fabric types,http://data.europa.eu/esco/skill-type/knowledge,essential,1
http://data.europa.eu/esco/skill/08181263-ce78-483a-8ba6-5ba8fe0726cc,manufacture textile floor coverings,http://data.europa.eu/esco/skill-type/skill,optional,1
http://data.europa.eu/esco/skill/800d76d7-3ff9-440b-b5e8-b8737e105f36,manufacture fur products,http://data.europa.eu/esco/skill-type/skill,optional,1
http://data.europa.eu/esco/skill/db92b66e-345e-4803-ae80-204df7283e7c,create patterns for textile products,http://data.europa.eu/esco/skill-type/skill,optional,1
http://data.europa.eu/esco/skill/7ab8b57d-72f5-4a89-950a-c98a284cbc61,draw sketches to develop textile articles,http://data.europa.eu/esco/skill-type/skill,optional,1
http://data.europa.eu/esco/skill/7a6b4549-cd3e-46c7-8a40-9096520dff84,modify textile designs,http://data.europa.eu/esco/skill-type/skill,optional,1
http://data.europa.eu/esco/skill/b989ab4a-d0e8-472b-84e3-909d5e8e6255,design warp knit fabrics,http://data.europa.eu/esco/skill-type/skill,optional,1
http://data.europa.eu/esco/skill/70f7604d-6818-40d6-9544-c1190c43e1fa,produce textile samples,http://data.europa.eu/esco/skill-type/skill,optional,1
http://data.europa.eu/esco/skill/901360e7-81ff-408c-8f0a-cc18c2cef1dd,manufacturing of fur products,http://data.europa.eu/esco/skill-type/knowledge,optional,1
http://data.europa.eu/esco/skill/8542b62b-18b1-4c7f-9d4e-e717c10fbd72,produce textile designs,http://data.europa.eu/esco/skill-type/skill,optional,1
http://data.europa.eu/esco/skill/e6b31fc5-97c4-45b3-bb5b-5c93e5711d5d,ergonomics in footwear and leather goods design,http://data.europa.eu/esco/skill-type/knowledge,essential,1
http://data.europa.eu/esco/skill/de278695-33e1-400a-8962-95f0ba5ce2e0,footwear creation process,http://data.europa.eu/esco/skill-type/knowledge,essential,1
http://data.europa.eu/esco/skill/94d43a61-690d-4286-b2e1-a1b57199a3bb,prepare footwear samples,http://data.europa.eu/esco/skill-type/skill,essential,1
http://data.europa.eu/esco/skill/61cea229-2057-4687-ac14-62d8ea1419ad,footwear equipments,http://data.europa.eu/esco/skill-type/knowledge,essential,1
http://data.europa.eu/esco/skill/acb43107-4354-40a5-8a82-9b9264fafacf,footwear machinery,http://data.europa.eu/esco/skill-type/knowledge,essential,1
http://data.europa.eu/esco/skill/f74c755e-6fbb-414f-b96c-5aa56dcc9059,apply footwear finishing techniques,http://data.europa.eu/esco/skill-type/skill,optional,1
http://data.europa.eu/esco/skill/5c12f164-3feb-41cf-8ede-2e02a7faf12a,assembling processes and techniques for california footwear construction,http://data.europa.eu/esco/skill-type/knowledge,optional,1
http://data.europa.eu/esco/skill/206d0e14-25b4-4b2e-b5ac-24239df46282,footwear bottoms pre-assembly,http://data.europa.eu/esco/skill-type/knowledge,optional,1
http://data.europa.eu/esco/skill/e28cea73-fba7-4bc2-8315-8daf9e456322,footwear uppers pre-assembly,http://data.europa.eu/esco/skill-type/knowledge,optional,1
http://data.europa.eu/esco/skill/45d9d702-504a-4b12-883a-e7155aadab99,apply methods for footwear and leather goods manufacturing,http://data.europa.eu/esco/skill-type/skill,optional,1
http://data.europa.eu/esco/skill/2200e940-ad43-4828-8727-47c4afcbc351,assembling processes and techniques for cemented footwear construction,http://data.europa.eu/esco/skill-type/knowledge,optional,1
http://data.europa.eu/esco/skill/c2f06797-190e-4a74-b8c2-a988c3cc8186,footwear stitching techniques,http://data.europa.eu/esco/skill-type/knowledge,optional,1
http://data.europa.eu/esco/skill/3212fbac-540b-41ca-a4ae-132a588500bd,apply footwear bottoms pre-assembling techniques,http://data.europa.eu/esco/skill-type/skill,optional,1
http://data.europa.eu/esco/skill/f2ce1560-2a29-41e9-b81b-bbe1554202d8,apply pre-stitching techniques,http://data.europa.eu/esco/skill-type/skill,optional,1
http://data.europa.eu/esco/skill/49f6c9f1-49a6-4737-8bb0-0f6ab3558211,clothing and footwear products,http://data.europa.eu/esco/skill-type/knowledge,optional,1
http://data.europa.eu/esco/skill/38a6e9b0-e502-477c-9a9f-df1363984507,pre-stitching processes and techniques for footwear and leather goods,http://data.europa.eu/esco/skill-type/knowledge,optional,1
http://data.europa.eu/esco/skill/3ff55b65-42c7-4ac9-815d-7576b749ca15,footwear industry,http://data.europa.eu/esco/skill-type/knowledge,optional,1
http://data.europa.eu/esco/skill/4fd7909c-9600-476d-b1f0-615f9cc1260e,automatic cutting systems for footwear and leather goods,http://data.europa.eu/esco/skill-type/knowledge,optional,1
http://data.europa.eu/esco/skill/40ae7e06-5eb8-40cd-a755-ad7152bdb01e,apply machine cutting techniques for footwear and leather goods,http://data.europa.eu/esco/skill-type/skill,optional,1
http://data.europa.eu/esco/skill/c8d75bf4-ad0d-4f36-8cdc-265a7b044881,apply stitching techniques,http://data.europa.eu/esco/skill-type/skill,optional,1
http://data.europa.eu/esco/skill/b1578674-6e79-4142-9673-63a29f847aa8,assembling processes and techniques for goodyear footwear construction,http://data.europa.eu/esco/skill-type/knowledge,optional,1
http://data.europa.eu/esco/skill/17b3af3e-0bd5-4388-9fb4-db5d241aa9d8,apply basic rules of maintenance to leather goods and footwear machinery,http://data.europa.eu/esco/skill-type/skill,optional,1
http://data.europa.eu/esco/skill/1abcc511-ba5a-42e0-8d88-7efb39af4c36,operate automatic cutting systems for footwear and leather goods,http://data.europa.eu/esco/skill-type/skill,optional,1
http://data.europa.eu/esco/skill/7c7cf091-5139-4a1d-a6cd-0df9edc8f34d,apply assembling techniques for cemented footwear construction,http://data.europa.eu/esco/skill-type/skill,optional,1
http://data.europa.eu/esco/skill/c46f9312-e414-42f0-9c8b-1c1886af7b8d,CAD for footwear,http://data.europa.eu/esco/skill-type/knowledge,optional,1
http://data.europa.eu/esco/skill/1f5148bb-1eb0-473d-a312-50e4ed24159f,supply machine with appropriate tools,http://data.europa.eu/esco/skill-type/skill,essential,1
http://data.europa.eu/esco/skill/db5d130a-b89e-4386-95b0-1d79d7a9b0f2,types of thread,http://data.europa.eu/esco/skill-type/knowledge,essential,1
http://data.europa.eu/esco/skill/48ca8d53-471c-450f-8994-5e76ab4eb0aa,finish processing of man-made fibres,http://data.europa.eu/esco/skill-type/skill,optional,1
http://data.europa.eu/esco/skill/6af2d621-650e-4954-863f-cb87ee071016,test physical properties of textiles,http://data.europa.eu/esco/skill-type/skill,optional,1
http://data.europa.eu/esco/skill/2a7e440e-fc66-471a-95a6-b0c3ba305c09,wrap yarn around bobbins,http://data.europa.eu/esco/skill-type/skill,optional,1
http://data.europa.eu/esco/skill/eb13f8c5-8300-4422-a51f-475a7edb09ef,conduct textile testing operations,http://data.europa.eu/esco/skill-type/skill,optional,1
http://data.europa.eu/esco/skill/486e0580-470f-42a2-bd6d-ec940c239a9b,analyse packaging requirements,http://data.europa.eu/esco/skill-type/skill,essential,1
http://data.europa.eu/esco/skill/e10d57dd-6717-4b24-961a-8a87c7e80b5d,plan new packaging designs,http://data.europa.eu/esco/skill-type/skill,essential,1
http://data.europa.eu/esco/skill/54804209-6aac-4ca4-bf3c-aef4fbe18f8c,principles of mechanical engineering,http://data.europa.eu/esco/skill-type/knowledge,optional,1
http://data.europa.eu/esco/skill/d1072655-88ce-4445-8803-e6273da273e7,blueprints,http://data.europa.eu/esco/skill-type/knowledge,optional,1
http://data.europa.eu/esco/skill/c93527bc-6668-4c34-b1a1-47bcaf97c5ed,perfume and cosmetic products,http://data.europa.eu/esco/skill-type/knowledge,essential,1
http://data.europa.eu/esco/skill/d47a3128-b502-40d5-a8cb-68a62e44f25a,conform with production requirements,http://data.europa.eu/esco/skill-type/skill,essential,1
http://data.europa.eu/esco/skill/418765cd-77f9-4c6f-8b00-e56ebec767bb,weigh materials,http://data.europa.eu/esco/skill-type/skill,essential,1
http://data.europa.eu/esco/skill/6ab7c99f-a430-419c-a881-8ef945230e4d,verify product specifications,http://data.europa.eu/esco/skill-type/skill,essential,1
http://data.europa.eu/esco/skill/153517bb-84ef-45f1-a185-1d427792026d,check the production schedule,http://data.europa.eu/esco/skill-type/skill,essential,1
http://data.europa.eu/esco/skill/b957fa5e-2efe-44ab-ac14-13371e7554d2,calculate concentrations,http://data.europa.eu/esco/skill-type/skill,optional,1
http://data.europa.eu/esco/skill/bf2bae61-f3f5-4c34-aaaf-141e26485d53,perform blending operations,http://data.europa.eu/esco/skill-type/skill,optional,1
http://data.europa.eu/esco/skill/b141628b-f95c-43b2-ab91-7dfaeabd36fa,operate distilling equipment,http://data.europa.eu/esco/skill-type/skill,optional,1
http://data.europa.eu/esco/skill/dcd2bc5e-043a-433c-b74b-ce9504474341,adjust manufacturing equipment,http://data.europa.eu/esco/skill-type/skill,optional,1
http://data.europa.eu/esco/skill/a044a90e-be8b-446e-9703-e42cc34c3551,validate raw materials using adequate equipment,http://data.europa.eu/esco/skill-type/skill,optional,1
http://data.europa.eu/esco/skill/31266e8e-673b-4e39-91c9-d4774838c152,conduct cleaning in place,http://data.europa.eu/esco/skill-type/skill,optional,1
http://data.europa.eu/esco/skill/139a8761-e26c-4c19-b446-a2568c9eb578,clean industrial containers,http://data.europa.eu/esco/skill-type/skill,optional,1
http://data.europa.eu/esco/skill/0c904534-d935-48b8-8e0f-1c43a14fe3a3,prepare raw materials for man-made fibres manufacturing,http://data.europa.eu/esco/skill-type/skill,essential,1
http://data.europa.eu/esco/skill/f17e2759-b522-4505-ac1c-e58e8c2e29b1,tend twisting machines,http://data.europa.eu/esco/skill-type/skill,essential,1
http://data.europa.eu/esco/skill/232cde64-186f-4fbe-b2ae-4a68aad70a67,organise wires,http://data.europa.eu/esco/skill-type/skill,optional,1
http://data.europa.eu/esco/skill/82351205-9087-4569-8104-492b43ad39ec,rope manipulation,http://data.europa.eu/esco/skill-type/knowledge,optional,1
http://data.europa.eu/esco/skill/c291acb4-6992-46ff-bf72-681eb378daa5,work as a team,http://data.europa.eu/esco/skill-type/skill,optional,1
http://data.europa.eu/esco/skill/8f0d955b-8aff-4fcb-9691-dde0ad72baa6,manufacture non-woven filament products,http://data.europa.eu/esco/skill-type/skill,optional,1
http://data.europa.eu/esco/skill/21bb2766-92b0-4f52-8747-a92fdbdeac9a,use weft preparation technologies,http://data.europa.eu/esco/skill-type/skill,essential,1
http://data.europa.eu/esco/skill/87af00b5-30fa-41c8-bfa5-357f22c8d589,replace defect components,http://data.europa.eu/esco/skill-type/skill,essential,1
http://data.europa.eu/esco/skill/dbb0afa6-4dd1-4ded-84e7-b2c706164bcc,textile printing technology,http://data.europa.eu/esco/skill-type/knowledge,essential,1
http://data.europa.eu/esco/skill/bc93e930-3279-4cf0-8a0b-1faeac1c8c51,braiding technology,http://data.europa.eu/esco/skill-type/knowledge,essential,1
http://data.europa.eu/esco/skill/b4e4bee5-439e-4b2e-909a-50be1979b5ec,use weaving machine technologies,http://data.europa.eu/esco/skill-type/skill,essential,1
http://data.europa.eu/esco/skill/c8121c66-b2fa-4880-90c7-56d314dcf7b0,use warp preparation technologies,http://data.europa.eu/esco/skill-type/skill,essential,1
http://data.europa.eu/esco/skill/fa4ffcfa-c03a-4f23-b49e-dab0b406cda1,textile finishing technology,http://data.europa.eu/esco/skill-type/knowledge,essential,1
http://data.europa.eu/esco/skill/350d5fc0-67d4-4b75-8d28-85b325cf23fd,manufacture man-made fibres,http://data.europa.eu/esco/skill-type/skill,optional,1
http://data.europa.eu/esco/skill/2aeeacd6-eb3d-4ace-a6f3-ef3e5fdb7978,manufacture nonwoven staple products,http://data.europa.eu/esco/skill-type/skill,optional,1
http://data.europa.eu/esco/skill/30c6b17a-b6d7-4e67-bd16-5ce87947f9f3,dyeing technology,http://data.europa.eu/esco/skill-type/knowledge,optional,1
http://data.europa.eu/esco/skill/fdfb348c-6aaf-4815-8f50-2f665287c422,challenging issues in the textile industry,http://data.europa.eu/esco/skill-type/knowledge,optional,1
http://data.europa.eu/esco/skill/8eebf05f-4495-4fd5-b1f0-cb85750295be,maintain hydraulic systems,http://data.europa.eu/esco/skill-type/skill,optional,1
http://data.europa.eu/esco/skill/62879c0f-03aa-478b-ba35-c0180f86b083,use textile finishing machine technologies,http://data.europa.eu/esco/skill-type/skill,optional,1
http://data.europa.eu/esco/skill/753b1781-ea44-4eea-b84a-f8a76fbd6c4d,install hydraulic systems,http://data.europa.eu/esco/skill-type/skill,optional,1
http://data.europa.eu/esco/skill/6050ffaa-88b8-45d5-99c7-3fa882ea596a,manufacture woven fabrics,http://data.europa.eu/esco/skill-type/skill,optional,1
http://data.europa.eu/esco/skill/4821dd3e-d9ec-43e7-8f22-a70ac5a6dcd8,nonwoven machine technology,http://data.europa.eu/esco/skill-type/knowledge,optional,1
http://data.europa.eu/esco/skill/82da5835-1759-4eeb-9d58-a834ee80384e,install pneumatic systems,http://data.europa.eu/esco/skill-type/skill,optional,1
http://data.europa.eu/esco/skill/910becaf-d07b-455a-a363-0bf9430afb51,clean equipment,http://data.europa.eu/esco/skill-type/skill,optional,1
http://data.europa.eu/esco/skill/210827e3-3129-45a2-8683-70399f3f561f,order supplies,http://data.europa.eu/esco/skill-type/skill,optional,1
http://data.europa.eu/esco/skill/afbc401c-cad8-43b6-8d61-775d2c7b58d5,prepare compliance documents,http://data.europa.eu/esco/skill-type/skill,optional,1
http://data.europa.eu/esco/skill/13d1b916-0ee9-4ee1-b762-56a9feade16c,health and safety in the textile industry,http://data.europa.eu/esco/skill-type/knowledge,optional,1
http://data.europa.eu/esco/skill/81665015-4963-472c-9b5a-f2cf13ae9de0,power plant instrumentation,http://data.europa.eu/esco/skill-type/knowledge,optional,1
http://data.europa.eu/esco/skill/11f364dd-0814-4398-b00e-10d1be8b27af,design transportation systems,http://data.europa.eu/esco/skill-type/skill,essential,1
http://data.europa.eu/esco/skill/ec410a76-f890-4012-8863-b82f2c75527c,transportation engineering,http://data.europa.eu/esco/skill-type/knowledge,essential,1
http://data.europa.eu/esco/skill/8b46636e-e201-4086-a8d5-049b65eaf40e,advise on use of land,http://data.europa.eu/esco/skill-type/skill,essential,1
http://data.europa.eu/esco/skill/73de691d-d112-444b-a99f-606888fa9414,transportation methods,http://data.europa.eu/esco/skill-type/knowledge,essential,1
http://data.europa.eu/esco/skill/97902800-f9e0-4a73-8826-6cc42f874a18,green logistics,http://data.europa.eu/esco/skill-type/knowledge,optional,1
http://data.europa.eu/esco/skill/4d6a1837-93df-4a81-b424-74e1a8ed2f03,multimodal transport logistics,http://data.europa.eu/esco/skill-type/knowledge,optional,1
http://data.europa.eu/esco/skill/95f4631e-fcde-467f-8277-01e824b40a06,analyse road traffic patterns,http://data.europa.eu/esco/skill-type/skill,optional,1
http://data.europa.eu/esco/skill/969caeb0-cfc5-42aa-9c44-0ca3c09305fe,study traffic flow,http://data.europa.eu/esco/skill-type/skill,optional,1
http://data.europa.eu/esco/skill/d89f5cee-649a-44bd-9aa9-8e74bbdbd50d,monitor contractor performance,http://data.europa.eu/esco/skill-type/skill,optional,1
http://data.europa.eu/esco/skill/82394321-7f35-4a29-b2fa-4a58f66258f5,simulate transport problems,http://data.europa.eu/esco/skill-type/skill,optional,1
http://data.europa.eu/esco/skill/f672b7a0-698e-45f1-a102-51adeaf89200,develop efficiency plans for logistics operations,http://data.europa.eu/esco/skill-type/skill,optional,1
http://data.europa.eu/esco/skill/99095ca0-1218-462d-9e95-79e334ba8b63,analyse transport studies,http://data.europa.eu/esco/skill-type/skill,optional,1
http://data.europa.eu/esco/skill/6f993130-082b-4732-b62f-52cdf2096ad9,use methods of logistical data analysis,http://data.europa.eu/esco/skill-type/skill,optional,1
http://data.europa.eu/esco/skill/53e5fa5a-b619-42d9-9993-b005e4291a7a,check durability of materials,http://data.europa.eu/esco/skill-type/skill,essential,1
http://data.europa.eu/esco/skill/82b6b024-6369-4d84-ba68-c665b9df53f8,check strength of materials,http://data.europa.eu/esco/skill-type/skill,essential,1
http://data.europa.eu/esco/skill/1aba7c4a-4e13-4fa1-905b-7ed26952fbd5,check stability of materials,http://data.europa.eu/esco/skill-type/skill,essential,1
http://data.europa.eu/esco/skill/cc1ee268-8928-4344-86a1-592de0e983df,conduct experiments on animals,http://data.europa.eu/esco/skill-type/skill,optional,1
http://data.europa.eu/esco/skill/cbd9cd0f-6c22-4bbc-8af2-dc9c7f5efcb5,write manuals,http://data.europa.eu/esco/skill-type/skill,optional,1
http://data.europa.eu/esco/skill/f3baae75-145e-40dd-b5ff-b8fe40c5fcbd,nuclear physics,http://data.europa.eu/esco/skill-type/knowledge,essential,1
http://data.europa.eu/esco/skill/f46220aa-ad70-4c18-99dc-cb978f2850d2,calculate exposure to radiation,http://data.europa.eu/esco/skill-type/skill,essential,1
http://data.europa.eu/esco/skill/023faef3-0633-436d-8b91-389c45c1421c,contamination exposure regulations,http://data.europa.eu/esco/skill-type/knowledge,essential,1
http://data.europa.eu/esco/skill/78ebd783-feaa-466a-85ac-9cc44779c202,design power plant systems,http://data.europa.eu/esco/skill-type/skill,optional,1
http://data.europa.eu/esco/skill/b1f71b18-4ccb-4334-bdd7-32b60c2aa272,install machinery,http://data.europa.eu/esco/skill-type/skill,optional,1
http://data.europa.eu/esco/skill/2624158e-4a53-4667-8921-96ee7aaea7b3,consult with technical staff,http://data.europa.eu/esco/skill-type/skill,optional,1
http://data.europa.eu/esco/skill/c475b9cd-148b-4854-b13e-1e1a86231943,consult with design team,http://data.europa.eu/esco/skill-type/skill,optional,1
http://data.europa.eu/esco/skill/783ab646-4ccd-4058-a512-152ba6c00582,stealth technology,http://data.europa.eu/esco/skill-type/knowledge,optional,1
http://data.europa.eu/esco/skill/d58ac822-ebcb-4932-935b-54ea816d4e32,plan test flights,http://data.europa.eu/esco/skill-type/skill,optional,1
http://data.europa.eu/esco/skill/6cb9c23b-e3bc-4917-b588-26c4cef9d920,maintenance and repair,http://data.europa.eu/esco/skill-type/knowledge,essential,1
http://data.europa.eu/esco/skill/61d9ad65-6a78-4c72-9824-aeca20d9a102,maintain machinery,http://data.europa.eu/esco/skill-type/skill,essential,1
http://data.europa.eu/esco/skill/d18e37a5-2cdf-4845-bb65-7c8e82e09dc5,inspect machinery,http://data.europa.eu/esco/skill-type/skill,essential,1
http://data.europa.eu/esco/skill/10026df1-670d-4c75-b3d5-ee0037f9d59b,lead process optimisation,http://data.europa.eu/esco/skill-type/skill,optional,1
http://data.europa.eu/esco/skill/9c3db86b-2cbf-4f8a-82e1-08533494c7a9,maintain power plants,http://data.europa.eu/esco/skill-type/skill,optional,1
http://data.europa.eu/esco/skill/a28df07f-976c-4eb4-b29a-06161af39756,use computerised maintenance management systems,http://data.europa.eu/esco/skill-type/skill,optional,1
http://data.europa.eu/esco/skill/fc2f1d4f-a46f-471e-a618-cbd4d0496a53,implement ICT recovery system,http://data.europa.eu/esco/skill-type/skill,essential,1
http://data.europa.eu/esco/skill/69cfc5ed-6569-4aca-a4cc-fd782ba51d9c,implement ICT risk management,http://data.europa.eu/esco/skill-type/skill,optional,1
http://data.europa.eu/esco/skill/3e23db60-0c3d-498a-a6ac-ffbed0ecb033,ICT accessibility standards,http://data.europa.eu/esco/skill-type/knowledge,optional,1
http://data.europa.eu/esco/skill/23b45aa6-a479-486d-9e6f-062cbab7c68a,interfacing techniques,http://data.europa.eu/esco/skill-type/knowledge,optional,1
http://data.europa.eu/esco/skill/c9e96450-421d-48af-9ee6-d9c50e29afc2,ICT recovery techniques,http://data.europa.eu/esco/skill-type/knowledge,optional,1
http://data.europa.eu/esco/skill/479944ef-8d2c-4279-b3d1-2b85c761fb30,manage radiology information system,http://data.europa.eu/esco/skill-type/skill,essential,1
http://data.europa.eu/esco/skill/7110bf9f-b245-4adc-9159-5081013fd64d,communicate effectively in healthcare,http://data.europa.eu/esco/skill-type/skill,essential,1
http://data.europa.eu/esco/skill/5d7890d5-d229-4b79-a5da-6819e38a52b6,health records management,http://data.europa.eu/esco/skill-type/knowledge,essential,1
http://data.europa.eu/esco/skill/c65aa043-98da-4136-9877-494e72d9e4cf,interact with healthcare users,http://data.europa.eu/esco/skill-type/skill,essential,1
http://data.europa.eu/esco/skill/53141450-2fa9-4890-a64e-7ffd4e1144be,use electronic health records management system,http://data.europa.eu/esco/skill-type/skill,essential,1
http://data.europa.eu/esco/skill/2806260f-6399-4add-8f11-070141423f9d,medical terminology,http://data.europa.eu/esco/skill-type/knowledge,essential,1
http://data.europa.eu/esco/skill/b21e2984-c6b2-4352-bbe8-8f3b03bd50f6,medical informatics,http://data.europa.eu/esco/skill-type/knowledge,essential,1
http://data.europa.eu/esco/skill/2e040fb0-66b9-4529-bec6-466472b60773,archive healthcare users' records,http://data.europa.eu/esco/skill-type/skill,essential,1
http://data.europa.eu/esco/skill/a4346013-a967-4a58-a533-6b32ad1364c5,data protection,http://data.europa.eu/esco/skill-type/knowledge,essential,1
http://data.europa.eu/esco/skill/2475cd27-8d6c-4318-a364-21395b23acba,empathise with the healthcare user,http://data.europa.eu/esco/skill-type/skill,essential,1
http://data.europa.eu/esco/skill/751941a0-5645-4f8b-b97e-b252909d5edb,develop ICT workflow,http://data.europa.eu/esco/skill-type/skill,optional,1
http://data.europa.eu/esco/skill/fe1ec582-d63b-466c-9149-e7fc4fe93e22,supplier management,http://data.europa.eu/esco/skill-type/knowledge,optional,1
http://data.europa.eu/esco/skill/c1750417-79c3-442d-844f-50d65fb812e9,radiological photography,http://data.europa.eu/esco/skill-type/knowledge,optional,1
http://data.europa.eu/esco/skill/4f5ccaad-0e4f-4e9f-8246-47765564387d,upgrade firmware,http://data.europa.eu/esco/skill-type/skill,essential,1
http://data.europa.eu/esco/skill/85ac537a-9233-42cc-a6e8-73851e77d214,direct inward dialing,http://data.europa.eu/esco/skill-type/knowledge,essential,1
http://data.europa.eu/esco/skill/ee1417ac-4e9a-4102-b89a-528ab4ffba13,analog electronics theory,http://data.europa.eu/esco/skill-type/knowledge,essential,1
http://data.europa.eu/esco/skill/eb275d0d-64bb-49cb-a501-72aff776088f,use session border controller,http://data.europa.eu/esco/skill-type/skill,essential,1
http://data.europa.eu/esco/skill/b478d218-21df-447f-9eba-6fb11f94b071,maintain telephony system,http://data.europa.eu/esco/skill-type/skill,optional,1
http://data.europa.eu/esco/skill/7c5b66c6-36a1-4e03-bb57-64e8688b8f58,operate private branch exchange,http://data.europa.eu/esco/skill-type/skill,optional,1
http://data.europa.eu/esco/skill/4f1afd9d-77a7-40f8-a3c7-fe18b984ce43,telecommunication trunking,http://data.europa.eu/esco/skill-type/knowledge,optional,1
http://data.europa.eu/esco/skill/36b04285-6b9d-47e6-bcf9-e6a9ac2612aa,manage school budget,http://data.europa.eu/esco/skill-type/skill,essential,1
http://data.europa.eu/esco/skill/efa7a6e9-3018-4125-8ac5-5b5d513bcba7,education administration,http://data.europa.eu/esco/skill-type/knowledge,essential,1
http://data.europa.eu/esco/skill/debef2fc-7af4-4bff-ac92-4d0317915a84,electronic communication,http://data.europa.eu/esco/skill-type/knowledge,essential,1
http://data.europa.eu/esco/skill/76161ecd-084a-4caa-9116-3ee05658d8a8,manage educational institution's administration,http://data.europa.eu/esco/skill-type/skill,essential,1
http://data.europa.eu/esco/skill/de2f0ce8-f8d6-48c5-a213-4d065251cecf,communicate by telephone,http://data.europa.eu/esco/skill-type/skill,essential,1
http://data.europa.eu/esco/skill/eeb3e7ea-56f4-422f-8a85-0438b25ff0ce,kindergarten school procedures,http://data.europa.eu/esco/skill-type/knowledge,optional,1
http://data.europa.eu/esco/skill/76f22707-8d30-453f-9eb7-3376e2960311,handle mail,http://data.europa.eu/esco/skill-type/skill,optional,1
http://data.europa.eu/esco/skill/df1265b9-81fd-4a40-a746-f0442ffbf7ef,deliver correspondence,http://data.europa.eu/esco/skill-type/skill,optional,1
http://data.europa.eu/esco/skill/ecc18804-a466-40d9-98b4-fba5cd67dd4b,accounting,http://data.europa.eu/esco/skill-type/knowledge,optional,1
http://data.europa.eu/esco/skill/6556cbf1-d5c0-4f53-89a9-8707066069a6,evaluate budgets,http://data.europa.eu/esco/skill-type/skill,optional,1
http://data.europa.eu/esco/skill/13e5ed0f-9698-4b32-b44c-fb6a6a9fdd7f,provide information on school services,http://data.europa.eu/esco/skill-type/skill,optional,1
http://data.europa.eu/esco/skill/ff24c97f-dbb9-4b02-bf03-4cbe8aecb371,student financial aid programmes,http://data.europa.eu/esco/skill-type/knowledge,optional,1
http://data.europa.eu/esco/skill/c4f8c22a-63f2-47d5-9721-d560f1f042b8,provide information on education financing,http://data.europa.eu/esco/skill-type/skill,optional,1
http://data.europa.eu/esco/skill/3838a64c-78dc-4f3f-a0c0-9f604e33eefd,maintain internal communication systems,http://data.europa.eu/esco/skill-type/skill,optional,1
http://data.europa.eu/esco/skill/7369f779-4b71-4aab-8836-48b69c676eec,operate relational database management system,http://data.europa.eu/esco/skill-type/skill,essential,1
http://data.europa.eu/esco/skill/897b393f-e7e0-4248-a40d-d77119694e83,distributed computing,http://data.europa.eu/esco/skill-type/knowledge,essential,1
http://data.europa.eu/esco/skill/9ba8fd27-275d-4bad-8c48-f668aa99a578,balance database resources,http://data.europa.eu/esco/skill-type/skill,essential,1
http://data.europa.eu/esco/skill/022dc430-872a-473a-9cf4-fed4895e58ad,define database physical structure,http://data.europa.eu/esco/skill-type/skill,essential,1
http://data.europa.eu/esco/skill/a7f0fbe0-c546-4f30-8e41-34a58c64567e,data storage,http://data.europa.eu/esco/skill-type/knowledge,essential,1
http://data.europa.eu/esco/skill/d6cdef49-b669-4507-91d1-3f959cf98e47,maintain database performance,http://data.europa.eu/esco/skill-type/skill,essential,1
http://data.europa.eu/esco/skill/ab67fbfb-0ca7-4345-8bf6-af8f59480212,design database backup specifications,http://data.europa.eu/esco/skill-type/skill,essential,1
http://data.europa.eu/esco/skill/a8d07b5a-c1a1-42c6-9d53-db9c7a2ca996,PostgreSQL,http://data.europa.eu/esco/skill-type/knowledge,optional,1
http://data.europa.eu/esco/skill/3d03c40c-1b83-4793-8902-2523f40af59e,Microsoft Access,http://data.europa.eu/esco/skill-type/knowledge,optional,1
http://data.europa.eu/esco/skill/b8eb2517-37d8-43e6-9856-9c29d5c51fde,Filemaker (database management systems),http://data.europa.eu/esco/skill-type/knowledge,optional,1
http://data.europa.eu/esco/skill/4da171e5-779c-4983-a76f-91c16751e99f,MySQL,http://data.europa.eu/esco/skill-type/knowledge,optional,1
http://data.europa.eu/esco/skill/c2296e2e-5fef-4f24-a24f-e5b3792268be,provide ICT support,http://data.europa.eu/esco/skill-type/skill,optional,1
http://data.europa.eu/esco/skill/c062bab3-3ea0-4291-9220-a2d8fef4bead,SQL Server,http://data.europa.eu/esco/skill-type/knowledge,optional,1
http://data.europa.eu/esco/skill/43ec6db6-33f7-449b-a566-5779a7e8997a,OpenEdge Database,http://data.europa.eu/esco/skill-type/knowledge,optional,1
http://data.europa.eu/esco/skill/4959697d-3a24-4f46-af0c-b752318e6c54,ObjectStore,http://data.europa.eu/esco/skill-type/knowledge,optional,1
http://data.europa.eu/esco/skill/de9f85ba-e77f-48fd-8c66-f5ebaf32d655,Oracle Relational Database,http://data.europa.eu/esco/skill-type/knowledge,optional,1
http://data.europa.eu/esco/skill/84251cb1-babf-4d17-a3cd-baa642c24c8d,IBM Informix,http://data.europa.eu/esco/skill-type/knowledge,optional,1
http://data.europa.eu/esco/skill/3cee858e-79e8-4a4b-b99f-93c7f735d58b,DB2,http://data.europa.eu/esco/skill-type/knowledge,optional,1
http://data.europa.eu/esco/skill/d9eaf831-9348-4330-a83e-b7c099cdc8f6,Teradata Database,http://data.europa.eu/esco/skill-type/knowledge,optional,1
http://data.europa.eu/esco/skill/cf532795-a1fd-43bd-8407-6e43f877e6e3,mobile device management,http://data.europa.eu/esco/skill-type/knowledge,essential,1
http://data.europa.eu/esco/skill/ab49f767-296b-47d5-af56-0b4a69515b03,maintain ICT identity management,http://data.europa.eu/esco/skill-type/skill,essential,1
http://data.europa.eu/esco/skill/5898d99a-62a4-4e10-a2e3-0d815ce44248,cyber attack counter-measures,http://data.europa.eu/esco/skill-type/knowledge,essential,1
http://data.europa.eu/esco/skill/06358891-8424-43c5-891e-d40f226bef40,manage IT security compliances,http://data.europa.eu/esco/skill-type/skill,essential,1
http://data.europa.eu/esco/skill/79f24a62-7718-46e1-9b41-37be0560a5ca,organisational resilience,http://data.europa.eu/esco/skill-type/knowledge,essential,1
http://data.europa.eu/esco/skill/8088750d-8388-4170-a76f-48354c469c44,cyber security,http://data.europa.eu/esco/skill-type/knowledge,optional,1
http://data.europa.eu/esco/skill/ddb65832-91a7-4157-9488-719a0e2ad87b,lead disaster recovery exercises,http://data.europa.eu/esco/skill-type/skill,optional,1
http://data.europa.eu/esco/skill/d32db06e-bd06-4415-a7ab-1b0ee68caa9a,ICT encryption,http://data.europa.eu/esco/skill-type/knowledge,optional,1
http://data.europa.eu/esco/skill/118a9b27-1c5a-4214-b685-1a4d9e6365ea,computer forensics,http://data.europa.eu/esco/skill-type/knowledge,optional,1
http://data.europa.eu/esco/skill/1d86f05e-e9cc-40ce-99d8-2b21cc71b16b,solution deployment,http://data.europa.eu/esco/skill-type/knowledge,essential,1
http://data.europa.eu/esco/skill/f8f1f725-0105-41fa-9887-4df9e7a7af1e,manage email hosting service,http://data.europa.eu/esco/skill-type/skill,essential,1
http://data.europa.eu/esco/skill/da042121-959d-451b-b4d0-3bbf07c1bc67,analyse network bandwidth requirements,http://data.europa.eu/esco/skill-type/skill,essential,1
http://data.europa.eu/esco/skill/054f26ab-cfdc-4077-883c-1c4c9e9b310a,define firewall rules,http://data.europa.eu/esco/skill-type/skill,essential,1
http://data.europa.eu/esco/skill/b9aad733-959a-4178-984f-53e4bd05b420,maintain internet protocol configuration,http://data.europa.eu/esco/skill-type/skill,essential,1
http://data.europa.eu/esco/skill/0d4471ae-3820-4c23-8566-f44a7bd159b2,prepare licence agreements,http://data.europa.eu/esco/skill-type/skill,optional,1
http://data.europa.eu/esco/skill/f5ac9226-0ace-4d34-a1c3-7b3845834a98,maintain ICT server,http://data.europa.eu/esco/skill-type/skill,optional,1
http://data.europa.eu/esco/skill/553e1d2d-abf1-4b37-8ac4-c5c78a8edbc0,proxy servers,http://data.europa.eu/esco/skill-type/knowledge,optional,1
http://data.europa.eu/esco/skill/d58a48d1-5b7f-4028-ae11-b051d13ee1a8,analyse staff capacity,http://data.europa.eu/esco/skill-type/skill,essential,1
http://data.europa.eu/esco/skill/25f46432-5ee9-4cb7-a18b-d2ee41761823,manage needs for stationery items,http://data.europa.eu/esco/skill-type/skill,essential,1
http://data.europa.eu/esco/skill/cb108a0a-88e6-4579-885d-b1e794ada512,manage office appliance requirements,http://data.europa.eu/esco/skill-type/skill,essential,1
http://data.europa.eu/esco/skill/f2c63b7a-ed6c-4890-9f8c-7685d172624c,implement corporate governance,http://data.europa.eu/esco/skill-type/skill,essential,1
http://data.europa.eu/esco/skill/9d59f4e5-20a5-428e-b8b3-645043500457,create a work atmosphere of continuous improvement,http://data.europa.eu/esco/skill-type/skill,essential,1
http://data.europa.eu/esco/skill/b00e948c-19be-4951-8cff-60f88f1046e9,delegate activities,http://data.europa.eu/esco/skill-type/skill,essential,1
http://data.europa.eu/esco/skill/5c606d18-6404-4047-b235-350f18e11827,contract law,http://data.europa.eu/esco/skill-type/knowledge,optional,1
http://data.europa.eu/esco/skill/f241fbf8-08a2-4c05-b9c1-3438d3e648dd,revise drafts made by managers,http://data.europa.eu/esco/skill-type/skill,optional,1
http://data.europa.eu/esco/skill/3dfa5c1e-a2cc-4c09-9e60-d21b28072c37,trade union regulations,http://data.europa.eu/esco/skill-type/knowledge,optional,1
http://data.europa.eu/esco/skill/08fe5910-8c4c-4679-a988-eb2ded3c4909,labour legislation,http://data.europa.eu/esco/skill-type/knowledge,optional,1
http://data.europa.eu/esco/skill/811bdb9d-5bf7-4b5a-a3f5-4fc2002f6d57,financial capability,http://data.europa.eu/esco/skill-type/knowledge,optional,1
http://data.europa.eu/esco/skill/60f51172-37c0-4933-a27a-cbf55dcd7580,prepare financial statements,http://data.europa.eu/esco/skill-type/skill,optional,1
http://data.europa.eu/esco/skill/49812c2d-3a36-4be8-bd41-8c0be3db7c6d,develop classification systems,http://data.europa.eu/esco/skill-type/skill,optional,1
http://data.europa.eu/esco/skill/58888680-07cd-4baa-8eb1-f846bff7e2d4,manage membership database,http://data.europa.eu/esco/skill-type/skill,essential,1
http://data.europa.eu/esco/skill/f5c3bcbe-a8a5-43b5-9fbe-05d6458a04d7,recruit members,http://data.europa.eu/esco/skill-type/skill,essential,1
http://data.europa.eu/esco/skill/a487b459-92be-4946-825e-4a8b7fd2930e,provide membership service,http://data.europa.eu/esco/skill-type/skill,essential,1
http://data.europa.eu/esco/skill/fd847ff5-9b9d-4c63-a9ac-c7459592207c,manage members,http://data.europa.eu/esco/skill-type/skill,essential,1
http://data.europa.eu/esco/skill/d6c84f20-db10-47d3-971f-384114f0b6c2,complete membership administration,http://data.europa.eu/esco/skill-type/skill,essential,1
http://data.europa.eu/esco/skill/7c3865d1-e5a9-4043-a7a4-2e9e30468c0b,perform office routine activities,http://data.europa.eu/esco/skill-type/skill,essential,1
http://data.europa.eu/esco/skill/e01f1d44-034c-4354-b290-1fb4da5666e3,execute administration,http://data.europa.eu/esco/skill-type/skill,essential,1
http://data.europa.eu/esco/skill/8e105acc-e365-481b-bf6b-7e3f8ff19417,handle complaints,http://data.europa.eu/esco/skill-type/skill,optional,1
http://data.europa.eu/esco/skill/03589d0d-a6f0-4d68-b5eb-dafbc6833efe,write leaflets,http://data.europa.eu/esco/skill-type/skill,optional,1
http://data.europa.eu/esco/skill/6dc2dfac-3e21-44dd-a71c-9a1c8fe2514c,make independent operating decisions,http://data.europa.eu/esco/skill-type/skill,optional,1
http://data.europa.eu/esco/skill/e90d2727-de2d-4793-8cb8-6b68013baa01,develop campaigns,http://data.europa.eu/esco/skill-type/skill,optional,1
http://data.europa.eu/esco/skill/28d715e3-3e5b-4fb6-8dd2-4be4919c8587,handle customer complaints,http://data.europa.eu/esco/skill-type/skill,optional,1
http://data.europa.eu/esco/skill/d97c894e-d330-4bd3-b8ba-138fc11855ee,stimulate creative processes,http://data.europa.eu/esco/skill-type/skill,optional,1
http://data.europa.eu/esco/skill/bdcac0c8-b77a-4640-9eaf-c0cf3efd1e23,process payments,http://data.europa.eu/esco/skill-type/skill,optional,1
http://data.europa.eu/esco/skill/77f1c711-64bc-4923-83f3-1150978711ce,communicate with beneficiaries,http://data.europa.eu/esco/skill-type/skill,essential,1
http://data.europa.eu/esco/skill/3a876d1c-3dd5-45ed-9a27-47cdbee46ce7,ensure information transparency,http://data.europa.eu/esco/skill-type/skill,essential,1
http://data.europa.eu/esco/skill/f28c3e9b-8666-48d4-a5e4-542ac193879b,advise on social security benefits,http://data.europa.eu/esco/skill-type/skill,essential,1
http://data.europa.eu/esco/skill/a4e50b95-8962-4408-81f9-f5de71461276,calculate benefits,http://data.europa.eu/esco/skill-type/skill,essential,1
http://data.europa.eu/esco/skill/4a92d8ce-ffd6-4da5-a50e-ef1bff5cc219,government social security programmes,http://data.europa.eu/esco/skill-type/knowledge,essential,1
http://data.europa.eu/esco/skill/ba9260ba-1c8d-495e-94f1-f7cab7e73cea,social security law,http://data.europa.eu/esco/skill-type/knowledge,essential,1
http://data.europa.eu/esco/skill/71ae4f64-6505-4b6f-91b9-5acfa5721798,obtain financial information,http://data.europa.eu/esco/skill-type/skill,essential,1
http://data.europa.eu/esco/skill/8c1ffdbd-3581-4102-bcf9-d802ded713fa,types of pensions,http://data.europa.eu/esco/skill-type/knowledge,essential,1
http://data.europa.eu/esco/skill/e92f4673-1dec-41ec-b6ec-36fef226359c,provide financial product information,http://data.europa.eu/esco/skill-type/skill,essential,1
http://data.europa.eu/esco/skill/5c99d21a-9d02-4638-9b52-a6ba840dcb0a,synthesise financial information,http://data.europa.eu/esco/skill-type/skill,optional,1
http://data.europa.eu/esco/skill/36ece87e-32bc-4fb5-8773-2aa5160cb93b,manage pension funds,http://data.europa.eu/esco/skill-type/skill,optional,1
http://data.europa.eu/esco/skill/66db424f-2abe-420d-8e5b-186607266b61,corporate social responsibility,http://data.europa.eu/esco/skill-type/knowledge,optional,1
http://data.europa.eu/esco/skill/6e07db2d-a346-4388-af3f-6132d6be5536,investigate social security applications,http://data.europa.eu/esco/skill-type/skill,optional,1
http://data.europa.eu/esco/skill/a472a200-d895-40ca-95e7-5c5495e3dd7c,develop pension schemes,http://data.europa.eu/esco/skill-type/skill,optional,1
http://data.europa.eu/esco/skill/144aba2f-dddd-41bc-b519-0ea6d51bcd6b,promote social security programmes,http://data.europa.eu/esco/skill-type/skill,optional,1
http://data.europa.eu/esco/skill/f70b5f39-b8b6-407b-8c08-64fd65db79e9,handle financial disputes,http://data.europa.eu/esco/skill-type/skill,optional,1
http://data.europa.eu/esco/skill/6749ae71-5ab9-48f8-9877-06cee9df90e7,give out grants,http://data.europa.eu/esco/skill-type/skill,essential,1
http://data.europa.eu/esco/skill/1ccf5bda-d904-4d00-9c71-9b8f0196e9f9,grant concessions,http://data.europa.eu/esco/skill-type/skill,essential,1
http://data.europa.eu/esco/skill/3883f52f-9f86-45eb-9d41-80cf9b9d8e8f,follow up awarded grants,http://data.europa.eu/esco/skill-type/skill,essential,1
http://data.europa.eu/esco/skill/c28b9479-da90-4ca4-82b1-41b336497b89,help grant recipient,http://data.europa.eu/esco/skill-type/skill,essential,1
http://data.europa.eu/esco/skill/e06f3ac6-1d3e-49c6-945d-1a61ca746986,complete administration,http://data.europa.eu/esco/skill-type/skill,essential,1
http://data.europa.eu/esco/skill/286e9646-8765-4bb0-8b16-b868fbea79e3,instruct grant recipient,http://data.europa.eu/esco/skill-type/skill,essential,1
http://data.europa.eu/esco/skill/4f22e52e-5714-4de1-88f7-b3cdbb4f184e,manage grant applications,http://data.europa.eu/esco/skill-type/skill,essential,1
http://data.europa.eu/esco/skill/f683ae1d-cb7c-4aa1-b9fe-205e1bd23535,use microsoft office,http://data.europa.eu/esco/skill-type/skill,optional,1
http://data.europa.eu/esco/skill/a1efea8f-62a8-4f9e-bd07-7d0c193f725e,check official documents,http://data.europa.eu/esco/skill-type/skill,optional,1
http://data.europa.eu/esco/skill/6d9f73cd-cccc-4d72-89bd-85b3ac4393b0,supervise legal case procedures,http://data.europa.eu/esco/skill-type/skill,essential,1
http://data.europa.eu/esco/skill/f85bb847-febe-4853-9dbf-7d25424e5921,civil process order,http://data.europa.eu/esco/skill-type/knowledge,essential,1
http://data.europa.eu/esco/skill/1d7234e4-1c76-4d67-9487-71d8c529cdc9,compile legal documents,http://data.europa.eu/esco/skill-type/skill,essential,1
http://data.europa.eu/esco/skill/c7e686a1-d03e-4641-a229-68247fdc5887,legal terminology,http://data.europa.eu/esco/skill-type/knowledge,essential,1
http://data.europa.eu/esco/skill/66aad490-1c20-4e25-b189-634a218ee53e,legal case management,http://data.europa.eu/esco/skill-type/knowledge,essential,1
http://data.europa.eu/esco/skill/8d202e22-85e9-47b1-a1e0-3296d17244cd,observe confidentiality,http://data.europa.eu/esco/skill-type/skill,essential,1
http://data.europa.eu/esco/skill/6833e58b-eceb-4599-9375-1b7e6ec64087,ensure information security,http://data.europa.eu/esco/skill-type/skill,optional,1
http://data.europa.eu/esco/skill/db10b60e-efd2-4ba9-a873-d1e2ec37620f,court procedures,http://data.europa.eu/esco/skill-type/knowledge,optional,1
http://data.europa.eu/esco/skill/5b71cb01-0f37-47e0-a617-abcf08c8aa64,interpret law,http://data.europa.eu/esco/skill-type/skill,optional,1
http://data.europa.eu/esco/skill/e58a3832-4e13-458e-8efd-bfa251eed702,maintain operational communications,http://data.europa.eu/esco/skill-type/skill,optional,1
http://data.europa.eu/esco/skill/5fe2e5e7-b8a2-4072-b527-f82f3169d989,facilitate official agreement,http://data.europa.eu/esco/skill-type/skill,optional,1
http://data.europa.eu/esco/skill/2f55c7ff-7f64-4f67-ae49-8ab7c75c3864,brief court officials,http://data.europa.eu/esco/skill-type/skill,optional,1
http://data.europa.eu/esco/skill/415f816c-07ae-4ac1-9ddb-ecaa9957a249,law enforcement,http://data.europa.eu/esco/skill-type/knowledge,optional,1
http://data.europa.eu/esco/skill/8b4e63f6-0194-4e3b-8dcc-e9636e6276b8,record court procedures,http://data.europa.eu/esco/skill-type/skill,optional,1
http://data.europa.eu/esco/skill/ea451251-71ab-4f89-8c0d-53344ef7004f,provide legal advice,http://data.europa.eu/esco/skill-type/skill,optional,1
http://data.europa.eu/esco/skill/b078d38c-7dd4-4efc-b333-7633d8bf6259,monitor stock market,http://data.europa.eu/esco/skill-type/skill,essential,1
http://data.europa.eu/esco/skill/c4b5eec1-2da9-4353-acd4-fbbf929123e2,trade securities,http://data.europa.eu/esco/skill-type/skill,essential,1
http://data.europa.eu/esco/skill/0bd4c62a-c309-467e-be76-8403b3f3a1a8,financial products,http://data.europa.eu/esco/skill-type/knowledge,essential,1
http://data.europa.eu/esco/skill/b895bd42-0009-4815-a150-eb9eb5caec21,stock market,http://data.europa.eu/esco/skill-type/knowledge,essential,1
http://data.europa.eu/esco/skill/e4c205f6-55ba-4bed-9c5d-2032058300c0,financial jurisdiction,http://data.europa.eu/esco/skill-type/knowledge,essential,1
http://data.europa.eu/esco/skill/749ce4c2-4dfd-461a-a8f3-0f6914814d3e,securities,http://data.europa.eu/esco/skill-type/knowledge,essential,1
http://data.europa.eu/esco/skill/16594fea-3004-4730-838f-e35a432b49da,perform stock valuation,http://data.europa.eu/esco/skill-type/skill,optional,1
http://data.europa.eu/esco/skill/1638fad2-6858-477d-8ee9-2aa463870602,manage securities,http://data.europa.eu/esco/skill-type/skill,optional,1
http://data.europa.eu/esco/skill/66baba7d-178e-4c51-935f-03a9049ff2f6,communicate with banking professionals,http://data.europa.eu/esco/skill-type/skill,optional,1
http://data.europa.eu/esco/skill/a05ead02-1728-4d60-929c-7e7c3a87672c,operate financial instruments,http://data.europa.eu/esco/skill-type/skill,optional,1
http://data.europa.eu/esco/skill/56ff27ef-2565-45bf-a70c-f06d78d2a480,create a financial plan,http://data.europa.eu/esco/skill-type/skill,optional,1
http://data.europa.eu/esco/skill/3c209873-c757-47bb-91b5-9b6dc05df116,banking activities,http://data.europa.eu/esco/skill-type/knowledge,optional,1
http://data.europa.eu/esco/skill/3eefeaa0-54c0-4199-83a3-0a71078ba1c5,assess risks of clients' assets,http://data.europa.eu/esco/skill-type/skill,optional,1
http://data.europa.eu/esco/skill/075b906f-d6e1-4343-b88b-140695c8e248,manage sport facility finances,http://data.europa.eu/esco/skill-type/skill,essential,1
http://data.europa.eu/esco/skill/b3664af3-5ed4-4bb5-be16-66b695f5de62,manage internal process of a sport organisation,http://data.europa.eu/esco/skill-type/skill,essential,1
http://data.europa.eu/esco/skill/2d5cb9a6-0ad0-4686-8de5-e22cc9abc76f,liaise with sports organisations,http://data.europa.eu/esco/skill-type/skill,essential,1
http://data.europa.eu/esco/skill/1588302d-dfa9-4ed8-ba37-caa87f9f50bb,develop practices to conduct effective sport club management,http://data.europa.eu/esco/skill-type/skill,essential,1
http://data.europa.eu/esco/skill/0ff4d24c-eb91-4794-ab18-9f05739dda40,ensure the provision of resources for physical activity,http://data.europa.eu/esco/skill-type/skill,essential,1
http://data.europa.eu/esco/skill/b024645c-edd6-4306-a37e-98f6713a63a8,impact of politics on sport delivery,http://data.europa.eu/esco/skill-type/knowledge,essential,1
http://data.europa.eu/esco/skill/2d667669-e738-41d2-8b6d-ff53fa952564,involve volunteers,http://data.europa.eu/esco/skill-type/skill,essential,1
http://data.europa.eu/esco/skill/25c2379e-9cfe-4479-9e1d-9d3444df7a36,promote equality in sport activities,http://data.europa.eu/esco/skill-type/skill,essential,1
http://data.europa.eu/esco/skill/48d73e89-b231-4bb4-9f3c-5c900a1e37a1,manage personal professional development in sport,http://data.europa.eu/esco/skill-type/skill,essential,1
http://data.europa.eu/esco/skill/81d47290-6046-44c9-96e0-7d54542072b5,ensure health and safety of staff,http://data.europa.eu/esco/skill-type/skill,essential,1
http://data.europa.eu/esco/skill/6abb92c9-0553-4d3d-add8-8240494e182d,implement operational business plans,http://data.europa.eu/esco/skill-type/skill,essential,1
http://data.europa.eu/esco/skill/63b23e76-63cd-44e9-9685-173842d8b691,ensure health and safety of customers,http://data.europa.eu/esco/skill-type/skill,essential,1
http://data.europa.eu/esco/skill/84813d49-6af2-48d8-9ef8-50925824ca20,develop opportunities for progression in sport,http://data.europa.eu/esco/skill-type/skill,essential,1
http://data.europa.eu/esco/skill/cb668e89-6ef5-4ff3-ab4a-506010e7e70b,manage a team,http://data.europa.eu/esco/skill-type/skill,essential,1
http://data.europa.eu/esco/skill/c09c5786-a479-46de-b0aa-d5d2d8ccc123,manage customer service,http://data.europa.eu/esco/skill-type/skill,essential,1
http://data.europa.eu/esco/skill/319cc32a-d995-49fe-b220-0674206b7137,coordinate the administration of a sports organisation,http://data.europa.eu/esco/skill-type/skill,essential,1
http://data.europa.eu/esco/skill/995ad47c-bfc5-45fd-91ec-35cad3f7d368,contribute to the safeguarding of children,http://data.europa.eu/esco/skill-type/skill,optional,1
http://data.europa.eu/esco/skill/d41993df-a3c2-4d90-81e9-77ce76a5ca17,support the development of sport activities in education,http://data.europa.eu/esco/skill-type/skill,optional,1
http://data.europa.eu/esco/skill/994b4c8d-ae20-4ae9-9c4d-5d4554b663f8,manage athletes touring abroad,http://data.europa.eu/esco/skill-type/skill,optional,1
http://data.europa.eu/esco/skill/c5ed451b-ef39-47a3-aee7-8f5be0aa8431,CA Datacom/DB,http://data.europa.eu/esco/skill-type/knowledge,optional,1
http://data.europa.eu/esco/skill/c0949c80-94c5-4bf1-8e05-ebed75807c01,liaise with board members,http://data.europa.eu/esco/skill-type/skill,optional,1
http://data.europa.eu/esco/skill/1d4c7049-6aa2-4e88-aeab-54fedaf14911,manage sports events,http://data.europa.eu/esco/skill-type/skill,optional,1
http://data.europa.eu/esco/skill/87cd56e9-0f62-4dec-a62f-5d31de96759f,manage sport competition programmes,http://data.europa.eu/esco/skill-type/skill,optional,1
http://data.europa.eu/esco/skill/8563148d-fd28-4292-b10c-7125fd9d3808,apply for external funding for physical activity,http://data.europa.eu/esco/skill-type/skill,optional,1
http://data.europa.eu/esco/skill/38a7be9c-450b-47e4-a2bc-924fbcf5c0c6,facilitate physical activity in the community,http://data.europa.eu/esco/skill-type/skill,optional,1
http://data.europa.eu/esco/skill/f155b8be-f4f9-4236-b22a-a875ca6a3293,promote sport activities in public health,http://data.europa.eu/esco/skill-type/skill,optional,1
http://data.europa.eu/esco/skill/7ee872de-db39-4ae3-8e19-75d1a2cdf697,develop curriculum,http://data.europa.eu/esco/skill-type/skill,essential,1
http://data.europa.eu/esco/skill/e2ab113a-3eae-4ef7-8d67-b989666a92b3,advise on teaching methods,http://data.europa.eu/esco/skill-type/skill,essential,1
http://data.europa.eu/esco/skill/f9d8c7bb-febf-4a8d-95ec-8b60d28e016c,ensure curriculum adherence,http://data.europa.eu/esco/skill-type/skill,essential,1
http://data.europa.eu/esco/skill/a117f32c-662b-4dd9-b739-1230dd04cb60,pedagogy,http://data.europa.eu/esco/skill-type/knowledge,essential,1
http://data.europa.eu/esco/skill/5de0599a-8fca-4cdd-a72d-f5d21af8eeb3,monitor educational developments,http://data.europa.eu/esco/skill-type/skill,essential,1
http://data.europa.eu/esco/skill/bd420d08-880b-43bc-a808-d46ad3115168,advise on lesson plans,http://data.europa.eu/esco/skill-type/skill,essential,1
http://data.europa.eu/esco/skill/5e9de344-2bea-40dc-8410-f940121330e4,maintain relationships with government agencies,http://data.europa.eu/esco/skill-type/skill,essential,1
http://data.europa.eu/esco/skill/264c14a5-d025-4916-a378-0a85f16adb3f,curriculum standards,http://data.europa.eu/esco/skill-type/knowledge,essential,1
http://data.europa.eu/esco/skill/d086b37f-8167-4051-b11b-cd4de7b0c152,analyse curriculum,http://data.europa.eu/esco/skill-type/skill,essential,1
http://data.europa.eu/esco/skill/f4801e7a-c448-4fe8-b9d7-2d30666e04ce,analyse the training market,http://data.europa.eu/esco/skill-type/skill,essential,1
http://data.europa.eu/esco/skill/3b660a83-91c3-4c9d-8f82-2d306777a42f,evaluate education programmes,http://data.europa.eu/esco/skill-type/skill,essential,1
http://data.europa.eu/esco/skill/06aac0bf-3bfd-42b3-a334-39c4f4055da0,monitor curriculum implementation,http://data.europa.eu/esco/skill-type/skill,essential,1
http://data.europa.eu/esco/skill/bab1c984-b9ab-45d8-90b0-fda90ff4301a,develop a pedagogical concept,http://data.europa.eu/esco/skill-type/skill,optional,1
http://data.europa.eu/esco/skill/757e2bb2-efe6-4e93-80b3-2ce35fc1ebb2,establish educational network,http://data.europa.eu/esco/skill-type/skill,optional,1
http://data.europa.eu/esco/skill/698d7dd3-1192-4f8c-9d1b-478b573b4994,provide feedback to teachers,http://data.europa.eu/esco/skill-type/skill,optional,1
http://data.europa.eu/esco/skill/6c81f922-0078-4796-b4bf-bdfd10276efb,inspect education institutions,http://data.europa.eu/esco/skill-type/skill,optional,1
http://data.europa.eu/esco/skill/142a5319-60cb-42a2-891f-90ba92af18b1,advise on curriculum development,http://data.europa.eu/esco/skill-type/skill,optional,1
http://data.europa.eu/esco/skill/bda0d115-f315-453e-99dc-f8b0e5862db3,ensure compliance with policies,http://data.europa.eu/esco/skill-type/skill,optional,1
http://data.europa.eu/esco/skill/0550431f-9c8b-4204-9c45-59bc5feacf06,continuous improvement philosophies,http://data.europa.eu/esco/skill-type/knowledge,essential,1
http://data.europa.eu/esco/skill/d56358e4-3bcc-4b5d-981d-ea15b2743e9e,quality control systems,http://data.europa.eu/esco/skill-type/knowledge,essential,1
http://data.europa.eu/esco/skill/8dcbcabe-09f7-4d11-940d-125af57bbc40,track key performance indicators,http://data.europa.eu/esco/skill-type/skill,essential,1
http://data.europa.eu/esco/skill/409a7608-20ac-40b6-a022-5cb74d23799d,develop methodologies for supplier evaluation,http://data.europa.eu/esco/skill-type/skill,essential,1
http://data.europa.eu/esco/skill/4ef70fd4-d340-4524-b7ad-f9f7baeab96c,train staff in safety procedures,http://data.europa.eu/esco/skill-type/skill,optional,1
http://data.europa.eu/esco/skill/5340627b-1461-4e56-be7d-87207317d555,train staff in quality procedures,http://data.europa.eu/esco/skill-type/skill,optional,1
http://data.europa.eu/esco/skill/ebff1a39-7261-49cd-9cb2-88f565e8dc26,develop corporate training programmes,http://data.europa.eu/esco/skill-type/skill,optional,1
http://data.europa.eu/esco/skill/404b3fcd-306a-4d18-b5db-d90c517ff72f,issue licences,http://data.europa.eu/esco/skill-type/skill,optional,1
http://data.europa.eu/esco/skill/9f6946f7-60aa-409a-b33d-152f244299d8,provide advice on breaches of regulation,http://data.europa.eu/esco/skill-type/skill,optional,1
http://data.europa.eu/esco/skill/c65c7304-03b5-4065-a140-ddc405e670d1,develop procedures in case of defects,http://data.europa.eu/esco/skill-type/skill,optional,1
http://data.europa.eu/esco/skill/abba2bdf-f5e5-49f9-a6c8-021b4c127c84,manage periodic calibration plans,http://data.europa.eu/esco/skill-type/skill,optional,1
http://data.europa.eu/esco/skill/d3533b90-0767-4875-a43a-247c4bdb279b,determine footwear warehouse layout,http://data.europa.eu/esco/skill-type/skill,optional,1
http://data.europa.eu/esco/skill/1f857013-3fbc-4205-b904-fe6506744687,leather goods manufacturing processes,http://data.europa.eu/esco/skill-type/knowledge,essential,1
http://data.europa.eu/esco/skill/737abc6e-60a9-4c49-b11e-1e0e584771bb,leather goods quality,http://data.europa.eu/esco/skill-type/knowledge,essential,1
http://data.europa.eu/esco/skill/f7a1ccf0-fb40-49ef-ae9b-8a1f8646c218,leather goods materials,http://data.europa.eu/esco/skill-type/knowledge,essential,1
http://data.europa.eu/esco/skill/26f17354-aa39-464a-8c02-266a50f9d789,leather goods components,http://data.europa.eu/esco/skill-type/knowledge,essential,1
http://data.europa.eu/esco/skill/20f013ea-748a-40c3-82c6-f839b5175ba5,determine leather goods warehouse layout,http://data.europa.eu/esco/skill-type/skill,optional,1
http://data.europa.eu/esco/skill/ebfe7b18-1fad-463f-9509-8ef1a5736045,perform services in a flexible manner,http://data.europa.eu/esco/skill-type/skill,essential,1
http://data.europa.eu/esco/skill/5489b6f6-ec0f-4536-a9e2-072ee8ec03b2,attend gaming tests,http://data.europa.eu/esco/skill-type/skill,essential,1
http://data.europa.eu/esco/skill/7253896a-fa39-4064-8b2c-0db4bd9b823e,report gaming incidents,http://data.europa.eu/esco/skill-type/skill,essential,1
http://data.europa.eu/esco/skill/b758675a-b03b-4e4b-897c-57ca14b1a3d0,probability theory,http://data.europa.eu/esco/skill-type/knowledge,essential,1
http://data.europa.eu/esco/skill/63095511-1841-4483-8224-f31a30bcdb85,legal standards in gambling,http://data.europa.eu/esco/skill-type/knowledge,essential,1
http://data.europa.eu/esco/skill/1f1bef0f-2484-4136-a5bf-6ed80346a671,solve problems in gambling through digital means,http://data.europa.eu/esco/skill-type/skill,essential,1
http://data.europa.eu/esco/skill/45205440-fa65-44e0-a719-e89278dd723a,follow ethical code of conduct of gambling,http://data.europa.eu/esco/skill-type/skill,essential,1
http://data.europa.eu/esco/skill/94ba3a91-414a-4ded-8386-8d704859441c,develop work plans to solve problems,http://data.europa.eu/esco/skill-type/skill,essential,1
http://data.europa.eu/esco/skill/6f2a4a5c-2f6e-49ab-8441-cd600d1f20ae,apply gaming psychology,http://data.europa.eu/esco/skill-type/skill,optional,1
http://data.europa.eu/esco/skill/8b2f716d-4ee3-41ca-97de-62ef56f80591,games rules,http://data.europa.eu/esco/skill-type/knowledge,optional,1
http://data.europa.eu/esco/skill/446d29ed-9eaa-4798-bb91-5f196651ad0a,create game testing software,http://data.europa.eu/esco/skill-type/skill,optional,1
http://data.europa.eu/esco/skill/3497ebe1-d417-4105-a68f-f7bbcac7ee5f,ICT hardware specifications,http://data.europa.eu/esco/skill-type/knowledge,optional,1
http://data.europa.eu/esco/skill/ea876ec3-4382-478c-b8b3-600c6b23ae85,adapt developed game to the market,http://data.europa.eu/esco/skill-type/skill,optional,1
http://data.europa.eu/esco/skill/8804d963-5a31-4609-b5df-f741b7199fb7,internal auditing,http://data.europa.eu/esco/skill-type/knowledge,essential,1
http://data.europa.eu/esco/skill/ed0718f6-5823-4c74-9749-2936c9c06203,develop audit plan,http://data.europa.eu/esco/skill-type/skill,essential,1
http://data.europa.eu/esco/skill/d1317634-ccea-44d0-9cdc-c863f9bf856b,liaise with industrial professionals,http://data.europa.eu/esco/skill-type/skill,essential,1
http://data.europa.eu/esco/skill/37520413-563e-4d99-a14c-1c6dca3cf833,create manufacturing guidelines,http://data.europa.eu/esco/skill-type/skill,optional,1
http://data.europa.eu/esco/skill/764db027-9063-4468-acb3-c73ecfc76f35,develop manufacturing policies,http://data.europa.eu/esco/skill-type/skill,optional,1
http://data.europa.eu/esco/skill/6c80c47c-3d08-4356-aa82-46f6ec82c898,advise on manufacturing problems,http://data.europa.eu/esco/skill-type/skill,optional,1
http://data.europa.eu/esco/skill/d220e067-ed2b-4ad0-94b9-7b27cb4aed22,military weaponry,http://data.europa.eu/esco/skill-type/knowledge,essential,1
http://data.europa.eu/esco/skill/87ebd3b5-f80c-4beb-8e73-75c225065290,supervise the maintenance of military equipment,http://data.europa.eu/esco/skill-type/skill,essential,1
http://data.europa.eu/esco/skill/7a17d7ce-01a2-4746-bbcc-22ffe22fa16e,monitor technology trends,http://data.europa.eu/esco/skill-type/skill,essential,1
http://data.europa.eu/esco/skill/44297bbb-306a-46fa-ab1b-fa3fb327ebda,mechanical tools,http://data.europa.eu/esco/skill-type/knowledge,essential,1
http://data.europa.eu/esco/skill/248894d1-42dc-474f-af6e-2da52ac0c679,define technology strategy,http://data.europa.eu/esco/skill-type/skill,essential,1
http://data.europa.eu/esco/skill/f334a048-ad2a-40f5-b5dc-a9a846c38623,monitor military equipment use,http://data.europa.eu/esco/skill-type/skill,essential,1
http://data.europa.eu/esco/skill/5a362a03-c808-4e19-a387-226ccaf1c6a7,advise superiors on military operations,http://data.europa.eu/esco/skill-type/skill,essential,1
http://data.europa.eu/esco/skill/c278dc62-c85f-4608-8a85-f30b6d087ac3,military combat techniques,http://data.europa.eu/esco/skill-type/knowledge,optional,1
http://data.europa.eu/esco/skill/49fed129-e32b-4f67-b80a-609d79e45b20,electronic and telecommunication equipment,http://data.europa.eu/esco/skill-type/knowledge,optional,1
http://data.europa.eu/esco/skill/3a6b6485-8775-44b9-aba8-0ae06a53ce2f,military code,http://data.europa.eu/esco/skill-type/knowledge,optional,1
http://data.europa.eu/esco/skill/b88fde8f-1b98-4a83-8a2e-75232be4f725,write situation reports,http://data.europa.eu/esco/skill-type/skill,optional,1
http://data.europa.eu/esco/skill/2ca4c857-1450-4004-9fdb-8500def6b8fa,military logistics,http://data.europa.eu/esco/skill-type/knowledge,optional,1
http://data.europa.eu/esco/skill/f1a56786-e6d7-4b2e-a39c-23e09024d473,concepts of telecommunications,http://data.europa.eu/esco/skill-type/knowledge,optional,1
http://data.europa.eu/esco/skill/cbeb1221-10ed-4676-a2a1-576718977001,operate audio-signal processors,http://data.europa.eu/esco/skill-type/skill,essential,1
http://data.europa.eu/esco/skill/c2218533-3e2a-4f50-b4fd-afde71dcf442,edit recorded sound,http://data.europa.eu/esco/skill-type/skill,essential,1
http://data.europa.eu/esco/skill/bc8b2c74-cce5-497e-85c2-51d3ede632ad,audiovisual products,http://data.europa.eu/esco/skill-type/knowledge,essential,1
http://data.europa.eu/esco/skill/591dd514-735b-46e4-a28d-3a4c42f49b72,adapt to artists' creative demands,http://data.europa.eu/esco/skill-type/skill,essential,1
http://data.europa.eu/esco/skill/7c794fa9-7b30-40a4-a3c8-a34c6bdc367a,assess sound quality,http://data.europa.eu/esco/skill-type/skill,essential,1
http://data.europa.eu/esco/skill/f40da95c-febe-406c-96aa-2d6d9c09a0a3,convert different audiovisual formats,http://data.europa.eu/esco/skill-type/skill,essential,1
http://data.europa.eu/esco/skill/cae4c053-05d1-413d-8499-f37793aad56e,audio editing software,http://data.europa.eu/esco/skill-type/knowledge,essential,1
http://data.europa.eu/esco/skill/be457a1c-5973-4781-9bb8-809703931f43,types of audiovisual formats,http://data.europa.eu/esco/skill-type/knowledge,essential,1
http://data.europa.eu/esco/skill/e81d7bed-b7c7-41bf-a30a-e3201e8f09b3,audio mastering,http://data.europa.eu/esco/skill-type/knowledge,essential,1
http://data.europa.eu/esco/skill/a520b743-8f40-43ac-a2d5-755899120844,audio technology,http://data.europa.eu/esco/skill-type/knowledge,essential,1
http://data.europa.eu/esco/skill/4fa830eb-965f-467c-9dc2-46f1fdc30875,manage sound quality,http://data.europa.eu/esco/skill-type/skill,essential,1
http://data.europa.eu/esco/skill/d11e4683-d2fe-45fd-bb1a-e995f7877851,musical theory,http://data.europa.eu/esco/skill-type/knowledge,optional,1
http://data.europa.eu/esco/skill/256df100-51cf-43b2-9a24-7277afa74707,audio post-production,http://data.europa.eu/esco/skill-type/knowledge,optional,1
http://data.europa.eu/esco/skill/29d4aaba-99f9-4733-bd74-ad558f2ae3a7,musical instruments,http://data.europa.eu/esco/skill-type/knowledge,optional,1
http://data.europa.eu/esco/skill/72812eb6-5a0f-48e8-815d-3d2a16b8e963,operate an audio mixing console,http://data.europa.eu/esco/skill-type/skill,optional,1
http://data.europa.eu/esco/skill/4767ddd3-7eae-4071-894a-888896bd0992,grade engineered wood,http://data.europa.eu/esco/skill-type/skill,essential,1
http://data.europa.eu/esco/skill/989dc903-5838-4d84-8e04-e5b7a2ba97c5,apply safety management,http://data.europa.eu/esco/skill-type/skill,essential,1
http://data.europa.eu/esco/skill/576b305e-8c25-4546-8a69-87f975783114,meet contract specifications,http://data.europa.eu/esco/skill-type/skill,optional,1
http://data.europa.eu/esco/skill/d5dbc342-8e39-4998-8237-ebbe05a381ce,manage research and development projects,http://data.europa.eu/esco/skill-type/skill,essential,1
http://data.europa.eu/esco/skill/ff85b268-d74c-44ae-be8f-949e1614eb5d,communicate in English in a competent way,http://data.europa.eu/esco/skill-type/skill,essential,1
http://data.europa.eu/esco/skill/54e4e941-76cd-4bb7-bf25-019d50b737de,discuss research proposals,http://data.europa.eu/esco/skill-type/skill,essential,1
http://data.europa.eu/esco/skill/51b53bb3-7a67-4ce8-b959-c7f6c4af3456,manage operational budgets,http://data.europa.eu/esco/skill-type/skill,essential,1
http://data.europa.eu/esco/skill/52272cdd-7a52-4b88-a12b-7ca442c37f99,provide project information on exhibitions,http://data.europa.eu/esco/skill-type/skill,essential,1
http://data.europa.eu/esco/skill/db27065e-3c06-4f89-aa55-48fd87dabf82,study a collection,http://data.europa.eu/esco/skill-type/skill,essential,1
http://data.europa.eu/esco/skill/75595bbd-e2f4-40b7-846f-27945e52ab7c,respect cultural differences in the field of exhibition,http://data.europa.eu/esco/skill-type/skill,essential,1
http://data.europa.eu/esco/skill/daea23cb-c46e-4dc7-b0ac-882ecff74f40,work independently on exhibitions,http://data.europa.eu/esco/skill-type/skill,essential,1
http://data.europa.eu/esco/skill/d82b3bfc-b323-44d6-8776-e3d28e9183a4,cope with challenging demands,http://data.europa.eu/esco/skill-type/skill,essential,1
http://data.europa.eu/esco/skill/5c845ff8-b3f7-42b1-a846-a4238a8b404e,use ICT recources to solve work related tasks,http://data.europa.eu/esco/skill-type/skill,optional,1
http://data.europa.eu/esco/skill/abe138ec-e084-47c7-abe3-e7f371f05eae,interact with an audience,http://data.europa.eu/esco/skill-type/skill,optional,1
http://data.europa.eu/esco/skill/20e7c937-a5e5-4a27-bb87-ddda5826f777,liaise with cultural partners,http://data.europa.eu/esco/skill-type/skill,optional,1
http://data.europa.eu/esco/skill/a1ded3c7-f3e2-45c9-aa01-e4e84d5f69c8,direct an artistic team,http://data.europa.eu/esco/skill-type/skill,optional,1
http://data.europa.eu/esco/skill/c45848bc-33c6-45fa-b791-bc5b06c21b87,present exhibition,http://data.europa.eu/esco/skill-type/skill,optional,1
http://data.europa.eu/esco/skill/f96c8129-91b8-4d29-bfa2-3d889e427e74,write calibration report,http://data.europa.eu/esco/skill-type/skill,essential,1
http://data.europa.eu/esco/skill/ea00877d-ac0f-4de0-bb76-f7bfa61d3d25,maintain technical equipment,http://data.europa.eu/esco/skill-type/skill,essential,1
http://data.europa.eu/esco/skill/940d02e8-0199-4b5b-bba4-19547aa9b498,assemble measuring equipment,http://data.europa.eu/esco/skill-type/skill,essential,1
http://data.europa.eu/esco/skill/1e887ec5-cc41-4517-b3b2-0805ab4293c0,develop measuring equipment,http://data.europa.eu/esco/skill-type/skill,essential,1
http://data.europa.eu/esco/skill/8d1dc94c-d8e1-4ce6-92d5-a17ec0543dc9,order equipment,http://data.europa.eu/esco/skill-type/skill,essential,1
http://data.europa.eu/esco/skill/54173a92-b781-4a3f-880b-70fa3a375417,work analytically,http://data.europa.eu/esco/skill-type/skill,essential,1
http://data.europa.eu/esco/skill/41097e86-42ad-4bbd-9a72-55f428fee251,develop preventive maintenance procedures for instruments,http://data.europa.eu/esco/skill-type/skill,optional,1
http://data.europa.eu/esco/skill/d483ae95-5f25-4601-ba97-113bbb7a31b0,monitor the farm environmental management plan,http://data.europa.eu/esco/skill-type/skill,essential,1
http://data.europa.eu/esco/skill/f3cc52e3-a96c-4549-b841-6e41a846fa99,report on environmental issues,http://data.europa.eu/esco/skill-type/skill,essential,1
http://data.europa.eu/esco/skill/9a6e9f3a-830d-4bdf-9aee-3db636e8e93d,livestock farming systems,http://data.europa.eu/esco/skill-type/knowledge,essential,1
http://data.europa.eu/esco/skill/3419fac9-575d-4492-a018-edff6f4dae26,environmental legislation in agriculture and forestry,http://data.europa.eu/esco/skill-type/knowledge,essential,1
http://data.europa.eu/esco/skill/3a08450a-7e60-449d-84cb-a39b3d8aaece,provide advice to hatcheries,http://data.europa.eu/esco/skill-type/skill,essential,1
http://data.europa.eu/esco/skill/3e25fd3e-2bcd-4320-9587-0aadf7fb93b1,advise on soil and water protection,http://data.europa.eu/esco/skill-type/skill,essential,1
http://data.europa.eu/esco/skill/235b15d9-5ccd-4406-8993-f6dd0de2c4c9,provide advice to farmers,http://data.europa.eu/esco/skill-type/skill,essential,1
http://data.europa.eu/esco/skill/2be2d20e-1191-4f85-8f8c-d49a60ca428a,educate on recycling regulations,http://data.europa.eu/esco/skill-type/skill,essential,1
http://data.europa.eu/esco/skill/9dfa1275-c99a-44ba-944e-1db543936253,provide livestock advice and guidance,http://data.europa.eu/esco/skill-type/skill,essential,1
http://data.europa.eu/esco/skill/d4eeb8f1-50d2-4a62-a405-f5eeaeec7f52,research livestock production,http://data.europa.eu/esco/skill-type/skill,essential,1
http://data.europa.eu/esco/skill/186da517-9a3e-41cd-9158-4001e3694459,organic farming,http://data.europa.eu/esco/skill-type/knowledge,optional,1
http://data.europa.eu/esco/skill/6a627ab6-3b8f-4366-9559-cea882fe4cee,comply with farm regulations,http://data.europa.eu/esco/skill-type/skill,optional,1
http://data.europa.eu/esco/skill/b82f51d0-38d1-45f6-99a0-4586309c6b60,assess the necessity of new farming technologies,http://data.europa.eu/esco/skill-type/skill,optional,1
http://data.europa.eu/esco/skill/38788a64-6271-40ff-9e0b-5644c38322ff,consultation methods,http://data.europa.eu/esco/skill-type/knowledge,optional,1
http://data.europa.eu/esco/skill/b30c2dd2-996c-4984-9c68-ce05bf26f1e1,train staff on recycling programs,http://data.europa.eu/esco/skill-type/skill,optional,1
http://data.europa.eu/esco/skill/8ca08a35-2d2e-46f5-b440-8fc8ce736287,apply precision farming,http://data.europa.eu/esco/skill-type/skill,optional,1
http://data.europa.eu/esco/skill/b02f6cd7-4882-4796-9e2e-3f279c60d130,inspect project regulations,http://data.europa.eu/esco/skill-type/skill,optional,1
http://data.europa.eu/esco/skill/85947873-e99a-4b08-a4e3-743942710fea,manage fisheries projects,http://data.europa.eu/esco/skill-type/skill,optional,1
http://data.europa.eu/esco/skill/a9e6718b-b9d8-44c2-b06e-85ceed9d144c,use logical reasoning,http://data.europa.eu/esco/skill-type/skill,essential,1
http://data.europa.eu/esco/skill/1c582939-d981-4325-a2ac-f87fc6cf2315,philosophy of mathematics,http://data.europa.eu/esco/skill-type/knowledge,optional,1
http://data.europa.eu/esco/skill/c1b64266-c2a8-4a92-a2a0-812b972e5f4d,metalogic,http://data.europa.eu/esco/skill-type/knowledge,optional,1
http://data.europa.eu/esco/skill/294cf13e-4fdf-4cb8-bb6b-31b9da7f4819,logic,http://data.europa.eu/esco/skill-type/knowledge,optional,1
http://data.europa.eu/esco/skill/967b60c2-4657-4ffc-bcaf-aab565793f97,philosophy,http://data.europa.eu/esco/skill-type/knowledge,optional,1
http://data.europa.eu/esco/skill/a7a14be2-78b5-4b4a-ba77-2658285e2756,apply reverse engineering,http://data.europa.eu/esco/skill-type/skill,essential,1
http://data.europa.eu/esco/skill/a8b3957f-08b4-4a76-927d-0b2e3d0dbd39,synthesise research publications,http://data.europa.eu/esco/skill-type/skill,essential,1
http://data.europa.eu/esco/skill/485cdafb-3c7f-4104-ab1c-773e6131a39a,conduct scholarly research,http://data.europa.eu/esco/skill-type/skill,essential,1
http://data.europa.eu/esco/skill/42cb7669-c371-4903-9c0b-13db67b2e4bb,emergent technologies,http://data.europa.eu/esco/skill-type/knowledge,optional,1
http://data.europa.eu/esco/skill/327d15c8-29ff-4ad4-a4fe-6536d777a45f,documentation types,http://data.europa.eu/esco/skill-type/knowledge,optional,1
http://data.europa.eu/esco/skill/8327754d-3990-4056-b07e-4faa49cfcd26,innovate in ICT,http://data.europa.eu/esco/skill-type/skill,optional,1
http://data.europa.eu/esco/skill/3c834f6e-523a-49ee-8ed1-e073e28ae6fe,develop communication strategies,http://data.europa.eu/esco/skill-type/skill,essential,1
http://data.europa.eu/esco/skill/aba1f05b-f312-47d8-be71-7c574134de8f,advertising techniques,http://data.europa.eu/esco/skill-type/knowledge,optional,1
http://data.europa.eu/esco/skill/91306a20-9b81-4f3d-97eb-f5368b607da7,perform customer management,http://data.europa.eu/esco/skill-type/skill,optional,1
http://data.europa.eu/esco/skill/69f36674-440a-4fa0-89f9-1b70172ebb9d,advise on communication strategies,http://data.europa.eu/esco/skill-type/skill,optional,1
http://data.europa.eu/esco/skill/c2d48b3a-1f91-4442-8f18-6c43a589737b,develop media strategy,http://data.europa.eu/esco/skill-type/skill,optional,1
http://data.europa.eu/esco/skill/39aa5c41-960d-420a-a0bb-1ad9686d6369,ethical code of conduct of journalists,http://data.europa.eu/esco/skill-type/knowledge,essential,1
http://data.europa.eu/esco/skill/dee6dd50-49fd-4df8-8691-380fe85f1380,press law,http://data.europa.eu/esco/skill-type/knowledge,optional,1
http://data.europa.eu/esco/skill/ab3c3673-3844-47a3-aa22-63abdd58e6dd,film studies,http://data.europa.eu/esco/skill-type/knowledge,optional,1
http://data.europa.eu/esco/skill/3cdf3193-e070-40aa-a1b1-ab985db2c647,editorial standards,http://data.europa.eu/esco/skill-type/knowledge,optional,1
http://data.europa.eu/esco/skill/bf21bcb8-6660-4f37-b16a-d276cca01474,music literature,http://data.europa.eu/esco/skill-type/knowledge,optional,1
http://data.europa.eu/esco/skill/4b244020-5f28-4e20-b74f-1c2dcb6f15cb,apply desktop publishing techniques,http://data.europa.eu/esco/skill-type/skill,optional,1
http://data.europa.eu/esco/skill/2b22f3b1-5de4-43f9-b6d1-b20f65871268,history,http://data.europa.eu/esco/skill-type/knowledge,optional,1
http://data.europa.eu/esco/skill/324f0243-1a21-4f5c-9f71-52eebc2596ed,interview techniques,http://data.europa.eu/esco/skill-type/knowledge,optional,1
http://data.europa.eu/esco/skill/9a97c406-e9c3-4a22-8d16-74bb2fae96b5,watch video and motion picture production products,http://data.europa.eu/esco/skill-type/skill,optional,1
http://data.europa.eu/esco/skill/108ac398-6a84-454a-b56c-8bb0dee1bbf2,prepare exercise session,http://data.europa.eu/esco/skill-type/skill,optional,1
http://data.europa.eu/esco/skill/85a67bc3-708c-4eab-86f6-4529d01d12a6,contribute to development of biometric systems,http://data.europa.eu/esco/skill-type/skill,optional,1
http://data.europa.eu/esco/skill/91dd8397-063d-499c-83b9-0603a10d94ac,writing techniques,http://data.europa.eu/esco/skill-type/knowledge,essential,1
http://data.europa.eu/esco/skill/45a5c216-2ecc-4c87-9140-30b023101898,literary criticism,http://data.europa.eu/esco/skill-type/knowledge,essential,1
http://data.europa.eu/esco/skill/3659c733-e366-4a2f-86c6-304ab01481cc,literary theory,http://data.europa.eu/esco/skill-type/knowledge,essential,1
http://data.europa.eu/esco/skill/807b974a-3901-49c4-87ef-86c3edaba222,promote your writings,http://data.europa.eu/esco/skill-type/skill,optional,1
http://data.europa.eu/esco/skill/aa56a80c-b4d5-495c-9c15-70b5a7933911,rhetoric,http://data.europa.eu/esco/skill-type/knowledge,optional,1
http://data.europa.eu/esco/skill/d253e412-f350-422d-93ef-4008b5e04e4c,read manuscripts,http://data.europa.eu/esco/skill-type/skill,optional,1
http://data.europa.eu/esco/skill/4d5a2c88-bfbc-49d2-b9f1-1cf158c6617f,comparative literature,http://data.europa.eu/esco/skill-type/knowledge,optional,1
http://data.europa.eu/esco/skill/d51ca82a-1a70-449d-91b3-9465f7ba905c,cultural history,http://data.europa.eu/esco/skill-type/knowledge,optional,1
http://data.europa.eu/esco/skill/96ae5ab6-d696-4d4f-be1c-d02e722c6f55,apply grammar and spelling rules,http://data.europa.eu/esco/skill-type/skill,optional,1
http://data.europa.eu/esco/skill/56e30a60-0a87-4631-85ea-c69bc8bd0519,study cultures,http://data.europa.eu/esco/skill-type/skill,optional,1
http://data.europa.eu/esco/skill/1263904f-1c2c-48f5-a6ca-0176ef5d2060,read scripts,http://data.europa.eu/esco/skill-type/skill,optional,1
http://data.europa.eu/esco/skill/b71e3394-599c-4205-a592-1778e45626ec,critically reflect on artistic production processes,http://data.europa.eu/esco/skill-type/skill,optional,1
http://data.europa.eu/esco/skill/07022138-d9c9-48cb-81da-6a18cba5c3be,theoretical lexicography,http://data.europa.eu/esco/skill-type/knowledge,optional,1
http://data.europa.eu/esco/skill/810df100-e85a-4c13-b619-34030a75ecc2,linguistics,http://data.europa.eu/esco/skill-type/knowledge,optional,1
http://data.europa.eu/esco/skill/dc892a23-091b-486e-85b9-fe2989414796,phonetics,http://data.europa.eu/esco/skill-type/knowledge,optional,1
http://data.europa.eu/esco/skill/27910071-8dcd-40e5-9b58-7db56e9d6d2c,forecast human population trends,http://data.europa.eu/esco/skill-type/skill,essential,1
http://data.europa.eu/esco/skill/a06907da-7037-45ef-846c-4b684c9b6f91,study human population,http://data.europa.eu/esco/skill-type/skill,essential,1
http://data.europa.eu/esco/skill/27a87847-f6cc-4e49-af0b-3d17da351af6,advise legislators,http://data.europa.eu/esco/skill-type/skill,optional,1
http://data.europa.eu/esco/skill/46990b9b-746e-481d-a66a-0cac3f07dfac,find trends in geographic data,http://data.europa.eu/esco/skill-type/skill,optional,1
http://data.europa.eu/esco/skill/be040651-f357-45d0-9e1a-d98245be6546,teach geography,http://data.europa.eu/esco/skill-type/skill,optional,1
http://data.europa.eu/esco/skill/8836a5a5-e2ff-4baf-aae3-bfb78a4cca7f,criminal law,http://data.europa.eu/esco/skill-type/knowledge,essential,1
http://data.europa.eu/esco/skill/303a54a3-ff8a-4f29-b598-e54ce54c2b48,analyse legal evidence,http://data.europa.eu/esco/skill-type/skill,essential,1
http://data.europa.eu/esco/skill/03f922b0-d518-457d-8f2c-80252a714be1,criminology,http://data.europa.eu/esco/skill-type/knowledge,essential,1
http://data.europa.eu/esco/skill/62736ac3-37f1-428a-8a14-1788f106a3fc,review criminal acts,http://data.europa.eu/esco/skill-type/skill,essential,1
http://data.europa.eu/esco/skill/739194a6-407a-40e9-b8bf-2e9934b77632,assist police investigations,http://data.europa.eu/esco/skill-type/skill,optional,1
http://data.europa.eu/esco/skill/326686e4-a55f-4eba-9d07-1c86408d5c5e,present evidence,http://data.europa.eu/esco/skill-type/skill,optional,1
http://data.europa.eu/esco/skill/9da7bfb1-9e1a-46de-8374-dac1a7cfa86c,develop security concepts,http://data.europa.eu/esco/skill-type/skill,optional,1
http://data.europa.eu/esco/skill/9bb92e10-a5a9-437e-8101-8be2d7f631ff,advise on legal decisions,http://data.europa.eu/esco/skill-type/skill,optional,1
http://data.europa.eu/esco/skill/68defa68-cb54-4d99-89ac-af6bfd71946b,examine crime scenes,http://data.europa.eu/esco/skill-type/skill,optional,1
http://data.europa.eu/esco/skill/4e8a2bd4-1a44-49be-b4e3-0616091f5fde,develop criminology theories,http://data.europa.eu/esco/skill-type/skill,optional,1
http://data.europa.eu/esco/skill/66d47084-9437-48b2-819b-c4c8214ed650,interview people,http://data.europa.eu/esco/skill-type/skill,optional,1
http://data.europa.eu/esco/skill/1ea8cd01-71b5-43de-af75-b742651dc148,create criminal profiles,http://data.europa.eu/esco/skill-type/skill,optional,1
http://data.europa.eu/esco/skill/744add42-681e-4cfb-8e43-af1d16794238,observe human behaviour,http://data.europa.eu/esco/skill-type/skill,optional,1
http://data.europa.eu/esco/skill/f6100198-9398-4c31-9003-d976c37d5022,monitor security measures,http://data.europa.eu/esco/skill-type/skill,optional,1
http://data.europa.eu/esco/skill/e1f09038-b493-4771-ae29-a2d3e7ea013a,document interviews,http://data.europa.eu/esco/skill-type/skill,optional,1
