vacancy_id,name,salary_from,salary_to,salary_currency,experience,schedule,employment,area,employer_name,professional_roles,key_skills,published_at,url,search_query
129789501,Ведущий инженер (материаловедение),180000,180000,RUR,between1And3,fullDay,full,Москва,НПЦАП (Научно-производственный центр автоматики и приборостроения имени академика Н. А. Пилюгина),Другое,,2026-01-23T10:59:18+0300,https://hh.ru/vacancy/129789501,материаловедение
130052596,"Научный сотрудник / Инженер / Руководитель (химия, полимеры, материаловедение и новые материалы)",500000,900000,RUR,between3And6,fullDay,full,Москва,ТехноВек,"Научный специалист, исследователь","Химические методы анализа,Английский язык,Аналитические исследования,Работа с большим объемом информации,Разработка нового продукта,Научные исследования",2026-01-30T16:18:02+0300,https://hh.ru/vacancy/130052596,материаловедение
129995754,Доцент/Профессор/Преподаватель по направлению материаловедение и технологии материалов,110000,,RUR,between3And6,fullDay,full,Москва,РТУ МИРЭА,"Учитель, преподаватель, педагог","Организация учебного процесса,Навыки межличностного общения",2026-01-29T11:37:45+0300,https://hh.ru/vacancy/129995754,материаловедение
129928724,Автор студенческих работ (Материаловедение и технологии материалов),50000,100000,RUR,noExperience,remote,part,Москва,Студсервис,Технолог,"Грамотная речь,Пользователь ПК,Деловое общение,Работа с большим объемом информации,Написание научных текстов,Написание научных статей,Деловая переписка,Поиск информации в интернет",2026-01-27T16:23:06+0300,https://hh.ru/vacancy/129928724,материаловедение
128935929,"Инженер-технолог (ОГМЕТ, группа материаловедения)",70000,70000,RUR,between1And3,fullDay,full,Челябинск,Моторный завод (ООО ЧТЗ-УРАЛТРАК),Технолог,,2026-01-15T06:40:24+0300,https://hh.ru/vacancy/128935929,материаловедение
130302626,Электрогазосварщик,,80594,RUR,between1And3,fullDay,full,Иркутск,ВСТК,Сварщик,"Чтение чертежей,Сварочные работы,Газовая сварка,Ручная дуговая сварка,Материаловедение,Сварка трубопроводов",2026-02-10T05:58:56+0300,https://hh.ru/vacancy/130302626,материаловедение
125519223,Инженер по текстильному направлению,120000,,RUR,between1And3,fullDay,full,Красногорск (Московская область),Техноавиа,Инженер по качеству,,2026-02-10T00:10:46+0300,https://hh.ru/vacancy/125519223,материаловедение
130278133,Инженер-технолог по термической обработке,85000,85000,RUR,noExperience,fullDay,full,Челябинск,СКБ Турбина,Технолог,"Документальное сопровождение,Компас,Ведение документации",2026-02-09T11:38:21+0300,https://hh.ru/vacancy/130278133,материаловедение
130289653,Инженер-конструктор,90000,,RUR,noExperience,fullDay,full,Йошкар-Ола,Иванов Юрий Серафимович,"Инженер-конструктор, инженер-проектировщик",SolidWorks,2026-02-09T15:03:13+0300,https://hh.ru/vacancy/130289653,материаловедение
130126895,Фрезеровщик,70000,90000,RUR,between3And6,fullDay,full,Стерлитамак,INIX Group,"Токарь, фрезеровщик, шлифовщик","Точность и внимательность к деталям,Чтение чертежей,Контроль качества,Работа на производстве,Слесарные работы,Работа с чертежами,Деловое общение",2026-02-09T13:03:40+0300,https://hh.ru/vacancy/130126895,материаловедение
129371027,Оператор станков с ЧПУ/стажер (Металлообработка),80000,130000,RUR,noExperience,shift,full,Москва,Мехдеталь,Оператор станков с ЧПУ,"Работа в команде,Контроль качества,Чтение чертежей",2026-02-09T15:28:15+0300,https://hh.ru/vacancy/129371027,материаловедение
130285724,Технолог по сварке,121000,183000,RUR,between3And6,flyInFlyOut,full,Чехов (Московская область),Гидростальконструкция,Сварщик,"Чтение чертежей,Сварочные работы,Проверка исправности сварочного оборудования,Монтаж металлоконструкций,Преднагрев металла,Полуавтоматическая сварка,Проверка наличия заземления,Строительство,Умение работать в коллективе,Точность и внимательность к деталям,Ведение документации,Технический контроль производства,Проектная документация",2026-02-09T13:50:11+0300,https://hh.ru/vacancy/130285724,материаловедение
130285725,Технолого по сварке,121000,183000,RUR,between3And6,flyInFlyOut,full,Нижний Новгород,Гидростальконструкция,Сварщик,"Чтение чертежей,Сварочные работы,Проверка исправности сварочного оборудования,Монтаж металлоконструкций,Преднагрев металла,Полуавтоматическая сварка,Проверка наличия заземления,Строительство,Умение работать в коллективе,Точность и внимательность к деталям,Ведение документации,Технический контроль производства,Проектная документация",2026-02-09T13:50:11+0300,https://hh.ru/vacancy/130285725,материаловедение
130285726,Технолого по сварке,121000,183000,RUR,between3And6,flyInFlyOut,full,Москва,Гидростальконструкция,Сварщик,"Чтение чертежей,Сварочные работы,Проверка исправности сварочного оборудования,Монтаж металлоконструкций,Преднагрев металла,Полуавтоматическая сварка,Проверка наличия заземления,Строительство,Умение работать в коллективе,Точность и внимательность к деталям,Ведение документации,Технический контроль производства,Проектная документация",2026-02-09T13:50:11+0300,https://hh.ru/vacancy/130285726,материаловедение
129703603,Электрогазосварщик,90000,,RUR,between3And6,flyInFlyOut,full,Солнечногорск (Московская область),СтройДорСервис,Сварщик,"Полуавтоматическая сварка,ЕСТД,Материаловедение,Сварка алюминия,Сварка нержавеющей стали",2026-02-08T12:21:34+0300,https://hh.ru/vacancy/129703603,материаловедение
129703488,Электросварщик,90000,,RUR,between3And6,flyInFlyOut,full,Солнечногорск (Московская область),СтройДорСервис,Сварщик,"Полуавтоматическая сварка,ЕСТД,Материаловедение,Сварка алюминия,Сварка нержавеющей стали",2026-02-08T12:20:28+0300,https://hh.ru/vacancy/129703488,материаловедение
129703125,Электросварщик,90000,,RUR,between3And6,flyInFlyOut,full,Дубна (Московская область),СтройДорСервис,Сварщик,"Полуавтоматическая сварка,ЕСТД,Материаловедение,Сварка алюминия,Сварка нержавеющей стали",2026-02-08T12:16:48+0300,https://hh.ru/vacancy/129703125,материаловедение
130271485,Ведущий инженер-технолог по термообработке,,,,between1And3,fullDay,full,Набережные Челны,НЧТЗ,Технолог,,2026-02-09T09:50:30+0300,https://hh.ru/vacancy/130271485,материаловедение
130297390,Заместитель директора магазина,87000,,RUR,between1And3,shift,full,Москва,"Монетка, Торговая сеть","Администратор магазина, администратор торгового зала","Отчеты по товарам,Акты списания товаров,Приемка товара,Учет товаров,Выкладка товара,Проведение инвентаризаций,Обучение персонала,Планирование товарных запасов,Контроль остатков,Товарно-транспортная накладная,Оформление торгового зала,Учет остатков,Знание кассовой дисциплины,Работа с планограммой,Организаторские навыки,Ротация товара,Оприходование товара,Товарная накладная,Материаловедение,Заказ товара,1С: Розница,Оптимизация товарных запасов,Контроль сотрудников,Организация и контроль работы персонала,Наличные средства,Учет ТМЦ,Кассовые чеки,Оформление товарно-сопроводительных документов",2026-02-09T17:34:35+0300,https://hh.ru/vacancy/130297390,материаловедение
130296959,Инженер-технолог по пластмассовому производству,,,,noExperience,fullDay,full,Курск,Курский электроаппаратный завод,Технолог,,2026-02-09T17:22:45+0300,https://hh.ru/vacancy/130296959,материаловедение
129423755,Специалист по ИТС в Департамент продаж,45000,65000,RUR,between1And3,fullDay,full,Миасс,LORENA - кухни,Другое,"Сбор и анализ информации,Умение работать в коллективе,Точность и внимательность к деталям",2026-02-09T14:53:37+0300,https://hh.ru/vacancy/129423755,материаловедение
129712081,Инженер-конструктор,127400,127400,RUR,between3And6,fullDay,full,Таганрог,Полимерпром,"Инженер-конструктор, инженер-проектировщик","Чтение чертежей,Чтение проектной документации,Разработка технических заданий",2026-02-08T14:12:39+0300,https://hh.ru/vacancy/129712081,материаловедение
129352473,Инженер-конструктор,76000,76000,RUR,between3And6,fullDay,full,Ростов Великий,Ярославский завод парафино-восковой продукции,"Инженер-конструктор, инженер-проектировщик","Контроль сроков годности,Пользователь ПК,MS PowerPoint,Чтение чертежей",2026-02-09T10:20:19+0300,https://hh.ru/vacancy/129352473,материаловедение
130248206,Лаборант по физико-механическим испытаниям (4-5 разряды),80000,100000,RUR,between1And3,fullDay,full,Санкт-Петербург,Невский инструментальный завод,Лаборант,,2026-02-09T16:05:31+0300,https://hh.ru/vacancy/130248206,материаловедение
130270979,Инженер-технолог,85000,85000,RUR,between1And3,fullDay,full,Хотьково (Московская область),Электроизолит,Технолог,"Высшее образование,Работа в условиях многозадачности,Умение работать в условиях многозадачности,Лояльность,Образованность",2026-02-09T09:41:47+0300,https://hh.ru/vacancy/130270979,материаловедение
129300271,Инженер по качеству,,,,between1And3,fullDay,full,Санкт-Петербург,METEOR Lift,Инженер по качеству,,2026-02-09T15:38:33+0300,https://hh.ru/vacancy/129300271,материаловедение
128120378,Технолог по порошковой окраске,90000,,RUR,between1And3,fullDay,full,Симферополь,Камоцци Пневматика,Технолог,,2026-02-09T16:35:53+0300,https://hh.ru/vacancy/128120378,материаловедение
129400366,Начальник металлографической лаборатории,,,,between3And6,fullDay,full,Санкт-Петербург,"Силовые машины, Акционерное общество",Лаборант,,2026-02-09T14:36:17+0300,https://hh.ru/vacancy/129400366,материаловедение
127186095,Инженер по сварке,80000,120000,RUR,between1And3,fullDay,full,Нижний Тагил,"Машпром, НПП",Технолог,"Аналитический склад ума,Ответственность,Коммуникабельность,Работа в команде,Навык сварки экспериментальными методами,Проверка исправности сварочного оборудования,Научная деятельность,Технологии машиностроения и приборостроения,Автоматизация процессов,Управление испытательной лабораторией,Организация производственной линии,Организаторские навыки,Сварочные работы,Чтение чертежей,Настройка параметров работы сварочного оборудования",2026-02-09T10:10:14+0300,https://hh.ru/vacancy/127186095,материаловедение
129774662,Менеджер по продажам,90000,,RUR,between3And6,fullDay,full,Самара,Р-Сталь,"Менеджер по продажам, менеджер по работе с клиентами","CRM,Корпоративные продажи,Развитие продаж,Холодные продажи,Активные продажи",2026-02-09T21:58:15+0300,https://hh.ru/vacancy/129774662,материаловедение
129758070,Технолог швейного производства,62500,100000,RUR,between1And3,fullDay,full,Курск,Бел-Поль,Технолог,Знание технологических процессов,2026-02-09T13:55:06+0300,https://hh.ru/vacancy/129758070,материаловедение
125533456,Ассистент менеджера по продажам лабораторного оборудования (сервисные услуги),97000,115000,RUR,noExperience,fullDay,full,Москва,МИЛЛАБ,"Сервисный инженер, инженер-механик","Деловое общение,Консультирование клиентов,Сопровождение клиентов,Составление отчетов,1С: Документооборот,Телефонные переговоры,Деловая переписка",2026-02-09T15:47:23+0300,https://hh.ru/vacancy/125533456,материаловедение
120012130,Ассистент менеджера по продажам (лабораторное и испытательное оборудование),97700,143000,RUR,between1And3,fullDay,full,Москва,МИЛЛАБ,"Менеджер по продажам, менеджер по работе с клиентами","Английский язык,Химические методы анализа,Ведение переговоров,Проведение презентаций,Деловая переписка,химик-синтетик,органическая химия,химик-технолог,органический синтез,оборудование для химического синтеза",2026-02-09T15:47:15+0300,https://hh.ru/vacancy/120012130,материаловедение
129336481,Инженер-конструктор БПЛА,150000,170000,RUR,between1And3,fullDay,full,Москва,Ирбис Скай Тех,"Инженер-конструктор, инженер-проектировщик","ЕСКД,SolidWorks,Разработка проектной документации,Анализ конкурентной среды,Компас-3D,Проектно-конструкторская деятельность,Разработка технической документации",2026-02-09T09:37:57+0300,https://hh.ru/vacancy/129336481,материаловедение
129370296,Инженер-конструктор РЭА,,170000,RUR,between3And6,fullDay,full,Москва,ВиКонт,"Инженер-конструктор, инженер-проектировщик",,2026-02-09T15:18:58+0300,https://hh.ru/vacancy/129370296,материаловедение
126379586,Эксперт по сертификации (стажер),,,,noExperience,fullDay,full,Томск,Томсккабель,Специалист по сертификации,,2026-02-09T04:34:52+0300,https://hh.ru/vacancy/126379586,материаловедение
130268047,Инженер-технолог по сварке,65000,70000,RUR,between1And3,fullDay,full,Москва,ГНПП РЕГИОН,Технолог,"Материаловедение,ЕСТД,Сварка",2026-02-09T08:45:37+0300,https://hh.ru/vacancy/130268047,материаловедение
130266230,Термист,80000,,RUR,noExperience,shift,full,Первоуральск,Киберсталь,Разнорабочий,,2026-02-09T07:56:29+0300,https://hh.ru/vacancy/130266230,материаловедение
129965878,Специалист по материалам и покрытиям,,,,between3And6,fullDay,full,Санкт-Петербург,Газпром 335,Другое,,2026-02-09T15:01:50+0300,https://hh.ru/vacancy/129965878,материаловедение
130129463,Инженер-конструктор,100000,,RUR,between1And3,fullDay,full,Чебоксары,БКР,"Инженер-конструктор, инженер-проектировщик","ЕСКД,SolidWorks,Компас-3D,Solid Edge,Проектно-конструкторская деятельность,разработка чертежей",2026-02-09T12:29:21+0300,https://hh.ru/vacancy/130129463,материаловедение
129618221,Дизайнер интерьеров,125700,201100,RUR,between1And3,remote,full,Москва,МЛ ГРУПП,"Дизайнер, художник",,2026-02-09T20:27:53+0300,https://hh.ru/vacancy/129618221,материаловедение
129280786,Практикант в Группу компаний «Элемент»,,,,noExperience,flexible,part,Зеленоград,Элемент,Другое,,2026-02-09T10:19:00+0300,https://hh.ru/vacancy/129280786,материаловедение
130215763,Инженер (конструктор/проектант),120000,,RUR,between1And3,fullDay,full,Москва,Композит,"Инженер-конструктор, инженер-проектировщик","Разработка проектной документации,SolidWorks,Компас-3D,Материаловедение,Разработка технической документации,ANSYS",2026-02-08T15:52:11+0300,https://hh.ru/vacancy/130215763,материаловедение
130284351,Инженер-технолог (штамповка),80000,113000,RUR,between1And3,fullDay,full,Нижний Новгород,Уральский завод гражданской авиации,Технолог,,2026-02-09T13:21:56+0300,https://hh.ru/vacancy/130284351,материаловедение
130294031,Главный технолог,,,,between3And6,fullDay,full,Павлово,Корона,Технолог,"Техническая документация,Составление технологических карт,Чтение чертежей",2026-02-09T16:24:53+0300,https://hh.ru/vacancy/130294031,материаловедение
127419118,"Главный конструктор (г. Хотьково, Московская обл.)",,,,between3And6,fullDay,full,Курск,НОВЛАЙН,"Инженер-конструктор, инженер-проектировщик","Проектно-конструкторская деятельность,3D Моделирование,ЕСКД,Материаловедение,Выбор технологической оснастки,SolidWorks,CATIA,Контроль сотрудников,Разработка технических заданий,Технологии машиностроения и приборостроения,Разработка технической документации",2026-02-09T10:43:10+0300,https://hh.ru/vacancy/127419118,материаловедение
130286253,Инженер-технолог (аддитивных технологий),120000,,RUR,between3And6,fullDay,full,Москва,НИКИЭТ,Технолог,"3D печать,3D Моделирование,Материаловедение",2026-02-09T13:58:12+0300,https://hh.ru/vacancy/130286253,материаловедение
128427800,Инженер-конструктор РЭА,127500,,RUR,noExperience,fullDay,full,Самара,"Алабуга, ОЭЗ ППТ","Инженер-конструктор, инженер-проектировщик","Компас-3D,Solid Works",2026-02-09T19:25:34+0300,https://hh.ru/vacancy/128427800,материаловедение
129911889,Инженер по подбору запорно-регулирующей арматуры,110000,150000,RUR,between1And3,fullDay,full,Химки (Московская область),Диалкон Технолоджи,"Инженер-конструктор, инженер-проектировщик","Деловая переписка,Работа с большим объемом информации,Техническая поддержка",2026-02-09T08:27:32+0300,https://hh.ru/vacancy/129911889,материаловедение
130290256,Инженер по техническому надзору,78000,80000,RUR,between3And6,fullDay,full,Одинцово (Московская область),Администрация Одинцовского городского округа Московской области,"Инженер ПТО, инженер-сметчик",,2026-02-09T15:11:48+0300,https://hh.ru/vacancy/130290256,материаловедение
127878147,Менеджер по продажам (лабораторное и испытательное оборудование),127000,230000,RUR,between1And3,fullDay,full,Москва,МИЛЛАБ,"Менеджер по продажам, менеджер по работе с клиентами","продажа оборудования,лабораторное оборудование,органический синтез,испытательное оборудование,аналитическое оборудование,продажа лабораторного оборудования,Работа с клиентами,Телефонные переговоры,Деловая переписка,ведение базы клиентов,Сопровождение клиентов,Консультирование клиентов",2026-02-09T13:55:20+0300,https://hh.ru/vacancy/127878147,материаловедение
130206095,Ведущий специалист направления настольная электронная микроскопия/менеджер по продажам,,,,between3And6,fullDay,full,Москва,Мелитэк,"Менеджер по продажам, менеджер по работе с клиентами","Проведение презентаций,B2B Продажи,Консультативные продажи,Общение с производителями,Проведение семинаров",2026-02-08T13:42:56+0300,https://hh.ru/vacancy/130206095,материаловедение
130148059,Инженер-лаборант,82000,,RUR,between1And3,fullDay,full,Курганинск,Выбор,Лаборант,,2026-02-09T15:55:04+0300,https://hh.ru/vacancy/130148059,материаловедение
130131106,Инженер монтажа мультимедийного оборудования,,,,between3And6,fullDay,full,Москва,Hi-Tech Media (ООО Хай-Тек Медиа),"Мастер по ремонту оборудования, техники","Монтаж инженерных систем,Сборка ПК,Монтаж оборудования",2026-02-09T14:17:04+0300,https://hh.ru/vacancy/130131106,материаловедение
124480481,Колорист автоэмалей,140000,,RUR,between1And3,shift,full,Москва,FINIST финансы и страхование,Другое,"Колористика,Знание технического устройства и опыт ремонта легковых автомобилей,Знание устройства автомобиля,Материаловедение,Складской Учет,Малярные работы,Краскопульт,Умение работать в коллективе",2026-02-09T12:26:07+0300,https://hh.ru/vacancy/124480481,материаловедение
125604751,Ведущий инженер-технолог по материалам,,,,between3And6,fullDay,full,Санкт-Петербург,Турбинные технологии ААЭМ,Технолог,,2026-02-09T12:30:36+0300,https://hh.ru/vacancy/125604751,материаловедение
128430298,Главный технолог,,,,moreThan6,fullDay,full,Новосибирск,ГК ТОФС,Технолог,,2026-02-09T17:42:13+0300,https://hh.ru/vacancy/128430298,материаловедение
130293483,Сервисный инженер,132500,,RUR,between1And3,fullDay,full,Санкт-Петербург,Экросхим,"Сервисный инженер, инженер-механик",,2026-02-09T16:11:54+0300,https://hh.ru/vacancy/130293483,материаловедение
129528794,Инженер-конструктор,100000,,RUR,between1And3,fullDay,full,Санкт-Петербург,Армтехномет,Технолог,"Компас-3D,Техническая документация,Технологии машиностроения и приборостроения,Выбор технологической оснастки,Чтение чертежей,ЕСКД,ЕСТД",2026-02-09T15:59:56+0300,https://hh.ru/vacancy/129528794,материаловедение
127419316,Инженер-конструктор 3 категории,127000,,RUR,noExperience,fullDay,full,Воронеж,"Алабуга, ОЭЗ ППТ","Инженер-конструктор, инженер-проектировщик","MS Office,Компас 3D,Solid Works",2026-02-09T19:25:38+0300,https://hh.ru/vacancy/127419316,материаловедение
127467248,Инженер-конструктор 3 категории,127000,,RUR,between1And3,fullDay,full,Казань,"Алабуга, ОЭЗ ППТ","Инженер-конструктор, инженер-проектировщик","MS Office,Компас 3D,Solid Works",2026-02-09T19:25:36+0300,https://hh.ru/vacancy/127467248,материаловедение
127467249,Инженер-конструктор 3 категории,127000,,RUR,between1And3,fullDay,full,Екатеринбург,"Алабуга, ОЭЗ ППТ","Инженер-конструктор, инженер-проектировщик","MS Office,Компас 3D,Solid Works",2026-02-09T19:25:36+0300,https://hh.ru/vacancy/127467249,материаловедение
130228790,Инженер (химик-материаловед),100000,,RUR,between1And3,fullDay,full,Москва,Композит,Технолог,"Ведение документации,Техническая документация,Лабораторная работа,Точность и внимательность к деталям,Документальное сопровождение,Контроль качества,Технический контроль производства,Нормативно-техническая документация",2026-02-09T09:05:41+0300,https://hh.ru/vacancy/130228790,материаловедение
130206131,Инженер-конструктор по нестандартному оборудованию,130000,,RUR,between3And6,fullDay,full,Санкт-Петербург,СМК,"Инженер-конструктор, инженер-проектировщик",,2026-02-08T13:43:45+0300,https://hh.ru/vacancy/130206131,материаловедение
130249420,Менеджер по продажам,100000,,RUR,between3And6,remote,full,Уфа,Р-Сталь,"Менеджер по продажам, менеджер по работе с клиентами","CRM,Корпоративные продажи,Развитие продаж,Холодные продажи,Активные продажи",2026-02-09T16:32:51+0300,https://hh.ru/vacancy/130249420,материаловедение
129284994,Инженер R&D,,,,between3And6,fullDay,full,Владимир,Сен-Гобен,Технолог,,2026-02-09T09:47:10+0300,https://hh.ru/vacancy/129284994,материаловедение
129584194,Инженер-конструктор,,,,between1And3,fullDay,full,Петрозаводск,"АЭМ-технологии, Инжиниринговая компания","Инженер-конструктор, инженер-проектировщик","ANSYS,Компас-3D,SolidWorks,Документальное сопровождение",2026-02-09T11:18:04+0300,https://hh.ru/vacancy/129584194,материаловедение
130228464,Инженер (материаловед),100000,,RUR,between1And3,fullDay,full,Москва,Композит,Инженер ПНР,"Ведение документации,Умение работать в коллективе,Разработка технической документации,Техническое обслуживание оборудования,Компас 3D",2026-02-09T08:59:58+0300,https://hh.ru/vacancy/130228464,материаловедение
129326826,Кладовщик,80000,90000,RUR,between1And3,fullDay,full,Владивосток,Торговый Дом Планета Безопасности,Кладовщик,"Работа с ТМЦ,Материаловедение,Инвентаризация,Складской Учет,Организация складского хозяйства,Управление складскими запасами,опыт работы в 1 С",2026-02-09T06:30:43+0300,https://hh.ru/vacancy/129326826,материаловедение
130105678,Директор производства медицинских изделий,80000,200000,RUR,between1And3,fullDay,part,Москва,Erwin,Технический директор (CTO),"Управление производством,Бизнес-планирование,Управление рисками",2026-02-08T20:48:48+0300,https://hh.ru/vacancy/130105678,материаловедение
130294192,Инженер - технолог,70000,75000,RUR,between1And3,fullDay,full,Ульяновск,Филиал областного государственного казенного учреждения Кадровый центр Ульяновской области в Заволжском районе города Ульяновска,Другое,,2026-02-09T16:27:16+0300,https://hh.ru/vacancy/130294192,материаловедение
129583505,Инженер-технолог,,,,between1And3,fullDay,full,Петрозаводск,"АЭМ-технологии, Инжиниринговая компания",Технолог,"Обучение и развитие,1С: Документооборот,Многозадачность,MS Internet",2026-02-09T11:11:13+0300,https://hh.ru/vacancy/129583505,материаловедение
129773270,Ведущий инженер технолог по развитию продукта СТМ,,,,between3And6,fullDay,full,Подольск (Московская область),ПИК-специализированный застройщик,Технолог,"AutoCAD,Автоматизация технологических процессов",2026-02-09T19:31:58+0300,https://hh.ru/vacancy/129773270,материаловедение
129773271,Ведущий инженер технолог по развитию продукта СТМ,,,,between3And6,fullDay,full,Москва,ПИК-специализированный застройщик,Технолог,"AutoCAD,Автоматизация технологических процессов",2026-02-09T19:31:58+0300,https://hh.ru/vacancy/129773271,материаловедение
129526310,Руководитель центра аддитивного производства,,250000,RUR,between1And3,fullDay,full,Зеленоград,ОНСИНТ,Руководитель группы разработки,"Управление командой,Аналитическое мышление,CAD/САМ-системы,SLM,SLS,Управление процессами,Чтение чертежей",2026-02-09T15:17:21+0300,https://hh.ru/vacancy/129526310,материаловедение
129526136,Инженер-конструктор НСО,,165000,RUR,between1And3,fullDay,full,Москва,Турбосервис Рус,"Инженер-конструктор, инженер-проектировщик","Компас-3D,SolidWorks,Технологии машиностроения и приборостроения,Проектно-конструкторская деятельность,АСУ,ЕСКД,Авторский надзор",2026-02-09T15:14:19+0300,https://hh.ru/vacancy/129526136,материаловедение
129348071,Инженер-технолог,90000,,RUR,between1And3,fullDay,full,Санкт-Петербург,НПФ ЦКБА,Технолог,,2026-02-09T11:15:17+0300,https://hh.ru/vacancy/129348071,материаловедение
129516616,Менеджер по продажам,,,,between3And6,fullDay,full,Екатеринбург,Р-Сталь,"Менеджер по продажам, менеджер по работе с клиентами","CRM,Корпоративные продажи,Развитие продаж,Холодные продажи,Активные продажи",2026-02-09T12:37:52+0300,https://hh.ru/vacancy/129516616,материаловедение
130129536,Инженер-металловед,80000,,RUR,between1And3,fullDay,full,Екатеринбург,Арамильский Завод Передовых Технологий,Инженер по качеству,"Умение работать в команде,Точность и внимательность к деталям,Работа с документами",2026-02-09T13:50:42+0300,https://hh.ru/vacancy/130129536,материаловедение
84871047,Сборщик интернет-заказов ВкусВилл (м. Коньково),78400,134400,RUR,noExperience,flexible,full,Москва,ВкусВилл,"Упаковщик, комплектовщик","Обслуживание покупателей,Контроль сроков годности,Работа в команде,Приемка товара,Оформление витрин,Кассовые чеки,Материаловедение,Учет товаров,Выкладка товара,Заказ товара,Линейная выкладка товара,Ротация товара",2026-02-09T09:09:18+0300,https://hh.ru/vacancy/84871047,материаловедение
98558506,Сборщик интернет-заказов (Апрелевка),78400,134400,RUR,noExperience,flexible,full,Селятино (Московская область),ВкусВилл,"Упаковщик, комплектовщик","Обслуживание покупателей,Контроль сроков годности,Работа в команде,Работа с кассой,Приемка товара,Кассовые чеки,Проведение инвентаризаций,Обслуживание бытовой техники,Оформление блюд,Оформление торгового зала,Кассовые операции,Акты списания товаров,Материаловедение",2026-02-09T09:09:14+0300,https://hh.ru/vacancy/98558506,материаловедение
130294433,Руководитель Центра аддитивных технологий (ЦАТ),,,,between1And3,fullDay,full,Санкт-Петербург,Диполь,Другое,,2026-02-09T16:32:41+0300,https://hh.ru/vacancy/130294433,материаловедение
129952033,Товаровед в Ozon fresh (Саларьево),85000,,RUR,between1And3,shift,full,Москва,Ozon,Товаровед,"Выкладка товара,Учет остатков,Оптимизация товарных запасов,Контроль упаковки,Приемка товара,Ротация товара,Оприходование товара,Отчеты по товарам,Планирование товарных запасов,Складской документооборот,Управление складскими запасами,Складской Учет,Контроль остатков,Организация складского хозяйства,Материаловедение,Списание ТМЦ,Контроль маркировки,Хозяйственное обеспечение магазина,Учет товаров,Учет ТМЦ,Акты списания товаров,Обучение персонала,Контроль сроков годности,Проведение инвентаризаций,1С: Склад,Линейная выкладка товара,1С: Торговля и склад,Пополнение товарных запасов,Контроль качества продукции,Контроль качества готовой продукции",2026-02-09T10:05:00+0300,https://hh.ru/vacancy/129952033,материаловедение
129726496,Мастер ногтевого сервиса/технолог бренда,6000,,RUR,between3And6,fullDay,part,Москва,Белова Елена Владимировна,Мастер ногтевого сервиса,"Контроль качества,Обучение и развитие",2026-02-08T18:22:00+0300,https://hh.ru/vacancy/129726496,материаловедение
129740787,Начальник лаборатории неразрушающего контроля,250000,,RUR,between3And6,fullDay,full,Москва,ДНПП,Другое,,2026-02-09T09:42:05+0300,https://hh.ru/vacancy/129740787,материаловедение
120680003,Менеджер по продажам (промышленное оборудование),120000,,RUR,between1And3,fullDay,full,Челябинск,НПХ УСПС,"Менеджер по продажам, менеджер по работе с клиентами","Активные продажи,B2B Продажи,Поиск и привлечение клиентов,Заключение договоров,Теплые продажи,Прямые продажи,Подготовка коммерческих предложений,Работа на выставках",2026-02-09T17:26:40+0300,https://hh.ru/vacancy/120680003,материаловедение
129299085,Начальник отдела разработки конструкции ОКБ,,,,moreThan6,fullDay,full,Москва,Калашников,"Инженер-конструктор, инженер-проектировщик","ЕСКД,CFD,MS Office,SolidWorks,Компас 3D,Atlassian Jira,Atlassian Confluence",2026-02-09T09:17:37+0300,https://hh.ru/vacancy/129299085,материаловедение
130237370,Менеджер по продажам,150000,,RUR,between1And3,fullDay,full,Москва,Tom Hunt,"Менеджер по продажам, менеджер по работе с клиентами","Активные продажи,Телефонные переговоры,Поиск и привлечение клиентов",2026-02-09T12:04:39+0300,https://hh.ru/vacancy/130237370,материаловедение
130274162,Главный конструктор,100000,250000,RUR,between3And6,fullDay,full,Ижевск,Стальбурмаш,"Инженер-конструктор, инженер-проектировщик","Техническая документация,SolidWorks",2026-02-09T10:35:23+0300,https://hh.ru/vacancy/130274162,материаловедение
130243905,Инженер-технолог,130000,,RUR,between3And6,fullDay,full,Шаховская (Московская область),Изолятор-высоковольтные вводы,Технолог,"САПР,ЕСТД,Solid Works,SolidWorks",2026-02-09T12:58:47+0300,https://hh.ru/vacancy/130243905,материаловедение
129481991,Старший продакт-менеджер (Взрослая одежда),,,,between3And6,fullDay,full,Москва,ПЛЭЙТУДЭЙ СНГ,Менеджер продукта,,2026-02-09T11:34:39+0300,https://hh.ru/vacancy/129481991,материаловедение
130245220,Дизайнер-конструктор,80000,120000,RUR,between1And3,fullDay,full,Сергиев Посад (Московская область),Вендпром,"Инженер-конструктор, инженер-проектировщик",,2026-02-09T15:00:15+0300,https://hh.ru/vacancy/130245220,материаловедение
129398273,Инженер-конструктор,150000,,RUR,between1And3,fullDay,full,Москва,Медиа Эффект,"Инженер-конструктор, инженер-проектировщик",,2026-02-09T09:45:31+0300,https://hh.ru/vacancy/129398273,материаловедение
129752479,Главный технолог/Руководитель швейного производства/Начальник производства/Ведущий технолог,170000,,RUR,between3And6,fullDay,full,Санкт-Петербург,ПИЛИГРИМ,Технолог,"Технологии лёгкой промышленности,Расчет себестоимости,Lean,Контроль выполнения задач,Управление производственным персоналом",2026-02-09T12:22:56+0300,https://hh.ru/vacancy/129752479,материаловедение
129005729,Специалист по патентоведению (Патентовед),,,,between3And6,fullDay,full,Москва,ФГУП ЦНИИчермет им.И.П.Бардина,"Научный специалист, исследователь","Инициативность,Ответственность,Исполнительность,Коммуникабельность",2026-02-09T09:44:50+0300,https://hh.ru/vacancy/129005729,материаловедение
129970424,Конструктор-технолог женской одежды,,,,between3And6,remote,full,Москва,Лашкевич Наталья Васильевна,"Швея, портной, закройщик",,2026-02-09T16:20:56+0300,https://hh.ru/vacancy/129970424,материаловедение
130049532,Руководитель лаборатории,76000,76000,RUR,between1And3,fullDay,full,Самара,Траектория Сервис,Лаборант,,2026-02-08T15:26:45+0300,https://hh.ru/vacancy/130049532,материаловедение
130251850,Младший инженер-конструктор,,,,between1And3,fullDay,full,Санкт-Петербург,Динамический весовой контроль,"Инженер-конструктор, инженер-проектировщик","SolidWorks,ЕСКД,Компас-3D",2026-02-09T17:39:30+0300,https://hh.ru/vacancy/130251850,материаловедение
121154006,Сервисный инженер/ Инженер ПНР (оборудование для исследования металлов и сплавов),80000,,RUR,between1And3,fullDay,full,Челябинск,НПХ УСПС,Механик,"Техническое обслуживание,Монтаж оборудования,Техническая эксплуатация,Ввод оборудования в эксплуатацию,Пуско-наладочные работы,Техническое обслуживание оборудования,Выездное обслуживание оборудования,Ремонт оборудования,Наладка оборудования,Английский язык",2026-02-09T17:26:50+0300,https://hh.ru/vacancy/121154006,материаловедение
129840529,Заместитель главного бухгалтера,,,,between3And6,fullDay,full,Москва,Криотрейд инжиниринг,Бухгалтер,,2026-02-09T18:41:00+0300,https://hh.ru/vacancy/129840529,материаловедение
129256536,Эксперт по строительно-технической экспертизе,70000,,RUR,between1And3,fullDay,full,Екатеринбург,ФБУ Уральский РЦСЭ Минюста России,"Инженер ПТО, инженер-сметчик","Строительство,Проектная документация,Проектирование зданий и сооружений",2026-02-09T06:53:44+0300,https://hh.ru/vacancy/129256536,материаловедение
130271523,Инженер исследовательских работ,,,,between1And3,fullDay,full,Первоуральск,Группа Компаний Петро Велт Технолоджис,Инженер по качеству,,2026-02-09T09:51:02+0300,https://hh.ru/vacancy/130271523,материаловедение
130271119,Инженер исследовательских работ,,,,between1And3,fullDay,full,Богданович,Группа Компаний Петро Велт Технолоджис,Инженер по качеству,,2026-02-09T09:44:11+0300,https://hh.ru/vacancy/130271119,материаловедение
130270694,Инженер исследовательских работ,,,,between1And3,fullDay,full,Сухой Лог,Группа Компаний Петро Велт Технолоджис,Инженер по качеству,,2026-02-09T09:36:30+0300,https://hh.ru/vacancy/130270694,материаловедение
130270239,Дефектоскопист рентгено гаммаграфирования,,,,between1And3,fullDay,full,Балаково,ФосАгро,Другое,,2026-02-09T09:28:50+0300,https://hh.ru/vacancy/130270239,материаловедение
129927804,Оператор вакуумной установки,100000,,RUR,between1And3,fullDay,full,Екатеринбург,Уралтрейд,Оператор производственной линии,,2026-02-08T16:07:00+0300,https://hh.ru/vacancy/129927804,материаловедение
130278535,"Руководитель проектов/Ведущий инженер (машиностроение, реверс-инжиниринг), Академгородок",127500,,RUR,moreThan6,fullDay,full,Новосибирск,ИК ЦТО,Руководитель проектов,"Разработка технических заданий,Деловая коммуникация,Проектный менеджмент,Инжиниринг,Техническая документация,Государственные закупки,Заключение договоров,Управление проектами,Руководство коллективом,Проектная документация,Техническая экспертиза,Выбор подрядных организаций,Битрикс24",2026-02-09T11:45:40+0300,https://hh.ru/vacancy/130278535,материаловедение
129291804,Директор бутика (одежда и обувь),130000,,RUR,between1And3,fullDay,full,Москва,Crocus Group,"Директор магазина, директор сети магазинов","Управление продажами,Обучение персонала,Тренинги,Анализ продаж,Мерчандайзинг,Деловое общение,Командообразование,Активные продажи,Управление командой,Подбор персонала,Обучение и развитие,Руководство коллективом,Прямые продажи,Навыки продаж,Розничная торговля,Организаторские навыки,Планирование продаж,Мотивация персонала,Современная розница,Лидерство,Управление временем,Адаптация,Продвижение бренда,Управленческая отчетность,Retail,Fashion Design,Fashion Trends",2026-02-09T12:15:45+0300,https://hh.ru/vacancy/129291804,материаловедение
129694298,Инженер-конструктор,150000,200000,RUR,between3And6,fullDay,full,Москва,ANCOR,"Инженер-конструктор, инженер-проектировщик",,2026-02-09T09:49:40+0300,https://hh.ru/vacancy/129694298,материаловедение
129498049,Старший менеджер по продажам (металлопродукция),250000,,RUR,between3And6,fullDay,full,Москва,Фарситэк,"Менеджер по продажам, менеджер по работе с клиентами","Заключение договоров,Поиск и привлечение клиентов,Участие в Тендерах,Телефонные переговоры,Консультирование клиентов,Подготовка коммерческих предложений,Холодные продажи,Деловая переписка",2026-02-09T07:54:59+0300,https://hh.ru/vacancy/129498049,материаловедение
125105262,Ведущий продакт-менеджер,,,,between1And3,fullDay,full,Москва,ПЛЭЙТУДЭЙ СНГ,Менеджер продукта,,2026-02-09T11:34:38+0300,https://hh.ru/vacancy/125105262,материаловедение
129153329,Инженер-металловед,79000,79000,RUR,noExperience,fullDay,full,Бердск,Бердский электромеханический завод,Другое,,2026-02-06T11:22:24+0300,https://hh.ru/vacancy/129153329,материаловедение
130276551,Мастер по сборке (сборочно-сварочный участок),120000,,RUR,between1And3,shift,full,Воронеж,Стройатомсфера,"Начальник смены, мастер участка",,2026-02-09T11:10:01+0300,https://hh.ru/vacancy/130276551,материаловедение
129319924,Специалист по высокотемпературной вакуумной пайке/инженер-технолог по вакуумной пайке,80000,100000,RUR,between1And3,fullDay,full,Санкт-Петербург,Радиум,Технолог,,2026-02-08T18:22:34+0300,https://hh.ru/vacancy/129319924,материаловедение
128830368,Электрогазосварщик 4 разряда цеха теплоснабжения,42897,61276,RUR,between1And3,fullDay,full,Солянка,Газпром энерго,Сварщик,"Аккуратность, внимательность, исполнительность, дисциплинированность, организованность, ответственно,Абразивная зачистка рабочих поверхностей,Настройка параметров работы сварочного оборудования,Преднагрев металла,Производство строительно-монтажных работ,Сварочные работы,Ремонтные работы,Сварка трубопроводов,Исправление дефектов сваркой,Газовая сварка,Полуавтоматическая сварка,Выбор пространственного положения сварного шва,Аргонодуговая сварка,Материаловедение,Сварка металлоконструкций,Проверка наличия заземления,Ручная дуговая сварка,Проверка исправности сварочного оборудования,Использование оснастки для предварительной сборки конструкций",2026-02-09T10:06:35+0300,https://hh.ru/vacancy/128830368,материаловедение
130124104,Технолог R&D,,,,between3And6,fullDay,full,Москва,ПИК-специализированный застройщик,Технолог,"AutoCAD,Автоматизация технологических процессов",2026-02-09T12:10:59+0300,https://hh.ru/vacancy/130124104,материаловедение
129698605,Кладовщик с функцией инженера-строителя,100000,,RUR,between1And3,fullDay,full,Москва,Жилстрой,Кладовщик,,2026-02-08T11:15:16+0300,https://hh.ru/vacancy/129698605,материаловедение
129312340,Менеджер по контролю качества одежды (технолог),,,,between1And3,fullDay,full,Санкт-Петербург,Мэлон Фэшн Груп,Инженер по качеству,"Adobe Photoshop,Английский язык,CorelDRAW,Деловая коммуникация,Креативность",2026-02-06T17:39:20+0300,https://hh.ru/vacancy/129312340,материаловедение
129447644,Кладовщик,80000,,RUR,between1And3,fullDay,full,Архангельск,Главтрасса,Кладовщик,"Складской документооборот,Товарная накладная,Складской Учет,1С: Торговля и склад,Инвентаризация,Товарно-транспортная накладная,Транспортная накладная,Оприходование товара,Учет ТМЦ,1С: Склад,Ответственное хранение,Проведение инвентаризаций,Приемка товара,Работа с ТМЦ,Материаловедение,Управление складскими запасами,Учет отпусков,Управление погрузчиком,Терминал сбора данных,Приемка груза,Ротация товара",2026-02-08T08:22:21+0300,https://hh.ru/vacancy/129447644,материаловедение
129375728,Инженер-конструктор,150000,180000,RUR,between3And6,fullDay,full,Москва,ЛАТАМ ИНЖИНИРИНГ,"Инженер-конструктор, инженер-проектировщик","Перевод технической документации,ЕСКД,Компас 3D,SolidWorks,Autodesk Inventor,MS Excel,MS PowerPoint,Анализ конкурентной среды,3D Моделирование,Разработка технической документации,Технологии машиностроения и приборостроения",2026-02-09T16:24:09+0300,https://hh.ru/vacancy/129375728,материаловедение
129723190,Инженер по физико-механическим испытаниям,97700,,RUR,between1And3,fullDay,full,Москва,ДНПП,Другое,,2026-02-08T16:51:40+0300,https://hh.ru/vacancy/129723190,материаловедение
129320805,Технолог в бренд одежды,150000,,RUR,moreThan6,fullDay,full,Москва,SELFMADE,Технолог,"Разработка нового продукта,Контроль качества,Управление производством,Дизайн одежды,CorelDRAW,Fashion",2026-02-08T19:01:11+0300,https://hh.ru/vacancy/129320805,материаловедение
129978787,Руководитель проекта (продажи и сопровождение премиальной корпусной мебели по дизайн-проектам),150000,200000,RUR,between1And3,fullDay,full,Москва,Афанасьев ЕВ,"Менеджер по продажам, менеджер по работе с клиентами","Проведение переговоров,Pro100,Работа с возражениями,Заключение договоров,Битрикс 24,Навыки презентации,Навыки продаж,Ориентация на клиента,Гребенюк,умение работать с дорогим продуктом,Точность и внимательность к деталям",2026-02-09T23:04:09+0300,https://hh.ru/vacancy/129978787,материаловедение
126969129,Главный сварщик,,,,between3And6,fullDay,full,Кронштадт,Кронштадтский морской завод,Сварщик,"Сварочные работы,Контроль качества,Чтение чертежей,Настройка параметров работы сварочного оборудования,Проверка исправности сварочного оборудования,Выбор пространственного положения сварного шва,Материаловедение",2026-02-09T08:38:23+0300,https://hh.ru/vacancy/126969129,материаловедение
130273259,Главный специалист СС,,,,between3And6,fullDay,full,Москва,Новаметрикс,Другое,,2026-02-09T10:20:55+0300,https://hh.ru/vacancy/130273259,материаловедение
128826255,Инженер-конструктор по расчетам,,,,between1And3,fullDay,full,Екатеринбург,Турбосервис Рус,"Инженер-конструктор, инженер-проектировщик",,2026-02-09T07:15:15+0300,https://hh.ru/vacancy/128826255,материаловедение
129593892,Менеджер по производству,,,,between1And3,fullDay,full,Москва,Снежная Королева,Технолог,,2026-02-09T09:27:59+0300,https://hh.ru/vacancy/129593892,материаловедение
130110514,"Инженер-конструктор (по направлению ""Запорная арматура"")",80000,,RUR,between3And6,fullDay,full,Нижний Новгород,ПТО Атлант,"Инженер-конструктор, инженер-проектировщик","Проектно-конструкторская деятельность,Технологии машиностроения и приборостроения,Разработка технической документации,Чтение чертежей,Компас-3D,AutoCAD",2026-02-09T08:16:36+0300,https://hh.ru/vacancy/130110514,материаловедение
129281198,Инженер-технолог (материаловед),100000,,RUR,noExperience,fullDay,full,Нижний Новгород,Транс - Сигнал,Технолог,,2026-02-08T11:21:37+0300,https://hh.ru/vacancy/129281198,материаловедение
130099906,Инженер - технолог механического участка,,,,between3And6,fullDay,full,Санкт-Петербург,СТАЛТ,Технолог,,2026-02-08T16:34:09+0300,https://hh.ru/vacancy/130099906,материаловедение
129926924,Технолог по сварке/Начальник сварочного участка,140000,200000,RUR,between3And6,fullDay,full,Санкт-Петербург,Невский инструментальный завод,Технолог,"Пользователь ПК,Компас 3D,Сварочные работы,Сборочный чертеж,Чтение чертежей,ГОСТ,Сварка металлоконструкций",2026-02-08T15:51:09+0300,https://hh.ru/vacancy/129926924,материаловедение
129903808,Ведущий инженер отдела надежности,120000,180000,RUR,between3And6,fullDay,full,Краснодар,Фирма ОРГРЭС,Другое,"Техническая эксплуатация,Технический контроль производства,Энергетика,Умение работать в коллективе",2026-02-08T09:43:32+0300,https://hh.ru/vacancy/129903808,материаловедение
129270219,Ведущий сервисный инженер (лабораторное и испытательное оборудование),160000,,RUR,between3And6,fullDay,full,Москва,Люкон Про,"Сервисный инженер, инженер-механик","Техническое обслуживание,Пуско-наладочные работы,Монтаж оборудования",2026-02-08T09:53:45+0300,https://hh.ru/vacancy/129270219,материаловедение
129748053,Директор по производству,,,,between3And6,fullDay,full,Новороссийск,AURICA,Начальник производства,"Управление производством,Аналитическое мышление,Управление качеством,премиум-мебель,мебельное производство,Бережливое производство,Управление процессами,Производственный контроль,Оперативное планирование,Знание свойств металлов,обработка металлов,Материаловедение,знание свойств пластика,свойства тканей,нитеплетение",2026-02-09T11:20:14+0300,https://hh.ru/vacancy/129748053,материаловедение
130057921,Сварщик,180000,,RUR,between3And6,fullDay,full,Москва,КПС,Сварщик,"Автоматическая сварка,Сварка трубопроводов,Сварочные работы,Чтение чертежей,Газовая сварка,Аргонодуговая сварка,Исправление дефектов сваркой,Монтаж металлоконструкций,Преднагрев металла,Настройка параметров работы сварочного оборудования,Проверка исправности сварочного оборудования,Навык сварки экспериментальными методами,Полуавтоматическая сварка,Ручная дуговая сварка,Выбор пространственного положения сварного шва,Материаловедение,Сварка металлоконструкций,Строительство,Проектная документация",2026-02-08T19:01:02+0300,https://hh.ru/vacancy/130057921,материаловедение
127524360,Научный сотрудник (полимерные материалы),,,,between1And3,fullDay,full,Москва,The Skolkovo Institute of Science and Technology,"Научный специалист, исследователь","полимерные материалы,металл-ионные аккумуляторы,Научные исследования,Английский язык,физико-химический анализ,Научная деятельность",2026-02-09T14:04:48+0300,https://hh.ru/vacancy/127524360,материаловедение
129697140,"Менеджер по продажам (лабораторное, испытательное оборудование и расходные материалы)",85000,125000,RUR,between1And3,fullDay,full,Новосибирск,МИЛЛАБ,"Менеджер по продажам, менеджер по работе с клиентами","Органический синтез,Лабораторное оборудование,Продажа оборудования для лабораторий,Испытательное оборудование,Продажа дополнительных услуг и оборудования,Поиск и привлечение клиентов,Телефонные переговоры,Работа в команде,Химические методы анализа",2026-02-08T10:58:21+0300,https://hh.ru/vacancy/129697140,материаловедение
130277149,Менеджер по продажам (Промышленные 3D-принтеры),150000,,RUR,between1And3,fullDay,full,Москва,Ершова Маргарита,"Менеджер по продажам, менеджер по работе с клиентами","Деловое общение,Телефонные переговоры,Холодные звонки,Активные продажи,Холодные продажи,Поиск и привлечение клиентов,Консультирование клиентов,Подготовка коммерческих предложений",2026-02-09T11:20:43+0300,https://hh.ru/vacancy/130277149,материаловедение
129314886,"Инженер‑конструктор (SolidWorks, машиностроение)",150000,,RUR,between3And6,fullDay,full,Москва,Ралар,"Инженер-конструктор, инженер-проектировщик","SolidWorks,Компас-3D,AutoCAD,Технологии машиностроения и приборостроения,Сварка металлоконструкций,3D Моделирование,ЕСКД",2026-02-08T16:55:45+0300,https://hh.ru/vacancy/129314886,материаловедение
129285282,Технолог-конструктор мебели,150000,,RUR,between3And6,fullDay,full,Москва,ТПК Мебельная компания,Технолог,,2026-02-08T11:55:42+0300,https://hh.ru/vacancy/129285282,материаловедение
124352873,Столяр,100000,140000,RUR,between1And3,fullDay,full,Подольск (Московская область),Фабрика мебели МТМ,Другое,"Точность и внимательность к деталям,Работа с чертежами",2026-02-09T09:11:21+0300,https://hh.ru/vacancy/124352873,материаловедение
130261276,Конструктор / технолог одежды ОТК на швейное производство,90000,130000,RUR,between1And3,fullDay,full,Калуга,Чепурина Анастасия Игоревна,Технолог,"Контроль качества,Производственный контроль,Технический контроль производства",2026-02-08T17:09:38+0300,https://hh.ru/vacancy/130261276,материаловедение
129557569,Инженер-конструктор (автоматизация),,100000,RUR,between1And3,fullDay,full,Новосибирск,RX PROM,"Инженер-конструктор, инженер-проектировщик","Проектно-конструкторская деятельность,Разработка технических заданий,ЕСКД,Компас 3D",2026-02-08T20:12:34+0300,https://hh.ru/vacancy/129557569,материаловедение
127526261,Заместитель руководителя лаборатории,,,,between1And3,fullDay,full,Москва,The Skolkovo Institute of Science and Technology,Другое,"руководство научными направлениями и проектами,Английский язык,Научные исследования,управление научным проектом,Организаторские навыки,Руководство коллективом,Подготовка отчетов,Планирование,подготовка публикаций",2026-02-09T14:04:55+0300,https://hh.ru/vacancy/127526261,материаловедение
129274440,Руководитель экспериментального цеха (fashion),,170000,RUR,between3And6,fullDay,full,Москва,Sorelle Era,Начальник производства,"Организаторские навыки,Разработка нового продукта,Производственное планирование,Руководство коллективом",2026-02-08T10:29:50+0300,https://hh.ru/vacancy/129274440,материаловедение
130075763,"Технолог-разработчик (фторсиликон / силиконовые компаунды, FVMQ)",,,,between3And6,remote,full,Тольятти,РуТех,Технолог,Технологии химической промышленности,2026-02-08T10:06:34+0300,https://hh.ru/vacancy/130075763,материаловедение
129724410,Инженер-конструктор / ведущий инженер-конструктор,,,,between3And6,fullDay,full,Мытищи (Московская область),Мытищинский приборостроительный завод,"Инженер-конструктор, инженер-проектировщик","Проектно-конструкторская деятельность,Компас-3D,3D Моделирование,SolidWorks,разработка чертежей,Проектирование,Разработка конструкторской документации,Машиностроение",2026-02-08T17:18:28+0300,https://hh.ru/vacancy/129724410,материаловедение
129697670,Врач - Стоматолог-терапевт,100000,,RUR,between3And6,flexible,full,Волгоград,Премьер,Врач,"Ведение пациентов,Медицинская документация,Умение работать в коллективе,Стоматология,Деловая этика,Навыки межличностного общения,Медицинское оборудование,оформление документации,Точность и внимательность к деталям,Контроль качества",2026-02-08T11:03:19+0300,https://hh.ru/vacancy/129697670,материаловедение
129482616,Лаборант,50000,70000,RUR,between1And3,fullDay,full,Калуга,Ветин,Лаборант,,2026-02-08T16:38:15+0300,https://hh.ru/vacancy/129482616,материаловедение
128430407,Главный технолог,,,,moreThan6,fullDay,full,Тюмень,ГК ТОФС,Технолог,,2026-02-08T11:31:36+0300,https://hh.ru/vacancy/128430407,материаловедение
128866645,Технолог литейного производства (Инженер-технолог полимерного производства),120000,150000,RUR,between1And3,fullDay,full,Зеленоград,Элта,Технолог,,2026-02-07T11:45:18+0300,https://hh.ru/vacancy/128866645,материаловедение
130209211,Руководитель отдела дизайна,,,,between3And6,fullDay,full,Москва,Городские Проекты,"Дизайнер, художник","Управление командой,3D Max,Adobe Photoshop,Разработка дизайн-концепции,Руководство коллективом,Стратегия развития архитектуры,дизайн экстерьера",2026-02-08T14:41:39+0300,https://hh.ru/vacancy/130209211,материаловедение
129595070,Инженер-проектировщик,,,,between1And3,fullDay,full,Москва,Новые Промышленные Технологии,"Инженер-конструктор, инженер-проектировщик","Проектирование,Нормативно-техническая документация,AutoCAD,Компас-3D",2026-02-07T15:37:51+0300,https://hh.ru/vacancy/129595070,материаловедение
129411521,Инженер-конструктор,150000,150000,RUR,between1And3,fullDay,full,Москва,Альтер,"Инженер-конструктор, инженер-проектировщик",,2026-02-07T12:00:02+0300,https://hh.ru/vacancy/129411521,материаловедение
130249070,Инженер (керамические материалы),135000,,RUR,noExperience,fullDay,full,Москва,ФГУП НИЦ Курчатовский институт - ВИАМ,"Научный специалист, исследователь",,2026-02-06T16:26:42+0300,https://hh.ru/vacancy/130249070,материаловедение
130173685,Ведущий инженер по контролю качества,120000,,RUR,between3And6,fullDay,full,Москва,ТОП ЭЛОЙ,Контролёр ОТК,"Контроль качества,Внимательность,Материаловедение",2026-02-07T16:17:04+0300,https://hh.ru/vacancy/130173685,материаловедение
130009392,Инженер химик-технолог,70000,,RUR,between1And3,fullDay,full,Липецк,ЭКСПРЕСС,Технолог,,2026-02-07T15:08:41+0300,https://hh.ru/vacancy/130009392,материаловедение
130152248,Инженер (в электротехнологическую лабораторию),55000,,RUR,between1And3,fullDay,full,Тольятти,Тольяттинский Трансформатор,Лаборант,,2026-02-04T09:34:10+0300,https://hh.ru/vacancy/130152248,материаловедение
129270183,Менеджер по продажам оборудования (физико-механические испытания),150000,,RUR,between1And3,fullDay,full,Москва,Люкон Про,"Менеджер по продажам, менеджер по работе с клиентами","Английский язык,Заключение договоров,Сопровождение клиентов,Работа с клиентами,Ведение переговоров,B2B Продажи,SPIN-продажи,Консультирование клиентов,1C: ERP,Деловая коммуникация",2026-02-08T09:53:19+0300,https://hh.ru/vacancy/129270183,материаловедение
130205477,Координатор отдела продаж/Менеджер проектов,,,,between3And6,fullDay,full,Санкт-Петербург,Мелитэк,Координатор отдела продаж,"Деловое общение,Документальное сопровождение,Заключение договоров",2026-02-08T13:28:46+0300,https://hh.ru/vacancy/130205477,материаловедение
129927355,Дизайнер интерьеров,35000,70000,RUR,between3And6,fullDay,part,Пермь,Дома Дом,"Дизайнер, художник","Дизайн интерьера,Adobe Photoshop,CorelDRAW,Деловое общение,Прямые продажи,Дизайн,3ds Max,Составление смет,ArchiCAD,Деловая переписка,Деловая коммуникация,Телефонные переговоры",2026-02-08T15:59:35+0300,https://hh.ru/vacancy/129927355,материаловедение
129664013,Менеджер по продажам (лабораторное и испытательное оборудование),100000,,RUR,between1And3,fullDay,full,Санкт-Петербург,МИЛЛАБ,"Менеджер по продажам, менеджер по работе с клиентами","Лабораторное оборудование,Продажа оборудования для лабораторий,Продажа дополнительных услуг и оборудования,Поиск и привлечение клиентов,Телефонные переговоры,Работа в команде,Химические методы анализа",2026-02-07T15:39:44+0300,https://hh.ru/vacancy/129664013,материаловедение
129297702,Дизайнер-технолог одежды,95000,115000,RUR,between3And6,fullDay,full,Москва,Магазин Fitpole store,"Дизайнер, художник","Дизайн,Дизайн одежды,Подготовка презентаций,Деловое общение,Работа с большим объемом информации,Обучение и развитие,Организаторские навыки,технолог одежды",2026-02-08T13:55:05+0300,https://hh.ru/vacancy/129297702,материаловедение
130265731,Мастер сварочного производства/Прораб цеха сварки,70000,150000,RUR,between1And3,fullDay,full,Северск (Томская область),Стройэнергохолдинг,"Прораб, мастер СМР","мастер цеха сварки,производитель сварочных работ",2026-02-09T07:36:09+0300,https://hh.ru/vacancy/130265731,материаловедение
130265709,Мастер Сварочного производства/Прораб Цеха сварки,150000,180000,RUR,between1And3,flyInFlyOut,full,Большой Камень,Стройэнергохолдинг,"Прораб, мастер СМР","мастер цеха сварки,производитель сварочных работ",2026-02-09T07:35:24+0300,https://hh.ru/vacancy/130265709,материаловедение
130150686,Инженер - технолог по нанесению покрытий,,,,between3And6,fullDay,full,Уфа,Турбосервис Рус,Технолог,,2026-02-07T09:07:33+0300,https://hh.ru/vacancy/130150686,материаловедение
129756965,Технический директор (производство медицинских изделий г. Дубна),,,,moreThan6,fullDay,full,Дубна (Московская область),РК ЭТАЛОН,Технический директор (CTO),"Организаторские навыки,Управление производством,Разработка нового продукта,Контроль качества,Разработка технических заданий,Управление производственным персоналом,Технический контроль производства,Производственный контроль,Управление процессами",2026-02-09T13:34:44+0300,https://hh.ru/vacancy/129756965,материаловедение
129439215,Лаборант металловедческой лаборатории / Инженер-техник,110000,120000,RUR,moreThan6,fullDay,full,Москва,Общество с ограниченной ответственностью Инженерно-технический центр Строительный контроль,"Токарь, фрезеровщик, шлифовщик",,2026-02-07T18:59:04+0300,https://hh.ru/vacancy/129439215,материаловедение
130162685,Электрогазосварщик,,,,noExperience,fullDay,full,Санкт-Петербург,БРОМО,Сварщик,"Сварочные работы,Производство строительно-монтажных работ,Газовая сварка,Навык сварки экспериментальными методами,Полуавтоматическая сварка,Ручная дуговая сварка,Автоматическая сварка,Сварка металлоконструкций,Сварка нержавеющей стали,Сварка алюминия,Сварка цветных металлов,Исправление дефектов сваркой,Ремонтные работы,Сварка трубопроводов,Преднагрев металла,Настройка параметров работы сварочного оборудования,Материаловедение,Контрольно-измерительные операции",2026-02-07T12:31:05+0300,https://hh.ru/vacancy/130162685,материаловедение
121967121,Инженер-конструктор 3 категории,,,,noExperience,fullDay,full,Ростов-на-Дону,Ростсельмаш,"Инженер-конструктор, инженер-проектировщик","Проектно-конструкторская деятельность,3D Моделирование",2026-02-06T10:12:25+0300,https://hh.ru/vacancy/121967121,материаловедение
130161654,Печатник,65000,,RUR,noExperience,fullDay,full,Тюмень,Рекламно-производственная компании Флагман,Оператор производственной линии,,2026-02-07T12:09:37+0300,https://hh.ru/vacancy/130161654,материаловедение
130205472,Контролер в отдел входного контроля,75000,,RUR,between1And3,fullDay,full,Глазов,Уралхиммаш,Контролёр ОТК,,2026-02-05T13:28:34+0300,https://hh.ru/vacancy/130205472,материаловедение
130248422,Инженер-технолог (303/1-2026),50000,,RUR,between1And3,fullDay,full,Ростов-на-Дону,ФГУП РНИИРС,Технолог,"ЕСКД,ЕСПД,SolidWorks,Компас-3D",2026-02-06T16:10:07+0300,https://hh.ru/vacancy/130248422,материаловедение
130128083,Менеджер по продажам,200000,,RUR,between3And6,fullDay,full,Санкт-Петербург,Искролайн Торговый Дом,"Менеджер по продажам, менеджер по работе с клиентами","B2B Продажи,Поиск и привлечение клиентов,Организация презентаций,Анализ конкурентной среды,Управление отношениями с клиентами,Проведение переговоров,Навыки телефонных продаж,Ведение активных клиентов,Аналитические способности,проведение переговоров с первыми лицами компании,Опытный пользователь ПК,Навыки ведения переговоров,Навыки работы с возражениями,навыки прямых продаж,Умение вести переговоры,подготовка технико-коммерческих предложений,Умение общаться с людьми,Желание зарабатывать,Продажа комплексных проектов,Работа в команде,CRM,Деловая переписка,Работа на выставках,Развитие продаж,Клиентоориентированность,Деловая коммуникация",2026-02-09T13:23:08+0300,https://hh.ru/vacancy/130128083,материаловедение
129803317,Фармацевт на склад Ozon fresh (м. Каширская),98000,,RUR,between1And3,fullDay,full,Москва,Ozon,Фармацевт-провизор,"Приемка товара,Фармакологический надзор,Медицинская документация,Управление складскими запасами,Ротация товара,Отчеты по товарам,Акты списания товаров,Товарная накладная,Оприходование товара,Выкладка товара,Проведение инвентаризаций,Учет товаров,Оформление торгового зала,Контроль остатков,Хранение документов,Знание препаратов,Регистрация лекарственных средств,Навыки продаж,Медицинское оборудование,Складской Учет,1С: Розница,Организаторские навыки,Материаловедение,Оформление витрин,Товарно-транспортная накладная,Контроль упаковки,Контроль маркировки,Учет ТМЦ,Оформление товарно-сопроводительных документов,Оптимизация товарных запасов",2026-02-07T14:29:05+0300,https://hh.ru/vacancy/129803317,материаловедение
129877844,Инженер-конструктор,150000,180000,RUR,between1And3,fullDay,full,Москва,ГЭС-Монтаж,"Инженер-конструктор, инженер-проектировщик",,2026-02-07T14:23:07+0300,https://hh.ru/vacancy/129877844,материаловедение
130202445,Монтажник электрооборудования летательных аппаратов,54400,54400,RUR,between1And3,fullDay,full,Энгельс,356 Авиационный Ремонтный Завод,Монтажник,,2026-02-05T12:24:20+0300,https://hh.ru/vacancy/130202445,материаловедение
129656167,Инженер-сметчик,100000,120000,RUR,between3And6,flexible,full,Севастополь,ИНЖЕНЕРСТРОЙ-92,"Инженер ПТО, инженер-сметчик","Гранд-смета,Сметное дело,Составление документации,КС-2,КС-3,КС-6а,Планирование строительных работ,Строительные расчёты,Чтение чертежей,Знание нормативной документации ГОСТ и СНиП,Строительный контроль,Взаимодействие с субподрядными организациями",2026-02-07T14:10:04+0300,https://hh.ru/vacancy/129656167,материаловедение
130159567,Технолог экспериментального цеха,,,,moreThan6,fullDay,full,Москва,Kits,Технолог,"Контроль качества,Организация производственной линии,Контроль сотрудников,Контроль выполнения задач,Разработка должностных инструкций,Автоматизация процессов,Разработка технической документации,Управление конфликтами,Управление требованиями,Наставничество,Расчет себестоимости,Проведение инструктажей,Работа с CRM,Электронный архив,Швейная",2026-02-07T11:35:09+0300,https://hh.ru/vacancy/130159567,материаловедение
129902461,Инженер-технолог литейного производства алюминия,150000,200000,RUR,between3And6,fullDay,full,Москва,Алю сорт,Технолог,,2026-02-08T09:24:55+0300,https://hh.ru/vacancy/129902461,материаловедение
130205007,Инженер-конструктор,60000,,RUR,between1And3,fullDay,full,Пенза,Научно-исследовательский и конструкторский институт радиоэлектронной техники (НИКИРЭТ),"Инженер-конструктор, инженер-проектировщик",,2026-02-05T13:16:31+0300,https://hh.ru/vacancy/130205007,материаловедение
129785246,Ведущий инженер-технолог,140000,,RUR,between3And6,fullDay,full,Санкт-Петербург,НПФ ЦКБА,Технолог,"Техническая документация,Технический контроль производства,Чтение проектной документации,Разработка технических заданий,Технологии машиностроения и приборостроения",2026-02-07T09:51:03+0300,https://hh.ru/vacancy/129785246,материаловедение
130102161,Полевой специалист – Химические реагенты для нефтегазовых применений \ Field Specialist,,,,moreThan6,fullDay,full,Москва,Aramco Innovations,"Научный специалист, исследователь","Английский язык,Нефтегазовое оборудование,Проведение презентаций",2026-02-08T17:10:56+0300,https://hh.ru/vacancy/130102161,материаловедение
130120535,Конструктор - технолог женской одежды в бренд SELA,,,,between1And3,fullDay,full,Санкт-Петербург,Мэлон Фэшн Груп,"Дизайнер, художник","Adobe Photoshop,Английский язык,Деловая коммуникация,Креативность",2026-02-03T11:13:42+0300,https://hh.ru/vacancy/130120535,материаловедение
129270126,"Менеджер по продажам оборудования (аналитическое, испытательное, неразрушающий контроль)",150000,,RUR,between1And3,fullDay,full,Москва,Люкон Про,"Менеджер по продажам, менеджер по работе с клиентами","Контроль качества,Деловая переписка,Английский язык,Грамотная речь,Проведение презентаций,Телефонные переговоры,Подготовка коммерческих предложений,Поиск и привлечение клиентов,Развитие продаж,Навыки переговоров,Заключение договоров",2026-02-08T09:52:57+0300,https://hh.ru/vacancy/129270126,материаловедение
127422581,Инженер-конструктор,127000,,RUR,noExperience,fullDay,full,Ульяновск,"Алабуга, ОЭЗ ППТ","Инженер-конструктор, инженер-проектировщик","Компас 3D,SolidWorks",2026-02-07T19:14:05+0300,https://hh.ru/vacancy/127422581,материаловедение
127422582,Инженер-конструктор,127000,,RUR,noExperience,fullDay,full,Томск,"Алабуга, ОЭЗ ППТ","Инженер-конструктор, инженер-проектировщик","Компас 3D,SolidWorks",2026-02-07T19:14:05+0300,https://hh.ru/vacancy/127422582,материаловедение
127422574,Инженер-конструктор,127000,,RUR,noExperience,fullDay,full,Санкт-Петербург,"Алабуга, ОЭЗ ППТ","Инженер-конструктор, инженер-проектировщик","Компас 3D,SolidWorks",2026-02-07T19:14:04+0300,https://hh.ru/vacancy/127422574,материаловедение
130103599,"Специалист по стандартизации, сертификации и менеджменту качества в области производства ЛКМ и огнез",,,,between1And3,fullDay,full,Одинцово (Московская область),Патриот,Инженер по качеству,"Контроль качества,Управление производством,Управление качеством,Сертификация продукции,Производственное планирование,Написание процедур,разработка нормативных документов",2026-02-08T17:58:39+0300,https://hh.ru/vacancy/130103599,материаловедение
130150700,Инженер - технолог по нанесению покрытий,,,,between3And6,fullDay,full,Пермь,Турбосервис Рус,Технолог,,2026-02-07T09:07:58+0300,https://hh.ru/vacancy/130150700,материаловедение
130167690,Младший дизайнер одежды,138000,,RUR,between1And3,fullDay,full,Зеленоград,МОНОХРОМ,"Дизайнер, художник","Дизайн,Точность и внимательность к деталям,CorelDRAW,Разработка фирменного стиля,Иллюстрирование,Дизайн одежды,Adobe Photoshop,Умение работать в коллективе,Adobe Illustrator",2026-02-07T14:14:22+0300,https://hh.ru/vacancy/130167690,материаловедение
129780096,Специалист по маркетингу и поддержке продаж,50000,65000,RUR,noExperience,fullDay,full,Челябинск,Опытный завод УралНИИстром,"Менеджер по маркетингу, интернет-маркетолог",,2026-02-07T08:08:21+0300,https://hh.ru/vacancy/129780096,материаловедение
130013713,Менеджер по продажам систем рентгенофлуоресцентного анализа (РФА) и рентгеновской дифракции (РД),150000,450000,RUR,between1And3,fullDay,full,Москва,Синеркон,"BI-аналитик, аналитик данных",,2026-02-07T16:05:49+0300,https://hh.ru/vacancy/130013713,материаловедение
129881007,Технолог,100000,,RUR,noExperience,fullDay,full,Москва,ГАММА-ПЛАСТ,Технолог,"Знания в области полимеров и процессов переработки.,Умение вести техническую и технологическую документацию.",2026-02-07T15:06:39+0300,https://hh.ru/vacancy/129881007,материаловедение
129304345,Инженер-технолог в конструкторско-технологический отдел ЭИК,115000,130000,RUR,between1And3,fullDay,full,Москва,Акционерное общество Национальный центр вертолетостроения им. М.Л. Миля и Н.И. Камова,Технолог,"AutoCAD,Microsoft Office,Excel",2026-02-06T10:09:47+0300,https://hh.ru/vacancy/129304345,материаловедение
130161407,Специалист по проектированию антенн для связи (радиотехника/антенны),,,,between1And3,fullDay,full,Москва,Научно-Производственное Объединение Кайсант,"Инженер-энергетик, инженер-электрик",,2026-02-07T12:05:55+0300,https://hh.ru/vacancy/130161407,материаловедение
127986051,Инженер-технолог по окраске,110000,130000,RUR,between1And3,fullDay,full,Набережные Челны,Технотрон,Технолог,,2026-02-06T14:58:24+0300,https://hh.ru/vacancy/127986051,материаловедение
129781195,Фрезеровщик,100000,150000,RUR,between1And3,fullDay,full,Екатеринбург,Петалова Оксана Александровна,"Токарь, фрезеровщик, шлифовщик","Чтение чертежей,Станки ЧПУ,Фрезерные работы,Металлообработка,Точность и внимательность к деталям,Контроль качества,Программирование станков с ЧПУ,ЧПУ,ЧПУ-оборудование,Linux,Simens,Fanuc,Диагностика оборудования,Ответственность,Программирование,Компас 3D,Solid Works",2026-02-07T08:37:38+0300,https://hh.ru/vacancy/129781195,материаловедение
130192849,Инженер-лаборант лаборатории физико-механических испытаний,51800,61600,RUR,between1And3,fullDay,full,Тюмень,Тюменские моторостроители,Лаборант,"Пользователь ПК,Разработка инструкций,Ведение документации,Internet,Техническая документация",2026-02-05T09:28:25+0300,https://hh.ru/vacancy/130192849,материаловедение
130250463,Слесарь - судоремонтник,100000,125000,RUR,between3And6,fullDay,full,Мурманск,Мурманский Судоремонтный Завод,"Слесарь, сантехник","Ремонтные работы,Монтаж металлоконструкций,Контроль качества,Материаловедение,Точность и внимательность к деталям",2026-02-06T16:54:41+0300,https://hh.ru/vacancy/130250463,материаловедение
129921284,Директор по производству,100000,,RUR,moreThan6,fullDay,full,Тольятти,Деталь-Ресурс,Начальник производства,"Управление производством,Обучение и развитие,Стратегическое мышление,Организаторские навыки,Руководство коллективом,Бережливое производство,Оперативное планирование,Деловая коммуникация,Охрана труда и техника безопасности,Управление процессами,Расстановка приоритетов",2026-02-08T14:13:01+0300,https://hh.ru/vacancy/129921284,материаловедение
130000640,"Инженер-конструктор (гидромеханическое оборудование, малые ГЭС)",80000,,RUR,between3And6,fullDay,full,Москва,EcoEnergy Group,"Инженер-конструктор, инженер-проектировщик",,2026-02-07T13:03:40+0300,https://hh.ru/vacancy/130000640,материаловедение
126455548,Специалист / Ведущий специалист строительной лаборатории (Египет),,,,between1And3,fullDay,full,Москва,ИНЖИНИРИНГОВЫЙ ДИВИЗИОН ГОСКОРПОРАЦИИ РОСАТОМ,Лаборант,,2026-02-06T17:15:08+0300,https://hh.ru/vacancy/126455548,материаловедение
130054447,Цеховой технолог,150000,,RUR,between1And3,fullDay,full,Москва,РУСПЛАСТ,Технолог,,2026-02-06T16:08:49+0300,https://hh.ru/vacancy/130054447,материаловедение
130160175,Эксперт-строитель,50000,55000,RUR,noExperience,fullDay,full,Ярославль,ФБУ Ярославская ЛСЭ Минюста России,Другое,,2026-02-04T11:46:04+0300,https://hh.ru/vacancy/130160175,материаловедение
130001208,Технолог швейных изделий,,,,between3And6,fullDay,full,Москва,Планета Сириус,Технолог,"CorelDRAW,Технолог,Пользователь ПК,оформление документации,Документальное сопровождение,Техническая документация,Конфекционные карты,Нормирование материалов",2026-02-06T15:11:16+0300,https://hh.ru/vacancy/130001208,материаловедение
130147375,Инженер-конструктор (гидравлик),100000,,RUR,between3And6,fullDay,full,Томск,НПП Автоматика,"Инженер-конструктор, инженер-проектировщик",,2026-02-04T07:24:30+0300,https://hh.ru/vacancy/130147375,материаловедение
130244625,Специалист отдела допуска импортной продукции,83500,83500,RUR,between1And3,fullDay,full,Нижний Новгород,Современные Трубопроводные Системы,Инженер по качеству,,2026-02-06T14:46:31+0300,https://hh.ru/vacancy/130244625,материаловедение
130258189,Машинист технологических насосов (компрессоров) 5-6 разряда,98000,,RUR,between1And3,fullDay,full,Нижнекамск,АО ТАНЕКО,Машинист,,2026-02-07T19:58:53+0300,https://hh.ru/vacancy/130258189,материаловедение
130211302,Стажер службы исследований и разработок / Agile R&D Intern,,,,noExperience,fullDay,project,Екатеринбург,Арнест ЮниРусь,"Научный специалист, исследователь",,2026-02-05T15:05:47+0300,https://hh.ru/vacancy/130211302,материаловедение
126043736,Инженер испытательной лаборатории (бетон),,,,between3And6,fullDay,full,Москва,СТС,Другое,"Росаккредитация,Документальное сопровождение,Лабораторная работа,Работа с документами",2026-02-06T08:09:46+0300,https://hh.ru/vacancy/126043736,материаловедение
127901417,Инженер-конструктор,120000,,RUR,between1And3,fullDay,full,Москва,Медиа Эффект,"Инженер-конструктор, инженер-проектировщик",,2026-02-04T10:12:54+0300,https://hh.ru/vacancy/127901417,материаловедение
128580569,Главный технолог (компаунды),250000,400000,RUR,moreThan6,fullDay,full,Москва,РУСПЛАСТ,Технолог,полимерное сырье,2026-02-06T16:08:52+0300,https://hh.ru/vacancy/128580569,материаловедение
130206290,"Инженер-конструктор 1, 2, 3 категории",45000,,RUR,between1And3,fullDay,full,Саратов,НПП Алмаз,"Инженер-конструктор, инженер-проектировщик","Пользователь ПК,AutoCAD,ЕСКД,ГОСТ,Компас-3D",2026-02-05T13:46:44+0300,https://hh.ru/vacancy/130206290,материаловедение
130242915,Инженер-конструктор металлоизделий,200000,,RUR,between3And6,fullDay,full,Щелково (Московская область),ЭЛМАС,"Инженер-конструктор, инженер-проектировщик","Опытный пользователь SolidWorks,Материаловедение и технологии обработки металлов,Инженерная механика и прочность материалов,Нормативная документация (ГОСТы, СНиПы, ЕСКД и т.д.),Анализ и решение проблем,Работа в команде и коммуникации,Чтение и понимание технической документации,Постоянное самообразование и стремление к новым знаниям",2026-02-06T14:07:40+0300,https://hh.ru/vacancy/130242915,материаловедение
130231181,Дизайнер-конструктор корпусной мебели,55000,130000,RUR,between1And3,fullDay,full,Смоленск,Рамира,"Дизайнер, художник","Про100,Adobe InDesign",2026-02-06T10:00:43+0300,https://hh.ru/vacancy/130231181,материаловедение
127589426,Электрогазосварщик,140000,163000,RUR,between3And6,fullDay,full,Санкт-Петербург,НПП ОРИОН,Сварщик,"Сварочные работы,Монтаж металлоконструкций,Нормативно-техническая документация,Машиностроение,Опыт работы на производстве,Полуавтоматическая сварка,Ручная дуговая сварка,Сварка нержавеющей стали,Сварка цветных металлов,Материаловедение,Аргонодуговая сварка",2026-02-06T08:58:45+0300,https://hh.ru/vacancy/127589426,материаловедение
130216169,Начальник цеха автоматизации,,,,between3And6,fullDay,full,Саратов,Группа компаний БТК,Начальник производства,"Руководство коллективом,Управление процессами,Знание технологии швейного производства,Пользователь ПК",2026-02-05T15:58:53+0300,https://hh.ru/vacancy/130216169,материаловедение
130223432,Инженер 2 категории/Лаборатория готовой продукции,,,,between1And3,fullDay,full,Санкт-Петербург,Норникель,"Научный специалист, исследователь",,2026-02-06T03:03:05+0300,https://hh.ru/vacancy/130223432,материаловедение
130071176,Наладчик станков мебельного производства,90000,,RUR,between1And3,fullDay,full,Электрогорск (Московская область),Каскада-М,Оператор станков с ЧПУ,"Точность и внимательность к деталям,Ремонтные работы,Пуско-наладочные работы,Техническое обслуживание,Контроль исправности оборудования,Станки ЧПУ,Деревообработка,Техническая документация,Техническая эксплуатация,Технический контроль производства,Умение читать чертежи,оформление документации",2026-02-02T08:28:36+0300,https://hh.ru/vacancy/130071176,материаловедение
130071177,Наладчик станков мебельного производства,90000,,RUR,between1And3,fullDay,full,Павловский Посад (Московская область),Каскада-М,Оператор станков с ЧПУ,"Точность и внимательность к деталям,Ремонтные работы,Пуско-наладочные работы,Техническое обслуживание,Контроль исправности оборудования,Станки ЧПУ,Деревообработка,Техническая документация,Техническая эксплуатация,Технический контроль производства,Умение читать чертежи,оформление документации",2026-02-02T08:28:36+0300,https://hh.ru/vacancy/130071177,материаловедение
130071178,Наладчик станков мебельного производства,90000,,RUR,between1And3,fullDay,full,Орехово-Зуево (Московская область),Каскада-М,Оператор станков с ЧПУ,"Точность и внимательность к деталям,Ремонтные работы,Пуско-наладочные работы,Техническое обслуживание,Контроль исправности оборудования,Станки ЧПУ,Деревообработка,Техническая документация,Техническая эксплуатация,Технический контроль производства,Умение читать чертежи,оформление документации",2026-02-02T08:28:36+0300,https://hh.ru/vacancy/130071178,материаловедение
130174130,Мастер производственного обучения по работе на станках ЧПУ,70000,,RUR,between1And3,fullDay,full,Санкт-Петербург,Санкт-Петербургский политехнический университет Петра Великого (ФГАОУ ВО СПбПУ),Другое,"Станки ЧПУ,Производственный контроль,Ведение отчетности,Материаловедение и технологии материалов,Технический контроль производства",2026-02-04T16:27:39+0300,https://hh.ru/vacancy/130174130,материаловедение
130174131,Мастер производственного обучения по работе на станках ЧПУ,70000,,RUR,between1And3,fullDay,full,Всеволожск,Санкт-Петербургский политехнический университет Петра Великого (ФГАОУ ВО СПбПУ),Другое,"Станки ЧПУ,Производственный контроль,Ведение отчетности,Материаловедение и технологии материалов,Технический контроль производства",2026-02-04T16:27:39+0300,https://hh.ru/vacancy/130174131,материаловедение
98201304,Инженер-материаловед (инженер-металловед) Академгородок,64500,100500,RUR,between1And3,fullDay,full,Новосибирск,ИК ЦТО,Технолог,"Деловая коммуникация,Научные исследования,Химические методы анализа,Металловедение,Материаловедение,Микроструктурный анализ,Металлографический анализ",2026-02-06T11:30:49+0300,https://hh.ru/vacancy/98201304,материаловедение
129455342,Инженер (порошковая металлургия),80000,120000,RUR,between1And3,fullDay,full,Москва,ФГУП НИЦ Курчатовский институт - ВИАМ,Технолог,,2026-01-30T16:52:24+0300,https://hh.ru/vacancy/129455342,материаловедение
109163434,Инженер-электронщик,120000,180000,RUR,noExperience,fullDay,full,Москва,МФТИ,"Инженер-электроник, инженер-электронщик",Схемотехника электронного оборудования,2026-02-06T08:45:55+0300,https://hh.ru/vacancy/109163434,материаловедение
130165849,Продакт Менеджер (fashion),,,,between3And6,fullDay,full,Москва,Люмьер Мажик,Менеджер продукта,"Ассортиментная матрица,Международные рынки,Fashion,Расчеты с поставщиками и подрядчиками,Планирование ресурсов,Материаловедение,Оптимизация производственных процессов,Дизайн одежды",2026-02-04T13:37:22+0300,https://hh.ru/vacancy/130165849,материаловедение
130233680,Инженер-конструктор,127500,,RUR,noExperience,fullDay,full,Москва,"Алабуга, ОЭЗ ППТ","Инженер-конструктор, инженер-проектировщик","Компас-3D,SolidWorks,MS Office",2026-02-06T10:51:50+0300,https://hh.ru/vacancy/130233680,материаловедение
130233681,Инженер-конструктор,127500,,RUR,noExperience,fullDay,full,Санкт-Петербург,"Алабуга, ОЭЗ ППТ","Инженер-конструктор, инженер-проектировщик","Компас-3D,SolidWorks,MS Office",2026-02-06T10:51:50+0300,https://hh.ru/vacancy/130233681,материаловедение
130233682,Инженер-конструктор,127500,,RUR,noExperience,fullDay,full,Казань,"Алабуга, ОЭЗ ППТ","Инженер-конструктор, инженер-проектировщик","Компас-3D,SolidWorks,MS Office",2026-02-06T10:51:50+0300,https://hh.ru/vacancy/130233682,материаловедение
109164823,Инженер-схемотехник,150000,300000,RUR,between3And6,fullDay,full,Москва,МФТИ,"Инженер-электроник, инженер-электронщик",,2026-02-06T08:46:09+0300,https://hh.ru/vacancy/109164823,материаловедение
130180853,Инженер по контролю качества,150000,,RUR,between1And3,shift,full,Набережные Челны,"Алабуга, ОЭЗ ППТ",Инженер по качеству,,2026-02-04T18:15:11+0300,https://hh.ru/vacancy/130180853,материаловедение
130180854,Инженер по контролю качества,150000,,RUR,between1And3,shift,full,Елабуга,"Алабуга, ОЭЗ ППТ",Инженер по качеству,,2026-02-04T18:15:11+0300,https://hh.ru/vacancy/130180854,материаловедение
130180855,Инженер по контролю качества,150000,,RUR,between1And3,shift,full,Ижевск,"Алабуга, ОЭЗ ППТ",Инженер по качеству,,2026-02-04T18:15:11+0300,https://hh.ru/vacancy/130180855,материаловедение
129420425,Инженер-конструктор медицинского оборудования,130000,170000,RUR,between3And6,fullDay,full,Санкт-Петербург,Физиотехника,"Инженер-конструктор, инженер-проектировщик","Компас-3D,Чтение чертежей,Сборочный чертеж,Ведение документации,Точность и внимательность к деталям,ЕСКД,SolidWorks,Техническая документация,Разработка технической документации",2026-02-07T13:47:03+0300,https://hh.ru/vacancy/129420425,материаловедение
130233042,Инженер-конструктор,127500,,RUR,noExperience,fullDay,full,Москва,"Алабуга, ОЭЗ ППТ","Инженер-конструктор, инженер-проектировщик","Компас-3D,SolidWorks,MS Office",2026-02-06T10:37:53+0300,https://hh.ru/vacancy/130233042,материаловедение
130233043,Инженер-конструктор,127500,,RUR,noExperience,fullDay,full,Санкт-Петербург,"Алабуга, ОЭЗ ППТ","Инженер-конструктор, инженер-проектировщик","Компас-3D,SolidWorks,MS Office",2026-02-06T10:37:53+0300,https://hh.ru/vacancy/130233043,материаловедение
130233044,Инженер-конструктор,127500,,RUR,noExperience,fullDay,full,Уфа,"Алабуга, ОЭЗ ППТ","Инженер-конструктор, инженер-проектировщик","Компас-3D,SolidWorks,MS Office",2026-02-06T10:37:53+0300,https://hh.ru/vacancy/130233044,материаловедение
124453823,Руководитель службы инженерии серийной жизни (Сварки и штамповки),,,,between3And6,fullDay,full,Москва,МАЗ «Москвич»,Начальник производства,,2026-02-06T16:43:37+0300,https://hh.ru/vacancy/124453823,материаловедение
130205132,Инженер-сметчик,140000,,RUR,moreThan6,fullDay,full,Видное (Московская область),ТИТАНИУМ КОНСТРАКШН,"Инженер ПТО, инженер-сметчик","Сметы,Составление смет,Гранд-смета,Строительство,Деловая переписка,Проектная документация,Чтение чертежей,Работа с большим объемом информации,Точность и внимательность к деталям,Сопровождение договоров подряда,СНиП",2026-02-05T13:19:55+0300,https://hh.ru/vacancy/130205132,материаловедение
130202815,Руководитель отдела разработки женской верхней одежды,,,,between3And6,fullDay,full,Москва,Fashion компания,Другое,,2026-02-05T12:32:16+0300,https://hh.ru/vacancy/130202815,материаловедение
129874565,"Начальник смены по производству ячеек для литий-ионных аккумуляторов, г. Троицк (РЭНЕРА)",,,,between3And6,fullDay,full,Москва,Гринатом,Начальник производства,,2026-02-06T15:53:20+0300,https://hh.ru/vacancy/129874565,материаловедение
129470503,Ведущий Конструктор / Технолог мебели,150000,230000,RUR,between3And6,fullDay,full,Москва,Эни Хоум,Технолог,"3D Моделирование,Разработка технических заданий,Чтение проектной документации,Расчет себестоимости,Составление технологических карт,проектирование мебели,Базис-Мебельщик,Конструирование мебели,Корпусная мебель,Мебельное производство,Фурнитура,Работа с заказчиками,Управление проектами,Продажи премиум-сегмента,смета,работа с b2b,дизайн мебели,SolidWorks",2026-02-08T13:35:23+0300,https://hh.ru/vacancy/129470503,материаловедение
109164358,Старший научный сотрудник,180000,300000,RUR,between3And6,fullDay,full,Москва,МФТИ,"Научный специалист, исследователь",,2026-02-06T08:46:34+0300,https://hh.ru/vacancy/109164358,материаловедение
130223855,Инженер группы получения разрешений и ввода объектов отдела капитального строительства,66000,,RUR,between1And3,fullDay,full,Комсомольск-на-Амуре,"Росводоканал,ООО","Инженер ПТО, инженер-сметчик","Сопровождение строительства,Взаимодействие с разрешительными органами,Электронный документооборот,Согласование договоров,Договорная работа,Строительство,Документальное сопровождение,Работа с большим объемом информации,Взаимодействие с надзорными организациями",2026-02-06T05:12:30+0300,https://hh.ru/vacancy/130223855,материаловедение
130196542,Рабочий на производство,95000,,RUR,between1And3,fullDay,full,Москва,Sunlight,Разнорабочий,"Непрерывное производство,Работа в команде,Контроль качества,Сварка цветных металлов,Материаловедение,Станки ЧПУ",2026-02-05T10:37:02+0300,https://hh.ru/vacancy/130196542,материаловедение
129861555,Электрогазосварщик (Мосэнерго),110500,155000,RUR,between1And3,fullDay,full,Москва,Стройтранслогистик,Сварщик,"Сварочные работы,Сварка металлоконструкций,Газовая сварка,Проверка исправности сварочного оборудования,Настройка параметров работы сварочного оборудования,Абразивная зачистка рабочих поверхностей,Материаловедение,Сварка алюминия,Сварка нержавеющей стали,Сварка цветных металлов,Аргонодуговая сварка,Ручная дуговая сварка,Полуавтоматическая сварка,Сварка трубопроводов,Автоматическая сварка,Преднагрев металла,Исправление дефектов сваркой,Навык сварки экспериментальными методами,Проверка наличия заземления,ЕСКД,Использование оснастки для предварительной сборки конструкций,ЕСТД,Выбор пространственного положения сварного шва,Контрольно-измерительные операции,Монтаж трубопроводов,Ремонтные работы,Монтаж металлоконструкций,Монтаж инженерных систем,Знание свойств металлов,Технологии металлургии",2026-02-07T11:00:03+0300,https://hh.ru/vacancy/129861555,материаловедение
128446612,Инженер-конструктор РЭА,127500,,RUR,noExperience,fullDay,full,Рязань,"Алабуга, ОЭЗ ППТ","Инженер-конструктор, инженер-проектировщик","Компас-3D,SolidWorks",2026-02-05T17:36:39+0300,https://hh.ru/vacancy/128446612,материаловедение
128990489,Бухгалтер по расчету заработной платы,60000,64000,RUR,moreThan6,fullDay,full,Улан-Удэ,Федеральное государственное бюджетное учреждение науки Институт физического материаловедения Сибирского отделения Российской академии наук,Бухгалтер,"Бюджетирование,Финансовый контроль,Планирование,1С: Бухгалтерия,Работа с большим объемом информации,Деловое общение,Финансовая отчетность,Экономический анализ,Финансовый анализ,Электронная почта",2026-01-21T09:13:50+0300,https://hh.ru/vacancy/128990489,материаловедение
130223849,Руководитель группы получения разрешений и ввода объектов отдела капитального строительства,80000,,RUR,between3And6,fullDay,full,Комсомольск-на-Амуре,"Росводоканал,ООО",Руководитель строительного проекта,"Строительство,Проектная документация,Технический надзор,Взаимодействие с надзорными организациями,Взаимодействие с разрешительными органами,Работа с большим объемом информации,Взаимодействие с контрольными органами",2026-02-06T05:11:36+0300,https://hh.ru/vacancy/130223849,материаловедение
128323506,Инженер-программист,150000,200000,RUR,between3And6,fullDay,full,Санкт-Петербург,Завод Специальной Оснастки,"Программист, разработчик",,2026-02-05T09:32:08+0300,https://hh.ru/vacancy/128323506,материаловедение
130168739,Технолог,100,200,RUR,between3And6,flyInFlyOut,full,Саранск,Ост Клинкер,Технолог,"Производственный контроль,Управление испытательной лабораторией",2026-02-04T14:36:47+0300,https://hh.ru/vacancy/130168739,материаловедение
130162881,Сборщик элементов электродвигателей,45000,,RUR,noExperience,fullDay,full,Пермь,Роботех,Другое,,2026-02-04T12:34:33+0300,https://hh.ru/vacancy/130162881,материаловедение
129410469,Инженер-технолог электронного производства (SMT/THT),,,,between1And3,fullDay,full,Москва,КАРТАС,Технолог,"Техническая документация,Технический контроль производства,Точность и внимательность к деталям,Составление технологических карт,Технологии электронной промышленности,Разработка технической документации,Технологический аудит",2026-02-07T11:46:55+0300,https://hh.ru/vacancy/129410469,материаловедение
130181247,Специалист по аналитическим методам исследования,150000,,RUR,between1And3,shift,full,Ижевск,"Алабуга, ОЭЗ ППТ",Другое,РЭА,2026-02-04T18:45:16+0300,https://hh.ru/vacancy/130181247,материаловедение
130181248,Специалист по аналитическим методам исследования,150000,,RUR,between1And3,shift,full,Елабуга,"Алабуга, ОЭЗ ППТ",Другое,РЭА,2026-02-04T18:45:16+0300,https://hh.ru/vacancy/130181248,материаловедение
130181249,Специалист по аналитическим методам исследования,150000,,RUR,between1And3,shift,full,Уфа,"Алабуга, ОЭЗ ППТ",Другое,РЭА,2026-02-04T18:45:16+0300,https://hh.ru/vacancy/130181249,материаловедение
130223164,Инженер-технолог композитного производства,,,,between1And3,fullDay,full,Москва,РУСЛЕТ,Технолог,,2026-02-06T00:02:51+0300,https://hh.ru/vacancy/130223164,материаловедение
130215024,Продакт-менеджер,130000,,RUR,between1And3,fullDay,full,Москва,ReadyOnline (ИП Максименкова Марина Сергеевна),Менеджер продукта,"Продуктовая стратегия,Основы маркетинга,Маркетинговый анализ,Unit-экономика,Продуктовые метрики,UX-исследования,Риск-менеджмент,Разработка продуктовой концепции,Уникальное торговое предложение,Аналитическое мышление",2026-02-05T15:44:13+0300,https://hh.ru/vacancy/130215024,материаловедение
130144775,Инженер-конструктор,120000,172400,RUR,between1And3,remote,full,Москва,Савенко Сергей Валериевич,"Инженер-конструктор, инженер-проектировщик","AutoCAD,SOLID",2026-02-04T00:54:27+0300,https://hh.ru/vacancy/130144775,материаловедение
128310426,Конструктор одежды-технолог LOVE REPUBLIC,,,,between3And6,fullDay,full,Санкт-Петербург,Мэлон Фэшн Груп,"Швея, портной, закройщик",САПР,2026-02-05T13:38:18+0300,https://hh.ru/vacancy/128310426,материаловедение
129528179,Начальник участка/управляющий объектом,250000,,RUR,between1And3,flyInFlyOut,full,Москва,Велта Ойл,"Начальник смены, мастер участка","Знание кассовой дисциплины,Проведение инвентаризаций,1С: Розница,Материаловедение,Управление складскими запасами,Планирование товарных запасов",2026-02-04T13:35:06+0300,https://hh.ru/vacancy/129528179,материаловедение
130182170,Технолог-конструктор,80000,,RUR,between3And6,fullDay,full,Санкт-Петербург,Промснаб,"Инженер-конструктор, инженер-проектировщик",,2026-02-04T19:47:07+0300,https://hh.ru/vacancy/130182170,материаловедение
119445464,Мастер маникюра,50000,300000,RUR,noExperience,fullDay,full,Санкт-Петербург,ПИLКИ,Другое,"Внимательность,Педантичность,Пунктуальность",2026-02-06T13:15:57+0300,https://hh.ru/vacancy/119445464,материаловедение
129425487,Слесарь-ремонтник котельного отделения,60000,,RUR,between1And3,shift,full,Армавир,Аполинария,"Слесарь, сантехник","Слесарные работы,Умение работать в команде,Пользователь ПК,Работа в команде,Ремонтные работы",2026-02-05T10:58:12+0300,https://hh.ru/vacancy/129425487,материаловедение
129952145,Директор по продуктовому маркетингу,,,,between3And6,fullDay,full,Москва,Балтийский Текстиль,Директор по маркетингу и PR (CMO),"Управление командой,Разработка стратегии продвижения продуктов,Разработка нового продукта,Анализ бизнес показателей,Ценообразование,Управление ассортиментом",2026-02-06T17:25:02+0300,https://hh.ru/vacancy/129952145,материаловедение
130145916,Стажер эксперт-строитель,39100,44300,RUR,noExperience,fullDay,full,Иркутск,ФБУ Иркутская лаборатория судебной экспертизы Минюста России,Другое,,2026-02-04T05:35:52+0300,https://hh.ru/vacancy/130145916,материаловедение
127419189,Инженер-конструктор 3 категории,127000,,RUR,noExperience,fullDay,full,Москва,"Алабуга, ОЭЗ ППТ","Инженер-конструктор, инженер-проектировщик","MS Office,Компас 3D,Solid Works",2026-02-05T17:36:38+0300,https://hh.ru/vacancy/127419189,материаловедение
130149224,Оператор 3д принтера,80000,,RUR,between1And3,fullDay,full,Санкт-Петербург,Диполь,Разнорабочий,,2026-02-04T08:34:51+0300,https://hh.ru/vacancy/130149224,материаловедение
129764046,Инженер-конструктор (РОБОТЫ),120000,,RUR,between3And6,fullDay,full,Пермь,Ригинтел,"Инженер-конструктор, инженер-проектировщик","ЕСКД,Разработка технических заданий,АСУ ТП,Компас-3D,AutoCAD,Бурение скважин",2026-02-05T14:43:51+0300,https://hh.ru/vacancy/129764046,материаловедение
129800855,Инженер-конструктор (специальное технологичное оборудование),150000,,RUR,between3And6,fullDay,full,Москва,Ostec,"Инженер-конструктор, инженер-проектировщик","Компас-3D,Техническая документация,Технологии машиностроения и приборостроения,Разработка технической документации",2026-02-05T14:12:48+0300,https://hh.ru/vacancy/129800855,материаловедение
129427770,Сварщик стыковой сварочной машины,,,,between3And6,fullDay,full,Москва,А101,Сварщик,"Точность и внимательность к деталям,1С: Предприятие 8,1С: Документооборот,Телефонные переговоры,Настройка параметров работы сварочного оборудования,Исправление дефектов сваркой,Автоматическая сварка,Контрольно-измерительные операции,Проверка наличия заземления,Выбор пространственного положения сварного шва,Материаловедение,Абразивная зачистка рабочих поверхностей,Аргонодуговая сварка,Навык сварки экспериментальными методами,Использование оснастки для предварительной сборки конструкций,Сварка цветных металлов,Сварка нержавеющей стали,Сварка трубопроводов,Преднагрев металла,Ручная дуговая сварка,Полуавтоматическая сварка,Проверка исправности сварочного оборудования,Сварка металлоконструкций",2026-02-04T13:06:33+0300,https://hh.ru/vacancy/129427770,материаловедение
130136161,Инженер КИПиА,,,,between3And6,fullDay,full,Нижний Новгород,Даниели Волга,Электромонтажник,"Техническое обслуживание инженерных систем,КИПиА,Автоматизация технологических процессов,Чтение электросхем,Пуско-наладочные работы,Техническое обслуживание оборудования,Наладка оборудования,Ремонт оборудования,Контроль исправности оборудования,Анализ эффективности производственных мероприятий,Организация работы сотрудников,Ведение отчётности,Разработка технической документации",2026-02-06T13:09:50+0300,https://hh.ru/vacancy/130136161,материаловедение
129890935,Инженер-конструктор (авиастроение),127000,,RUR,noExperience,fullDay,full,Уфа,"Алабуга, ОЭЗ ППТ","Инженер-конструктор, инженер-проектировщик","MS Office,Компас 3D,Solid Works",2026-02-05T13:37:05+0300,https://hh.ru/vacancy/129890935,материаловедение
129845299,Ведущий инженер по надзору за строительством,80000,,RUR,between3And6,fullDay,full,Комсомольск-на-Амуре,"Росводоканал,ООО","Инженер ПТО, инженер-сметчик","Проектная документация,Строительный контроль,Технический надзор,Контроль качества,Сопровождение строительства,Ведение документации,Работа с проектной документацией,Взаимодействие с контрольными органами,Работа с большим объемом информации",2026-02-05T02:21:54+0300,https://hh.ru/vacancy/129845299,материаловедение
129329474,Менеджер проектов (Строительные материалы),,,,between1And3,fullDay,full,Челябинск,Маркетпроф,Технолог,"Проектная документация,Техническая документация,Деловая коммуникация,Чтение чертежей",2026-02-04T13:29:29+0300,https://hh.ru/vacancy/129329474,материаловедение
130136390,Инженер Лаборатории инструментальных методов,,,,between1And3,fullDay,full,Москва,Гринатом,Контролёр ОТК,,2026-02-03T15:56:03+0300,https://hh.ru/vacancy/130136390,материаловедение
130105105,Инженер-технолог,90000,125000,RUR,between1And3,fullDay,full,Казань,Центр кадрового развития Профессионал,Технолог,"Подбор оборудования,Разработка технической документации,Чтение проектной документации,Анализ требований,Автоматизация процессов",2026-02-02T19:17:57+0300,https://hh.ru/vacancy/130105105,материаловедение
130215997,Инженер-конструктор 3 категории (металл),115000,,RUR,between1And3,fullDay,full,Тверь,ДКС,"Инженер-конструктор, инженер-проектировщик","ЕСКД,Solid Works,Компас 3D",2026-02-05T15:55:50+0300,https://hh.ru/vacancy/130215997,материаловедение
130160584,"Ведущий инженер-технолог (Отдел теплозащиты, теплоизоляционных и терморегулирующих покрытий)",,,,between3And6,fullDay,full,Королев (Московская область),Ракетно-космическая корпорация Энергия,Технолог,,2026-02-04T11:53:40+0300,https://hh.ru/vacancy/130160584,материаловедение
129529986,Инженер по эксплуатации оборудования,130000,140000,RUR,between1And3,fullDay,full,Санкт-Петербург,"Okil-Sato, полиграфическое производство",Инженер ПНР,"Техническое обслуживание,Техническая эксплуатация,Ремонтные работы,Контроль исправности оборудования,Техническое обслуживание оборудования,Ремонт оборудования,Знание устройства производственного оборудования,Наладка оборудования,Разработка технической документации,Ремонт и обслуживание автоматики,Диагностика неисправностей,Закупка оборудования",2026-02-05T14:57:57+0300,https://hh.ru/vacancy/129529986,материаловедение
129037686,Начальник отдела испытаний и метрологии,,,,between3And6,fullDay,full,Воронеж,Ортоника,Метролог,"ГОСТы,Нормативно-техническая документация,Метрология,Проведение испытаний,Техническая документация",2026-02-05T14:18:40+0300,https://hh.ru/vacancy/129037686,материаловедение
130155978,"Оператор станка по нанесению уплотнения (ППУ, силикон)",80000,120000,RUR,between1And3,fullDay,full,Нижний Новгород,КИТ-Энерго,Оператор станков с ЧПУ,Станки ЧПУ,2026-02-04T10:37:35+0300,https://hh.ru/vacancy/130155978,материаловедение
130155862,Инженер-конструктор на производство блочно-модульных котельных и готовых металлических изделий,,,,between3And6,fullDay,full,Воронеж,ГСС,"Инженер-конструктор, инженер-проектировщик",Строительство,2026-02-04T10:35:23+0300,https://hh.ru/vacancy/130155862,материаловедение
130154779,Начальник лаборатории металлов и сварки,,,,moreThan6,fullDay,full,Москва,ANCOR,Сварщик,,2026-02-04T10:17:42+0300,https://hh.ru/vacancy/130154779,материаловедение
128678424,Начальник лаборатории металлов и сварки,,,,moreThan6,fullDay,full,Пермь,ANCOR,Инженер по качеству,,2026-02-04T10:14:42+0300,https://hh.ru/vacancy/128678424,материаловедение
128691170,Начальник лаборатории металлов и сварки,,,,moreThan6,fullDay,full,Кострома,ANCOR,Сварщик,,2026-02-04T10:14:05+0300,https://hh.ru/vacancy/128691170,материаловедение
128691515,Начальник лаборатории металлов и сварки,,,,moreThan6,fullDay,full,Новосибирск,ANCOR,Сварщик,,2026-02-04T10:13:01+0300,https://hh.ru/vacancy/128691515,материаловедение
119281185,Инженер-технолог (неметаллические и композиционные материалы),70000,80000,RUR,noExperience,fullDay,full,Москва,Машиностроительное конструкторское бюро Факел имени академика П.Д.Грушина,Технолог,,2026-02-04T15:25:47+0300,https://hh.ru/vacancy/119281185,материаловедение
115582075,Швея-портной,80000,,RUR,between1And3,fullDay,full,Москва,Тогас/Togas,"Швея, портной, закройщик",,2026-02-03T11:07:37+0300,https://hh.ru/vacancy/115582075,материаловедение
115117340,Швея-портной,80000,,RUR,between1And3,fullDay,full,Красногорск (Московская область),Тогас/Togas,"Швея, портной, закройщик",,2026-02-03T11:07:34+0300,https://hh.ru/vacancy/115117340,материаловедение
129461831,Технолог (спортивная одежда),,,,between1And3,fullDay,full,Москва,Prime Sport,Технолог,"Контроль качества,Менеджмент качества,Технологические карты,Технологии лёгкой промышленности",2026-02-05T18:02:26+0300,https://hh.ru/vacancy/129461831,материаловедение
130198683,Инженер-ремонтник котельного оборудования,50000,,RUR,between1And3,fullDay,full,Пенза,Техжилсервис,Другое,,2026-02-05T11:17:28+0300,https://hh.ru/vacancy/130198683,материаловедение
130155504,Инженер-конструктор металлоизделий,200000,,RUR,between3And6,fullDay,full,Фрязино (Московская область),ЭЛМАС,"Инженер-конструктор, инженер-проектировщик","Опытный пользователь SolidWorks,Материаловедение и технологии обработки металлов,Инженерная механика и прочность материалов,Нормативная документация (ГОСТы, СНиПы, ЕСКД и т.д.),Анализ и решение проблем,Работа в команде и коммуникации,Чтение и понимание технической документации,Постоянное самообразование и стремление к новым знаниям",2026-02-04T10:29:08+0300,https://hh.ru/vacancy/130155504,материаловедение
129975881,"Инженер-конструктор направления ""Оконные технологии и светопрозрачные конструкции""",,,,between3And6,fullDay,full,Москва,РЕХАУ,"Инженер-конструктор, инженер-проектировщик",,2026-02-05T14:32:20+0300,https://hh.ru/vacancy/129975881,материаловедение
130119032,Инженер-аналитик,50000,,RUR,between1And3,fullDay,full,Шебекино,БЗС Монокристалл,"Начальник смены, мастер участка","Техническая документация,Анализ данных,Точность и внимательность к деталям,Документальное сопровождение,Работа с большим объемом информации",2026-02-03T10:52:04+0300,https://hh.ru/vacancy/130119032,материаловедение
130203410,Главный специалист ОВиК,,,,between3And6,fullDay,full,Москва,Новаметрикс,"Инженер-конструктор, инженер-проектировщик",,2026-02-05T12:45:12+0300,https://hh.ru/vacancy/130203410,материаловедение
129255432,Менеджер-дизайнер мебели на заказ,40000,160000,RUR,between1And3,fullDay,full,Иркутск,Мебельная фирма Вершина,"Менеджер по продажам, менеджер по работе с клиентами","Розничная торговля,Торговля,Работа в команде,Ведение переписки,Ориентация на результат,Пользователь ПК,Прямые продажи",2026-02-04T05:46:31+0300,https://hh.ru/vacancy/129255432,материаловедение
130145886,Электрогазосварщик,,,,between1And3,fullDay,full,Благовещенск (Амурская область),Светосервис Дальний Восток,Сварщик,"Точность и внимательность к деталям,Проверка исправности сварочного оборудования,Сварка цветных металлов,Ремонтные работы,Монтаж оборудования,Исправление дефектов сваркой,Газовая сварка,Настройка параметров работы сварочного оборудования,Ручная дуговая сварка,Материаловедение,Сварка нержавеющей стали,Сварка металлоконструкций",2026-02-04T05:33:03+0300,https://hh.ru/vacancy/130145886,материаловедение
130302780,"Продавец (Металлургов, 39)",42300,62500,RUR,noExperience,fullDay,full,Новокузнецк,"МАГНИТ, Розничная сеть","Продавец-консультант, продавец-кассир",,2026-02-10T06:17:54+0300,https://hh.ru/vacancy/130302780,металлургия
130241695,Технолог-металлург,85000,110000,RUR,between1And3,fullDay,full,Санкт-Петербург,Ижорская НТК,Технолог,"Технологии металлургии,Разработка методики испытаний",2026-02-09T13:40:56+0300,https://hh.ru/vacancy/130241695,металлургия
130241696,Технолог-металлург,85000,110000,RUR,between1And3,fullDay,full,Колпино,Ижорская НТК,Технолог,"Технологии металлургии,Разработка методики испытаний",2026-02-09T13:40:56+0300,https://hh.ru/vacancy/130241696,металлургия
130241648,Инженер металлург,80000,130000,RUR,between1And3,fullDay,full,Санкт-Петербург,Ижорская НТК,Инженер по качеству,"Технологии металлургии,Разработка методики испытаний",2026-02-09T13:39:50+0300,https://hh.ru/vacancy/130241648,металлургия
130241649,Инженер металлург,80000,130000,RUR,between1And3,fullDay,full,Колпино,Ижорская НТК,Инженер по качеству,"Технологии металлургии,Разработка методики испытаний",2026-02-09T13:39:50+0300,https://hh.ru/vacancy/130241649,металлургия
125783561,Мастер участка (металлургия),90000,,RUR,between1And3,fullDay,full,Екатеринбург,Уралтрансмаш,"Начальник смены, мастер участка",,2026-02-09T13:41:53+0300,https://hh.ru/vacancy/125783561,металлургия
130284446,"Продавец (Металлургов, 16)",43000,47000,RUR,noExperience,fullDay,full,Челябинск,"МАГНИТ, Розничная сеть","Продавец-консультант, продавец-кассир",,2026-02-09T13:23:57+0300,https://hh.ru/vacancy/130284446,металлургия
119926883,"Продавец-кассир (Металлургов, 40)",77000,86000,RUR,noExperience,shift,full,Мончегорск,"Бристоль, сеть магазинов","Продавец-консультант, продавец-кассир",,2026-02-09T10:55:00+0300,https://hh.ru/vacancy/119926883,металлургия
129571835,"Сборщик заказов (Тула, Металлургов, 87)",40000,60000,RUR,noExperience,fullDay,full,Тула,Перекрёсток,"Упаковщик, комплектовщик",,2026-02-09T09:24:51+0300,https://hh.ru/vacancy/129571835,металлургия
130266053,"Администратор магазина (Металлургов, 15А)",48000,57600,RUR,noExperience,shift,full,Карабаш (Челябинская область),"МАГНИТ, Розничная сеть","Администратор магазина, администратор торгового зала",,2026-02-09T07:50:26+0300,https://hh.ru/vacancy/130266053,металлургия
129577675,Инженер ОТК/Контролер ОТК (порошковая металлургия),90000,,RUR,between1And3,fullDay,full,Рыбинск,Ирбис Скай Тех,Контролёр ОТК,"Контроль качества,Технологии металлургии,Точность и внимательность к деталям,Технический контроль производства,Технологии машиностроения и приборостроения,Контроль качества продукции,Внимательность,Контроль выполнения задач",2026-02-09T10:17:53+0300,https://hh.ru/vacancy/129577675,металлургия
129466759,"Повар в Гипермаркет (Волгоград, Металлургов, 37)",39600,52800,RUR,noExperience,fullDay,full,Волгоград,"МАГНИТ, Розничная сеть","Повар, пекарь, кондитер",,2026-02-09T10:29:13+0300,https://hh.ru/vacancy/129466759,металлургия
130289233,Администратор в автосалон премиального формата (ул. Металлургов 65),,,,noExperience,shift,full,Екатеринбург,ИЮЛЬ авто,Администратор,"Деловое общение,Точность и внимательность к деталям,Ориентация на клиента,Деловая этика",2026-02-09T14:55:26+0300,https://hh.ru/vacancy/130289233,металлургия
130289537,"Менеджер по продажам новых автомобилей Chery (ул. Металлургов, 65)",,,,between1And3,fullDay,full,Екатеринбург,ИЮЛЬ авто,"Менеджер по продажам, менеджер по работе с клиентами","Активные продажи,Консультативные продажи,Консультирование клиентов,Кросс-продажи,Работа с CRM,Заключение договоров,Выявление потребностей,Анализ воронки продаж,Оптимизация воронки продаж,Построение воронки продаж,Стратегия продаж,Теплые продажи,Телефонные переговоры",2026-02-09T15:01:23+0300,https://hh.ru/vacancy/130289537,металлургия
130189595,"Продавец-кассир (г. Заринск, ул. Металлургов, д. 14)",42700,47700,RUR,noExperience,shift,full,Заринск,FIX PRICE,"Продавец-консультант, продавец-кассир","Мерчандайзинг,Кассовые документы,Кассовые операции,Работа с кассой,Обучение персонала,Выкладка товаров,Розничная торговля",2026-02-09T11:28:37+0300,https://hh.ru/vacancy/130189595,металлургия
129430440,Менеджер по работе с ключевыми клиентами (металлургия/спецстали),150000,500000,RUR,between1And3,fullDay,full,Москва,НПО Магнетон,"Менеджер по продажам, менеджер по работе с клиентами","Активные продажи,Поиск и привлечение клиентов,Прямые продажи,B2B Продажи,Телефонные переговоры,Клиентоориентированность,Ориентация на результат,Развитие продаж,Агрессивные продажи,Холодные продажи",2026-02-09T10:50:35+0300,https://hh.ru/vacancy/129430440,металлургия
123901653,Ведущий менеджер по развитию бизнеса (Промышленность и металлургия),,,,moreThan6,fullDay,full,Москва,IBS,"Менеджер по продажам, менеджер по работе с клиентами","B2B Продажи,Анализ конкурентной среды,Деловая коммуникация,Активные продажи,Поиск и привлечение клиентов",2026-02-09T10:00:35+0300,https://hh.ru/vacancy/123901653,металлургия
129297616,Руководитель торгового отдела (Металлургов),,,,between1And3,fullDay,full,Екатеринбург,Лемана ПРО,Другое,"Руководство коллективом,Управление персоналом,Управление отношениями с клиентами,Ориентация на клиента,Ориентация на результат,Деловая коммуникация,Корпоративная этика,Лидерство",2026-02-08T13:54:03+0300,https://hh.ru/vacancy/129297616,металлургия
130294928,"Менеджер в банк (Победы 93, Победы 134, Победы 16, Металлургов 36/61)",80000,,RUR,between1And3,flexible,full,Самара,Совкомбанк,Другое,,2026-02-09T16:41:57+0300,https://hh.ru/vacancy/130294928,металлургия
130271367,"Старший смены собственного производства в Гипермаркет (Волгоград, Металлургов, 37)",47000,53000,RUR,between1And3,fullDay,full,Волгоград,"МАГНИТ, Розничная сеть","Повар, пекарь, кондитер",,2026-02-09T09:48:34+0300,https://hh.ru/vacancy/130271367,металлургия
130192278,"Продавец-кассир (Металлургов, 4)",77000,86000,RUR,noExperience,shift,full,Мончегорск,"Бристоль, сеть магазинов","Продавец-консультант, продавец-кассир",,2026-02-08T09:17:07+0300,https://hh.ru/vacancy/130192278,металлургия
128376085,"Продавец-консультант (ул. Металлургов,74)",60000,78550,RUR,noExperience,fullDay,full,Екатеринбург,Лемана ПРО,"Продавец-консультант, продавец-кассир","Консультирование,Работа в команде,Грамотная речь,Навыки продаж,Умение работать в команде,Клиентоориентированность,Консультирование клиентов",2026-02-08T12:53:21+0300,https://hh.ru/vacancy/128376085,металлургия
129268854,"Товаровед ломбарда (Орел, Металлургов, 16)",57600,,RUR,noExperience,shift,full,Орел,"585, Золотой",Товаровед,,2026-02-08T09:40:36+0300,https://hh.ru/vacancy/129268854,металлургия
130041018,Главный Металлург,150000,200000,RUR,between3And6,fullDay,full,Екатеринбург,Полимет Инжиниринг,Другое,,2026-02-06T15:45:48+0300,https://hh.ru/vacancy/130041018,металлургия
129764321,Специалист обработки электронных баз данных (ул. Металлургов 85),65800,70000,RUR,noExperience,fullDay,full,Екатеринбург,METRO Россия,"Оператор ПК, оператор базы данных","Работа с большим объемом информации,Работа с базами данных,Точность и внимательность к деталям,Электронный документооборот,Ответственность,Стрессоустойчивость,Доброжелательность",2026-02-08T14:22:13+0300,https://hh.ru/vacancy/129764321,металлургия
129860390,Администратор супермаркета (проспект Металлургов),50000,71000,RUR,between1And3,fullDay,full,Магнитогорск,"Лента, федеральная розничная сеть","Администратор магазина, администратор торгового зала",,2026-02-07T10:45:38+0300,https://hh.ru/vacancy/129860390,металлургия
129782190,"Пекарь (Тула, Металлургов, 87)",47000,60000,RUR,noExperience,flexible,full,Тула,Перекрёсток,"Повар, пекарь, кондитер",,2026-02-07T08:58:19+0300,https://hh.ru/vacancy/129782190,металлургия
126153561,Инженер-технолог (металлургия),90000,,RUR,between1And3,fullDay,full,Челябинск,НПП Технология,Технолог,,2026-02-06T13:17:09+0300,https://hh.ru/vacancy/126153561,металлургия
129892048,Администратор детского центра ( пр-кт Металлургов),35000,50000,RUR,noExperience,shift,full,Самара,Сеть логопедических центров Разноцветные цыплята,Администратор,,2026-02-07T19:17:22+0300,https://hh.ru/vacancy/129892048,металлургия
129767252,Кладовщик (пл. Металлургов),67000,88000,RUR,noExperience,fullDay,full,Норильск,М.Видео-Эльдорадо,Кладовщик,,2026-02-05T17:08:19+0300,https://hh.ru/vacancy/129767252,металлургия
130225549,"Продавец (Тула, Металлургов, 35/7)",56000,64000,RUR,noExperience,flexible,part,Тула,Пятёрочка,"Продавец-консультант, продавец-кассир",,2026-02-06T07:23:03+0300,https://hh.ru/vacancy/130225549,металлургия
130225277,"Продавец (Камышин, Металлургов, 17)",30700,42400,RUR,noExperience,flexible,part,Камышин,Пятёрочка,"Продавец-консультант, продавец-кассир",,2026-02-06T07:19:25+0300,https://hh.ru/vacancy/130225277,металлургия
130199121,Заместитель главного металлурга,100000,,RUR,between3And6,fullDay,full,Самара,Агрегат,Начальник производства,,2026-02-05T11:24:55+0300,https://hh.ru/vacancy/130199121,металлургия
130189194,"Продавец (Металлургов, 11)",44500,50000,RUR,noExperience,fullDay,part,Ижевск,"МАГНИТ, Розничная сеть","Продавец-консультант, продавец-кассир",,2026-02-05T07:36:51+0300,https://hh.ru/vacancy/130189194,металлургия
130133309,Главный металлург,276000,,RUR,between3And6,fullDay,full,Курган,Научно-производственное объединение Курганприбор,Технолог,"Управление производством,Технологии металлургии",2026-02-03T14:57:59+0300,https://hh.ru/vacancy/130133309,металлургия
130228150,Менеджер по продажам в Металлург,65000,,RUR,between1And3,flexible,full,Ижевск,УЦ ОБРПРОФИ,"Продавец-консультант, продавец-кассир","Активные продажи,Деловое общение,Консультирование клиентов,Клиентоориентированность",2026-02-06T08:49:59+0300,https://hh.ru/vacancy/130228150,металлургия
130225314,"Продавец (Братск, Центральный, Металлургов, 31)",42200,54900,RUR,noExperience,flexible,part,Братск,Пятёрочка,"Продавец-консультант, продавец-кассир",,2026-02-06T07:19:45+0300,https://hh.ru/vacancy/130225314,металлургия
130225172,"Продавец (Ярцево, Металлургов, 58А)",31000,42000,RUR,noExperience,flexible,part,Ярцево,Пятёрочка,"Продавец-консультант, продавец-кассир",,2026-02-06T07:17:47+0300,https://hh.ru/vacancy/130225172,металлургия
130214980,"Продавец (Москва, Металлургов, 25)",80000,100000,RUR,noExperience,flexible,part,Москва,Пятёрочка,"Продавец-консультант, продавец-кассир",,2026-02-05T15:43:56+0300,https://hh.ru/vacancy/130214980,металлургия
130214269,"Продавец (Заринск, Металлургов, 5)",40100,52100,RUR,noExperience,flexible,part,Заринск,Пятёрочка,"Продавец-консультант, продавец-кассир",,2026-02-05T15:35:38+0300,https://hh.ru/vacancy/130214269,металлургия
130209941,"Продавец (Самара, Металлургов, 8)",42700,48600,RUR,noExperience,flexible,part,Самара,Пятёрочка,"Продавец-консультант, продавец-кассир",,2026-02-05T14:52:12+0300,https://hh.ru/vacancy/130209941,металлургия
130036873,Металлург,55000,60000,RUR,between1And3,fullDay,full,Луганск,Лугцентрокуз им. С.С. Монятовского,Технолог,"Технический контроль производства,Разработка технической документации,Разработка технических заданий,Чтение проектной документации,Анализ требований,Технологии энергетической промышленности,Расчет себестоимости,Автоматизация процессов,Умение работать в коллективе",2026-01-30T11:08:48+0300,https://hh.ru/vacancy/130036873,металлургия
130187718,"Продавец (Тула, Металлургов, 43)",56000,64000,RUR,noExperience,flexible,part,Тула,Пятёрочка,"Продавец-консультант, продавец-кассир",,2026-02-05T06:54:43+0300,https://hh.ru/vacancy/130187718,металлургия
130070582,Главный металлург,100000,100000,RUR,moreThan6,fullDay,full,Карабаш (Челябинская область),ТЭП-Интеграция,Другое,,2026-02-02T08:12:29+0300,https://hh.ru/vacancy/130070582,металлургия
130070583,Главный металлург,100000,100000,RUR,moreThan6,fullDay,full,Златоуст,ТЭП-Интеграция,Другое,,2026-02-02T08:12:29+0300,https://hh.ru/vacancy/130070583,металлургия
130070584,Главный металлург,100000,100000,RUR,moreThan6,fullDay,full,Миасс,ТЭП-Интеграция,Другое,,2026-02-02T08:12:29+0300,https://hh.ru/vacancy/130070584,металлургия
130210631,"Продавец (Красноярск, Металлургов, 39А)",46000,59800,RUR,noExperience,flexible,part,Красноярск,Пятёрочка,"Продавец-консультант, продавец-кассир",,2026-02-05T14:59:03+0300,https://hh.ru/vacancy/130210631,металлургия
130210224,"Продавец (Челябинск, Металлургов, 47Б)",41760,53600,RUR,noExperience,flexible,part,Челябинск,Пятёрочка,"Продавец-консультант, продавец-кассир",,2026-02-05T14:55:31+0300,https://hh.ru/vacancy/130210224,металлургия
130179982,"Продавец (Орёл, Металлургов, 10)",34000,44000,RUR,noExperience,flexible,part,Орел,Пятёрочка,"Продавец-консультант, продавец-кассир",,2026-02-04T17:59:04+0300,https://hh.ru/vacancy/130179982,металлургия
130177533,"Продавец (Пикалево, Металлургов, 13)",52700,67500,RUR,noExperience,flexible,part,Пикалево,Пятёрочка,"Продавец-консультант, продавец-кассир",,2026-02-04T17:40:43+0300,https://hh.ru/vacancy/130177533,металлургия
130194850,"Продавец консультант М.Косметик (Металлургов, 34)",38000,50600,RUR,noExperience,fullDay,full,Череповец,"МАГНИТ, Розничная сеть","Продавец-консультант, продавец-кассир",,2026-02-05T10:07:04+0300,https://hh.ru/vacancy/130194850,металлургия
130136133,"Продавец (Металлургов, 3)",39600,52800,RUR,noExperience,fullDay,full,Липецк,"МАГНИТ, Розничная сеть","Продавец-консультант, продавец-кассир",,2026-02-03T15:49:55+0300,https://hh.ru/vacancy/130136133,металлургия
123593449,Продавец продовольственных товаров (Металлург),45000,,RUR,between1And3,flexible,full,Ижевск,Мясная компания,"Продавец-консультант, продавец-кассир","Обслуживание покупателей,Материальная ответственность,Желание работать и зарабатывать",2026-02-04T10:19:03+0300,https://hh.ru/vacancy/123593449,металлургия
130211667,"Заместитель директора магазина (Екатеринбург, Металлургов, 44)",47000,77000,RUR,noExperience,shift,full,Екатеринбург,"Монетка, Торговая сеть","Директор магазина, директор сети магазинов",,2026-02-05T15:09:14+0300,https://hh.ru/vacancy/130211667,металлургия
130180412,"Продавец (Красный Сулин, Металлургов, 27)",34200,46900,RUR,noExperience,flexible,part,Красный Сулин,Пятёрочка,"Продавец-консультант, продавец-кассир",,2026-02-04T18:03:33+0300,https://hh.ru/vacancy/130180412,металлургия
130178735,"Администратор магазина (Тула, Металлургов, 96)",66000,85000,RUR,between1And3,fullDay,full,Тула,Пятёрочка,"Администратор магазина, администратор торгового зала",,2026-02-04T17:47:41+0300,https://hh.ru/vacancy/130178735,металлургия
130217615,"Заливщик металла и сплавов (ООО ""Ростар-Металлургия"")",123000,,RUR,between1And3,shift,full,Набережные Челны,РОСТАР,Другое,,2026-02-05T16:26:28+0300,https://hh.ru/vacancy/130217615,металлургия
130186255,"Администратор магазина (Ярцево, Металлургов, 46Б)",38000,55000,RUR,between1And3,fullDay,full,Ярцево,Пятёрочка,"Администратор магазина, администратор торгового зала",,2026-02-05T06:43:17+0300,https://hh.ru/vacancy/130186255,металлургия
130115381,"Электрик (ул. Металлургов, 65)",,,,between1And3,fullDay,full,Екатеринбург,ИЮЛЬ авто,Электромонтажник,"Ремонтные работы,Техническое обслуживание",2026-02-03T09:52:52+0300,https://hh.ru/vacancy/130115381,металлургия
130205444,Менеджер клиента (продажа ИТ-решений крупнейшему производителю в металлургии),,,,between3And6,fullDay,full,Екатеринбург,Softline,Менеджер продукта,,2026-02-05T13:27:37+0300,https://hh.ru/vacancy/130205444,металлургия
130098427,"Газорезчик (ООО ""РОСТАР-Металлургия"")",100000,110000,RUR,between1And3,shift,full,Набережные Челны,РОСТАР,Сварщик,,2026-02-02T16:04:20+0300,https://hh.ru/vacancy/130098427,металлургия
129355406,Выбивальщик (литейное производство Ростар-Металлургия),100000,100000,RUR,between1And3,flexible,full,Набережные Челны,РОСТАР,Другое,,2026-02-03T09:04:30+0300,https://hh.ru/vacancy/129355406,металлургия
130074740,"Администратор магазина (Металлургов, 3)",49400,58200,RUR,noExperience,shift,full,Липецк,"МАГНИТ, Розничная сеть","Администратор магазина, администратор торгового зала",,2026-02-02T09:49:30+0300,https://hh.ru/vacancy/130074740,металлургия
130159949,"Заведующий производством в Гипермаркет (Волгоград, Металлургов, 37)",56300,62500,RUR,between1And3,fullDay,full,Волгоград,"МАГНИТ, Розничная сеть","Повар, пекарь, кондитер",,2026-02-04T11:41:32+0300,https://hh.ru/vacancy/130159949,металлургия
130159943,"Сборщик заказов в Гипермаркет (Волгоград, Металлургов, 37)",43800,43800,RUR,noExperience,shift,full,Волгоград,"МАГНИТ, Розничная сеть","Упаковщик, комплектовщик",,2026-02-04T11:41:28+0300,https://hh.ru/vacancy/130159943,металлургия
130267695,Главный бухгалтер,,,,moreThan6,fullDay,full,Барнаул,МЕТАЛЛУРГИЯ,Бухгалтер,Финансовая отчетность,2026-02-09T08:36:58+0300,https://hh.ru/vacancy/130267695,металлургия
130078250,"Продавец-консультант (Металлургов, 54а)",55000,,RUR,noExperience,shift,full,Мариуполь,"585, Золотой","Продавец-консультант, продавец-кассир","Активные продажи,Консультирование клиентов,Кассовые операции,Ориентация на клиента",2026-02-02T10:44:04+0300,https://hh.ru/vacancy/130078250,металлургия
129937818,Главный металлург,,,,between3And6,fullDay,full,Новосибирск,НПО Курганприбор г. Новосибирск,Начальник производства,,2026-01-28T05:10:26+0300,https://hh.ru/vacancy/129937818,металлургия
130063218,"Продавец (Самара, Металлургов, 96)",42700,48600,RUR,noExperience,flexible,part,Самара,Пятёрочка,"Продавец-консультант, продавец-кассир",,2026-02-01T03:51:01+0300,https://hh.ru/vacancy/130063218,металлургия
130067312,"Администратор магазина (Екатеринбург, Металлургов, 63)",59900,75700,RUR,between1And3,fullDay,full,Екатеринбург,Пятёрочка,"Администратор магазина, администратор торгового зала",,2026-02-02T03:39:40+0300,https://hh.ru/vacancy/130067312,металлургия
129933092,Главный металлург,,,,between3And6,fullDay,full,Пермь,Филиал ЗиД АО НПО Курганприбор г. Пермь,Начальник производства,,2026-01-27T18:01:06+0300,https://hh.ru/vacancy/129933092,металлургия
130295093,Электромонтер по ремонту и обслуживанию электрооборудования,62000,80000,RUR,between1And3,shift,full,Новочеркасск,НПЦ Металлург,Электромонтажник,"Электротехнические работы,Монтаж оборудования,Работа в команде,3 группа по электробезопасности",2026-02-09T16:44:38+0300,https://hh.ru/vacancy/130295093,металлургия
130294989,Слесарь-ремонтник,50000,70000,RUR,between1And3,shift,full,Новочеркасск,НПЦ Металлург,"Слесарь, сантехник","Техническое обслуживание,Ремонтные работы,Монтаж оборудования,Слесарные работы",2026-02-09T16:43:17+0300,https://hh.ru/vacancy/130294989,металлургия
130294026,Техник-испытатель,70000,70000,RUR,noExperience,fullDay,full,Новочеркасск,НПЦ Металлург,Другое,"Контроль исправности оборудования,Точность и внимательность к деталям",2026-02-09T16:24:49+0300,https://hh.ru/vacancy/130294026,металлургия
129587169,Ведущий менеджер по снабжению,80000,85000,RUR,between1And3,fullDay,full,Ростов-на-Дону,НПЦ Металлург,Менеджер по закупкам,"1C: Предприятие,Знание офисных программ,Многозадачность,Работа с ТМЦ,Деловое общение,Заключение договоров,Знание 1 С,Ведение переговоров,Коммуникабельность, ответственность,Ответственность и пунктуальность",2026-02-09T16:26:43+0300,https://hh.ru/vacancy/129587169,металлургия
130161903,Ведущий специалист по сопровождению проектов (Фильтры для ГОКов и металлургии),,,,between3And6,fullDay,full,Красноярск,Сибэлкон,Другое,"Деловая переписка,Проектная документация,Заключение договоров,Грамотность",2026-02-04T12:15:04+0300,https://hh.ru/vacancy/130161903,металлургия
130008411,"Продавец (Металлургов, 5)",44200,62400,RUR,noExperience,shift,full,Пикалево,"МАГНИТ, Розничная сеть","Продавец-консультант, продавец-кассир",,2026-01-29T14:57:38+0300,https://hh.ru/vacancy/130008411,металлургия
129995571,"Продавец (Металлургов, 88)",41000,54600,RUR,noExperience,shift,full,Самара,"МАГНИТ, Розничная сеть","Продавец-консультант, продавец-кассир",,2026-01-29T11:34:25+0300,https://hh.ru/vacancy/129995571,металлургия
129855891,Инженер-металлург,80000,,RUR,between3And6,fullDay,full,Новосибирск,Опытно-демонстрационный центр вывода из эксплуатации уран-графитовых ядерных реакторов,Технолог,,2026-01-26T09:52:14+0300,https://hh.ru/vacancy/129855891,металлургия
129855892,Инженер-металлург,80000,,RUR,between3And6,fullDay,full,Красноярск,Опытно-демонстрационный центр вывода из эксплуатации уран-графитовых ядерных реакторов,Технолог,,2026-01-26T09:52:14+0300,https://hh.ru/vacancy/129855892,металлургия
129855893,Инженер-металлург,80000,,RUR,between3And6,fullDay,full,Кемерово,Опытно-демонстрационный центр вывода из эксплуатации уран-графитовых ядерных реакторов,Технолог,,2026-01-26T09:52:14+0300,https://hh.ru/vacancy/129855893,металлургия
128421666,Продавец-консультант (Металлургов 74),95000,95000,RUR,noExperience,fullDay,full,Екатеринбург,Алиди Продвижение,"Продавец-консультант, продавец-кассир","Активные продажи,Работа с возражениями,Клиентоориентированность,Проведение презентаций,Консультирование клиентов,Оформление торгового зала,Ответственность,Исполнительность,Консультирование пользователей,Выкладка товара",2026-01-30T13:13:39+0300,https://hh.ru/vacancy/128421666,металлургия
130042047,"Продавец (Волгоград, Металлургов, 33)",34700,46300,RUR,noExperience,fullDay,full,Волгоград,"МАГНИТ, Розничная сеть","Продавец-консультант, продавец-кассир",,2026-01-30T12:50:16+0300,https://hh.ru/vacancy/130042047,металлургия
129946947,"Продавец (Металлургов, 2)",37000,49000,RUR,noExperience,fullDay,full,Магнитогорск,"МАГНИТ, Розничная сеть","Продавец-консультант, продавец-кассир",,2026-01-28T10:03:34+0300,https://hh.ru/vacancy/129946947,металлургия
129974481,Менеджер по маркировке товаров в системе «Честный Знак» (Ключевой пользователь),,,,between1And3,fullDay,full,Белая Калитва,Алюминий Металлург Рус,Инженер по качеству,"Планирование ресурсов,Формирование ассортимента,1С: Предприятие 8,Работа с поставщиками,Организаторские навыки,Точность и внимательность к деталям,Деловое общение,Контроль качества",2026-02-09T17:38:40+0300,https://hh.ru/vacancy/129974481,металлургия
129134694,Главный технолог (металлург),,,,moreThan6,fullDay,full,Калуга,ВМК Инвест,Технолог,"Работа в условиях многозадачности,Умение работать в условиях многозадачности,Коммуникабельность, стрессоустойчивость",2026-01-27T14:38:27+0300,https://hh.ru/vacancy/129134694,металлургия
129917869,"Продавец (Металлургов, 25)",43000,47000,RUR,noExperience,fullDay,full,Челябинск,"МАГНИТ, Розничная сеть","Продавец-консультант, продавец-кассир",,2026-01-27T13:14:41+0300,https://hh.ru/vacancy/129917869,металлургия
129992035,"Продавец (Металлургов, 86Б)",45600,60800,RUR,noExperience,fullDay,part,Тула,"МАГНИТ, Розничная сеть","Продавец-консультант, продавец-кассир",,2026-01-29T10:42:32+0300,https://hh.ru/vacancy/129992035,металлургия
129991971,"Продавец (Металлургов, 73а)",45600,60800,RUR,noExperience,shift,full,Тула,"МАГНИТ, Розничная сеть","Продавец-консультант, продавец-кассир",,2026-01-29T10:41:21+0300,https://hh.ru/vacancy/129991971,металлургия
129160546,Заместитель главного металлурга,,,,between1And3,fullDay,full,Тула,Индустрия Сервис,Начальник производства,"Автоматизация технологических процессов,инженер,Ориентация на результат,Навыки составления отчетности,Решение конфликтов,Windows Movie Maker,Деловое лидерство,Microsoft Windows,Чтение чертежей,avtocad,Ответственный подход к работе,MSOffice,Презентабельность,Отличное знание ПК,Мотивированность на результат,Образованность,Стремление к профессиональному развитию",2026-01-27T08:06:36+0300,https://hh.ru/vacancy/129160546,металлургия
126635134,Инженер-технолог по гальванопокрытиям 1 категории (Отдел главного металлурга),,,,between1And3,fullDay,full,Москва,"КРИСТАЛЛ, ОКБ",Технолог,,2026-02-02T14:44:23+0300,https://hh.ru/vacancy/126635134,металлургия
130134096,Ведущий менеджер по продажам,120000,,RUR,between1And3,fullDay,full,Нижний Новгород,НПК Специальная металлургия,"Менеджер по продажам, менеджер по работе с клиентами","Активные продажи,Поиск и привлечение клиентов,Прямые продажи,Заключение договоров,Работа с дебиторской задолженностью,Работа в команде,Холодные продажи,Деловое общение,Деловая переписка,Логистика,Критическое мышление,Достижение результата,Обучение и развитие,Коммуникабельность",2026-02-09T15:46:10+0300,https://hh.ru/vacancy/130134096,металлургия
130134243,Менеджер по продажам металлопроката,120000,,RUR,between1And3,fullDay,full,Нижний Новгород,НПК Специальная металлургия,"Менеджер по продажам, менеджер по работе с клиентами","Активные продажи,Поиск и привлечение клиентов,Прямые продажи,Заключение договоров,Работа с дебиторской задолженностью,Работа в команде,Холодные продажи,Деловое общение,Деловая переписка,Логистика,Критическое мышление,Достижение результата,Обучение и развитие,Коммуникабельность",2026-02-09T15:46:01+0300,https://hh.ru/vacancy/130134243,металлургия
128761143,Менеджер по сбыту (цветная металлургия),110850,110850,RUR,between1And3,fullDay,full,Санкт-Петербург,Завод Красный Выборжец,Другое,работа с текущей базой клиентов,2026-01-30T12:56:30+0300,https://hh.ru/vacancy/128761143,металлургия
129529024,Руководитель отдела продаж металлопроката,100000,300000,RUR,between3And6,fullDay,full,Нижний Новгород,НПК Специальная металлургия,Руководитель отдела продаж,,2026-02-09T16:02:27+0300,https://hh.ru/vacancy/129529024,металлургия
130122832,"Директор по работе с ключевыми клиентами (в металлургии, горнодобывающей и химической отрасли)",,,,between3And6,fullDay,full,Москва,Гриндата,"Менеджер по продажам, менеджер по работе с клиентами","B2B Продажи,Управление продажами,Управление отношениями с клиентами",2026-02-03T11:50:32+0300,https://hh.ru/vacancy/130122832,металлургия
129892283,Дефектолог/логопед (Металлургов),40000,83000,RUR,between1And3,fullDay,full,Самара,Сеть логопедических центров Разноцветные цыплята,"Учитель, преподаватель, педагог","Логопедия,Дефектология,Коммуникативные навыки,Обучение и развитие,Диагностика,Работа с детьми,Логомассаж,Логопедический массаж",2026-01-26T19:23:26+0300,https://hh.ru/vacancy/129892283,металлургия
129571930,Менеджер по продажам металлопроката,150000,450000,RUR,noExperience,fullDay,full,Казань,НПК Специальная металлургия,"Менеджер по продажам, менеджер по работе с клиентами","Активные продажи,Ведение переговоров,Поиск и привлечение клиентов,Прямые продажи,Заключение договоров,Работа с дебиторской задолженностью,Работа в команде,Холодные продажи,Деловое общение,Деловая переписка,Логистика",2026-02-09T12:50:55+0300,https://hh.ru/vacancy/129571930,металлургия
129481491,Ведущий менеджер по продажам металлопроката,140000,,RUR,noExperience,fullDay,full,Казань,НПК Специальная металлургия,"Менеджер по продажам, менеджер по работе с клиентами","Телефонные переговоры,Мониторинг рынка,Заключение договоров,Поиск и привлечение клиентов,Активные продажи,Деловая переписка,Консультирование клиентов,Работа с CRM,Пользователь ПК,Работа в команде,Лидерство",2026-02-09T12:50:53+0300,https://hh.ru/vacancy/129481491,металлургия
130052347,"Велокурьер в Пятёрочку (Тула, Металлургов, 43)",,148000,RUR,noExperience,flexible,full,Тула,X5 Digital,Курьер,,2026-01-30T16:15:50+0300,https://hh.ru/vacancy/130052347,металлургия
129710790,Инженер-металлург,,,,between1And3,flyInFlyOut,full,Иркутск,АРЕАЛ,Технолог,,2026-01-21T13:59:37+0300,https://hh.ru/vacancy/129710790,металлургия
129926466,Уборщик (в офис / Металлург),26000,,RUR,noExperience,fullDay,part,Ижевск,Комос Групп,"Уборщица, уборщик",,2026-01-27T15:42:06+0300,https://hh.ru/vacancy/129926466,металлургия
129903937,Главный металлург (г. Муром),,,,between3And6,fullDay,full,Муром,ПО Муроммашзавод,Начальник производства,"Технологии металлургии,Управление производством,Техническая документация,Контроль качества,Разработка технических заданий",2026-01-27T09:44:59+0300,https://hh.ru/vacancy/129903937,металлургия
129422294,Директор супермаркета (ул. Металлургов),85000,,RUR,between1And3,fullDay,full,Тула,РУССМАРКЕТ,"Директор магазина, директор сети магазинов",,2026-01-27T10:47:55+0300,https://hh.ru/vacancy/129422294,металлургия
129339216,Менеджер по продажам В2В,100000,,RUR,noExperience,fullDay,full,Нижний Новгород,НПК Специальная металлургия,"Менеджер по продажам, менеджер по работе с клиентами","Активные продажи,Поиск и привлечение клиентов,Прямые продажи,Заключение договоров,Работа с дебиторской задолженностью,Работа в команде,Холодные продажи,Деловое общение,Деловая переписка,Логистика,Критическое мышление,Достижение результата,Обучение и развитие,Коммуникабельность",2026-02-09T10:02:27+0300,https://hh.ru/vacancy/129339216,металлургия
66901445,Менеджер по продажам,170000,,RUR,noExperience,fullDay,full,Екатеринбург,НПК Специальная металлургия,"Менеджер по продажам, менеджер по работе с клиентами","Активные продажи,Поиск и привлечение клиентов,Грамотная речь,Ведение переговоров,Обучение и развитие,Навыки продаж,Навыки переговоров,Ведение отчётности,Телефонные переговоры,Заключение договоров,Теплые продажи,Холодные продажи",2026-02-09T09:32:28+0300,https://hh.ru/vacancy/66901445,металлургия
123913523,"Мастер цеха приемки/сортировки (металлургия), заведующий складом",80000,,RUR,between1And3,flexible,full,Уфа,Альянс-Металл,"Начальник смены, мастер участка",,2026-01-30T18:27:32+0300,https://hh.ru/vacancy/123913523,металлургия
129629957,Главный металлург,,,,between3And6,fullDay,full,Санкт-Петербург,ИЗ-Картэкс им. П. Г. Коробкова,Другое,,2026-01-20T09:07:24+0300,https://hh.ru/vacancy/129629957,металлургия
129880280,"Продавец (Металлургов, 2А)",39500,53000,RUR,noExperience,fullDay,part,Екатеринбург,"МАГНИТ, Розничная сеть","Продавец-консультант, продавец-кассир",,2026-01-26T14:54:19+0300,https://hh.ru/vacancy/129880280,металлургия
129938321,"Пекарь (Ярцево, Металлургов, 46Б)",31000,42000,RUR,noExperience,fullDay,full,Ярцево,Пятёрочка,"Повар, пекарь, кондитер",,2026-01-28T05:44:40+0300,https://hh.ru/vacancy/129938321,металлургия
129874644,Продавец-универсал (Металлургов ул.),43000,49000,RUR,noExperience,fullDay,full,Тула,"Лента, федеральная розничная сеть","Продавец-консультант, продавец-кассир",,2026-01-26T13:45:57+0300,https://hh.ru/vacancy/129874644,металлургия
129874645,Пекарь-универсал (ул. Металлургов),45000,51000,RUR,noExperience,fullDay,full,Тула,"Лента, федеральная розничная сеть","Повар, пекарь, кондитер",,2026-01-26T13:45:57+0300,https://hh.ru/vacancy/129874645,металлургия
129874642,Администратор супермаркета (улица Металлургов),60000,,RUR,between1And3,fullDay,full,Тула,"Лента, федеральная розничная сеть","Администратор магазина, администратор торгового зала",,2026-01-26T13:45:56+0300,https://hh.ru/vacancy/129874642,металлургия
129992081,Продавец-универсал магазина (пр-кт Металлургов),46000,55000,RUR,noExperience,fullDay,full,Магнитогорск,"Лента, федеральная розничная сеть","Продавец-консультант, продавец-кассир",,2026-01-29T10:43:08+0300,https://hh.ru/vacancy/129992081,металлургия
129868611,"Продавец (Орёл, Металлургов, 19)",34000,44000,RUR,noExperience,flexible,part,Орел,Пятёрочка,"Продавец-консультант, продавец-кассир",,2026-01-26T12:26:15+0300,https://hh.ru/vacancy/129868611,металлургия
129868329,"Пекарь (Тула, Металлургов, 96)",56000,64000,RUR,noExperience,fullDay,full,Тула,Пятёрочка,"Повар, пекарь, кондитер",,2026-01-26T12:24:09+0300,https://hh.ru/vacancy/129868329,металлургия
129988081,"Продавец консультант М.Косметик (Самара, Металлургов, 61)",38000,57000,RUR,noExperience,fullDay,full,Самара,"МАГНИТ, Розничная сеть","Продавец-консультант, продавец-кассир",,2026-01-29T09:39:21+0300,https://hh.ru/vacancy/129988081,металлургия
130028204,"Продавец в зону готовой еды (Металлургов, 24)",41000,54600,RUR,noExperience,shift,full,Самара,"МАГНИТ, Розничная сеть","Продавец-консультант, продавец-кассир",,2026-01-30T08:22:50+0300,https://hh.ru/vacancy/130028204,металлургия
129005325,"Продавец-кассир (Металлургов, 21)",,37243,RUR,noExperience,shift,full,Ярцево,"ДИКСИ, группа компаний","Продавец-консультант, продавец-кассир","Доброжелательность,Без опыта,Работа в команде,Обслуживание покупателей,Выкладка товаров,Розничная торговля",2026-01-26T10:29:45+0300,https://hh.ru/vacancy/129005325,металлургия
126261627,Продавец-кассир (ул. Металлургов),58500,66300,RUR,noExperience,shift,full,Нижний Тагил,"Бристоль, сеть магазинов","Продавец-консультант, продавец-кассир",,2026-01-26T07:05:49+0300,https://hh.ru/vacancy/126261627,металлургия
129608554,Главный металлург,92000,,RUR,between3And6,fullDay,full,Вологда,Вологодский подшипниковый завод,Другое,,2026-01-19T16:13:38+0300,https://hh.ru/vacancy/129608554,металлургия
129582362,Главный металлург,,,,moreThan6,fullDay,full,Казань,AMCOR,Другое,"Технологии металлургии,Технологии машиностроения и приборостроения,Руководство коллективом,Знание свойств металлов,Знание технологических процессов",2026-01-19T10:58:28+0300,https://hh.ru/vacancy/129582362,металлургия
129920950,Контролер ОТК продукции цветной металлургии,90900,90900,RUR,between1And3,fullDay,full,Санкт-Петербург,Завод Красный Выборжец,Инженер по качеству,"Контроль качества,Металлургия,Сертификация продукции,Работа с документами,Работа с компьютером",2026-01-27T14:07:51+0300,https://hh.ru/vacancy/129920950,металлургия
127774188,Ведущий менеджер по продажам,120000,225000,RUR,moreThan6,fullDay,full,Челябинск,НПК Специальная Металлургия - Челябинск,"Менеджер по продажам, менеджер по работе с клиентами","Холодные продажи,Поиск и привлечение клиентов,Холодные звонки,Управление продажами,B2B Продажи,Проведение переговоров,Телефонные переговоры,Активные продажи,Прямые продажи,Управление проектами,Навыки переговоров,Создание и развитие клиентской базы,Гибкость,Развитие продаж,Планирование карьеры,Документальное сопровождение,Клиентоориентированность,Работа с возражениями,Работа с базами данных,Навыки презентации,Сопровождение клиентов,Аналитика продаж,Навыки продаж,CRM,Битрикс24,SPIN-продажи,Стратегия продаж,Технологии металлургии",2026-02-09T11:53:11+0300,https://hh.ru/vacancy/127774188,металлургия
129999978,"Приемщик товара в Гипермаркет (Волгоград, Металлургов, 37)",35200,47000,RUR,noExperience,fullDay,full,Волгоград,"МАГНИТ, Розничная сеть",Другое,,2026-01-29T12:50:59+0300,https://hh.ru/vacancy/129999978,металлургия
129999971,"Старший кассир в Гипермаркет (Волгоград, Металлургов, 37)",37800,41500,RUR,noExperience,fullDay,full,Волгоград,"МАГНИТ, Розничная сеть",Кассир-операционист,,2026-01-29T12:50:55+0300,https://hh.ru/vacancy/129999971,металлургия
129999958,"Пекарь-тестомес в Гипермаркет (Волгоград, Металлургов, 37)",39600,55000,RUR,noExperience,fullDay,full,Волгоград,"МАГНИТ, Розничная сеть","Повар, пекарь, кондитер",,2026-01-29T12:50:46+0300,https://hh.ru/vacancy/129999958,металлургия
129994117,"Продавец в зону готовой еды (Металлургов, 41)",45600,60800,RUR,noExperience,fullDay,part,Тула,"МАГНИТ, Розничная сеть","Продавец-консультант, продавец-кассир",,2026-01-29T11:11:29+0300,https://hh.ru/vacancy/129994117,металлургия
129726633,Кладовщик,40000,,RUR,between1And3,fullDay,full,Волжский (Волгоградская область),НОП Металлург,Кладовщик,,2026-02-08T18:24:32+0300,https://hh.ru/vacancy/129726633,металлургия
130050070,"Менеджер по обслуживанию (Мончегорск г, Металлургов пр-кт, 34)",66000,72000,RUR,noExperience,fullDay,full,Мончегорск,Розничная сеть МТС,"Продавец-консультант, продавец-кассир","Розничная торговля,Работа с кассой,Работа в команде,Консультирование клиентов,Торговля",2026-01-30T15:37:45+0300,https://hh.ru/vacancy/130050070,металлургия
129878676,"Продавец консультант М.Косметик (Металлургов, 47)",32600,37500,RUR,noExperience,fullDay,part,Краснотурьинск,"МАГНИТ, Розничная сеть","Продавец-консультант, продавец-кассир",,2026-01-26T14:33:32+0300,https://hh.ru/vacancy/129878676,металлургия
129874643,Продавец сервисной зоны (ул. Металлургов),45000,51000,RUR,noExperience,fullDay,full,Тула,"Лента, федеральная розничная сеть","Продавец-консультант, продавец-кассир",,2026-01-26T13:45:56+0300,https://hh.ru/vacancy/129874643,металлургия
129310610,Дежурный пульта управления (видеонаблюдение),35000,,RUR,noExperience,shift,full,Волжский (Волгоградская область),НОП Металлург,Охранник,Работа с ТМЦ,2026-02-08T16:04:52+0300,https://hh.ru/vacancy/129310610,металлургия
129310285,Охранник,45000,,RUR,noExperience,shift,full,Волжский (Волгоградская область),НОП Металлург,Охранник,,2026-02-08T16:02:11+0300,https://hh.ru/vacancy/129310285,металлургия
129717824,Инженер-технолог (металлург),80000,80000,RUR,between1And3,fullDay,full,Кировград,Кировградский Завод Твердых Сплавов,Технолог,Материаловедение,2026-01-21T15:29:20+0300,https://hh.ru/vacancy/129717824,металлургия
129932830,"Продавец (ул Металлургов, д 1а)",,48242,RUR,noExperience,shift,full,Тула,"ДИКСИ, группа компаний","Продавец-консультант, продавец-кассир","Доброжелательность,Обслуживание покупателей,Линейная выкладка товара,Розничная торговля,Работа с кассой,Работа в команде",2026-01-27T17:50:33+0300,https://hh.ru/vacancy/129932830,металлургия
129922592,"Продавец консультант М.Косметик (Самара, Металлургов, 77)",38000,57000,RUR,noExperience,fullDay,full,Самара,"МАГНИТ, Розничная сеть","Продавец-консультант, продавец-кассир",,2026-01-27T14:33:22+0300,https://hh.ru/vacancy/129922592,металлургия
129901790,"Продавец консультант М.Косметик (Металлургов, 30А)",36000,48000,RUR,noExperience,shift,part,Тула,"МАГНИТ, Розничная сеть","Продавец-консультант, продавец-кассир",,2026-01-27T09:14:54+0300,https://hh.ru/vacancy/129901790,металлургия
128068986,Менеджер по продажам металлопроката,115000,225000,RUR,between1And3,fullDay,full,Челябинск,НПК Специальная Металлургия - Челябинск,"Менеджер по продажам, менеджер по работе с клиентами","Холодные продажи,Поиск и привлечение клиентов,Холодные звонки,Управление продажами,B2B Продажи,Проведение переговоров,Телефонные переговоры,Активные продажи,Прямые продажи,Управление проектами,Навыки переговоров,Создание и развитие клиентской базы,Гибкость,Развитие продаж,Планирование карьеры,Документальное сопровождение,Клиентоориентированность,Работа с возражениями,Работа с базами данных,Навыки презентации,Сопровождение клиентов,Аналитика продаж",2026-02-09T08:12:31+0300,https://hh.ru/vacancy/128068986,металлургия
129816797,"Продавец (Реж, Металлургов, 7)",30000,40000,RUR,noExperience,flexible,part,Реж,Пятёрочка,"Продавец-консультант, продавец-кассир",,2026-01-23T18:53:31+0300,https://hh.ru/vacancy/129816797,металлургия
129816743,"Продавец (Мончегорск, Металлургов, 32)",56000,65000,RUR,noExperience,flexible,part,Мончегорск,Пятёрочка,"Продавец-консультант, продавец-кассир",,2026-01-23T18:53:13+0300,https://hh.ru/vacancy/129816743,металлургия
129816343,"Продавец (Орёл, Металлургов, 15)",34000,44000,RUR,noExperience,flexible,part,Орел,Пятёрочка,"Продавец-консультант, продавец-кассир",,2026-01-23T18:46:07+0300,https://hh.ru/vacancy/129816343,металлургия
129793028,"Продавец-кассир (Ступино, Металлургов)",75200,86300,RUR,noExperience,fullDay,full,Ступино (Московская область),Сеть супермаркетов ДА!,"Продавец-консультант, продавец-кассир",,2026-01-23T11:53:46+0300,https://hh.ru/vacancy/129793028,металлургия
129627215,Инженер-технолог (металлург),80000,,RUR,between1And3,fullDay,full,Петрозаводск,"ТрансМашХолдинг, Группа компаний",Технолог,"AutoCAD,Разработка инструкций,SolidWorks,3D Моделирование,Технолог,MagmaSoft,Разработка технической документации,Компас-3D,Выбор технологической оснастки",2026-01-20T08:20:36+0300,https://hh.ru/vacancy/129627215,металлургия
129999975,"Продавец отдела овощи фрукты в Гипермаркет (Волгоград, Металлургов, 37)",42200,58600,RUR,noExperience,shift,full,Волгоград,"МАГНИТ, Розничная сеть","Продавец-консультант, продавец-кассир",,2026-01-29T12:50:57+0300,https://hh.ru/vacancy/129999975,металлургия
129923109,"Обозреватель/аналитик (торговля сырьем - нефтеь/газ, металлургия)",150000,240000,RUR,between3And6,fullDay,full,Москва,Challenge Technology,Маркетолог-аналитик,"Деловая коммуникация,Маркетинговый анализ,анализ отраслевых рынков,написание аналитических текстов,Сбор и анализ информации",2026-01-27T14:43:21+0300,https://hh.ru/vacancy/129923109,металлургия
129861203,"Продавец-кассир (ул. Металлургов, 80Г)",45000,48000,RUR,noExperience,shift,full,Тула,Улыбка радуги,"Продавец-консультант, продавец-кассир",,2026-01-26T10:55:26+0300,https://hh.ru/vacancy/129861203,металлургия
127788685,Ведущий инженер-технолог (в отдел главного металлурга),121000,121000,RUR,between1And3,fullDay,full,Тула,Индустрия Сервис,Другое,"Автоматизация технологических процессов,инженер,Ориентация на результат,Навыки составления отчетности,Решение конфликтов,Windows Movie Maker,Деловое лидерство,Microsoft Windows,Чтение чертежей,avtocad,Ответственный подход к работе,MSOffice,Презентабельность,Отличное знание ПК,Мотивированность на результат,Образованность,Стремление к профессиональному развитию",2026-01-27T08:06:34+0300,https://hh.ru/vacancy/127788685,металлургия
129825008,"Продавец (Новокузнецк, Центральный, Металлургов, 16)",38400,49900,RUR,noExperience,flexible,part,Новокузнецк,Пятёрочка,"Продавец-консультант, продавец-кассир",,2026-01-24T03:52:20+0300,https://hh.ru/vacancy/129825008,металлургия
130265143,Офис-менеджер,55000,60000,RUR,between1And3,fullDay,full,Пермь,Керамет Порошковая Металлургия-Насосное Производство,Офис-менеджер,,2026-02-09T07:10:26+0300,https://hh.ru/vacancy/130265143,металлургия
129724678,Начальник отдела труда и заработной платы,170000,,RUR,between3And6,fullDay,full,Белая Калитва,Алюминий Металлург Рус,Другое,"Расчет заработной платы,Управление командой,Бюджетирование ФОТ,Управленческая отчетность,Нормирование труда,Штатное расписание,Управление бюджетом,Трудовое законодательство РФ,Разработка и внедрение системы KPI,Формирование бюджета,Оплата труда,Организационная структура,1С: Предприятие 8,Руководство коллективом,Аналитическое мышление,Планирование",2026-02-08T17:25:20+0300,https://hh.ru/vacancy/129724678,металлургия
129920163,"Глава аналитики по нефти и газу (металлургии, АПК)",,400000,RUR,moreThan6,fullDay,full,Москва,Challenge Technology,Другое,"Сбор и анализ информации,Организация работы сотрудников,Аналитические исследования,Написание статей,MS Excel,Английский язык",2026-01-27T13:57:21+0300,https://hh.ru/vacancy/129920163,металлургия
129808795,Ведущий металлург (Ведущий инженер-технолог),150000,,RUR,between1And3,fullDay,full,Санкт-Петербург,Орион-Спецсплав-Гатчина,Технолог,,2026-01-23T16:05:44+0300,https://hh.ru/vacancy/129808795,металлургия
129696390,Директор производственной компании (металлургия),500000,1000000,RUR,moreThan6,fullDay,full,Екатеринбург,IBC Human Resources,Технический директор (CTO),"Разработка стратегии компании,Разработка модели управления,Создание эффективной команды,Цифровизация бизнес-процессов,Улучшение производственных процессов,Улучшению инфраструктурных процессов,Операционное управление компанией,Проектные продажи,Цифровая трансформация бизнеса,Анализ больших массивов информации,Построение корпоративной культуры,Развитие производственных систем,Бережливое производство,Лидерские качества,Умение мыслить стратегически,Инженерный склад ума,Развитый эмоциональный интеллект",2026-01-21T10:50:47+0300,https://hh.ru/vacancy/129696390,металлургия
129313378,Главный металлург,,,,between3And6,fullDay,full,Колпино,ИЗ-Картэкс им. П. Г. Коробкова,Другое,,2026-01-12T16:35:27+0300,https://hh.ru/vacancy/129313378,металлургия
129782564,"Продавец-консультант (Тула, Металлургов, 87)",44000,65000,RUR,noExperience,flexible,full,Тула,Перекрёсток,"Продавец-консультант, продавец-кассир",,2026-01-23T09:03:59+0300,https://hh.ru/vacancy/129782564,металлургия
129671616,Менеджер по продажам ( металлургия ),,,,moreThan6,fullDay,full,Москва,Люберецкий завод Монтажавтоматика,"Менеджер по продажам, менеджер по работе с клиентами","Ведение переговоров,Прямые продажи,Поиск и привлечение клиентов,Развитие продаж,Подготовка коммерческих предложений,Заключение договоров,B2B Продажи",2026-01-20T17:40:50+0300,https://hh.ru/vacancy/129671616,металлургия
129643919,Главный специалист сектора металлургии,,,,between3And6,fullDay,full,Екатеринбург,Горно-металлургический комплекс,"Инженер-конструктор, инженер-проектировщик",,2026-01-20T11:52:42+0300,https://hh.ru/vacancy/129643919,металлургия
119517974,Технолог участка литейного,75000,75000,RUR,between1And3,fullDay,full,Бийск,Бийский олеумный завод - филиал ФКП Завод имени Я.М. Свердлова,Технолог,,2026-02-10T05:42:58+0300,https://hh.ru/vacancy/119517974,металлургия
129622597,"Пекарь (Орёл, Металлургов, 15)",37000,47800,RUR,noExperience,fullDay,full,Орел,Пятёрочка,"Повар, пекарь, кондитер",,2026-01-20T05:40:09+0300,https://hh.ru/vacancy/129622597,металлургия
129522392,Инженер-металлург ЭШП,,,,between1And3,fullDay,full,Чехов (Московская область),ЧЗЭМ ЭНЕРГОМАШ,Технолог,,2026-01-16T14:12:46+0300,https://hh.ru/vacancy/129522392,металлургия
128279457,"Продавец-кассир (пр-т Металлургов, д.6А)",,37243,RUR,noExperience,shift,full,Ярцево,"ДИКСИ, группа компаний","Продавец-консультант, продавец-кассир","Доброжелательность,Без опыта,Работа в команде,Обслуживание покупателей,Выкладка товаров,Розничная торговля",2026-01-26T10:30:13+0300,https://hh.ru/vacancy/128279457,металлургия
129563153,Контролёр продукции цветной металлургии,40000,65000,RUR,between1And3,fullDay,full,Красноярск,РУСАЛ,Контролёр ОТК,,2026-01-19T13:25:25+0300,https://hh.ru/vacancy/129563153,металлургия
129562996,Научный сотрудник (Лаборатория металлургии),60000,,RUR,between1And3,fullDay,full,Иркутск,НИИПИ ТОМС,"Научный специалист, исследователь",,2026-01-19T06:44:27+0300,https://hh.ru/vacancy/129562996,металлургия
129572213,"Повар (Тула, Металлургов, 87)",45000,65000,RUR,noExperience,flexible,full,Тула,Перекрёсток,"Повар, пекарь, кондитер",,2026-01-19T09:27:15+0300,https://hh.ru/vacancy/129572213,металлургия
128694982,Техник-технолог литейного участка,80700,80700,RUR,between1And3,fullDay,full,Бийск,Бийский олеумный завод - филиал ФКП Завод имени Я.М. Свердлова,Технолог,,2026-02-10T05:42:57+0300,https://hh.ru/vacancy/128694982,металлургия
129567369,Контролер продукции цветной металлургии,46500,51700,RUR,between1And3,shift,full,Новочеркасск,Эл 6,Другое,"Пользователь ПК,Умение работать в коллективе",2026-01-19T08:35:09+0300,https://hh.ru/vacancy/129567369,металлургия
130229286,Технолог-программист станков с ЧПУ,100000,,RUR,between1And3,fullDay,full,Магнитогорск,Металлург,Оператор станков с ЧПУ,"Чтение чертежей,ЕСКД,Станки ЧПУ,Компас-3D,1С: Управление Производственным Предприятием,Бережливое производство,Производственный контроль,разработка чертежей,Разработка инструкций,Машиностроение,Работа на производстве,3D Моделирование,Техническая документация,Обучение и развитие,Работа с чертежами,Точность и внимательность к деталям,Разработка технических заданий,Металлообработка",2026-02-06T11:39:10+0300,https://hh.ru/vacancy/130229286,металлургия
129722486,"Контролер продукции цветной металлургии (""Эпромет"")",43800,56300,RUR,between1And3,fullDay,full,Саранск,Сарансккабель,Другое,"Пользователь ПК,Работа в команде,Работа в условиях многозадачности,Работа с компьютером,Предприимчивость",2026-01-21T16:38:01+0300,https://hh.ru/vacancy/129722486,металлургия
129557197,"Продавец (Екатеринбург, Металлургов, 63)",39600,53100,RUR,noExperience,flexible,part,Екатеринбург,Пятёрочка,"Продавец-консультант, продавец-кассир",,2026-01-18T19:41:44+0300,https://hh.ru/vacancy/129557197,металлургия
129551331,"Пекарь (Пикалево, Металлургов, 13)",55700,71200,RUR,noExperience,fullDay,full,Пикалево,Пятёрочка,"Повар, пекарь, кондитер",,2026-01-18T09:41:55+0300,https://hh.ru/vacancy/129551331,металлургия
129550373,"Пекарь (Заринск, Металлургов, 5)",40000,52000,RUR,noExperience,fullDay,full,Заринск,Пятёрочка,"Повар, пекарь, кондитер",,2026-01-18T07:43:33+0300,https://hh.ru/vacancy/129550373,металлургия
129550139,"Пекарь (Орёл, Металлургов, 19)",37000,47800,RUR,noExperience,fullDay,full,Орел,Пятёрочка,"Повар, пекарь, кондитер",,2026-01-18T07:38:56+0300,https://hh.ru/vacancy/129550139,металлургия
129675746,"Администратор магазина (Карабаш, Металлургов, 4)",37700,57000,RUR,between1And3,fullDay,full,Карабаш (Челябинская область),Пятёрочка,"Администратор магазина, администратор торгового зала",,2026-01-20T19:39:11+0300,https://hh.ru/vacancy/129675746,металлургия
129401168,Инженер сектора металлургии,,,,between3And6,fullDay,full,Екатеринбург,Горно-металлургический комплекс,"Инженер-конструктор, инженер-проектировщик",,2026-01-14T10:04:56+0300,https://hh.ru/vacancy/129401168,металлургия
129643821,Главный специалист-геотехнолог сектора металлургии,,,,between3And6,fullDay,full,Екатеринбург,Горно-металлургический комплекс,"Инженер-конструктор, инженер-проектировщик",,2026-01-20T11:51:21+0300,https://hh.ru/vacancy/129643821,металлургия
129627539,"Уборщик служебных помещений (Металлургов,129)",30000,,RUR,noExperience,fullDay,full,Петровск-Забайкальский,Торгсервис-75,"Уборщица, уборщик",,2026-01-20T08:26:30+0300,https://hh.ru/vacancy/129627539,металлургия
129333556,Кассир (район Металлург),46000,62000,RUR,noExperience,shift,full,Ижевск,Литвинова Оксана Валерьевна,"Продавец-консультант, продавец-кассир",,2026-01-13T09:03:31+0300,https://hh.ru/vacancy/129333556,металлургия
129541177,"Продавец (Новотроицк, Металлургов, 13)",33600,45400,RUR,noExperience,flexible,part,Новотроицк (Оренбургская область),Пятёрочка,"Продавец-консультант, продавец-кассир",,2026-01-17T04:47:24+0300,https://hh.ru/vacancy/129541177,металлургия
125938891,"Фармацевт-провизор ( Металлургов54, Авиаторов83А)",65000,,RUR,between1And3,shift,full,Новокузнецк,Фарм Консалтинг,Фармацевт-провизор,,2026-01-23T04:26:28+0300,https://hh.ru/vacancy/125938891,металлургия
129538698,"Продавец (Карабаш, Металлургов, 4)",29800,42000,RUR,noExperience,flexible,part,Карабаш (Челябинская область),Пятёрочка,"Продавец-консультант, продавец-кассир",,2026-01-16T19:40:59+0300,https://hh.ru/vacancy/129538698,металлургия
129563019,Младший научный сотрудник (Лаборатория металлургии),50000,,RUR,between1And3,fullDay,full,Иркутск,НИИПИ ТОМС,"Научный специалист, исследователь",,2026-01-19T06:45:35+0300,https://hh.ru/vacancy/129563019,металлургия
129530461,Аналитик / Старший аналитик (металлургия),,,,moreThan6,fullDay,full,Москва,«Интер РАО»,Бизнес-аналитик,,2026-01-16T16:25:24+0300,https://hh.ru/vacancy/129530461,металлургия
129572189,"Продавец-кассир (Тула, Металлургов, 87)",48000,60000,RUR,noExperience,flexible,full,Тула,Перекрёсток,"Продавец-консультант, продавец-кассир",,2026-01-19T09:27:06+0300,https://hh.ru/vacancy/129572189,металлургия
129564634,"Администратор магазина (Карабаш, Металлургов, 12)",37700,57000,RUR,between1And3,fullDay,full,Карабаш (Челябинская область),Пятёрочка,"Администратор магазина, администратор торгового зала",,2026-01-19T07:40:47+0300,https://hh.ru/vacancy/129564634,металлургия
129501461,Автомойщик (ул. Металлургов 65),,,,noExperience,shift,full,Екатеринбург,ИЮЛЬ авто,Автомойщик,,2026-01-16T08:46:50+0300,https://hh.ru/vacancy/129501461,металлургия
130030924,Менеджер по продажам,100000,500000,RUR,noExperience,fullDay,full,Москва,НПК Специальная Металлургия-Москва,"Менеджер по продажам, менеджер по работе с клиентами","B2B Продажи,Холодные звонки,Теплые продажи,Ведение переговоров,Телефонные переговоры,Поиск и привлечение клиентов,Активные продажи,Консультирование клиентов,Выявление потребностей,Холодные продажи,Подготовка коммерческих предложений,CRM,Работа с клиентами,Работа с ключевыми клиентами,Деловое общение,Организация деловых встреч,Участие в Тендерах,Заключение договоров,Деловая коммуникация,Технологии металлургии,SPIN-продажи,Мониторинг рынка",2026-02-08T09:23:35+0300,https://hh.ru/vacancy/130030924,металлургия
129799901,"Оператор в сектор приемки Гипермаркет (Волгоград, Металлургов, 37)",35200,47000,RUR,noExperience,fullDay,full,Волгоград,"МАГНИТ, Розничная сеть",Товаровед,,2026-01-23T13:40:15+0300,https://hh.ru/vacancy/129799901,металлургия
129452026,Тендерный специалист/Специалист по тендерам,,,,between1And3,fullDay,full,Санкт-Петербург,НПК Специальная Металлургия СПб,Специалист по тендерам,"Работа на электронных площадках,Проведение тендеров,Мониторинг коммерческих и государственных тендеров,Сбор и анализ информации,Деловая переписка,Деловая коммуникация",2026-02-08T09:31:49+0300,https://hh.ru/vacancy/129452026,металлургия
129550140,"Пекарь (Ярцево, Металлургов, 58А)",31000,42000,RUR,noExperience,fullDay,full,Ярцево,Пятёрочка,"Повар, пекарь, кондитер",,2026-01-18T07:38:56+0300,https://hh.ru/vacancy/129550140,металлургия
129444502,"Пекарь (Карабаш, Металлургов, 12)",29900,42000,RUR,noExperience,fullDay,full,Карабаш (Челябинская область),Пятёрочка,"Повар, пекарь, кондитер",,2026-01-15T06:38:50+0300,https://hh.ru/vacancy/129444502,металлургия
129620910,Металлург/горновой ферросплавных печей/плавильщик ферросплавов,100000,,RUR,noExperience,fullDay,full,Братск,Группа Компаний Мечел,Технолог,,2026-01-20T03:06:42+0300,https://hh.ru/vacancy/129620910,металлургия
129714723,"Заведующий в новую аптеку (ул. Металлургов, 46)",80000,,RUR,between1And3,fullDay,full,Екатеринбург,"Живика, аптечная сеть",Заведующий аптекой,"Пользователь ПК,Грамотная речь,Internet,Ведение отчетности",2026-01-21T14:47:03+0300,https://hh.ru/vacancy/129714723,металлургия
129440639,"Продавец (Карабаш, Металлургов, 12)",29800,42000,RUR,noExperience,flexible,part,Карабаш (Челябинская область),Пятёрочка,"Продавец-консультант, продавец-кассир",,2026-01-14T20:39:28+0300,https://hh.ru/vacancy/129440639,металлургия
129691085,"Пекарь (Тула, 2-й Металлургов, 3А)",56000,64000,RUR,noExperience,fullDay,full,Тула,Пятёрочка,"Повар, пекарь, кондитер",,2026-01-21T09:40:06+0300,https://hh.ru/vacancy/129691085,металлургия
129085809,"Заместитель начальника/инженер-эколог/научный сотрудник (металлургия, горнодобывающая отрасль)",,,,between3And6,fullDay,full,Москва,Федеральное государственное автономное учреждение Научно-исследовательский институт Центр экологической промышленной политики (ФГАУ НИИ ЦЭПП),Другое,"Оценка КЭР,Участие в разработке ИТС НДТ,Расчет выбросов парниковых газов,Знание технологических процессов и оборудования (металлургия, горнодобывающая отрасль)",2026-01-23T17:12:54+0300,https://hh.ru/vacancy/129085809,металлургия
129542164,"Продавец (Новокузнецк, Центральный, Металлургов, 48)",38400,49900,RUR,noExperience,flexible,part,Новокузнецк,Пятёрочка,"Продавец-консультант, продавец-кассир",,2026-01-17T07:57:17+0300,https://hh.ru/vacancy/129542164,металлургия
129541305,"Администратор магазина (Орёл, Металлургов, 15)",51900,56600,RUR,between1And3,fullDay,full,Орел,Пятёрочка,"Администратор магазина, администратор торгового зала",,2026-01-17T05:38:12+0300,https://hh.ru/vacancy/129541305,металлургия
129566122,"Старший продавец (Тула, Металлургов, 65а)",60000,,RUR,between1And3,shift,full,Тула,Торговый дом Тульский мясокомбинат,"Продавец-консультант, продавец-кассир","Обслуживание покупателей,Выкладка товаров,Контроль сроков годности,Приемка груза,Кассовые операции,Торговля,Пополнение товарных запасов,Кассовые документы,Оприходование товара",2026-01-19T08:18:14+0300,https://hh.ru/vacancy/129566122,металлургия
129677393,"Продавец (Тула, 2-й Металлургов, 3А)",56000,64000,RUR,noExperience,flexible,part,Тула,Пятёрочка,"Продавец-консультант, продавец-кассир",,2026-01-20T20:51:52+0300,https://hh.ru/vacancy/129677393,металлургия
128970047,"Управляющий магазином (ул Металлургов, д 80Г)",,97835,RUR,between1And3,fullDay,full,Тула,"ДИКСИ, группа компаний","Директор магазина, директор сети магазинов","Работа в команде,Ориентация на результат,Доброжелательность,Управление персоналом,Обучение персонала,Знание кассовой дисциплины",2026-01-20T17:01:32+0300,https://hh.ru/vacancy/128970047,металлургия
129790236,Региональный торговый представитель (Огнеупорные материалы для металлургии и литейного производства),150000,,RUR,between3And6,remote,full,Красноярск,ANCOR,Другое,,2026-01-23T11:10:30+0300,https://hh.ru/vacancy/129790236,металлургия
129456240,"Уборщик/уборщица (пр. Металлургов, 53)",22500,,RUR,noExperience,fullDay,full,Красноярск,ЦирюльникЪ Красноярск,"Уборщица, уборщик",,2026-01-15T10:23:44+0300,https://hh.ru/vacancy/129456240,металлургия
129158778,Администратор проекта ПО металлургии,,,,between1And3,fullDay,full,Москва,НИИТФА,Руководитель проектов,"MS PowerPoint,MS Project,Управление проектами",2026-01-12T10:10:46+0300,https://hh.ru/vacancy/129158778,металлургия
129262121,"Старший мастер (металообработка, металлургия)",,,,between3And6,fullDay,full,Ижевск,АгроХолодМаш-Компрессор,Начальник производства,"Производственное планирование,Умение планировать,Умение читать чертежи,Способность обучать других,Металлообработка,Организаторские навыки,Машиностроение,Сборочное производство",2026-01-12T08:30:06+0300,https://hh.ru/vacancy/129262121,металлургия
129259420,"Продавец (Красноярск, Металлургов, 16)",46000,59800,RUR,noExperience,flexible,part,Красноярск,Пятёрочка,"Продавец-консультант, продавец-кассир",,2026-01-12T07:41:26+0300,https://hh.ru/vacancy/129259420,металлургия
129576125,"Механик-диагност в автосалон (ул. Металлургов, 65)",,,,between1And3,shift,full,Екатеринбург,ИЮЛЬ авто,"Автослесарь, автомеханик",,2026-01-19T10:05:47+0300,https://hh.ru/vacancy/129576125,металлургия
127083686,Менеджер по продажам,80000,,RUR,noExperience,fullDay,full,Новосибирск,ГК Сибирский Металлург,"Менеджер по продажам, менеджер по работе с клиентами","Работа с поставщиками,Мониторинг цен,Ценообразование,Мониторинг рынка,Коммуникативные навыки,B2B Продажи,Анализ конкурентной среды,Аналитическое мышление,Управление продажами,Навыки продаж,Управление отношениями с клиентами,Развитие продаж,Битрикс24,Участие в Тендерах,Навыки межличностного общения,Ориентация на клиента,Развитие ключевых клиентов,Телефонные переговоры,Активные продажи",2026-02-07T10:04:21+0300,https://hh.ru/vacancy/127083686,металлургия
129403828,Заведующий лабораторией разрушающих испытаний (металлургия),75000,,RUR,between3And6,fullDay,full,Нижний Новгород,Окский машиностроительный завод,Другое,"Пользователь ПК,Работа в команде,оформление документации,Точность и внимательность к деталям,Работа на производстве,Контроль качества,Высшее образование,Организаторские навыки,Управление персоналом",2026-01-14T10:34:17+0300,https://hh.ru/vacancy/129403828,металлургия
129553643,"Менеджер по продажам (Екатеринбург, Металлургов, 87, МЕГА)",77000,,RUR,noExperience,flexible,full,Екатеринбург,Розничная сеть МТС,"Продавец-консультант, продавец-кассир","Розничная торговля,Работа с кассой,Работа в команде,Консультирование клиентов,Торговля",2026-01-18T14:37:30+0300,https://hh.ru/vacancy/129553643,металлургия
129529782,Фармацевт/Провизор/Медицинский консультант (ш. Металлургов),60000,,RUR,noExperience,shift,full,Челябинск,Сеть аптек Апрель,Фармацевт-провизор,,2026-01-16T16:13:10+0300,https://hh.ru/vacancy/129529782,металлургия
129501428,"Электрик-диагност автомобилей (ул. Металлургов, 65)",,,,between1And3,fullDay,full,Екатеринбург,ИЮЛЬ авто,"Автослесарь, автомеханик",,2026-01-16T08:46:12+0300,https://hh.ru/vacancy/129501428,металлургия
129500512,Ассистент отдела сервиса (ул. Металлургов 65),,,,noExperience,shift,full,Екатеринбург,ИЮЛЬ авто,Другое,,2026-01-16T08:37:21+0300,https://hh.ru/vacancy/129500512,металлургия
129349368,Заместитель управляющего магазином (пер. Металлургов),100600,134000,RUR,between1And3,fullDay,full,Ступино (Московская область),Сеть супермаркетов ДА!,"Директор магазина, директор сети магазинов","Розничная торговля,Управление командой,Проведение инвентаризаций,Работа в режиме многозадачности",2026-01-13T11:29:48+0300,https://hh.ru/vacancy/129349368,металлургия
129328065,Заместитель главного металлурга-начальник отдела,,,,between3And6,fullDay,full,Омск,РОСКОСМОС,Начальник производства,,2026-01-13T07:09:45+0300,https://hh.ru/vacancy/129328065,металлургия
129655231,Управляющий директор по кредитованию клиентов горной добычи и металлургии,,,,between3And6,fullDay,full,Москва,Московский Кредитный Банк,Финансовый директор (CFO),"Моделирование,Финансовое моделирование,Анализ ФХД",2026-01-20T14:00:57+0300,https://hh.ru/vacancy/129655231,металлургия
129482625,"Управляющий магазином (пр. Металлургов, 6А)",54500,,RUR,between1And3,fullDay,full,Ярцево,Детский мир,"Директор магазина, директор сети магазинов",,2026-01-15T16:38:23+0300,https://hh.ru/vacancy/129482625,металлургия
129268876,"Товаровед ломбарда (Орел, Металлургов, 16)",57600,,RUR,noExperience,shift,full,Орел,"585, Золотой",Товаровед,,2026-01-12T09:40:47+0300,https://hh.ru/vacancy/129268876,металлургия
129268870,"Товаровед ломбарда (Орел, Металлургов, 16)",57600,,RUR,noExperience,shift,full,Орел,"585, Золотой",Товаровед,,2026-01-12T09:40:42+0300,https://hh.ru/vacancy/129268870,металлургия
129259518,"Пекарь (Надвоицы, Надвоицы, Металлургов, 11)",53000,62000,RUR,noExperience,fullDay,full,Надвоицы,Пятёрочка,"Повар, пекарь, кондитер",,2026-01-12T07:42:19+0300,https://hh.ru/vacancy/129259518,металлургия
129257683,"Продавец (Тула, Металлургов, 65А)",56000,64000,RUR,noExperience,flexible,part,Тула,Пятёрочка,"Продавец-консультант, продавец-кассир",,2026-01-12T06:55:35+0300,https://hh.ru/vacancy/129257683,металлургия
129507170,Ведущий инженер-проектировщик обогатитель / металлург / Инженер-проектировщик,250000,,RUR,between3And6,remote,full,Москва,Бенитех,"Инженер-конструктор, инженер-проектировщик",,2026-01-16T10:22:32+0300,https://hh.ru/vacancy/129507170,металлургия
129653009,Менеджер по продажам (металлопрокат),100000,500000,RUR,between1And3,fullDay,full,Москва,НПК Специальная Металлургия-Москва,"Менеджер по продажам, менеджер по работе с клиентами","B2B Продажи,Холодные звонки,Теплые продажи,Ведение переговоров,Телефонные переговоры,Поиск и привлечение клиентов,Активные продажи,Консультирование клиентов,Выявление потребностей,Холодные продажи,Подготовка коммерческих предложений,CRM,Работа с клиентами,Работа с ключевыми клиентами,Деловое общение,Организация деловых встреч,Участие в Тендерах,Заключение договоров,Деловая коммуникация,Технологии металлургии,SPIN-продажи,Мониторинг рынка",2026-02-07T13:35:54+0300,https://hh.ru/vacancy/129653009,металлургия
129501978,Начинающий ассистент отдела выкупа (ул. Металлургов 65),,,,noExperience,fullDay,full,Екатеринбург,ИЮЛЬ авто,Другое,,2026-01-16T08:58:33+0300,https://hh.ru/vacancy/129501978,металлургия
129499777,Ассистент отдела выкупа автомобилей (ул. Металлургов 65),,,,noExperience,fullDay,full,Екатеринбург,ИЮЛЬ авто,"Менеджер по продажам, менеджер по работе с клиентами",,2026-01-16T08:34:00+0300,https://hh.ru/vacancy/129499777,металлургия
129500669,"Водитель-курьер в Пятёрочку (Карабаш, Металлургов, 4)",,210000,RUR,noExperience,flexible,full,Карабаш (Челябинская область),X5 Digital,Курьер,,2026-01-16T08:37:41+0300,https://hh.ru/vacancy/129500669,металлургия
129500523,"Курьер-водитель в Пятёрочку (Тула, Металлургов, 43)",,210000,RUR,noExperience,flexible,full,Тула,X5 Digital,Курьер,,2026-01-16T08:37:23+0300,https://hh.ru/vacancy/129500523,металлургия
129485718,"Водитель-курьер в ""Пятерочку"" (Заринск, Металлургов, 5)",,184000,RUR,noExperience,flexible,full,Заринск,X5 Digital,Курьер,,2026-01-15T17:20:27+0300,https://hh.ru/vacancy/129485718,металлургия
129516152,"Ведущий инженер-проектировщик обогатитель / металлург / технолог , Инженер-проектировщик",230000,,RUR,between3And6,remote,full,Москва,Бенитех,"Инженер-конструктор, инженер-проектировщик",,2026-01-16T12:29:13+0300,https://hh.ru/vacancy/129516152,металлургия
129852272,Менеджер по продажам,150000,300000,RUR,between1And3,fullDay,full,Санкт-Петербург,НПК Специальная Металлургия СПб,"Менеджер по продажам, менеджер по работе с клиентами","Активные продажи,B2B Продажи,Поиск и привлечение клиентов,Телефонные переговоры,Работа с CRM,Заключение договоров,Выявление потребностей,Холодные звонки,Холодные продажи,Теплые продажи,Консультативные продажи,SPIN-продажи,Подготовка коммерческих предложений",2026-02-07T09:05:47+0300,https://hh.ru/vacancy/129852272,металлургия
129425564,Ведущий инженер-проектировщик ЭТР (электротехнических решений)/металлургия,180000,,RUR,between1And3,fullDay,full,Москва,Кушнер Елена Анатольевна,"Инженер-конструктор, инженер-проектировщик",,2026-01-14T14:52:21+0300,https://hh.ru/vacancy/129425564,металлургия
129613129,"Специалист по проектам направления ""Металлургия и горное дело, IT и Цифровизация""",,,,between1And3,fullDay,full,Мончегорск,Норникель,"Инженер-конструктор, инженер-проектировщик",,2026-01-19T17:09:38+0300,https://hh.ru/vacancy/129613129,металлургия
129612486,"Главный менеджер проектов направления ""Металлургия и горное дело, IT и Цифровизация""",,,,between3And6,fullDay,full,Иркутск,Норникель,Руководитель проектов,,2026-01-19T17:03:23+0300,https://hh.ru/vacancy/129612486,металлургия
128838926,"Управляющий магазином, ул Металлургов, д 1а",,97835,RUR,between1And3,fullDay,full,Тула,"ДИКСИ, группа компаний","Директор магазина, директор сети магазинов","Работа в команде,Ориентация на результат,Доброжелательность,Управление персоналом,Обучение персонала,Знание кассовой дисциплины",2026-01-13T16:13:36+0300,https://hh.ru/vacancy/128838926,металлургия
129330093,"Начинающий специалист Yota (г. Орёл, ул. Металлургов)",40000,45000,RUR,noExperience,fullDay,full,Орел,Yota,Другое,"Коммуникабельность,Доброжелательность",2026-01-13T08:06:41+0300,https://hh.ru/vacancy/129330093,металлургия
102233915,Электромонтер по ремонту и обслуживанию электрооборудования,90600,98800,RUR,between1And3,flexible,full,Новокузнецк,Вторресурс-Переработка,Электромонтажник,,2026-02-10T06:08:14+0300,https://hh.ru/vacancy/102233915,металлургия
129497278,"Ведущий инженер-проектировщик ТХ/ обогатитель / металлург / технолог , Инженер-проектировщик",230000,,RUR,between3And6,remote,full,Екатеринбург,Бенитех,"Инженер-конструктор, инженер-проектировщик",,2026-01-16T07:22:22+0300,https://hh.ru/vacancy/129497278,металлургия
129266701,Оператор 1 С/ Консультант 1С,75000,75000,RUR,between1And3,fullDay,full,Ростов-на-Дону,НПЦ Металлург,"Программист, разработчик",,2026-02-05T09:49:30+0300,https://hh.ru/vacancy/129266701,металлургия
129501354,Менеджер по продажам автомобилей с пробегом (ул. Металлургов 65),,,,noExperience,shift,full,Екатеринбург,ИЮЛЬ авто,"Менеджер по продажам, менеджер по работе с клиентами",Знание устройства автомобиля,2026-01-16T08:45:20+0300,https://hh.ru/vacancy/129501354,металлургия
127904054,Руководитель отдела продаж финансовых услуг (ул. Металлургов 65),,,,between1And3,fullDay,full,Екатеринбург,ИЮЛЬ авто,Руководитель отдела продаж,,2026-01-14T09:01:35+0300,https://hh.ru/vacancy/127904054,металлургия
129622267,"Продавец-кассир в магазин Светофор, г.Красноярск улица Металлургов 2Р (Советский р-н)",42000,,RUR,noExperience,flexible,full,Красноярск,Светофор (ООО Торгсервис 342),"Продавец-консультант, продавец-кассир",,2026-01-20T05:25:28+0300,https://hh.ru/vacancy/129622267,металлургия
129525047,Технолог по обработке металлов,85000,,RUR,between1And3,fullDay,full,Рыбинск,Ирбис Скай Тех,Технолог,"Технологии металлургии,Разработка технических заданий,Знание свойств металлов,Автоматизация технологических процессов,Контроль качества,Технический контроль производства,Управление производством,Технологии машиностроения и приборостроения,Составление технологических карт",2026-02-09T15:00:06+0300,https://hh.ru/vacancy/129525047,металлургия
129350152,"Руководитель по развитию проектов и продаж (нефтегаз, химия, металлургия)",,,,between3And6,remote,full,Москва,ANCOR,Руководитель проектов,,2026-01-13T11:39:00+0300,https://hh.ru/vacancy/129350152,металлургия
127496057,Специалист по расчетам себестоимости,60000,65000,RUR,noExperience,fullDay,full,Иркутск,ПИК Астрон,Экономист,,2026-02-10T04:06:28+0300,https://hh.ru/vacancy/127496057,металлургия
130068285,Электромонтер,,,,between3And6,fullDay,full,Барнаул,МЕТАЛЛУРГИЯ,Электромонтажник,,2026-02-02T06:01:54+0300,https://hh.ru/vacancy/130068285,металлургия
128581177,Начальник производственно-технического отдела,100000,150000,RUR,between3And6,fullDay,full,Ростов-на-Дону,НПЦ Металлург,"Инженер ПТО, инженер-сметчик",,2026-02-04T16:10:23+0300,https://hh.ru/vacancy/128581177,металлургия
129266920,"Продавец-консультант в магазин игрушек ""Весёлый кот"" (Металлургов, 20)",40000,,RUR,noExperience,shift,full,Орел,Весёлый кот,"Продавец-консультант, продавец-кассир","Выкладка товаров,Пополнение товарных запасов,Обслуживание покупателей,Навыки продаж,Торговля,Работа с кассой,Консультирование,Грамотная речь,Умение работать в команде",2026-01-12T09:23:51+0300,https://hh.ru/vacancy/129266920,металлургия
130294632,Менеджер по продажам (Приокский р-н),100000,150000,RUR,between1And3,fullDay,full,Нижний Новгород,Персонал-Волга,"Менеджер по продажам, менеджер по работе с клиентами",,2026-02-09T16:37:56+0300,https://hh.ru/vacancy/130294632,металлургия
130230636,Слесарь-механик,50000,70000,RUR,between1And3,fullDay,full,Нижний Тагил,Производственная компания Промжелдортранс Металлург,Механик,"Ремонт автотранспорта,Ответственность,Слесарные работы",2026-02-06T09:50:06+0300,https://hh.ru/vacancy/130230636,металлургия
130132702,Бухгалтер по заработной плате,80000,,RUR,between1And3,fullDay,full,Екатеринбург,СварТехМонтаж,Бухгалтер,"1С: Зарплата и кадры,1С: Бухгалтерия,Расчет заработной платы",2026-02-10T06:27:58+0300,https://hh.ru/vacancy/130132702,металлургия
130302600,Главный специалист группы сопровождения заключения договоров закупок,,,,between3And6,fullDay,full,Чита,Удоканская медь,Специалист по тендерам,"Заключение договоров,Тендеры,Закупка товаров и услуг,Закупки,Договорная работа",2026-02-10T05:57:33+0300,https://hh.ru/vacancy/130302600,металлургия
129989671,Ведущий бухгалтер по заработной плате,100000,,RUR,between3And6,fullDay,full,Екатеринбург,СварТехМонтаж,Бухгалтер,,2026-02-10T06:27:55+0300,https://hh.ru/vacancy/129989671,металлургия
129989518,Заместитель главного бухгалтера,100000,,RUR,between3And6,fullDay,full,Екатеринбург,СварТехМонтаж,Бухгалтер,,2026-02-10T06:27:53+0300,https://hh.ru/vacancy/129989518,металлургия
129713301,Инженер-технолог в цех калиброванного металлопроката,100000,130000,RUR,between3And6,fullDay,full,Челябинск,ЧЗПО,Технолог,"Внимательность,Работа с документацией,Знание шлифовальной группы ЧПУ,Техническая документация,Производственный контроль",2026-02-09T15:21:01+0300,https://hh.ru/vacancy/129713301,металлургия
130301407,Начальник отдела технического контроля,,,,between1And3,flyInFlyOut,full,Иркутск,Полиметалл,Другое,,2026-02-10T02:47:24+0300,https://hh.ru/vacancy/130301407,металлургия
129578073,Инженер-технолог на кабельный завод,120000,120000,RUR,between3And6,fullDay,full,Москва,Москабельмет,Технолог,,2026-02-09T10:20:33+0300,https://hh.ru/vacancy/129578073,металлургия
129378989,Менеджер по продажам и закупкам металлов,150000,,RUR,between3And6,fullDay,full,Москва,ТОП ЭЛОЙ,Менеджер по закупкам,"Деловая переписка,Внутренние коммуникации,Телефонные переговоры,Управление закупками,Закупка материалов",2026-02-09T17:11:02+0300,https://hh.ru/vacancy/129378989,металлургия
130126619,Охранник,5600,,RUR,noExperience,shift,full,Сегежа,Охрана МЕТАЛЛУРГ,Охранник,,2026-02-03T12:59:20+0300,https://hh.ru/vacancy/130126619,металлургия
130283026,Инженер - конструктор (нестандартное оборудование),60000,,RUR,between1And3,fullDay,full,Ижевск,ИЖЕВСКИЙ ЗАВОД ПЛАСТМАСС,"Инженер-конструктор, инженер-проектировщик",,2026-02-09T13:02:22+0300,https://hh.ru/vacancy/130283026,металлургия
129310628,Инженер-конструктор,75000,75000,RUR,noExperience,fullDay,full,Пермь,Научно-производственное предприятие Композитмаш,"Инженер-конструктор, инженер-проектировщик","Компас-3D,Чтение чертежей,Точность и внимательность к деталям,ЕСКД,Разработка технической документации,Выбор технологической оснастки,Технологии металлургии",2026-02-09T17:02:11+0300,https://hh.ru/vacancy/129310628,металлургия
129310629,Инженер-конструктор,75000,75000,RUR,noExperience,fullDay,full,Краснокамск,Научно-производственное предприятие Композитмаш,"Инженер-конструктор, инженер-проектировщик","Компас-3D,Чтение чертежей,Точность и внимательность к деталям,ЕСКД,Разработка технической документации,Выбор технологической оснастки,Технологии металлургии",2026-02-09T17:02:11+0300,https://hh.ru/vacancy/129310629,металлургия
130279982,Мастер участка плавильного производства,120000,,RUR,between3And6,shift,full,Санкт-Петербург,БалтМетКом,"Начальник смены, мастер участка","Умение работать в команде,Высшее образование,Работа с компьютером",2026-02-09T12:07:38+0300,https://hh.ru/vacancy/130279982,металлургия
129940111,Специалист по обработке заявок в отдел продаж / поддержки продаж,70000,110000,RUR,between1And3,fullDay,full,Екатеринбург,ГАЙД СИСТЕМС,Технолог,"Работа в команде,Заключение договоров,Деловое общение,Техническая документация,металлургическое оборудование,изделия по чертежам,Чтение чертежей,Работа с большим объемом информации,Грамотность,Ведение переписки,Многозадачность,Умение работать в режиме многозадачности,Пользователь ПК,Автоматизация,Работа с CRM,Автоматизация процессов",2026-02-09T07:28:18+0300,https://hh.ru/vacancy/129940111,металлургия
130086228,Управляющий директор/главный менеджер дирекции по работе с ключевыми клиентами,,,,between3And6,fullDay,full,Москва,Банк ВТБ (ПАО),Руководитель отдела клиентского обслуживания,"Финансовый анализ,Анализ бизнес показателей,Поиск и привлечение клиентов,Планирование продаж,Навыки переговоров,Навыки продаж",2026-02-09T17:05:28+0300,https://hh.ru/vacancy/130086228,металлургия
130299273,Заведующий складом,120000,,RUR,between3And6,fullDay,full,Санкт-Петербург,БалтМетКом,Начальник склада,,2026-02-09T19:00:46+0300,https://hh.ru/vacancy/130299273,металлургия
129594217,Грузчик/Разнорабочий на склад Marmalato (Первомайский район),49000,49000,RUR,noExperience,shift,full,Новосибирск,MARMALATO,Грузчик,"Коммуникабельность,обучаемость",2026-02-09T13:03:58+0300,https://hh.ru/vacancy/129594217,металлургия
130036096,Уборщик в литейных цехах (разборщик литья),60000,80000,RUR,noExperience,fullDay,full,Барнаул,МЕТАЛЛУРГИЯ,"Уборщица, уборщик",,2026-01-30T10:56:10+0300,https://hh.ru/vacancy/130036096,металлургия
130195510,Плавильщик,88500,126500,RUR,between1And3,shift,full,Сергиев Посад (Московская область),Завод Агрокабель,Разнорабочий,Умение работать в коллективе,2026-02-08T10:18:37+0300,https://hh.ru/vacancy/130195510,металлургия
129575523,Наладчик прессового оборудования,85000,,RUR,between1And3,fullDay,full,Рыбинск,Ирбис Скай Тех,"Сервисный инженер, инженер-механик","Ремонт оборудования,Ремонтные работы,Ввод оборудования в эксплуатацию,Техническое обслуживание,Контроль исправности оборудования,Точность и внимательность к деталям,Наладка оборудования",2026-02-09T10:00:04+0300,https://hh.ru/vacancy/129575523,металлургия
130284722,Инженер-технолог 1 категории бюро по противокоррозионной защите и гальванопокрытиям,51800,51800,RUR,between1And3,fullDay,full,Саратов,EПК Самара,Технолог,"Бережная эксплуатация оборудования и инструментов,Технический контроль производства,Умение работать в коллективе,Технологии металлургии,Техническая документация",2026-02-09T13:28:40+0300,https://hh.ru/vacancy/130284722,металлургия
127576621,Технолог (литейная группа),110000,130000,RUR,between1And3,fullDay,full,Новосибирск,НОВОСИБИРСКИЙ СТРЕЛОЧНЫЙ ЗАВОД,Технолог,"Компас-3D,Разработка технических заданий,Разработка инструкций,AutoCAD,1С: Управление Производственным Предприятием,Ответственность,Исполнительность",2026-02-09T04:34:01+0300,https://hh.ru/vacancy/127576621,металлургия
130086954,Инженер ОТК/Контролер ОТК,60000,70000,RUR,between1And3,fullDay,full,Челябинск,ПК Металлург,Контролёр ОТК,"Точность и внимательность к деталям,Контроль качества,Управление требованиями",2026-02-02T13:01:40+0300,https://hh.ru/vacancy/130086954,металлургия
130276373,Менеджер по развитию,78000,78000,RUR,between3And6,fullDay,full,Дзержинск (Нижегородская область),РИФМЕТ ПРО,"Менеджер по продажам, менеджер по работе с клиентами",,2026-02-09T11:07:20+0300,https://hh.ru/vacancy/130276373,металлургия
130144145,Инженер по продажам литейных материалов,140000,,RUR,between1And3,fullDay,full,Санкт-Петербург,Научно-технический центр промышленных технологий,"Менеджер по продажам, менеджер по работе с клиентами","Активные продажи,B2B Продажи,Подготовка коммерческих предложений,Литейные технологии,Английский язык - базовый уровень",2026-02-09T21:01:42+0300,https://hh.ru/vacancy/130144145,металлургия
130144146,Инженер по продажам литейных материалов,140000,,RUR,between1And3,fullDay,full,Казань,Научно-технический центр промышленных технологий,"Менеджер по продажам, менеджер по работе с клиентами","Активные продажи,B2B Продажи,Подготовка коммерческих предложений,Литейные технологии,Английский язык - базовый уровень",2026-02-09T21:01:42+0300,https://hh.ru/vacancy/130144146,металлургия
130144147,Инженер по продажам литейных материалов,140000,,RUR,between1And3,fullDay,full,Набережные Челны,Научно-технический центр промышленных технологий,"Менеджер по продажам, менеджер по работе с клиентами","Активные продажи,B2B Продажи,Подготовка коммерческих предложений,Литейные технологии,Английский язык - базовый уровень",2026-02-09T21:01:42+0300,https://hh.ru/vacancy/130144147,металлургия
120228776,Менеджер по продажам,80000,250000,RUR,between1And3,fullDay,full,Чебоксары,Металл Стор,"Менеджер по продажам, менеджер по работе с клиентами","Активные продажи,Сопровождение клиентов,Телефонные переговоры,Навыки продаж,Выявление потребностей,amoCRM",2026-02-09T12:09:31+0300,https://hh.ru/vacancy/120228776,металлургия
129599801,Начальник производственного цеха,,,,between3And6,fullDay,full,Каменск-Уральский,Каменск-Уральский завод по обработке цветных металлов,Начальник производства,,2026-02-09T08:28:24+0300,https://hh.ru/vacancy/129599801,металлургия
129363184,Менеджер по продажам металлопроката,100000,,RUR,between1And3,fullDay,full,Екатеринбург,АСМ Комплект,"Менеджер по продажам, менеджер по работе с клиентами","Телефонные переговоры,Активные продажи,Поиск и привлечение клиентов,Заключение договоров,Консультирование клиентов,Холодные продажи,Деловая переписка",2026-02-09T14:03:40+0300,https://hh.ru/vacancy/129363184,металлургия
122099696,Клиентский менеджер розничного бизнеса (группа резерва),80000,,RUR,noExperience,fullDay,full,Тула,Банк ВТБ (ПАО),"Менеджер по продажам, менеджер по работе с клиентами","Активные продажи,Продажа кредитных продуктов,потребительские кредиты,Ориентация на клиента,кредитные карты,Навыки презентации,оформление документации,Навыки продаж,Деловое общение",2026-02-09T09:13:16+0300,https://hh.ru/vacancy/122099696,металлургия
129908315,Финансовый менеджер,80000,,RUR,between3And6,fullDay,full,Пермь,Керамет Порошковая Металлургия-Насосное Производство,Финансовый менеджер,"Финансовый менеджмент,Финансовое планирование,Анализ финансовых показателей,Финансовый контроль,Финансовый анализ,Кредитные договоры,Финансовая отчетность,Бюджетирование,Управление финансами,Экономический анализ,Планирование,Формирование бюджета,Краткосрочное бюджетирование и планирование,Формирование управленческой отчетности,Корпоративные финансы,Управленческий учет,Управленческая отчетность,Аналитическое мышление,Деловая переписка,Работа с большим объемом информации,Анализ текущих финансовых показателей,Деловая коммуникация,Корпоративная этика,Лизинговые операции,Факторинг,Управление ликвидностью компании,Контроль кредиторской задолженности,Управление бюджетом,Управление затратами",2026-02-05T07:14:53+0300,https://hh.ru/vacancy/129908315,металлургия
127480963,"Кладовщик Новогорелово (""Торговый дом ММК"")",100000,100000,RUR,between1And3,fullDay,full,Новогорелово,Магнитогорский металлургический комбинат,Кладовщик,,2026-02-09T16:05:54+0300,https://hh.ru/vacancy/127480963,металлургия
127481047,"Кладовщик, Красное Село (""Торговый дом ММК"")",100000,100000,RUR,between1And3,fullDay,full,Красное Село,Магнитогорский металлургический комбинат,Кладовщик,,2026-02-09T16:05:50+0300,https://hh.ru/vacancy/127481047,металлургия
130119946,Специалист ПТО,,,,between1And3,fullDay,full,Череповец,Компания СК Металлург,Другое,"Строительство,Проектная документация,AutoCAD,Точность и внимательность к деталям,Умение работать в коллективе",2026-02-03T11:05:36+0300,https://hh.ru/vacancy/130119946,металлургия
127095821,Инженер по штампам_Начинающий специалист,,,,noExperience,fullDay,full,Санкт-Петербург,Петерформ,Другое,,2026-02-09T14:25:58+0300,https://hh.ru/vacancy/127095821,металлургия
129576208,Специалист отдела технического контроля,50000,,RUR,noExperience,fullDay,full,Екатеринбург,Промимпэкс,Специалист по сертификации,MS Excel,2026-02-09T10:06:38+0300,https://hh.ru/vacancy/129576208,металлургия
130300696,Главный инженер ГОФ/ЗИФ,,,,moreThan6,flyInFlyOut,full,Чита,Восточно-Европейская Добывающая Компания,Начальник производства,,2026-02-09T21:52:21+0300,https://hh.ru/vacancy/130300696,металлургия
130300697,Главный инженер ГОФ/ЗИФ,,,,moreThan6,flyInFlyOut,full,Челябинск,Восточно-Европейская Добывающая Компания,Начальник производства,,2026-02-09T21:52:21+0300,https://hh.ru/vacancy/130300697,металлургия
130026604,Инженер-технолог в литейном производстве,90000,90000,RUR,between3And6,fullDay,full,Челябинск,Нэк Ресурс,Технолог,,2026-02-09T08:32:28+0300,https://hh.ru/vacancy/130026604,металлургия
129356032,Инженер-конструктор,100000,,RUR,between1And3,fullDay,full,Екатеринбург,ИнСетКом,"Инженер-конструктор, инженер-проектировщик","AutoCAD,MS Office,Компас 3D,Solid Works",2026-02-09T13:55:59+0300,https://hh.ru/vacancy/129356032,металлургия
129592502,Менеджер по продажам,50000,,RUR,between3And6,remote,part,Москва,ФерроКарбон,"Менеджер по продажам, менеджер по работе с клиентами",,2026-02-09T12:43:55+0300,https://hh.ru/vacancy/129592502,металлургия
129609719,Слесарь сборщик,100000,120000,RUR,between1And3,fullDay,full,Москва,Сварог,"Слесарь, сантехник","Слесарные работы,Технологии металлургии,Обращение с технической документацией,Владение электроинструментом",2026-02-09T16:29:36+0300,https://hh.ru/vacancy/129609719,металлургия
129609718,Электромонтажник,120000,130000,RUR,between1And3,fullDay,full,Москва,Сварог,Электромонтажник,"Слесарные работы,Технологии металлургии,Обращение с технической документацией,Владение электроинструментом",2026-02-09T16:29:35+0300,https://hh.ru/vacancy/129609718,металлургия
126565140,Инженер АСУ ТП,121000,,RUR,between1And3,fullDay,full,Екатеринбург,Русская медная компания,Инженер ПНР,,2026-02-09T07:54:11+0300,https://hh.ru/vacancy/126565140,металлургия
129397292,Электросварщик ручной сварки,120000,,RUR,between1And3,fullDay,full,Череповец,Фирма Прокатмонтаж-3,Сварщик,"Производство строительно-монтажных работ,Строительство,Монтаж оборудования,Ремонтные работы",2026-02-09T12:02:29+0300,https://hh.ru/vacancy/129397292,металлургия
126957484,Упаковщица (упаковщик),50000,60000,RUR,noExperience,fullDay,full,Ижевск,Ижсинтез-отделочные материалы,Оператор производственной линии,"Работоспособность,фасовка,выдув,умение работать в команде",2026-02-09T09:15:31+0300,https://hh.ru/vacancy/126957484,металлургия
130272589,Кладовщик (по сбыту),48400,48400,RUR,noExperience,fullDay,full,Екатеринбург,УНИХИМ с ОЗ,Кладовщик,,2026-02-09T10:08:16+0300,https://hh.ru/vacancy/130272589,металлургия
130270522,"Токарь-расточник, Разряд 4",70000,73000,RUR,noExperience,fullDay,full,Серов,Управляющая металлургическая компания - Сталь,Другое,,2026-02-09T09:33:24+0300,https://hh.ru/vacancy/130270522,металлургия
130275262,Ведущий специалист по материально-техническому снабжению и тендерной работе,95000,95000,RUR,between1And3,fullDay,full,Екатеринбург,Русская медная компания,Менеджер по закупкам,,2026-02-09T10:51:38+0300,https://hh.ru/vacancy/130275262,металлургия
127497601,Инженер-конструктор,60000,,RUR,between1And3,fullDay,full,Каменск-Уральский,УПКБ Деталь,"Инженер-конструктор, инженер-проектировщик",,2026-02-09T06:31:15+0300,https://hh.ru/vacancy/127497601,нанотехнологии
130118810,Инженер-программист,200000,250000,RUR,between3And6,fullDay,full,Москва,Институт нанотехнологий микроэлектроники РАН,"Программист, разработчик","SQL,Git",2026-02-03T10:48:15+0300,https://hh.ru/vacancy/130118810,нанотехнологии
130276348,Инженер-конструктор,,,,between1And3,fullDay,full,Санкт-Петербург,Радар ММС,"Инженер-конструктор, инженер-проектировщик",,2026-02-09T11:07:03+0300,https://hh.ru/vacancy/130276348,нанотехнологии
129280912,Стажёр в Группу компаний «Элемент»,,,,noExperience,flexible,part,Зеленоград,Элемент,Другое,,2026-02-09T10:18:39+0300,https://hh.ru/vacancy/129280912,нанотехнологии
130028283,Начальник производства,,,,between3And6,fullDay,full,Ростов-на-Дону,РОЙ-АЭРО,Начальник производства,"Производственное планирование,Управление производством,Организация производства,Стратегическое мышление,Организационные навыки,Контроль хозяйственной деятельности,Непрерывное производство",2026-02-08T08:23:39+0300,https://hh.ru/vacancy/130028283,нанотехнологии
130249823,Продавец-консультант уходовой косметики,60000,96000,RUR,between1And3,fullDay,full,Москва,Градус,"Продавец-консультант, продавец-кассир",,2026-02-06T16:40:48+0300,https://hh.ru/vacancy/130249823,нанотехнологии
130229948,Руководитель технического отдела (отдела разработок),140000,,RUR,moreThan6,fullDay,full,Пермь,Иннфокус,Технический директор (CTO),"Управление командой,Микроэлектроника,Фотоника,Нанотехнологии",2026-02-06T09:33:54+0300,https://hh.ru/vacancy/130229948,нанотехнологии
129362509,Продавец-консультант (косметика Sesderma),90000,,RUR,between1And3,fullDay,full,Москва,Градус,"Продавец-консультант, продавец-кассир",,2026-02-04T09:55:16+0300,https://hh.ru/vacancy/129362509,нанотехнологии
130065502,"Продавец-консультант (косметика Sesderma, Ригамолл-Истра)",90000,,RUR,between1And3,flexible,full,Москва,Градус,"Продавец-консультант, продавец-кассир",,2026-02-01T16:00:57+0300,https://hh.ru/vacancy/130065502,нанотехнологии
130036452,Разработчик встраиваемых систем Linux / Embedded Linux developer,,200000,RUR,between1And3,fullDay,full,Москва,ФГУ ФНЦ НИИСИ РАН,"Программист, разработчик","Ansi C++,C/C++,Linux,Embedded",2026-01-30T11:02:11+0300,https://hh.ru/vacancy/130036452,нанотехнологии
129756199,Инженер-технолог (планово-диспетчерская группа кристального производства),56000,,RUR,between1And3,fullDay,full,Великий Новгород,ОКБ-ПЛАНЕТА,"Инженер-электроник, инженер-электронщик",,2026-01-22T13:21:24+0300,https://hh.ru/vacancy/129756199,нанотехнологии
130043696,Middle ML/DL-разработчик,180000,280000,RUR,between1And3,fullDay,full,Москва,Рекрутинговое агентство The One,"Программист, разработчик","Python,PyTorch,Numpy,Computer Vision,Deep Learning",2026-01-30T13:26:13+0300,https://hh.ru/vacancy/130043696,нанотехнологии
129786105,Инженер-технолог (отделение разработки микросхем),,,,noExperience,fullDay,full,Нижний Новгород,Филиал ФГУП РФЯЦ–ВНИИЭФ Научно-исследовательский институт измерительных систем им. Ю.Е. Седакова,Технолог,"Аналитический склад ума,Внимательность,Желание работать и развиваться в области микросистемной техники",2026-01-23T10:04:27+0300,https://hh.ru/vacancy/129786105,нанотехнологии
129922181,Middle Data Scientist / ML-разработчик,150000,250000,RUR,between1And3,remote,full,Москва,Рекрутинговое агентство The One,Дата-сайентист,"Python,Computer Vision,Deep Learning,OpenCV,PyTorch",2026-01-27T14:29:06+0300,https://hh.ru/vacancy/129922181,нанотехнологии
129388569,Инженер по регулировке,45000,,RUR,noExperience,fullDay,full,Омск,ЦКБА,Инженер ПНР,,2026-01-14T05:53:31+0300,https://hh.ru/vacancy/129388569,нанотехнологии
92704057,Ведущий инженер,100000,,RUR,between3And6,fullDay,full,Москва,ФГУП Центральный научно-исследовательский институт химии и механики,"Инженер-конструктор, инженер-проектировщик",,2026-01-16T15:16:58+0300,https://hh.ru/vacancy/92704057,нанотехнологии
129748697,DevOps инженер,,,,between1And3,fullDay,full,Новосибирск,Рекрутинговое агентство The One,DevOps-инженер,"Linux,Docker,GitLab CI",2026-01-22T11:29:54+0300,https://hh.ru/vacancy/129748697,нанотехнологии
129363995,Продавец-консультант (косметика Sesderma),90000,,RUR,between1And3,fullDay,full,Мытищи (Московская область),Градус,"Продавец-консультант, продавец-кассир",,2026-01-22T00:43:44+0300,https://hh.ru/vacancy/129363995,нанотехнологии
129369074,"Ведущий инженер-конструктор (лазер, оптоволокно)",280000,,RUR,between3And6,fullDay,full,Москва,Кадровый центр «ПРЕЗИДЕНТ»,"Инженер-конструктор, инженер-проектировщик",,2026-01-13T15:05:24+0300,https://hh.ru/vacancy/129369074,нанотехнологии
129695253,Эксперт-химик,35000,60000,RUR,noExperience,fullDay,full,Тюмень,ФБУ Тюменская ЛСЭ Минюста России,"Научный специалист, исследователь","Высшее образование,Грамотная речь,Пользователь ПК,знание хроматографа",2026-01-21T10:39:26+0300,https://hh.ru/vacancy/129695253,нанотехнологии
129511761,Middle Python-разработчик,150000,210000,RUR,between1And3,fullDay,full,Новосибирск,Рекрутинговое агентство The One,"Программист, разработчик","Python,PostgreSQL,FastAPI,Flask,aiohttp,pydantic,Redis,RabbitMQ,S3-совместимое хранилище,Docker,Git,Linux,Apache Kafka,Celery",2026-01-16T11:28:46+0300,https://hh.ru/vacancy/129511761,нанотехнологии
129260656,Инженер-верификатор,,,,between1And3,fullDay,full,Зеленоград,НИИМЭ,"Инженер-конструктор, инженер-проектировщик","PDK,PCELL,Программирование,Cadence,DRC/LVS,SVRF/TVF",2026-01-12T08:04:01+0300,https://hh.ru/vacancy/129260656,нанотехнологии
129451815,"Физик-исследователь (направление бетавольтаических источников питания), г.Димитровград",,,,between1And3,fullDay,full,Нижний Новгород,Открытый код,"Научный специалист, исследователь","Разработка нового продукта,Работа с большим объемом информации,Умение работать в коллективе,Химические методы анализа",2026-01-15T09:28:45+0300,https://hh.ru/vacancy/129451815,нанотехнологии
129451770,"Физик-исследователь (направление бетавольтаических источников питания), г. Димитровград",,,,between1And3,fullDay,part,Санкт-Петербург,Открытый код,"Научный специалист, исследователь","Разработка нового продукта,Работа с большим объемом информации,Умение работать в коллективе,Химические методы анализа",2026-01-15T09:28:08+0300,https://hh.ru/vacancy/129451770,нанотехнологии
129451720,"Физик-исследователь (направление бетавольтаических источников питания), г. Димитровград",,,,between1And3,fullDay,full,Новосибирск,Открытый код,"Научный специалист, исследователь","Разработка нового продукта,Работа с большим объемом информации,Умение работать в коллективе,Химические методы анализа",2026-01-15T09:27:30+0300,https://hh.ru/vacancy/129451720,нанотехнологии
129271319,Инженер-технолог,,,,between1And3,fullDay,full,Клин (Московская область),Клинский Стекольный Завод,Технолог,"Контроль качества,Разработка технической документации,Разработка технических заданий,Чтение проектной документации,Технический контроль производства,Организация производственной линии,Технологии химической промышленности",2026-01-12T10:03:20+0300,https://hh.ru/vacancy/129271319,нанотехнологии
129451669,"Физик-исследователь (направление бетавольтаических источников питания), г.Димитровград",,,,between1And3,fullDay,full,Казань,Открытый код,"Научный специалист, исследователь","Разработка нового продукта,Работа с большим объемом информации,Умение работать в коллективе,Химические методы анализа",2026-01-15T09:26:54+0300,https://hh.ru/vacancy/129451669,нанотехнологии
129451622,"Физик-исследователь (направление бетавольтаических источников питания), г. Димитровград",,,,between1And3,fullDay,full,Ростов-на-Дону,Открытый код,"Научный специалист, исследователь","Разработка нового продукта,Работа с большим объемом информации,Умение работать в коллективе,Химические методы анализа",2026-01-15T09:26:09+0300,https://hh.ru/vacancy/129451622,нанотехнологии
129352074,"Физик-исследователь (направление бетавольтаических источников питания), г.Димитровград",,,,between1And3,fullDay,full,Самара,Открытый код,"Научный специалист, исследователь","Разработка нового продукта,Работа с большим объемом информации,Умение работать в коллективе,Химические методы анализа",2026-01-13T11:57:53+0300,https://hh.ru/vacancy/129352074,нанотехнологии
129351994,"Физик-исследователь (направление бетавольтаических источников питания), г. Димитровград",,,,between1And3,fullDay,full,Москва,Открытый код,"Научный специалист, исследователь","Разработка нового продукта,Работа с большим объемом информации,Умение работать в коллективе,Химические методы анализа",2026-01-13T11:57:20+0300,https://hh.ru/vacancy/129351994,нанотехнологии
129351868,"Физик-исследователь (направление бетавольтаических источников питания), г.Димитровград",,,,between1And3,fullDay,full,Саранск,Открытый код,"Научный специалист, исследователь","Разработка нового продукта,Работа с большим объемом информации,Умение работать в коллективе,Химические методы анализа",2026-01-13T11:56:25+0300,https://hh.ru/vacancy/129351868,нанотехнологии
129351715,"Физик-исследователь (направление бетавольтаических источников питания), г.Димитровград",,,,between1And3,fullDay,full,Томск,Открытый код,"Научный специалист, исследователь","Разработка нового продукта,Работа с большим объемом информации,Умение работать в коллективе,Химические методы анализа",2026-01-13T11:54:33+0300,https://hh.ru/vacancy/129351715,нанотехнологии
130139861,Горный инженер,65000,75000,RUR,between1And3,remote,full,Севастополь,Бахчисарайский Цементный Завод,Геодезист,,2026-02-09T17:03:22+0300,https://hh.ru/vacancy/130139861,горное дело
130139862,Горный инженер,65000,75000,RUR,between1And3,remote,full,Симферополь,Бахчисарайский Цементный Завод,Геодезист,,2026-02-09T17:03:22+0300,https://hh.ru/vacancy/130139862,горное дело
130139863,Горный инженер,65000,75000,RUR,between1And3,remote,full,Бахчисарай,Бахчисарайский Цементный Завод,Геодезист,,2026-02-09T17:03:22+0300,https://hh.ru/vacancy/130139863,горное дело
130295775,Горный инженер,300000,,RUR,between1And3,remote,full,Пермь,Мастерская Бизнес Решений,Геолог,"Производственное планирование,Проектная документация,Промышленная безопасность,Строительство,Нормативно-техническая документация,Техническая эксплуатация,Технический контроль производства,Инженерные системы",2026-02-09T16:58:32+0300,https://hh.ru/vacancy/130295775,горное дело
130234578,Геолог/горный инженер,100000,150000,RUR,noExperience,fullDay,full,Якутск,Маркгеопроект,Геолог,"Умение работать в коллективе,Охрана труда и техника безопасности,Точность и внимательность к деталям",2026-02-09T11:07:31+0300,https://hh.ru/vacancy/130234578,горное дело
130234579,Геолог/горный инженер,100000,150000,RUR,noExperience,fullDay,full,Иркутск,Маркгеопроект,Геолог,"Умение работать в коллективе,Охрана труда и техника безопасности,Точность и внимательность к деталям",2026-02-09T11:07:31+0300,https://hh.ru/vacancy/130234579,горное дело
130234580,Геолог/горный инженер,100000,150000,RUR,noExperience,fullDay,full,Хабаровск,Маркгеопроект,Геолог,"Умение работать в коллективе,Охрана труда и техника безопасности,Точность и внимательность к деталям",2026-02-09T11:07:31+0300,https://hh.ru/vacancy/130234580,горное дело
130268874,Начальник участка открытых горных работ,395000,,RUR,between3And6,flyInFlyOut,full,Новокузнецк,Даль-Восток Сервис,Начальник производства,,2026-02-09T09:03:40+0300,https://hh.ru/vacancy/130268874,горное дело
130268875,Начальник участка открытых горных работ,395000,,RUR,between3And6,flyInFlyOut,full,Прокопьевск,Даль-Восток Сервис,Начальник производства,,2026-02-09T09:03:40+0300,https://hh.ru/vacancy/130268875,горное дело
123289667,Горный мастер подземный (угольная шахта),220000,,RUR,between3And6,fullDay,full,Новокузнецк,"Арктикуголь, ФГУП ГТ",Геолог,Горный мастер подземный (угольная шахта),2026-02-09T08:58:44+0300,https://hh.ru/vacancy/123289667,горное дело
121201729,Горный мастер подземный (угольная шахта),220000,,RUR,between3And6,fullDay,full,Кемерово,"Арктикуголь, ФГУП ГТ",Геолог,Горный мастер подземный (угольная шахта),2026-02-09T08:58:42+0300,https://hh.ru/vacancy/121201729,горное дело
123289668,Горный мастер подземный (угольная шахта),220000,,RUR,between3And6,fullDay,full,Воркута,"Арктикуголь, ФГУП ГТ",Геолог,Горный мастер подземный (угольная шахта),2026-02-09T08:58:40+0300,https://hh.ru/vacancy/123289668,горное дело
129282394,Горный мастер подземный участка АБ (угольная шахта),170000,,RUR,between3And6,fullDay,full,Воркута,"Арктикуголь, ФГУП ГТ","Начальник смены, мастер участка",,2026-02-09T08:58:36+0300,https://hh.ru/vacancy/129282394,горное дело
129282395,Горный мастер подземный участка АБ (угольная шахта),170000,,RUR,between3And6,fullDay,full,Кемерово,"Арктикуголь, ФГУП ГТ","Начальник смены, мастер участка",,2026-02-09T08:58:36+0300,https://hh.ru/vacancy/129282395,горное дело
129282396,Горный мастер подземный участка АБ (угольная шахта),170000,,RUR,between3And6,fullDay,full,Прокопьевск,"Арктикуголь, ФГУП ГТ","Начальник смены, мастер участка",,2026-02-09T08:58:36+0300,https://hh.ru/vacancy/129282396,горное дело
129710611,Руководитель направления горных работ,,,,between3And6,fullDay,full,Москва,Торговый дом СпецСтройГрупп,Другое,"Ответственность,Системное мышление,Коммуникабельность,Стрессоустойчивость,Ориентация на результат",2026-02-08T13:57:39+0300,https://hh.ru/vacancy/129710611,горное дело
127945196,Машинист горных выемочных машин 5 разряда (МГВМ на угольную шахту),250000,,RUR,between3And6,fullDay,full,Москва,"Арктикуголь, ФГУП ГТ",Другое,МГВМ 5 разряда на угольной шахте,2026-02-09T08:58:46+0300,https://hh.ru/vacancy/127945196,горное дело
123289853,Машинист горных выемочных машин 5 разряда (МГВМ на угольную шахту),250000,,RUR,between3And6,fullDay,full,Кемерово,"Арктикуголь, ФГУП ГТ",Другое,МГВМ 5 разряда на угольной шахте,2026-02-09T08:58:45+0300,https://hh.ru/vacancy/123289853,горное дело
123289854,Машинист горных выемочных машин 5 разряда (МГВМ на угольную шахту),250000,,RUR,between3And6,fullDay,full,Новокузнецк,"Арктикуголь, ФГУП ГТ",Другое,МГВМ 5 разряда на угольной шахте,2026-02-09T08:58:44+0300,https://hh.ru/vacancy/123289854,горное дело
130258082,Геолог/горный инженер,5000,,RUR,between1And3,flexible,part,Псков,Мильков Иван Васильевич,Геолог,"Умение работать в коллективе,Деловая переписка,Организаторские навыки,Обучение и развитие,Проектная документация",2026-02-07T19:05:13+0300,https://hh.ru/vacancy/130258082,горное дело
130261333,Участковый маркшейдер на подземных горных работах,,,,between1And3,flyInFlyOut,full,Сибай,Башкирская медь,"Начальник смены, мастер участка",,2026-02-08T17:26:59+0300,https://hh.ru/vacancy/130261333,горное дело
124206353,Горный инженер,,,,between1And3,fullDay,full,Тула,ХайдельбергЦемент Рус,Геолог,,2026-02-06T11:27:06+0300,https://hh.ru/vacancy/124206353,горное дело
130213003,Горный мастер,94000,120000,RUR,between1And3,shift,full,Учалы,Шахтостроительное управление,"Начальник смены, мастер участка",,2026-02-05T15:24:28+0300,https://hh.ru/vacancy/130213003,горное дело
130236695,Горный мастер на драгу,450000,,RUR,between1And3,flyInFlyOut,full,Благовещенск (Амурская область),Голд Стандарт,Разнорабочий,,2026-02-06T11:52:55+0300,https://hh.ru/vacancy/130236695,горное дело
130236696,Горный мастер на драгу,450000,,RUR,between1And3,flyInFlyOut,full,Иркутск,Голд Стандарт,Разнорабочий,,2026-02-06T11:52:55+0300,https://hh.ru/vacancy/130236696,горное дело
130236697,Горный мастер на драгу,450000,,RUR,between1And3,flyInFlyOut,full,Магадан,Голд Стандарт,Разнорабочий,,2026-02-06T11:52:55+0300,https://hh.ru/vacancy/130236697,горное дело
130160443,Горный мастер,220000,,RUR,between1And3,flyInFlyOut,full,Красноярск,Ямалдорстрой,Геолог,"Расстановка приоритетов,MS Dos,Техническая грамотность,Умение организовывать работу, планировать,Планирование рабочего времени",2026-02-04T11:51:00+0300,https://hh.ru/vacancy/130160443,горное дело
130160444,Горный мастер,220000,,RUR,between1And3,flyInFlyOut,full,Уфа,Ямалдорстрой,Геолог,"Расстановка приоритетов,MS Dos,Техническая грамотность,Умение организовывать работу, планировать,Планирование рабочего времени",2026-02-04T11:51:00+0300,https://hh.ru/vacancy/130160444,горное дело
130223400,Главный специалист/Горная лаборатория,,,,between3And6,fullDay,full,Санкт-Петербург,Норникель,"Научный специалист, исследователь",,2026-02-06T02:49:00+0300,https://hh.ru/vacancy/130223400,горное дело
130136634,Горный мастер,94000,120000,RUR,between1And3,fullDay,full,Учалы,Шахтостроительное управление,"Начальник смены, мастер участка",,2026-02-03T16:00:20+0300,https://hh.ru/vacancy/130136634,горное дело
130219210,Повар (м. Горный институт),90000,110000,RUR,between1And3,flexible,full,Санкт-Петербург,Забыли Сахар,"Повар, пекарь, кондитер","Умение работать в команде,Пользователь ПК,Работа в команде,Управление командой,Контроль исполнения решений",2026-02-05T17:02:43+0300,https://hh.ru/vacancy/130219210,горное дело
130108321,Горный мастер,93000,150000,RUR,between1And3,flexible,full,Владивосток,Дробильно-сортировочный завод,Другое,"Управление производственным персоналом,Обеспечение техники безопасности,Управление производством,Ведение документации,Точность и внимательность к деталям",2026-02-03T06:48:20+0300,https://hh.ru/vacancy/130108321,горное дело
130147761,Горный инженер-маркшейдер (участковый),200000,250000,RUR,between1And3,flyInFlyOut,full,Якутск,СА Золото Ыныкчана,Технолог,,2026-02-04T07:45:03+0300,https://hh.ru/vacancy/130147761,горное дело
130122341,Ведущий инженер /горный инженер,60000,60000,RUR,between1And3,fullDay,full,Красноярск,КГБУ Красгео,Другое,,2026-02-03T11:42:55+0300,https://hh.ru/vacancy/130122341,горное дело
130024463,Горный диспетчер,220000,220000,RUR,between1And3,flyInFlyOut,full,Хабаровск,Горно-Рудная Компания Перевальное,Диспетчер,,2026-01-30T04:02:38+0300,https://hh.ru/vacancy/130024463,горное дело
130024464,Горный диспетчер,220000,220000,RUR,between1And3,flyInFlyOut,full,Чита,Горно-Рудная Компания Перевальное,Диспетчер,,2026-01-30T04:02:38+0300,https://hh.ru/vacancy/130024464,горное дело
129988453,Горный инженер,260000,273000,RUR,between1And3,flyInFlyOut,full,Красноярск,Высочайший,Другое,,2026-01-29T09:44:53+0300,https://hh.ru/vacancy/129988453,горное дело
130097439,Главный инженер горно-обогатительного комбината,,,,moreThan6,fullDay,full,Новокузнецк,Северсталь,Технический директор (CTO),,2026-02-02T15:47:26+0300,https://hh.ru/vacancy/130097439,горное дело
130097319,Главный инженер горно-обогатительного комбината,,,,moreThan6,fullDay,full,Старый Оскол,Северсталь,Технический директор (CTO),,2026-02-02T15:44:48+0300,https://hh.ru/vacancy/130097319,горное дело
130097320,Главный инженер горно-обогатительного комбината,,,,moreThan6,fullDay,full,Железногорск (Курская область),Северсталь,Технический директор (CTO),,2026-02-02T15:44:48+0300,https://hh.ru/vacancy/130097320,горное дело
129182292,Слесарь по ремонту горного электрооборудования,,,,noExperience,shift,full,Абакан,КОУЛСТАР,"Слесарь, сантехник","Слесарные работы,Ремонтные работы,Контроль исправности оборудования,Монтаж оборудования",2026-02-02T08:21:08+0300,https://hh.ru/vacancy/129182292,горное дело
129937022,Горный мастер,245000,245000,RUR,between3And6,flyInFlyOut,full,Чита,ДальСтройНефтеГаз,"Начальник смены, мастер участка",,2026-01-28T03:25:57+0300,https://hh.ru/vacancy/129937022,горное дело
130091624,Машинист горных выемочных машин 6 разряда,100000,,RUR,between1And3,fullDay,full,Зверево,ДОНУГОЛЬ,Машинист,,2026-02-02T14:07:25+0300,https://hh.ru/vacancy/130091624,горное дело
130140642,Ведущий спеиалист отдела недропользования и маркшейдерского обеспечения горных работ,39000,44000,RUR,noExperience,fullDay,full,Волгоград,ГБУ Волгоградавтодор,Геолог,,2026-02-03T17:19:57+0300,https://hh.ru/vacancy/130140642,горное дело
129942713,Геолог/горный инженер,53000,150000,RUR,between1And3,fullDay,full,Екатеринбург,Уральский филиал ВНИМИ,Геолог,"Умение работать в коллективе,Обучение и развитие,Навыки составления отчетности,Точность и внимательность к деталям,Деловое общение",2026-01-28T08:45:59+0300,https://hh.ru/vacancy/129942713,горное дело
130294637,Главный маркшейдер,,,,between3And6,flyInFlyOut,full,Иркутск,Горно-рудная компания Западная,Начальник производства,"Deswik,MicroMain,AutoCAD,Руководство коллективом,маркшейдерское дело",2026-02-09T16:37:58+0300,https://hh.ru/vacancy/130294637,горное дело
130294638,Главный маркшейдер,,,,between3And6,flyInFlyOut,full,Красноярск,Горно-рудная компания Западная,Начальник производства,"Deswik,MicroMain,AutoCAD,Руководство коллективом,маркшейдерское дело",2026-02-09T16:37:58+0300,https://hh.ru/vacancy/130294638,горное дело
130291796,Взрывник,141975,141975,RUR,between1And3,flyInFlyOut,full,Челябинск,Умные горные решения,Разнорабочий,"Обучение и развитие,Контроль исправности оборудования,Обучение персонала,Обеспечение техники безопасности,Точность и внимательность к деталям,Чтение чертежей",2026-02-09T15:42:10+0300,https://hh.ru/vacancy/130291796,горное дело
130291797,Взрывник,141975,141975,RUR,between1And3,flyInFlyOut,full,Магнитогорск,Умные горные решения,Разнорабочий,"Обучение и развитие,Контроль исправности оборудования,Обучение персонала,Обеспечение техники безопасности,Точность и внимательность к деталям,Чтение чертежей",2026-02-09T15:42:10+0300,https://hh.ru/vacancy/130291797,горное дело
129899246,Геолог/горный инженер,400000,450000,RUR,between3And6,fullDay,full,Магадан,Паритет,Геолог,"Умение работать в коллективе,Документальное сопровождение,Ведение документации",2026-01-27T08:23:39+0300,https://hh.ru/vacancy/129899246,горное дело
130283307,Главный маркшейдер (г. Новокузнецк),,,,moreThan6,fullDay,full,Новокузнецк,НОВАЯ ГОРНАЯ УК,Геодезист,,2026-02-09T13:05:51+0300,https://hh.ru/vacancy/130283307,горное дело
130283308,Главный маркшейдер (г. Новокузнецк),,,,moreThan6,fullDay,full,Междуреченск,НОВАЯ ГОРНАЯ УК,Геодезист,,2026-02-09T13:05:51+0300,https://hh.ru/vacancy/130283308,горное дело
130283309,Главный маркшейдер (г. Новокузнецк),,,,moreThan6,fullDay,full,Прокопьевск,НОВАЯ ГОРНАЯ УК,Геодезист,,2026-02-09T13:05:51+0300,https://hh.ru/vacancy/130283309,горное дело
129956586,Горный мастер буровзрывного участка,400000,,RUR,between3And6,flyInFlyOut,full,Чита,Взрыв Групп,Другое,"Организаторские навыки,Технический контроль производства,Ведение документации,Обеспечение техники безопасности,Производственный контроль",2026-01-28T12:26:17+0300,https://hh.ru/vacancy/129956586,горное дело
129648700,Горный диспетчер,204000,204000,RUR,between1And3,flyInFlyOut,full,Междуреченск,Горно-рудная компания Западная,Диспетчер,,2026-01-20T12:48:12+0300,https://hh.ru/vacancy/129648700,горное дело
129648701,Горный диспетчер,204000,204000,RUR,between1And3,flyInFlyOut,full,Кемерово,Горно-рудная компания Западная,Диспетчер,,2026-01-20T12:48:12+0300,https://hh.ru/vacancy/129648701,горное дело
129648702,Горный диспетчер,204000,204000,RUR,between1And3,flyInFlyOut,full,Новосибирск,Горно-рудная компания Западная,Диспетчер,,2026-01-20T12:48:12+0300,https://hh.ru/vacancy/129648702,горное дело
129643067,Горный диспетчер,204000,204000,RUR,between1And3,flyInFlyOut,full,Улан-Удэ,Горно-рудная компания Западная,Диспетчер,,2026-01-20T11:41:48+0300,https://hh.ru/vacancy/129643067,горное дело
129937024,Начальник участка открытых горных работ,290000,290000,RUR,between3And6,flyInFlyOut,full,Благовещенск (Амурская область),ДальСтройНефтеГаз,Начальник производства,,2026-01-28T03:26:26+0300,https://hh.ru/vacancy/129937024,горное дело
129594020,Горный мастер,450000,,RUR,between1And3,flyInFlyOut,full,Якутск,Голд Стандарт,"Начальник смены, мастер участка",,2026-01-19T13:01:10+0300,https://hh.ru/vacancy/129594020,горное дело
129594021,Горный мастер,450000,,RUR,between1And3,flyInFlyOut,full,Магадан,Голд Стандарт,"Начальник смены, мастер участка",,2026-01-19T13:01:10+0300,https://hh.ru/vacancy/129594021,горное дело
129594022,Горный мастер,450000,,RUR,between1And3,flyInFlyOut,full,Краснодар,Голд Стандарт,"Начальник смены, мастер участка",,2026-01-19T13:01:10+0300,https://hh.ru/vacancy/129594022,горное дело
129569303,Горный мастер,,100000,RUR,between1And3,flyInFlyOut,full,Красноярск,Красноярсккрайуголь,"Начальник смены, мастер участка",,2026-01-19T09:01:50+0300,https://hh.ru/vacancy/129569303,горное дело
129991185,Ведущий проектировщик/Инженер по открытым горным работам,100000,,RUR,between1And3,fullDay,full,Красноярск,СИГМА,"Инженер-конструктор, инженер-проектировщик","Стремление к профессиональному развитию,Коммуникабельность, стрессоустойчивость,Работа в команде,Проектная деятельность,Ответственность и пунктуальность,Уверенный пользователь компьютера,AutoCAD,Разработка проектной документации,Управление проектами,Управление командой,Управление качеством,Умение работать в условиях многозадачности,Высшее образование,Опыт работы в команде,Проектная работа,Умение эффективно планировать свое время,MS Word",2026-01-29T10:27:23+0300,https://hh.ru/vacancy/129991185,горное дело
130301561,Врач-гематолог,80000,120000,RUR,noExperience,fullDay,full,Горно-Алтайск,БУЗ РА Республиканская больница,Врач,,2026-02-10T03:44:40+0300,https://hh.ru/vacancy/130301561,горное дело
130301556,"Врач-рентгенолог (КТ, МРТ)",80000,120000,RUR,noExperience,fullDay,full,Горно-Алтайск,БУЗ РА Республиканская больница,Врач,,2026-02-10T03:41:39+0300,https://hh.ru/vacancy/130301556,горное дело
130301548,Врач-эндокринолог,80000,120000,RUR,noExperience,fullDay,full,Горно-Алтайск,БУЗ РА Республиканская больница,Врач,,2026-02-10T03:38:15+0300,https://hh.ru/vacancy/130301548,горное дело
129870633,Горный инженер (карьер нерудных материалов),,,,between3And6,fullDay,full,Москва,Коршунова Ульяна,Технолог,,2026-01-26T12:47:26+0300,https://hh.ru/vacancy/129870633,горное дело
129881268,Менеджер по продажам горного инструмента,80000,80000,RUR,between1And3,fullDay,full,Кировград,Кировградский Завод Твердых Сплавов,"Менеджер по продажам, менеджер по работе с клиентами",,2026-01-26T15:09:51+0300,https://hh.ru/vacancy/129881268,горное дело
129826963,Инженер ПТО (горные работы),,,,between3And6,fullDay,full,Красногорск (Московская область),Золотой Актив,"Инженер ПТО, инженер-сметчик",,2026-01-24T09:24:22+0300,https://hh.ru/vacancy/129826963,горное дело
129826964,Инженер ПТО (горные работы),,,,between3And6,fullDay,full,Москва,Золотой Актив,"Инженер ПТО, инженер-сметчик",,2026-01-24T09:24:22+0300,https://hh.ru/vacancy/129826964,горное дело
129785099,Инженер внедрения (Горный инженер),,,,between1And3,fullDay,full,Красноярск,РТ-Инжиниринг,Геолог,,2026-01-23T09:48:30+0300,https://hh.ru/vacancy/129785099,горное дело
129785100,Инженер внедрения (Горный инженер),,,,between1And3,fullDay,full,Москва,РТ-Инжиниринг,Геолог,,2026-01-23T09:48:30+0300,https://hh.ru/vacancy/129785100,горное дело
129785101,Инженер внедрения (Горный инженер),,,,between1And3,fullDay,full,Санкт-Петербург,РТ-Инжиниринг,Геолог,,2026-01-23T09:48:30+0300,https://hh.ru/vacancy/129785101,горное дело
129446278,Горный мастер,100000,,RUR,between3And6,shift,full,Михайловск (Свердловская область),Михайловский карьер,"Начальник смены, мастер участка","Организаторские навыки,Умение работать в коллективе,Производство строительно-монтажных работ,Охрана труда и техника безопасности,Управление производством,Точность и внимательность к деталям,Умение планировать",2026-01-15T07:40:24+0300,https://hh.ru/vacancy/129446278,горное дело
129968702,Главный маркшейдер,,,,moreThan6,fullDay,full,Нижний Новгород,Инеско,Геолог,,2026-02-09T15:50:13+0300,https://hh.ru/vacancy/129968702,горное дело
128550285,Горный мастер,245000,245000,RUR,between3And6,flyInFlyOut,full,Благовещенск (Амурская область),ДальСтройНефтеГаз,"Начальник смены, мастер участка",,2026-01-15T05:12:22+0300,https://hh.ru/vacancy/128550285,горное дело
128377008,Руководитель бульдозерного участка,400000,,RUR,moreThan6,fullDay,full,Красноярск,ЭлектроМонтажСтрой,"Начальник смены, мастер участка",,2026-02-10T05:20:27+0300,https://hh.ru/vacancy/128377008,горное дело
128617259,Горный мастер карьера,,,,between3And6,shift,full,Калининград,Калининградский янтарный комбинат,"Начальник смены, мастер участка",,2026-01-19T10:02:02+0300,https://hh.ru/vacancy/128617259,горное дело
129737328,Инженер по горным работам,282000,282000,RUR,between3And6,flyInFlyOut,full,Красноярск,Высочайший,Другое,,2026-01-22T08:43:57+0300,https://hh.ru/vacancy/129737328,горное дело
129737329,Инженер по горным работам,282000,282000,RUR,between3And6,flyInFlyOut,full,Чита,Высочайший,Другое,,2026-01-22T08:43:57+0300,https://hh.ru/vacancy/129737329,горное дело
128774486,Горный инженер,,,,between1And3,fullDay,full,Калуга,ХайдельбергЦемент Рус,Геолог,,2026-01-12T09:36:07+0300,https://hh.ru/vacancy/128774486,горное дело
129268497,Горный инженер,,,,between1And3,fullDay,full,Алексин,ХайдельбергЦемент Рус,Геолог,,2026-01-12T09:37:09+0300,https://hh.ru/vacancy/129268497,горное дело
127487979,Горный инженер,,,,between1And3,fullDay,full,Рязань,ХайдельбергЦемент Рус,Геолог,,2026-01-12T09:36:11+0300,https://hh.ru/vacancy/127487979,горное дело
130286009,Главный маркшейдер,,,,moreThan6,flyInFlyOut,full,Москва,Nordgold,Геодезист,"Открытые горные работы,Маркшейдерское дело,ПРГР,Взаимодействие с Ростехнадзором,Руководство коллективом,Промышленная безопасность,Взаимодействие с контрольными органами,Ведение документации",2026-02-09T13:55:14+0300,https://hh.ru/vacancy/130286009,горное дело
129750052,Участковый маркшейдер (открытые горные работы),170000,,RUR,noExperience,fullDay,full,Санкт-Петербург,ФосАгро,Разнорабочий,,2026-01-22T11:49:24+0300,https://hh.ru/vacancy/129750052,горное дело
129750053,Участковый маркшейдер (открытые горные работы),170000,,RUR,noExperience,fullDay,full,Красноярск,ФосАгро,Разнорабочий,,2026-01-22T11:49:24+0300,https://hh.ru/vacancy/129750053,горное дело
129750054,Участковый маркшейдер (открытые горные работы),170000,,RUR,noExperience,fullDay,full,Кемерово,ФосАгро,Разнорабочий,,2026-01-22T11:49:24+0300,https://hh.ru/vacancy/129750054,горное дело
129811552,Инженер по планированию горных работ (ОГР),,,,between1And3,flyInFlyOut,full,Красноярск,Nordgold,Другое,"Горное дело,Планирование горных работ,САПР,Deswik,Surpac,nanoCAD,SAP MII,Проектирование горных выработок,Оперативное планирование,Техническая документация,Нормирование",2026-01-23T16:59:43+0300,https://hh.ru/vacancy/129811552,горное дело
129811546,Инженер по планированию горных работ (ОГР),,,,between1And3,flyInFlyOut,full,Новосибирск,Nordgold,Другое,"Горное дело,Планирование горных работ,САПР,Deswik,Surpac,nanoCAD,SAP MII,Проектирование горных выработок,Оперативное планирование,Техническая документация,Нормирование",2026-01-23T16:59:26+0300,https://hh.ru/vacancy/129811546,горное дело
129811543,Инженер по планированию горных работ (ОГР),,,,between1And3,flyInFlyOut,full,Чита,Nordgold,Другое,"Горное дело,Планирование горных работ,САПР,Deswik,Surpac,nanoCAD,SAP MII,Проектирование горных выработок,Оперативное планирование,Техническая документация,Нормирование",2026-01-23T16:59:16+0300,https://hh.ru/vacancy/129811543,горное дело
129135666,Директор по горным работам,,,,moreThan6,fullDay,full,Дальнегорск,Росхим,Другое,,2026-01-19T06:47:29+0300,https://hh.ru/vacancy/129135666,горное дело
129328280,Горный инженер (Открытые горные работы),,,,between1And3,fullDay,full,Челябинск,НТЦ-Геотехнология,"Инженер-конструктор, инженер-проектировщик",Проектная документация,2026-01-13T07:18:43+0300,https://hh.ru/vacancy/129328280,горное дело
129776903,Участковый маркшейдер на открытые горные работы,,,,between3And6,fullDay,full,Благовещенск (Амурская область),Атлас Майнинг,Другое,,2026-01-23T04:17:03+0300,https://hh.ru/vacancy/129776903,горное дело
130260960,Главный обогатитель (специалист),,,,between1And3,fullDay,full,Кушва,Волковский горно-обогатительный комбинат,Технолог,,2026-02-08T15:58:37+0300,https://hh.ru/vacancy/130260960,горное дело
129737040,Заместитель начальника горного участка (россыпное месторождение),350000,,RUR,moreThan6,fullDay,full,Красноярск,Высочайший,Начальник производства,,2026-01-22T08:36:44+0300,https://hh.ru/vacancy/129737040,горное дело
129737041,Заместитель начальника горного участка (россыпное месторождение),350000,,RUR,moreThan6,fullDay,full,Магадан,Высочайший,Начальник производства,,2026-01-22T08:36:44+0300,https://hh.ru/vacancy/129737041,горное дело
130292279,Руководитель ОМТС (Камчатка),,,,between3And6,fullDay,full,Петропавловск-Камчатский,Золотой Актив,Менеджер по закупкам,,2026-02-09T15:50:34+0300,https://hh.ru/vacancy/130292279,горное дело
129443708,Маркшейдер,250000,,RUR,between1And3,flyInFlyOut,full,Иркутск,Беринг Золото,Геодезист,,2026-02-10T06:11:52+0300,https://hh.ru/vacancy/129443708,горное дело
129443707,Маркшейдер,250000,,RUR,between1And3,flyInFlyOut,full,Красноярск,Беринг Золото,Геодезист,,2026-02-10T06:11:49+0300,https://hh.ru/vacancy/129443707,горное дело
129443706,Маркшейдер,250000,,RUR,between1And3,flyInFlyOut,full,Новосибирск,Беринг Золото,Геодезист,,2026-02-10T06:11:44+0300,https://hh.ru/vacancy/129443706,горное дело
129516068,"Горный мастер, Калиновский участок",,,,between1And3,fullDay,full,Челябинск,Томинский ГОК,"Начальник смены, мастер участка",,2026-01-16T12:27:10+0300,https://hh.ru/vacancy/129516068,горное дело
129786733,Инженер по непрерывному улучшению производства (горный инженер) (НУП),,,,between1And3,flyInFlyOut,full,Якутск,Полиметалл,Инженер по качеству,"Производственное планирование,Техническая документация,Управление производством",2026-01-23T10:47:37+0300,https://hh.ru/vacancy/129786733,горное дело
129450699,Горный инженер на открытых горных работах (маркшейдер/геолог),,,,between3And6,fullDay,full,Волгоград,ВОЛМА,Геолог,,2026-01-15T09:14:42+0300,https://hh.ru/vacancy/129450699,горное дело
129417470,Маркшейдер,310000,310000,RUR,between1And3,flyInFlyOut,full,Екатеринбург,Умные горные решения,Другое,,2026-02-07T13:07:40+0300,https://hh.ru/vacancy/129417470,горное дело
129417471,Маркшейдер,310000,310000,RUR,between1And3,flyInFlyOut,full,Хабаровск,Умные горные решения,Другое,,2026-02-07T13:07:40+0300,https://hh.ru/vacancy/129417471,горное дело
129559936,Государственный инспектор,60000,90000,RUR,noExperience,fullDay,full,Владивосток,"Филиал Дальневосточного управления Федеральной службы по экологическому, технологическому и атомному надзору в г. Владивосток","Инженер по охране труда и технике безопасности, инженер-эколог","Деловая переписка,Деловые коммуникации,Документооборот,Работа с оргтехникой,Делопроизводство,Ведение документации,Бумажный документооборот,Подготовка отчетов,Внутренняя документация",2026-02-09T11:09:14+0300,https://hh.ru/vacancy/129559936,горное дело
129504262,Заместитель начальника участка горных работ,,,,between3And6,flyInFlyOut,full,Благовещенск (Амурская область),Атлас Майнинг,Другое,,2026-01-16T09:36:44+0300,https://hh.ru/vacancy/129504262,горное дело
130289112,Заместитель начальника участка подземного рудника,,,,between3And6,flyInFlyOut,full,Уфа,Полиметалл,"Начальник смены, мастер участка",,2026-02-09T14:52:53+0300,https://hh.ru/vacancy/130289112,горное дело
130286273,"Слесарь-ремонтник на драгу, ГМД",130000,150000,RUR,between1And3,flyInFlyOut,full,Красноярск,АС Прииск Дражный,"Слесарь, сантехник","Слесарные работы,Техническое обслуживание,Точность и внимательность к деталям,Умение работать в коллективе",2026-02-09T13:58:30+0300,https://hh.ru/vacancy/130286273,горное дело
129939377,Главный маркшейдер,130000,,RUR,between3And6,flyInFlyOut,full,Улан-Удэ,Регион Сибирь,Начальник производства,,2026-02-09T06:54:23+0300,https://hh.ru/vacancy/129939377,горное дело
129779674,Руководитель направления по горной графической документации и обработке данных (id 277),,,,between3And6,fullDay,project,Тюмень,Меретояханефтегаз,Геодезист,,2026-01-23T07:51:21+0300,https://hh.ru/vacancy/129779674,горное дело
123990937,Заместитель директора магазина (Горный Щит),60000,,RUR,between1And3,shift,full,Екатеринбург,"ВЕРНЫЙ, Сеть магазинов","Директор магазина, директор сети магазинов","Кассовые операции,Инвентаризация,Торговля,Работа с кассой,Товароведение,Мерчандайзинг,Проведение инвентаризаций,Оприходование товара,Контроль качества",2026-01-13T13:46:29+0300,https://hh.ru/vacancy/123990937,горное дело
129303015,Главный специалист по горному проектированию,,,,between1And3,fullDay,full,Екатеринбург,Святогор,Главный инженер проекта,,2026-01-12T14:45:23+0300,https://hh.ru/vacancy/129303015,горное дело
129411339,Участковый маркшейдер на подземных горных работах,,,,between1And3,fullDay,full,Кемерово,Горнорудная компания,Другое,,2026-01-14T12:40:20+0300,https://hh.ru/vacancy/129411339,горное дело
129252005,Начальник отдела планирования подземных горных работ,,,,moreThan6,fullDay,full,Екатеринбург,Горно-металлургический комплекс,Геолог,,2026-01-11T22:37:11+0300,https://hh.ru/vacancy/129252005,горное дело
129333906,Взрывник,89095,,RUR,between1And3,shift,full,Черемухово,РУСАЛ,Разнорабочий,,2026-02-09T05:12:34+0300,https://hh.ru/vacancy/129333906,горное дело
118060244,Взрывник,89095,,RUR,between1And3,shift,full,Североуральск,РУСАЛ,Разнорабочий,,2026-02-09T05:12:33+0300,https://hh.ru/vacancy/118060244,горное дело
130224369,Маркшейдер,102801,102801,RUR,between1And3,flyInFlyOut,full,Магнитогорск,Умные горные решения,Геодезист,"Техническая документация,Производственный контроль,Контроль качества,Работа с большим объемом информации",2026-02-06T06:36:15+0300,https://hh.ru/vacancy/130224369,горное дело
130224370,Маркшейдер,102801,102801,RUR,between1And3,flyInFlyOut,full,Челябинск,Умные горные решения,Геодезист,"Техническая документация,Производственный контроль,Контроль качества,Работа с большим объемом информации",2026-02-06T06:36:15+0300,https://hh.ru/vacancy/130224370,горное дело
128615184,Начальник бурового участка в карьере (Открытые горные работы),,,,between3And6,fullDay,full,Ковдор,Горнорудная компания,Машинист,"Электроразрядное бурение,Производственный контроль,Техническая документация",2026-01-15T13:38:08+0300,https://hh.ru/vacancy/128615184,горное дело
130274793,Маркшейдер,,,,between1And3,fullDay,full,Кемерово,РУСАЛ,Геолог,"AutoCAD,LEICA Geo Office,GeoMaхZoom",2026-02-09T11:44:45+0300,https://hh.ru/vacancy/130274793,горное дело
130274792,Маркшейдер,,,,between1And3,fullDay,full,Красноярск,РУСАЛ,Геолог,"AutoCAD,LEICA Geo Office,GeoMaхZoom",2026-02-09T11:44:44+0300,https://hh.ru/vacancy/130274792,горное дело
130274791,Маркшейдер,,,,between1And3,fullDay,full,Новосибирск,РУСАЛ,Геолог,"AutoCAD,LEICA Geo Office,GeoMaхZoom",2026-02-09T11:44:43+0300,https://hh.ru/vacancy/130274791,горное дело
129252030,Начальник отдела планирования подземных горных работ (Екатеринбург),,,,moreThan6,fullDay,full,Красноярск,Горно-металлургический комплекс,Геолог,,2026-01-11T22:38:39+0300,https://hh.ru/vacancy/129252030,горное дело
129252026,Начальник отдела планирования подземных горных работ (Екатеринбург),,,,moreThan6,fullDay,full,Иркутск,Горно-металлургический комплекс,Геолог,,2026-01-11T22:38:27+0300,https://hh.ru/vacancy/129252026,горное дело
129936586,Маркшейдер,350000,,RUR,between1And3,fullDay,project,Усть-Нера,Поиск Золото,Геодезист,,2026-02-09T01:32:23+0300,https://hh.ru/vacancy/129936586,горное дело
127945236,Горнорабочий очистного забоя 5 разряда (ГРОЗ на угольную шахту),220000,,RUR,between3And6,fullDay,full,Москва,"Арктикуголь, ФГУП ГТ",Другое,ГРОЗ,2026-02-09T08:58:46+0300,https://hh.ru/vacancy/127945236,горное дело
123289983,Горнорабочий очистного забоя 5 разряда (ГРОЗ на угольную шахту),220000,,RUR,between3And6,fullDay,full,Новокузнецк,"Арктикуголь, ФГУП ГТ",Другое,ГРОЗ,2026-02-09T08:58:45+0300,https://hh.ru/vacancy/123289983,горное дело
121200856,Горнорабочий очистного забоя 5 разряда (ГРОЗ на угольную шахту),220000,,RUR,between3And6,fullDay,full,Кемерово,"Арктикуголь, ФГУП ГТ",Другое,ГРОЗ,2026-02-09T08:58:42+0300,https://hh.ru/vacancy/121200856,горное дело
123289984,Горнорабочий очистного забоя 5 разряда (ГРОЗ на угольную шахту),220000,,RUR,between3And6,fullDay,full,Воркута,"Арктикуголь, ФГУП ГТ",Другое,ГРОЗ,2026-02-09T08:58:41+0300,https://hh.ru/vacancy/123289984,горное дело
120440255,Взрывник,89095,,RUR,between1And3,shift,full,Калья,РУСАЛ,Разнорабочий,,2026-02-09T05:12:33+0300,https://hh.ru/vacancy/120440255,горное дело
130184498,Маркшейдер,240000,,RUR,between1And3,flyInFlyOut,full,Якутск,Алмазы Анабара,Другое,,2026-02-08T03:52:40+0300,https://hh.ru/vacancy/130184498,горное дело
130237107,Менеджер по туризму,40000,80000,RUR,noExperience,fullDay,full,Пятигорск,Международная академия горного туризма,Менеджер по туризму,"Активные продажи,Бронирование гостиниц,Управление продажами,Точность и внимательность к деталям,Ориентация на клиента,Туристический менеджмент,Телефонные переговоры,Организаторские навыки,Навыки продаж,Навыки межличностного общения,Прямые продажи",2026-02-06T12:00:54+0300,https://hh.ru/vacancy/130237107,горное дело
115992189,Маркшейдер на подземных работах,,,,between1And3,fullDay,full,Москва,Трансинжстрой,Геодезист,"Геодезическая съемка,AutoCAD,Отчетность,Строительство,Строительная документация,Сопровождение строительства",2026-02-09T08:47:35+0300,https://hh.ru/vacancy/115992189,горное дело
130263308,Главный специалист-эксперт отдела государственного геологического надзора,33000,64000,RUR,noExperience,fullDay,full,Красноярск,Енисейское межрегиональное управление Росприроднадзора,Другое,"Работа с большим объемом информации,Умение работать в коллективе,Деловое общение,Работа с документами,Точность и внимательность к деталям",2026-02-09T03:28:27+0300,https://hh.ru/vacancy/130263308,горное дело
130294954,Специалист по определению кадастровой стоимости сектора оценки помещений,86000,,RUR,between3And6,fullDay,full,Санкт-Петербург,Санкт-Петербургское государственное бюджетное учреждение Городское управление кадастровой оценки,Другое,"Статистический анализ,Работа с базами данных,MS PowerPoint,Анализ данных,MS Access",2026-02-09T16:42:42+0300,https://hh.ru/vacancy/130294954,горное дело
129711220,Менеджер по продажам (тендеры),100000,200000,RUR,between1And3,fullDay,full,Екатеринбург,ГК РИНАКО,"Менеджер по продажам, менеджер по работе с клиентами","Участие в Тендерах,Пользователь ПК,Деловая переписка,Ведение переговоров,Работа в команде",2026-02-09T13:47:28+0300,https://hh.ru/vacancy/129711220,горное дело
129558457,Специалист по камеральной обработке (техник-маркшейдер),170000,,RUR,between1And3,fullDay,full,Москва,АЛМАЗ,Другое,"Деловая коммуникация,Строительство",2026-02-08T23:03:31+0300,https://hh.ru/vacancy/129558457,горное дело
126298544,Инженер,,,,between1And3,fullDay,full,Санкт-Петербург,Инфосистемы Джет,Другое,,2026-02-09T18:15:13+0300,https://hh.ru/vacancy/126298544,горное дело
123367602,Взрывник,89095,,RUR,between1And3,fullDay,full,Серов,РУСАЛ,Разнорабочий,,2026-02-09T05:12:33+0300,https://hh.ru/vacancy/123367602,горное дело
129767319,Менеджер по продажам (тендеры),100000,300000,RUR,noExperience,fullDay,full,Москва,ГК РИНАКО,"Менеджер по продажам, менеджер по работе с клиентами","Пользователь ПК,Деловая переписка,Ведение переговоров,Работа в команде,Деловое общение",2026-02-09T16:27:20+0300,https://hh.ru/vacancy/129767319,горное дело
123290146,Машинист электровоза подземный 4 разряда (угольная шахта),180000,,RUR,between3And6,fullDay,project,Челябинск,"Арктикуголь, ФГУП ГТ",Разнорабочий,Машинист электровоза подземный 4 разряда (угольная шахта),2026-02-09T08:58:41+0300,https://hh.ru/vacancy/123290146,горное дело
123290147,Машинист электровоза подземный 4 разряда (угольная шахта),180000,,RUR,between3And6,fullDay,project,Красноярск,"Арктикуголь, ФГУП ГТ",Разнорабочий,Машинист электровоза подземный 4 разряда (угольная шахта),2026-02-09T08:58:40+0300,https://hh.ru/vacancy/123290147,горное дело
129772363,Главный маркшейдер,200000,,RUR,between3And6,fullDay,full,Москва,Геотехконсалтинг,Начальник производства,"Руководство коллективом,Взаимодействие с надзорными организациями,Управленческая отчетность,Взаимодействие с государственными контролирующими органами,Обучение и развитие,Топографо-геодезическая деятельность,Геодезия,Геодезическая съемка",2026-02-09T18:31:01+0300,https://hh.ru/vacancy/129772363,горное дело
127468007,Разработчик,,,,between3And6,remote,full,Москва,Инфосистемы Джет,"Программист, разработчик",,2026-02-09T18:23:24+0300,https://hh.ru/vacancy/127468007,горное дело
130299200,Инженер Zabbix,,,,between3And6,fullDay,full,Москва,Инфосистемы Джет,Системный инженер,"Linux,Python,Bash,Zabbix,Docker,MySQL,Grafana,Prometheus,victoria metrics,Golang,JavaScript",2026-02-09T18:55:14+0300,https://hh.ru/vacancy/130299200,горное дело
130264280,Главный специалист,40000,60000,RUR,noExperience,fullDay,full,Омск,Министерство имущественных отношений Омской области,Бухгалтер,"Деловая переписка,Электронный документооборот",2026-02-09T06:13:53+0300,https://hh.ru/vacancy/130264280,горное дело
129535802,HRG/Ведущий менеджер по персоналу (IT-сфера),150000,,RUR,between3And6,fullDay,full,Москва,EKSLi,Менеджер по персоналу,"Подбор персонала,Адаптация персонала,Управление HR брендом,Корпоративная культура,Обучение и развитие,Оценка персонала,Исследования рынка труда",2026-02-09T18:05:44+0300,https://hh.ru/vacancy/129535802,горное дело
130174062,Главный обогатитель (специалист),,,,between1And3,fullDay,full,Старый Оскол,Волковский горно-обогатительный комбинат,Технолог,,2026-02-04T16:25:53+0300,https://hh.ru/vacancy/130174062,горное дело
130174038,Главный обогатитель (специалист),,,,between1And3,fullDay,full,Курск,Волковский горно-обогатительный комбинат,Технолог,,2026-02-04T16:25:13+0300,https://hh.ru/vacancy/130174038,горное дело
130125062,Диспетчер карьера,,,,between3And6,fullDay,full,Нижний Тагил,Волковский горно-обогатительный комбинат,Другое,,2026-02-03T12:29:34+0300,https://hh.ru/vacancy/130125062,горное дело
130284727,"Инженер отдела охраны труда и промышленной безопасности (ГОК ""Высокое"")",197000,,RUR,between1And3,flyInFlyOut,full,Новосибирск,Соврудник,"Инженер по охране труда и технике безопасности, инженер-эколог","Пользователь ПК,Охрана труда и техника безопасности,оформление документации,Навыки работы с первичной документацией,Умение работать в коллективе",2026-02-09T13:28:45+0300,https://hh.ru/vacancy/130284727,горное дело
130284677,"Инженер отдела охраны труда и промышленной безопасности (ГОК ""Высокое"")",197000,,RUR,between1And3,flyInFlyOut,full,Чита,Соврудник,"Инженер по охране труда и технике безопасности, инженер-эколог","Пользователь ПК,Охрана труда и техника безопасности,оформление документации,Навыки работы с первичной документацией,Умение работать в коллективе",2026-02-09T13:27:45+0300,https://hh.ru/vacancy/130284677,горное дело
130284606,"Инженер отдела охраны труда и промышленной безопасности (ГОК ""Высокое"")",197000,,RUR,between1And3,flyInFlyOut,full,Иркутск,Соврудник,"Инженер по охране труда и технике безопасности, инженер-эколог","Пользователь ПК,Охрана труда и техника безопасности,оформление документации,Навыки работы с первичной документацией,Умение работать в коллективе",2026-02-09T13:26:31+0300,https://hh.ru/vacancy/130284606,горное дело
129934318,Руководитель сервисной службы,170000,,RUR,between3And6,fullDay,full,Ростов-на-Дону,Эксперт Минералз,"Сервисный инженер, инженер-механик","Организаторские навыки,Системное мышление,Аналитическое мышление,Ориентация на результат,Стрессоустойчивость,Пунктуальность,Ответственность",2026-02-08T19:05:54+0300,https://hh.ru/vacancy/129934318,горное дело
130275333,Инженер-проектировщик по мониторингу,,,,between1And3,fullDay,full,Москва,Инфосистемы Джет,Системный инженер,"Разработка проектной документации,Проектная документация,Zabbix,Unix,Docker,Python,ELK",2026-02-09T10:52:40+0300,https://hh.ru/vacancy/130275333,горное дело
129014212,Менеджер по продвижению (antifraud),,,,between3And6,fullDay,full,Москва,Инфосистемы Джет,Аудитор,"Информационные технологии,Ведение переговоров,Анализ конкурентной среды",2026-02-09T15:12:03+0300,https://hh.ru/vacancy/129014212,горное дело
130232830,Врач-детский эндокринолог,80000,120000,RUR,noExperience,fullDay,full,Горно-Алтайск,БУЗ РА Республиканская больница,Врач,"Точность и внимательность к деталям,Медицинская документация,Обучение и развитие,Контроль качества",2026-02-06T10:33:16+0300,https://hh.ru/vacancy/130232830,горное дело
130232227,Врач по рентгенэндоваскулярным диагностике и лечению,80000,120000,RUR,noExperience,fullDay,full,Горно-Алтайск,БУЗ РА Республиканская больница,Врач,,2026-02-06T10:21:34+0300,https://hh.ru/vacancy/130232227,горное дело
130249591,Главный специалист в службу главного горняка,123000,123000,RUR,between3And6,fullDay,full,Железногорск (Курская область),Михайловский ГОК Имени А.В. Варичева,Другое,,2026-02-06T16:36:07+0300,https://hh.ru/vacancy/130249591,горное дело
130249592,Главный специалист в службу главного горняка,123000,123000,RUR,between3And6,fullDay,full,Курск,Михайловский ГОК Имени А.В. Варичева,Другое,,2026-02-06T16:36:07+0300,https://hh.ru/vacancy/130249592,горное дело
130249593,Главный специалист в службу главного горняка,123000,123000,RUR,between3And6,fullDay,full,Орел,Михайловский ГОК Имени А.В. Варичева,Другое,,2026-02-06T16:36:07+0300,https://hh.ru/vacancy/130249593,горное дело
130232174,Врач-пульмонолог,80000,120000,RUR,noExperience,fullDay,full,Горно-Алтайск,БУЗ РА Республиканская больница,Врач,,2026-02-06T10:20:19+0300,https://hh.ru/vacancy/130232174,горное дело
129288230,Бухгалтер (участок - зарплата),,,,between3And6,fullDay,full,Москва,Инфосистемы Джет,Бухгалтер,,2026-02-09T10:55:15+0300,https://hh.ru/vacancy/129288230,горное дело
130202234,Ведущий инженер по проектно-сметной работе,170000,180000,RUR,between3And6,fullDay,full,Москва,ИБТ,"Инженер ПТО, инженер-сметчик","Smeta.ru,Составление смет,Деловая переписка,Сметы,Строительство",2026-02-08T12:20:22+0300,https://hh.ru/vacancy/130202234,горное дело
130238167,Маркшейдер,300000,400000,RUR,between3And6,flyInFlyOut,full,Красноярск,Полярная экспедиционная компания,Другое,,2026-02-06T12:21:40+0300,https://hh.ru/vacancy/130238167,горное дело
130226647,Инженер по проектированию,,,,noExperience,flyInFlyOut,full,Екатеринбург,Башкирская медь,Другое,автокад,2026-02-06T07:57:35+0300,https://hh.ru/vacancy/130226647,горное дело
130226597,Инженер по проектированию,,,,noExperience,flyInFlyOut,full,Магнитогорск,Башкирская медь,Другое,автокад,2026-02-06T07:55:41+0300,https://hh.ru/vacancy/130226597,горное дело
129400224,Врач травматолог-ортопед,150000,150000,RUR,between1And3,fullDay,full,Москва,Вего,Врач,,2026-02-07T09:57:33+0300,https://hh.ru/vacancy/129400224,горное дело
130231532,Геомеханик,,,,between3And6,fullDay,full,Красноярск,"ЕвроХим, Минерально-Химическая Компания",Геолог,"nanoCAD,AutoCAD,Leapfrog,Rocscience,PLAXIS,Micromine,Горный инженер,Маркшейдерское дело,Геология",2026-02-06T10:05:36+0300,https://hh.ru/vacancy/130231532,горное дело
129809917,Инженер ПТО,160000,,RUR,between3And6,fullDay,full,Москва,Главгорстрой,"Инженер-конструктор, инженер-проектировщик","Умение работать в условиях многозадачности,Составление документации,Обращение с технической документацией,Нормативно-техническая документация,Составление отчетов,AutoCAD,MS Excel,MS Word,Акты оказания услуг,Ведение отчётности,Строительная документация,Строительные технологии,Планирование строительных работ,Технологические карты",2026-02-07T16:23:29+0300,https://hh.ru/vacancy/129809917,горное дело
129354054,Ведущий специалист по содержанию основных фондов,,,,between1And3,fullDay,full,Екатеринбург,Горно-металлургический комплекс,"Инженер ПТО, инженер-сметчик",,2026-01-30T10:58:40+0300,https://hh.ru/vacancy/129354054,горное дело
130048291,"Начальник участка (участок гидротехнических сооружений, карьер)",,,,noExperience,fullDay,full,Чита,Волковский горно-обогатительный комбинат,Другое,,2026-01-30T15:02:01+0300,https://hh.ru/vacancy/130048291,горное дело
129853025,Маркшейдер,168000,,RUR,between3And6,flyInFlyOut,full,Великий Новгород,АЛМАЗ,Другое,Работа с большим объемом информации,2026-02-07T09:17:10+0300,https://hh.ru/vacancy/129853025,горное дело
129853005,Маркшейдер,168000,,RUR,between3And6,flyInFlyOut,full,Санкт-Петербург,АЛМАЗ,Другое,Производственный контроль,2026-02-07T09:16:49+0300,https://hh.ru/vacancy/129853005,горное дело
129267060,Менеджер по продажам (B2B) в инжиниринг,,,,between1And3,fullDay,full,Екатеринбург,ЭКСПРЕСС,"Менеджер по продажам, менеджер по работе с клиентами",,2026-02-08T09:25:10+0300,https://hh.ru/vacancy/129267060,горное дело
130168319,Инженер ПТО,,,,between1And3,fullDay,full,Нижний Тагил,Полиметалл,"Инженер ПТО, инженер-сметчик",,2026-02-05T08:55:56+0300,https://hh.ru/vacancy/130168319,горное дело
130163484,Продавец-кассир,47000,,RUR,between1And3,fullDay,full,Екатеринбург,Гетманцев Евгений Александрович,"Продавец-консультант, продавец-кассир",,2026-02-07T12:47:13+0300,https://hh.ru/vacancy/130163484,горное дело
130230069,Инженер-технолог участка по сопровождению буровых растворов,115000,,RUR,between1And3,flyInFlyOut,full,Альметьевск,Татнефть,Другое,,2026-02-06T09:36:46+0300,https://hh.ru/vacancy/130230069,горное дело
129267778,Заместитель начальника департамента исследования минерального сырья на обогатимость по научной работ,,,,moreThan6,fullDay,full,Красное Село,ГК Русредмет,Другое,,2026-02-08T09:30:11+0300,https://hh.ru/vacancy/129267778,горное дело
130107343,Маркшейдер участковый,108000,108000,RUR,between1And3,shift,full,Новосибирск,Управляющая Компания Сибантрацит,Геодезист,,2026-02-03T05:09:47+0300,https://hh.ru/vacancy/130107343,горное дело
130107344,Маркшейдер участковый,108000,108000,RUR,between1And3,shift,full,Новокузнецк,Управляющая Компания Сибантрацит,Геодезист,,2026-02-03T05:09:47+0300,https://hh.ru/vacancy/130107344,горное дело
129267727,Заместитель начальника департамента исследования минерального сырья на обогатимость по научной работ,,,,moreThan6,fullDay,full,Санкт-Петербург,ГК Русредмет,Другое,,2026-02-08T09:29:48+0300,https://hh.ru/vacancy/129267727,горное дело
129437068,Специалист по разрешительной документации,150000,150000,RUR,between1And3,fullDay,full,Москва,АЛМАЗ,Другое,"Деловая переписка,Телефонные переговоры,Документальное сопровождение",2026-02-07T17:39:27+0300,https://hh.ru/vacancy/129437068,горное дело
130188836,Горнорабочий на маркшейдерских работах,,,,between1And3,flyInFlyOut,full,Новосибирск,АРЕАЛ,Разнорабочий,,2026-02-05T07:10:55+0300,https://hh.ru/vacancy/130188836,горное дело
130188837,Горнорабочий на маркшейдерских работах,,,,between1And3,flyInFlyOut,full,Красноярск,АРЕАЛ,Разнорабочий,,2026-02-05T07:10:55+0300,https://hh.ru/vacancy/130188837,горное дело
130188838,Горнорабочий на маркшейдерских работах,,,,between1And3,flyInFlyOut,full,Улан-Удэ,АРЕАЛ,Разнорабочий,,2026-02-05T07:10:55+0300,https://hh.ru/vacancy/130188838,горное дело
129940286,Старшая медицинская сестра / Старший медицинский брат,55000,65000,RUR,between1And3,fullDay,full,Горно-Алтайск,Гармония здоровья,"Медицинская сестра, медицинский брат","Умение принимать решения,Навыки межличностного общения,Медицинская документация,Подбор персонала,Деловая этика,Управленческие навыки,Организаторские навыки,Ответственное хранение,Корпоративная этика,Организационные навыки",2026-01-28T07:35:39+0300,https://hh.ru/vacancy/129940286,горное дело
130193186,Специалист-эксперт отдела государственного геологического надзора,29000,56000,RUR,noExperience,fullDay,full,Красноярск,Енисейское межрегиональное управление Росприроднадзора,Другое,"Работа с большим объемом информации,Работа с документами,Точность и внимательность к деталям",2026-02-05T09:36:05+0300,https://hh.ru/vacancy/130193186,горное дело
130109075,Маркшейдер/Геодезист,120000,140000,RUR,between3And6,fullDay,full,Красноярск,Сириус,Геодезист,"Строительство,Умение работать в коллективе,Проектная документация,Деловое общение,Деловая переписка",2026-02-03T07:30:31+0300,https://hh.ru/vacancy/130109075,горное дело
130229562,Главный обогатитель,,,,between3And6,flyInFlyOut,full,Саяногорск,Южуралзолото Группа Компаний,Другое,,2026-02-06T09:24:08+0300,https://hh.ru/vacancy/130229562,горное дело
130229563,Главный обогатитель,,,,between3And6,flyInFlyOut,full,Красноярск,Южуралзолото Группа Компаний,Другое,,2026-02-06T09:24:08+0300,https://hh.ru/vacancy/130229563,горное дело
130229564,Главный обогатитель,,,,between3And6,flyInFlyOut,full,Хабаровск,Южуралзолото Группа Компаний,Другое,,2026-02-06T09:24:08+0300,https://hh.ru/vacancy/130229564,горное дело
129545147,Кадастровый инженер,,,,between3And6,fullDay,full,Чита,Горно-рудная компания Западная,Другое,"Деловая переписка,Проектная документация,Земельное законодательство,Кадастровое дело,Земельное право,Деловая коммуникация,Строительство,Заключение договоров",2026-01-27T08:17:40+0300,https://hh.ru/vacancy/129545147,горное дело
130108213,Ведущий технолог,120000,130000,RUR,between1And3,fullDay,full,Новокузнецк,Управляющая Компания Сибантрацит,Технолог,,2026-02-03T06:40:22+0300,https://hh.ru/vacancy/130108213,горное дело
130184975,Начальник отдела по анализу рынка,88139,88139,RUR,between3And6,fullDay,full,Томск,ОГБУ Томский Областной Центр Инвентаризации и Кадастра,Экономист,"Прогнозирование,Мониторинг рынка,Анализ конкурентной среды,Прогнозирование продаж,Прогнозирование спроса,Руководство коллективом",2026-02-05T05:37:52+0300,https://hh.ru/vacancy/130184975,горное дело
130111325,Участковый маркшейдер на россыпное золото,240000,,RUR,between1And3,flyInFlyOut,full,Благовещенск (Амурская область),Группа компаний Техсервис,Геодезист,"Пользователь ПК,Недропользование",2026-02-03T08:35:28+0300,https://hh.ru/vacancy/130111325,горное дело
130111326,Участковый маркшейдер на россыпное золото,240000,,RUR,between1And3,flyInFlyOut,full,Чита,Группа компаний Техсервис,Геодезист,"Пользователь ПК,Недропользование",2026-02-03T08:35:28+0300,https://hh.ru/vacancy/130111326,горное дело
130111327,Участковый маркшейдер на россыпное золото,240000,,RUR,between1And3,flyInFlyOut,full,Хабаровск,Группа компаний Техсервис,Геодезист,"Пользователь ПК,Недропользование",2026-02-03T08:35:28+0300,https://hh.ru/vacancy/130111327,горное дело
130227962,Фельдшер,52600,52600,RUR,noExperience,shift,full,Челябинск,Томинский ГОК,"Медицинская сестра, медицинский брат",,2026-02-06T08:42:37+0300,https://hh.ru/vacancy/130227962,горное дело
130227963,Фельдшер,52600,52600,RUR,noExperience,shift,full,Копейск,Томинский ГОК,"Медицинская сестра, медицинский брат",,2026-02-06T08:42:37+0300,https://hh.ru/vacancy/130227963,горное дело
130227964,Фельдшер,52600,52600,RUR,noExperience,shift,full,Коркино,Томинский ГОК,"Медицинская сестра, медицинский брат",,2026-02-06T08:42:37+0300,https://hh.ru/vacancy/130227964,горное дело
130072125,Участковый маркшейдер (Шахта),,,,between1And3,flyInFlyOut,full,Кемерово,Южуралзолото Группа Компаний,Геодезист,,2026-02-02T08:54:21+0300,https://hh.ru/vacancy/130072125,горное дело
130072126,Участковый маркшейдер (Шахта),,,,between1And3,flyInFlyOut,full,Челябинск,Южуралзолото Группа Компаний,Геодезист,,2026-02-02T08:54:21+0300,https://hh.ru/vacancy/130072126,горное дело
130072127,Участковый маркшейдер (Шахта),,,,between1And3,flyInFlyOut,full,Хабаровск,Южуралзолото Группа Компаний,Геодезист,,2026-02-02T08:54:21+0300,https://hh.ru/vacancy/130072127,горное дело
130230543,Главный инженер ЗИФ,,,,between3And6,flyInFlyOut,full,Красноярск,Южуралзолото Группа Компаний,Начальник производства,,2026-02-06T09:47:55+0300,https://hh.ru/vacancy/130230543,горное дело
130230544,Главный инженер ЗИФ,,,,between3And6,flyInFlyOut,full,Абакан,Южуралзолото Группа Компаний,Начальник производства,,2026-02-06T09:47:55+0300,https://hh.ru/vacancy/130230544,горное дело
130230545,Главный инженер ЗИФ,,,,between3And6,flyInFlyOut,full,Сорск,Южуралзолото Группа Компаний,Начальник производства,,2026-02-06T09:47:55+0300,https://hh.ru/vacancy/130230545,горное дело
128946867,Фельдшер в школы и детсады Чкаловского района,50000,,RUR,noExperience,fullDay,full,Екатеринбург,ГАУЗ СО Детская городская больница №8,Врач,"Пользователь ПК,Медицинская документация",2026-02-05T11:00:00+0300,https://hh.ru/vacancy/128946867,горное дело
127913465,Архивариус,63000,73000,RUR,between1And3,flyInFlyOut,full,Хабаровск,Амур Минералс,"Делопроизводитель, архивариус","регистрация документации,оформление документации,Точность и внимательность к деталям,Ведение архива,Архивирование,Архивная опись документации,Внутренняя документация,Ведение документации,Офисная техника",2026-02-06T02:39:06+0300,https://hh.ru/vacancy/127913465,горное дело
130107052,Начальник участка ВР (БВР),300000,400000,RUR,between3And6,flyInFlyOut,full,Якутск,Пламя,"Начальник смены, мастер участка","Руководство коллективом,Организаторские навыки,Охрана труда и техника безопасности,Планирование,Контроль качества,Умение принимать решения,Производственный контроль,Ведение документации,Навыки составления отчетности,Управление производством,Техническая документация,Учет материалов,Работа с проектной документацией,Материально-техническое обеспечение,Умение работать в коллективе,Технический контроль производства,Деловая коммуникация",2026-02-03T04:11:39+0300,https://hh.ru/vacancy/130107052,горное дело
129895902,Участковый маркшейдер (ПГР),,,,between1And3,flyInFlyOut,full,Красноярск,Полиметалл,Геодезист,,2026-02-01T14:22:01+0300,https://hh.ru/vacancy/129895902,горное дело
130157781,Мастер по буровзрывным работам (г. Норильск Красноярский край),,,,between1And3,flyInFlyOut,full,Уфа,Хедмайнер,Другое,"Управление производственным персоналом,Организаторские навыки,Охрана труда и техника безопасности,Умение работать в коллективе,Производственное планирование,Навыки составления отчетности,Технический контроль производства,Проектная документация,Производственный контроль,Техническая документация,Обеспечение техники безопасности",2026-02-04T11:05:55+0300,https://hh.ru/vacancy/130157781,горное дело
130157782,Мастер по буровзрывным работам (г. Норильск Красноярский край),,,,between1And3,flyInFlyOut,full,Новосибирск,Хедмайнер,Другое,"Управление производственным персоналом,Организаторские навыки,Охрана труда и техника безопасности,Умение работать в коллективе,Производственное планирование,Навыки составления отчетности,Технический контроль производства,Проектная документация,Производственный контроль,Техническая документация,Обеспечение техники безопасности",2026-02-04T11:05:55+0300,https://hh.ru/vacancy/130157782,горное дело
130171834,Мастер карьера,,,,between1And3,fullDay,full,Рязань,"Зеленый сад, СПК","Начальник смены, мастер участка","Управление производственным персоналом,Намыв песка,Карьер",2026-02-04T15:40:14+0300,https://hh.ru/vacancy/130171834,горное дело
130147472,Маркшейдер,,,,between1And3,fullDay,full,Ачинск,РУСАЛ,Геолог,"AutoCAD,LEICA Geo Office,GeoMaхZoom",2026-02-04T07:55:20+0300,https://hh.ru/vacancy/130147472,горное дело
129691656,Топограф,231000,231000,RUR,between3And6,flyInFlyOut,full,Чита,Амур Золото,Геодезист,,2026-02-03T07:26:24+0300,https://hh.ru/vacancy/129691656,горное дело
129691655,Топограф,231000,231000,RUR,between3And6,flyInFlyOut,full,Новосибирск,Амур Золото,Геодезист,,2026-02-03T07:26:21+0300,https://hh.ru/vacancy/129691655,горное дело
130137120,Руководитель отдела продаж БВР,,,,between3And6,fullDay,full,Москва,"СУЭК, Сибирская Угольная Энергетическая Компания",Руководитель отдела продаж,,2026-02-04T04:18:16+0300,https://hh.ru/vacancy/130137120,горное дело
130192180,Маркшейдер (ИД 254),,,,between3And6,flyInFlyOut,full,Тюмень,Меретояханефтегаз,Другое,,2026-02-05T09:14:51+0300,https://hh.ru/vacancy/130192180,горное дело
130082884,Начальник производственно-технического отдела,,,,between1And3,fullDay,full,Москва,Национальная нерудная компания,Начальник производства,,2026-02-02T12:00:21+0300,https://hh.ru/vacancy/130082884,горное дело
130035378,Инженер-геомеханик,250000,,RUR,between1And3,flyInFlyOut,full,Новокузнецк,Амур Золото,Геолог,,2026-01-30T10:43:44+0300,https://hh.ru/vacancy/130035378,горное дело
130035379,Инженер-геомеханик,250000,,RUR,between1And3,flyInFlyOut,full,Куйбышев,Амур Золото,Геолог,,2026-01-30T10:43:44+0300,https://hh.ru/vacancy/130035379,горное дело
130035380,Инженер-геомеханик,250000,,RUR,between1And3,flyInFlyOut,full,Братск,Амур Золото,Геолог,,2026-01-30T10:43:44+0300,https://hh.ru/vacancy/130035380,горное дело
130150112,Главный маркшейдер - начальник службы по разработке карьеров,250000,250000,RUR,between3And6,fullDay,full,Братск,Транснефть - Восток,Другое,"Галактика,Навыки работы с первичной документацией,Внутренний контроль,КИС,Безопасность,Оперативное принятие решений,Ответственный подход к работе,Высшее образование",2026-02-04T08:56:44+0300,https://hh.ru/vacancy/130150112,горное дело
129532312,Заместитель главного маркшейдера,,,,between3And6,fullDay,full,Красноярск,"СУЭК, Сибирская Угольная Энергетическая Компания",Технолог,,2026-01-30T17:53:20+0300,https://hh.ru/vacancy/129532312,горное дело
130107220,Диспетчер горнотранспортного комплекса,,,,between1And3,flyInFlyOut,full,Краснодар,АРЕАЛ,Диспетчер,"Организаторские навыки,Точность и внимательность к деталям,Транспортная логистика,Работа с большим объемом информации,Умение принимать решения",2026-02-03T04:46:22+0300,https://hh.ru/vacancy/130107220,горное дело
130107221,Диспетчер горнотранспортного комплекса,,,,between1And3,flyInFlyOut,full,Санкт-Петербург,АРЕАЛ,Диспетчер,"Организаторские навыки,Точность и внимательность к деталям,Транспортная логистика,Работа с большим объемом информации,Умение принимать решения",2026-02-03T04:46:22+0300,https://hh.ru/vacancy/130107221,горное дело
130107222,Диспетчер горнотранспортного комплекса,,,,between1And3,flyInFlyOut,full,Уфа,АРЕАЛ,Диспетчер,"Организаторские навыки,Точность и внимательность к деталям,Транспортная логистика,Работа с большим объемом информации,Умение принимать решения",2026-02-03T04:46:22+0300,https://hh.ru/vacancy/130107222,горное дело
128993599,Маркшейдер,90000,105000,RUR,noExperience,fullDay,full,Мурманск,Ловозерский горно-обогатительный комбинат,"Научный специалист, исследователь","AutoCAD,Sokkia Link,Нивелир,Теодолит",2026-01-22T16:06:52+0300,https://hh.ru/vacancy/128993599,горное дело
130153692,"Консультант отдела балансов, технической экспертизы и регулирования платы за подключение",54000,104000,RUR,noExperience,fullDay,full,Благовещенск (Амурская область),Правительство Амурской области,Другое,"Работа с большим объемом информации,Деловое общение,Точность и внимательность к деталям,Умение работать в коллективе,Аналитическое мышление,Работа с базами данных",2026-02-04T09:59:42+0300,https://hh.ru/vacancy/130153692,горное дело
130184950,Заместитель директора по государственной кадастровой оценке,103089,103089,RUR,between3And6,fullDay,full,Томск,ОГБУ Томский Областной Центр Инвентаризации и Кадастра,Другое,"опыт работы в бюджетных учреждениях приветствуется;уверенный пользователь ПК,Организаторские навыки,Взаимодействие с государственными контролирующими органами,Работа с большим объемом информации,Руководство коллективом",2026-02-05T05:32:56+0300,https://hh.ru/vacancy/130184950,горное дело
130189199,Начальник участка (золотодобыча),,,,between1And3,fullDay,full,Краснотурьинск,Сервис-Газификация,Начальник производства,"Золотодобыча,Начальник участка,Золото,Добыча,Организаторские навыки,Управление командой,Техническая документация,Ведение документации,Учет материалов",2026-02-05T07:37:12+0300,https://hh.ru/vacancy/130189199,горное дело
128978324,Маркшейдер участковый,519900,519900,RUR,between1And3,flyInFlyOut,full,Якутск,Горно-рудная компания Западная,Другое,,2026-01-22T14:20:53+0300,https://hh.ru/vacancy/128978324,горное дело
128978511,Горнорабочий на маркшейдерских работах,300000,300000,RUR,between1And3,flyInFlyOut,full,Якутск,Горно-рудная компания Западная,Разнорабочий,,2026-01-22T14:24:30+0300,https://hh.ru/vacancy/128978511,горное дело
129918979,Врач-фтизиатр,60000,,RUR,between3And6,fullDay,full,Сочи,Детский санаторий для больных туберкулезом Горный воздух,Врач,"Медицинская документация,Грамотная речь,Работа с большим объемом информации,Пользователь ПК,Ведение пациентов,Умение работать в коллективе",2026-01-27T13:35:08+0300,https://hh.ru/vacancy/129918979,горное дело
129031158,Маркшейдер участковый ШСУ,85000,120000,RUR,noExperience,fullDay,full,Орск,Гайский Горно-Обогатительный Комбинат,"Научный специалист, исследователь",,2026-01-21T06:13:26+0300,https://hh.ru/vacancy/129031158,горное дело
128978445,Маркшейдер на поверхность,467120,467120,RUR,between1And3,flyInFlyOut,full,Якутск,Горно-рудная компания Западная,Другое,,2026-01-22T14:22:35+0300,https://hh.ru/vacancy/128978445,горное дело
129995445,Главный маркшейдер,,,,between3And6,fullDay,full,Кунгур,Knauf,Другое,"Производственное планирование,Ведение документации,Навыки составления отчетности,Взаимодействие с контрольными органами,Работа с большим объемом информации",2026-01-29T11:32:23+0300,https://hh.ru/vacancy/129995445,горное дело
129406460,Врач-терапевт участковый,,,,noExperience,fullDay,full,Верхняя Пышма,Горно-металлургический комплекс,Врач,,2026-01-14T11:03:23+0300,https://hh.ru/vacancy/129406460,горное дело
130083379,Ведущий маркшейдер,300000,,RUR,between3And6,fullDay,full,Салехард,ГАУ ЯНАО Научный центр изучения Арктики,Геолог,"Охрана труда и техника безопасности,Производственный контроль,Деловое общение,Ведение документации,Проектная документация,Документооборот,Умение планировать,Навыки работы с первичной документацией,оформление документации,Внутренний контроль,Деловая коммуникация,Навыки составления отчетности,Работа с большим объемом информации",2026-02-02T12:07:44+0300,https://hh.ru/vacancy/130083379,горное дело
129980905,Руководитель проектов,550000,,RUR,between3And6,flyInFlyOut,full,Благовещенск (Амурская область),Тех Взрыв Инвест,Руководитель проектов,,2026-01-29T05:31:12+0300,https://hh.ru/vacancy/129980905,горное дело
129980906,Руководитель проектов,550000,,RUR,between3And6,flyInFlyOut,full,Кемерово,Тех Взрыв Инвест,Руководитель проектов,,2026-01-29T05:31:12+0300,https://hh.ru/vacancy/129980906,горное дело
129980907,Руководитель проектов,550000,,RUR,between3And6,flyInFlyOut,full,Хабаровск,Тех Взрыв Инвест,Руководитель проектов,,2026-01-29T05:31:12+0300,https://hh.ru/vacancy/129980907,горное дело
130124691,Инженер нормировщик ПТО,,,,between1And3,flyInFlyOut,full,Благовещенск (Амурская область),Атлас Майнинг,"Инженер ПТО, инженер-сметчик",,2026-02-03T12:22:55+0300,https://hh.ru/vacancy/130124691,горное дело
129606303,"Начальник участка (участок гидротехнических сооружений, карьер)",,,,noExperience,fullDay,full,Кемерово,Волковский горно-обогатительный комбинат,Другое,,2026-01-19T15:40:28+0300,https://hh.ru/vacancy/129606303,горное дело
129606284,"Начальник участка (участок гидротехнических сооружений, карьер)",,,,noExperience,fullDay,full,Новокузнецк,Волковский горно-обогатительный комбинат,Другое,,2026-01-19T15:40:14+0300,https://hh.ru/vacancy/129606284,горное дело
129248400,Ассистент врача-стоматолога (м. Беговая),65000,,RUR,between1And3,flexible,full,Санкт-Петербург,ДС,Ассистент врача,"Медицинское оборудование,Стерилизация инструментов",2026-02-04T10:53:52+0300,https://hh.ru/vacancy/129248400,горное дело
130200980,Старший юрисконсульт,,,,between3And6,fullDay,full,Москва,Ультиматек,Юрисконсульт,,2026-02-05T11:57:56+0300,https://hh.ru/vacancy/130200980,горное дело
130024448,Участковый маркшейдер,300000,,RUR,between1And3,fullDay,full,Хабаровск,Конкорд,Геодезист,,2026-01-30T03:59:37+0300,https://hh.ru/vacancy/130024448,горное дело
130124183,Менеджер по технической поддержке продаж,,,,between1And3,fullDay,full,Кемерово,Вег Хаус,"Сервисный инженер, инженер-механик","Деловое общение,Составление отчетов,Консультирование клиентов",2026-02-03T12:12:26+0300,https://hh.ru/vacancy/130124183,горное дело
129951844,Администратор на ресепшн,90000,,RUR,between1And3,flyInFlyOut,full,Горно-Алтайск,Курьер Сервис Экспресс,Администратор,Английский язык,2026-01-28T11:16:14+0300,https://hh.ru/vacancy/129951844,горное дело
129545519,Участковый маркшейдер,110000,110000,RUR,between1And3,fullDay,full,Миасс,Кыштымский Горно-Обогатительный Комбинат,Другое,,2026-01-17T13:25:14+0300,https://hh.ru/vacancy/129545519,горное дело
129545520,Участковый маркшейдер,110000,110000,RUR,between1And3,fullDay,full,Магнитогорск,Кыштымский Горно-Обогатительный Комбинат,Другое,,2026-01-17T13:25:14+0300,https://hh.ru/vacancy/129545520,горное дело
129545521,Участковый маркшейдер,110000,110000,RUR,between1And3,fullDay,full,Челябинск,Кыштымский Горно-Обогатительный Комбинат,Другое,,2026-01-17T13:25:14+0300,https://hh.ru/vacancy/129545521,горное дело
130069026,Техник-маркшейдер,,,,between1And3,flyInFlyOut,full,Челябинск,Томинский ГОК,Лаборант,,2026-02-02T06:54:57+0300,https://hh.ru/vacancy/130069026,горное дело
130069027,Техник-маркшейдер,,,,between1And3,flyInFlyOut,full,Магнитогорск,Томинский ГОК,Лаборант,,2026-02-02T06:54:57+0300,https://hh.ru/vacancy/130069027,горное дело
129937970,Инженер-геомеханик,250000,,RUR,between1And3,flyInFlyOut,full,Уфа,Амур Золото,Геолог,,2026-01-28T05:27:53+0300,https://hh.ru/vacancy/129937970,горное дело
129937971,Инженер-геомеханик,250000,,RUR,between1And3,flyInFlyOut,full,Омск,Амур Золото,Геолог,,2026-01-28T05:27:53+0300,https://hh.ru/vacancy/129937971,горное дело
129937972,Инженер-геомеханик,250000,,RUR,between1And3,flyInFlyOut,full,Братск,Амур Золото,Геолог,,2026-01-28T05:27:53+0300,https://hh.ru/vacancy/129937972,горное дело
130056810,Маркшейдер рудника,,,,between1And3,fullDay,full,Челябинск,Северсталь,Разнорабочий,,2026-01-30T17:53:55+0300,https://hh.ru/vacancy/130056810,горное дело
130056811,Маркшейдер рудника,,,,between1And3,fullDay,full,Екатеринбург,Северсталь,Разнорабочий,,2026-01-30T17:53:55+0300,https://hh.ru/vacancy/130056811,горное дело
130056812,Маркшейдер рудника,,,,between1And3,fullDay,full,Магадан,Северсталь,Разнорабочий,,2026-01-30T17:53:55+0300,https://hh.ru/vacancy/130056812,горное дело
130114371,Ведущий инженер по промышленной безопасности (Рудник),,,,between3And6,fullDay,full,Челябинск,Томинский ГОК,Специалист по информационной безопасности,,2026-02-03T09:35:20+0300,https://hh.ru/vacancy/130114371,горное дело
129464187,Горнорабочий на маркшейдерских работах,53940,,RUR,noExperience,fullDay,full,Старый Оскол,Азот-Взрыв,Геолог,,2026-01-30T08:04:11+0300,https://hh.ru/vacancy/129464187,горное дело
129937673,Тайный покупатель,,,,noExperience,fullDay,part,Горно-Алтайск,Рестораны Грильница (Правообладатель ИП Иванов Евгений Дмитриевич),Другое,"Умение работать в коллективе,Деловое общение",2026-01-28T04:52:44+0300,https://hh.ru/vacancy/129937673,горное дело
129420790,Акушер-гинеколог в гинекологическое отделение (Верхняя Пышма),,,,noExperience,fullDay,full,Екатеринбург,Горно-металлургический комплекс,Врач,,2026-01-14T13:51:54+0300,https://hh.ru/vacancy/129420790,горное дело
129418607,Акушер-гинеколог в женскую консультацию (Верхняя Пышма),,,,noExperience,fullDay,full,Екатеринбург,Горно-металлургический комплекс,Врач,,2026-01-14T13:22:39+0300,https://hh.ru/vacancy/129418607,горное дело
129406319,Врач-педиатр участковый (Верхняя Пышма),,,,between1And3,fullDay,full,Верхняя Пышма,Горно-металлургический комплекс,Врач,,2026-01-14T11:02:14+0300,https://hh.ru/vacancy/129406319,горное дело
129475366,Врач-физиотерапевт,,90000,RUR,noExperience,fullDay,full,Екатеринбург,Горно-металлургический комплекс,Врач,,2026-01-15T14:46:09+0300,https://hh.ru/vacancy/129475366,горное дело
130242319,"Врач-остеопат, г. Кисловодск",,150000,RUR,between3And6,flexible,full,Москва,Cornerstone Russia,Врач,,2026-02-06T13:56:25+0300,https://hh.ru/vacancy/130242319,горное дело
129406169,Травматолог-ортопед травматологического отделения (Верхняя Пышма),,,,noExperience,fullDay,full,Екатеринбург,Горно-металлургический комплекс,Врач,,2026-01-14T11:00:54+0300,https://hh.ru/vacancy/129406169,горное дело
129406002,Травматолог-ортопед травматологического отделения (Верхняя Пышма),,,,noExperience,fullDay,full,Екатеринбург,Горно-металлургический комплекс,Врач,,2026-01-14T10:59:31+0300,https://hh.ru/vacancy/129406002,горное дело
129420818,Врач-фтизиатр (Верхняя Пышма),,,,noExperience,fullDay,full,Екатеринбург,Горно-металлургический комплекс,Врач,,2026-01-14T13:52:18+0300,https://hh.ru/vacancy/129420818,горное дело
130249594,Ведущий инженер по решениям NGN,,,,between3And6,fullDay,full,Москва,Инфосистемы Джет,Инженер ПНР,,2026-02-06T16:36:11+0300,https://hh.ru/vacancy/130249594,горное дело
129406252,Невролог (Верхняя Пышма),,,,noExperience,flexible,full,Верхняя Пышма,Горно-металлургический комплекс,Врач,,2026-01-14T11:01:40+0300,https://hh.ru/vacancy/129406252,горное дело
129405146,Кардиолог взрослой поликлиники (Верхняя Пышма),,,,noExperience,fullDay,full,Екатеринбург,Горно-металлургический комплекс,Врач,,2026-01-14T10:49:41+0300,https://hh.ru/vacancy/129405146,горное дело
130035154,Инженер-энергетик,150000,,RUR,between1And3,shift,full,Апатиты,Акрон,"Инженер-энергетик, инженер-электрик",,2026-01-30T10:39:40+0300,https://hh.ru/vacancy/130035154,горное дело
129406108,Анестезиолог-реаниматолог (Верхняя Пышма),,,,noExperience,flexible,full,Екатеринбург,Горно-металлургический комплекс,Врач,,2026-01-14T11:00:22+0300,https://hh.ru/vacancy/129406108,горное дело
129405250,Кардиолог кардиологического отделения (Верхняя Пышма),,,,noExperience,fullDay,full,Екатеринбург,Горно-металлургический комплекс,Врач,,2026-01-14T10:51:01+0300,https://hh.ru/vacancy/129405250,горное дело
129405029,Кардиолог кардиологического отделения (Верхняя Пышма),,,,noExperience,flexible,full,Екатеринбург,Горно-металлургический комплекс,Врач,,2026-01-14T10:48:10+0300,https://hh.ru/vacancy/129405029,горное дело
130084071,"Специалист по охране труда и технике безопасности в ""Янолово""",170000,,RUR,between1And3,flyInFlyOut,full,Якутск,РИК Плюс,"Инженер по охране труда и технике безопасности, инженер-эколог","Трудовое законодательство РФ,Пользователь ПК,Охрана труда,Охрана труда и техника безопасности,Взаимодействие с органами государственного контроля,разработка инструкций по охране труда,Расследование несчастных случаев",2026-02-02T12:19:00+0300,https://hh.ru/vacancy/130084071,горное дело
130201793,Главный механик Шерегешской шахты,,,,between3And6,fullDay,full,Шерегеш,ЕВРАЗ,Механик,"Техническое обслуживание,Обеспечение техники безопасности,Организация работы сотрудников,Ремонт оборудования,Контроль состояния оборудования",2026-02-05T12:10:29+0300,https://hh.ru/vacancy/130201793,горное дело
130069902,Маркшейдер на подземных работах Департамента маркшейдерского обеспечения,,,,between1And3,fullDay,full,Норильск,Норникель,Геодезист,,2026-02-02T07:43:02+0300,https://hh.ru/vacancy/130069902,горное дело
129324952,Начальник участка карьерного водоотлива,,292000,RUR,between3And6,flyInFlyOut,full,Благовещенск (Амурская область),Атлас Майнинг,Другое,,2026-02-02T06:59:13+0300,https://hh.ru/vacancy/129324952,горное дело
129478351,Диспетчер,,,,between1And3,fullDay,full,Кировск (Мурманская область),Волковский горно-обогатительный комбинат,Другое,,2026-01-15T15:28:46+0300,https://hh.ru/vacancy/129478351,горное дело
129361916,Участковый маркшейдер в шахту,237000,280000,RUR,between1And3,flyInFlyOut,full,Новосибирск,Горно-металлургический комплекс,"Научный специалист, исследователь",,2026-01-13T13:47:28+0300,https://hh.ru/vacancy/129361916,горное дело
129361865,Участковый маркшейдер в шахту,237000,280000,RUR,between1And3,flyInFlyOut,full,Иркутск,Горно-металлургический комплекс,"Научный специалист, исследователь",,2026-01-13T13:46:42+0300,https://hh.ru/vacancy/129361865,горное дело
129894287,Врач-педиатр участковый (Сахалинская область),120000,160000,RUR,noExperience,fullDay,full,Горно-Алтайск,Министерство здравоохранения Сахалинской области,Врач,"Медицинская документация,Медицинское оборудование,Организаторские навыки,Обучение персонала,Английский язык",2026-01-27T02:42:48+0300,https://hh.ru/vacancy/129894287,горное дело
129478386,Диспетчер,,,,between1And3,fullDay,full,Мурманск,Волковский горно-обогатительный комбинат,Другое,,2026-01-15T15:29:14+0300,https://hh.ru/vacancy/129478386,горное дело
129478370,Диспетчер,,,,between1And3,fullDay,full,Ковдор,Волковский горно-обогатительный комбинат,Другое,,2026-01-15T15:29:02+0300,https://hh.ru/vacancy/129478370,горное дело
129478331,Диспетчер,,,,between1And3,fullDay,full,Новокузнецк,Волковский горно-обогатительный комбинат,Другое,,2026-01-15T15:28:12+0300,https://hh.ru/vacancy/129478331,горное дело
129133672,Инженер-проектировщик,,,,between1And3,flyInFlyOut,full,Красноярск,Полиметалл,"Инженер-конструктор, инженер-проектировщик",,2026-01-26T10:06:00+0300,https://hh.ru/vacancy/129133672,горное дело
130040891,Геомеханик,,,,between3And6,flyInFlyOut,full,Красноярск,Русская Платина,Геодезист,,2026-01-30T12:24:14+0300,https://hh.ru/vacancy/130040891,горное дело
129398141,Монтажник слаботочных систем,150000,,RUR,between1And3,flyInFlyOut,full,Красноярск,АК инжиниринг,Монтажник,"Монтаж оборудования,Электротехнические работы,Электрические сети,Пуско-наладочные работы",2026-02-02T11:12:28+0300,https://hh.ru/vacancy/129398141,горное дело
130028200,Геомеханик,,,,between3And6,flyInFlyOut,full,Норильск,Русская Платина,Геодезист,,2026-01-30T08:22:24+0300,https://hh.ru/vacancy/130028200,горное дело
130284511,Техник слаботочных систем (ЖК метро ЗИЛ),120000,120000,RUR,between1And3,fullDay,full,Москва,Управляющая компания №1,"Инженер-конструктор, инженер-проектировщик",,2026-02-09T13:24:36+0300,https://hh.ru/vacancy/130284511,информатика и вычислительная техника
130132600,Ведущий инженер-программист (Отдел интеграции и управления данными),,,,between3And6,fullDay,full,Королев (Московская область),Ракетно-космическая корпорация Энергия,"Программист, разработчик","Разработка технических заданий,SQL,Техническая документация,Базы данных,С#,Java,JSON,XML,RabbitMQ,REST,ORACLE,Apache Kafka,SOAP",2026-02-09T14:45:06+0300,https://hh.ru/vacancy/130132600,информатика и вычислительная техника
130129295,Главный специалист по информационным технологиям (Отдел управления сетевыми и сервисными ресурсами),,,,between3And6,fullDay,full,Королев (Московская область),Ракетно-космическая корпорация Энергия,Системный администратор,"Разработка технических заданий,SQL,MS SQL,Linux,Docker,PostgreSQL,Kubernetes,Atlassian Jira,Техническая документация,Базы данных",2026-02-09T13:45:30+0300,https://hh.ru/vacancy/130129295,информатика и вычислительная техника
130168070,Ведущий инженер-конструктор бригады комплексирования и вычислительных систем,,,,between3And6,fullDay,full,Москва,Компания «Кронштадт»,"Инженер-конструктор, инженер-проектировщик","ПИВ,БРЭО,комплексирование,интерфейс,Fibre Chennel,МКИО",2026-02-04T14:22:39+0300,https://hh.ru/vacancy/130168070,информатика и вычислительная техника
130214595,Техник-программист,65000,,RUR,noExperience,fullDay,full,Ялта,ФГБУ Ялтинский Многопрофильный Медицинский Центр Федерального Медико-Биологического Агентства,Другое,"Продвинутый пользователь ПК,Работа с базами данных,Составление отчетности,Отчетность,Медицинска статистика,Способность быстро обучаться",2026-02-05T15:39:49+0300,https://hh.ru/vacancy/130214595,информатика и вычислительная техника
127986430,Специалист по ИБ и защите ПДн,250091,385975,RUR,between3And6,fullDay,full,Москва,ТН Цифровая Логистика,Специалист по информационной безопасности,"152-ФЗ,187-ФЗ,SDLC,Информационная безопасность",2026-02-08T09:46:38+0300,https://hh.ru/vacancy/127986430,информатика и вычислительная техника
130204395,Техник слаботочных систем (Сколково),130000,130000,RUR,between1And3,fullDay,full,Москва,Управляющая компания №1,Инженер по эксплуатации,,2026-02-05T13:03:53+0300,https://hh.ru/vacancy/130204395,информатика и вычислительная техника
129159471,"Начальник отдела вычислительной техники, программных средств и информационных систем",,,,moreThan6,fullDay,full,Новосибирск,ФГБУ НМИЦ им. ак. Е.Н. Мешалкина Минздрава России,Системный администратор,,2026-01-29T11:16:55+0300,https://hh.ru/vacancy/129159471,информатика и вычислительная техника
96695461,Доцент,41000,,RUR,between3And6,fullDay,full,Омск,ФГАОУ ВО ОмГТУ,"Учитель, преподаватель, педагог","Организация учебного процесса,Творческое мышление,Желание развиваться,Грамотность",2026-02-10T06:07:05+0300,https://hh.ru/vacancy/96695461,информатика и вычислительная техника
128679531,Декан факультета информационных технологий и программной инженерии,,,,between3And6,fullDay,full,Санкт-Петербург,ФГБОУ ВО Санкт-Петербургский Государственный Университет Телекоммуникаций Им. Проф. М.А. Бонч-Бруевича,"Учитель, преподаватель, педагог","Организация учебного процесса,Планирование,Организаторские навыки,Стратегическое мышление,Научная деятельность,Деловая коммуникация,Публичные выступления,Аналитическое мышление,Организационные навыки",2026-02-06T16:36:51+0300,https://hh.ru/vacancy/128679531,информатика и вычислительная техника
130246971,Главный специалист центра мониторинга и анализа качества,165100,,RUR,between3And6,fullDay,full,Москва,РТ-Техприемка,Инженер по качеству,,2026-02-06T15:38:10+0300,https://hh.ru/vacancy/130246971,информатика и вычислительная техника
129318340,Консультант - аналитик 1С: ERP (Поддержка и развитие),,,,between3And6,fullDay,full,Москва,Транснефть-Технологии,Аналитик,"1С: Профессионал,1С: Специалист,1С: Специалист-консультант,ERP-системы на базе 1С,Консультирование пользователей,Конфигурационное тестирование,Моделирование бизнес-процессов,Тестирование баз данных,Документирование бизнес-требований,Описание бизнес-процессов,Анализ бизнес-процессов,Системный анализ,Разработка технических заданий,Автоматизация бизнес-процессов,Бухгалтерский учет,регламентированный учет,1С: Бухгалтерия,1С: Зарплата и управление персоналом",2026-02-05T15:34:43+0300,https://hh.ru/vacancy/129318340,информатика и вычислительная техника
130040126,"Преподаватель дисциплины ""Рекомендательные системы в направлении Прикладной информатики""",,,,between3And6,remote,part,Москва,Колледж информационных технологий международного уровня IThub,"Программист, разработчик","Организаторские навыки,Обучение и развитие,Работа с большим объемом информации,Организация учебного процесса,Умение работать в коллективе,Грамотная речь,Деловое общение,Точность и внимательность к деталям,Python,Машинное обучение",2026-01-30T12:08:06+0300,https://hh.ru/vacancy/130040126,информатика и вычислительная техника
130270439,Системный администратор,58000,80000,RUR,between1And3,fullDay,full,Чита,"Министерство по Социальному, Экономическому, Инфраструктурному, Пространственному Планированию и Развитию Забайкальского Края",Системный администратор,,2026-02-09T09:31:55+0300,https://hh.ru/vacancy/130270439,информатика и вычислительная техника
129464335,Инженер технической поддержки и сервисного обслуживания вычислительной техники,135000,135000,RUR,between1And3,fullDay,full,Москва,РАМЭК - ВС,Системный инженер,"Настройка ПК,Ремонт ПК,Сборка ПК,Диагностика,Настройка сетевых подключений,Linux,Техническое обслуживание,Настройка ПО,Ремонт,Системы видеонаблюдения",2026-01-15T12:06:07+0300,https://hh.ru/vacancy/129464335,информатика и вычислительная техника
129464427,Инженер технической поддержки и сервисного обслуживания вычислительной техники,135000,,RUR,between1And3,fullDay,full,Санкт-Петербург,РАМЭК - ВС,Системный инженер,"Настройка ПК,Ремонт ПК,Сборка ПК,Диагностика,Настройка сетевых подключений,Linux,Техническое обслуживание,Настройка ПО,Ремонт,Системы видеонаблюдения",2026-01-15T12:07:11+0300,https://hh.ru/vacancy/129464427,информатика и вычислительная техника
127378979,Доцент кафедры информационных систем и вычислительной техники,146690,146690,RUR,between3And6,fullDay,full,Санкт-Петербург,Федеральное государственное бюджетное Образовательное учреждение Высшего Образования Санкт-Петербургский Горный Университет Императрицы Екатерины II,"Учитель, преподаватель, педагог",,2026-01-13T15:13:04+0300,https://hh.ru/vacancy/127378979,информатика и вычислительная техника
130189874,Главный специалист-эксперт отдела аналитического сопровождения и информ.-технического обеспечения,58000,82000,RUR,noExperience,fullDay,full,Мурманск,БАЛТИЙСКО-АРКТИЧЕСКОЕ МЕЖРЕГИОНАЛЬНОЕ УПРАВЛЕНИЕ РОСПРИРОДНАДЗОРА,Другое,"Деловая переписка,Делопроизводство,Государственные структуры,Консультант плюс",2026-02-05T08:08:43+0300,https://hh.ru/vacancy/130189874,информатика и вычислительная техника
130161672,Программист в Региональный центр обработки информации и оценки качества образования,,,,noExperience,fullDay,full,Екатеринбург,ГАОУ ДПО СО Институт развития образования,"Программист, разработчик",,2026-02-04T12:10:06+0300,https://hh.ru/vacancy/130161672,информатика и вычислительная техника
130270551,Системный администратор,35000,50000,RUR,noExperience,fullDay,full,Барнаул,Алтайкрайстат,Специалист технической поддержки,,2026-02-09T09:33:55+0300,https://hh.ru/vacancy/130270551,информатика и вычислительная техника
129519179,"Ведущий инженер (сектор производства вычислительной техники), г. Фрязино",,,,between3And6,fullDay,full,Мытищи (Московская область),НПП Исток им. Шокина,Системный инженер,Техническая поддержка,2026-01-16T13:21:44+0300,https://hh.ru/vacancy/129519179,информатика и вычислительная техника
128091896,Ведущий системный администратор,121000,121000,RUR,between1And3,fullDay,full,Волгоград,ИВЦ ЖКХ и ТЭК,DevOps-инженер,,2026-02-09T09:20:33+0300,https://hh.ru/vacancy/128091896,информатика и вычислительная техника
130288062,Ведущий инженер,90000,,RUR,between1And3,fullDay,full,Самара,Центральный банк Российской Федерации (Банк России),Специалист по информационной безопасности,,2026-02-09T14:30:05+0300,https://hh.ru/vacancy/130288062,информатика и вычислительная техника
126119943,Начальник отдела экспертизы Службы аналитики и противодействия мошенничеству,,,,between3And6,fullDay,full,Москва,Банк ВТБ (ПАО),Руководитель отдела аналитики,"антифрод,Противодействие мошенничеству,внедрение системы антифрод",2026-02-03T10:23:48+0300,https://hh.ru/vacancy/126119943,информатика и вычислительная техника
130123868,Инженер отдела защиты информации,56000,101000,RUR,between1And3,fullDay,full,Ярославль,Российские железные дороги,Специалист по информационной безопасности,,2026-02-09T12:07:11+0300,https://hh.ru/vacancy/130123868,информатика и вычислительная техника
130295795,Инженер по внедрению автоматизированных систем (бизнес-аналитик 1С),110000,150000,RUR,between3And6,fullDay,full,Таганрог,ТАНТК им.Г.М. Бериева,"Программист, разработчик",,2026-02-09T16:59:23+0300,https://hh.ru/vacancy/130295795,информатика и вычислительная техника
130034003,Старший программист (телекоммуникационное оборудование),,,,between1And3,fullDay,full,Москва,НПП Исток им. Шокина,"Программист, разработчик","TCP/IP,C/C++,Linux",2026-01-30T10:20:05+0300,https://hh.ru/vacancy/130034003,информатика и вычислительная техника
129671365,Начинающий специалист (аудитор внутренних систем безопасности и охраны объектов Банка),,,,between1And3,fullDay,full,Москва,Центральный банк Российской Федерации (Банк России),Аудитор,,2026-02-03T09:18:57+0300,https://hh.ru/vacancy/129671365,информатика и вычислительная техника
127446591,Системный администратор,65800,,RUR,between3And6,fullDay,full,Клин (Московская область),Московская областная энергосетевая компания (Мособлэнерго),Системный администратор,,2026-02-09T16:24:54+0300,https://hh.ru/vacancy/127446591,информатика и вычислительная техника
130120985,Инженер-программист 1 категории (Отдел управления сетевыми и сервисными ресурсами),,,,between3And6,fullDay,full,Королев (Московская область),Ракетно-космическая корпорация Энергия,"Программист, разработчик","Разработка технических заданий,SQL,MS SQL,Linux,Docker,PostgreSQL,Kubernetes,Atlassian Jira,Техническая документация,Базы данных",2026-02-03T11:20:35+0300,https://hh.ru/vacancy/130120985,информатика и вычислительная техника
130147998,Посудомойщик / Посудомойщица,25000,,RUR,noExperience,fullDay,full,Уфа,"ГБПОУ Уфимский Колледж Статистики, Информатики и Вычислительной Техники",Другое,,2026-02-04T07:58:00+0300,https://hh.ru/vacancy/130147998,информатика и вычислительная техника
129750548,Старший программист 1С,,,,between1And3,fullDay,full,Королев (Московская область),Ракетно-космическая корпорация Энергия,"Программист, разработчик","Разработка проектной документации,1С программирование,ERP-системы на базе 1С,Базы данных,1С,1С: Зарплата и кадры,Создание конфигурации 1С,Работа с большим объемом информации,Работа с базами данных,1С: Управление Производственным Предприятием,Разработка технических заданий",2026-02-09T11:56:30+0300,https://hh.ru/vacancy/129750548,информатика и вычислительная техника
130138677,Руководитель группы технической поддержки,180000,,RUR,moreThan6,fullDay,full,Санкт-Петербург,Машиностроительный завод Арсенал,Системный администратор,"Информационные технологии,ITIL,Управление командой,Техническая поддержка",2026-02-09T09:39:51+0300,https://hh.ru/vacancy/130138677,информатика и вычислительная техника
129426192,Разработчик (С/С++),,,,between3And6,fullDay,full,Москва,Фастэко,"Программист, разработчик","Python,C/C++,CMake,CLI,Shell Scripting,Git,Linux,CI/CD,эльбрус,baikal,Gitlab,linux drivers,x86,ARM,MIPS",2026-02-09T14:28:56+0300,https://hh.ru/vacancy/129426192,информатика и вычислительная техника
129904832,Технический писатель (отдел ПО),150000,,RUR,between3And6,fullDay,full,Москва,"Технические системы-сервис, качество и надежность",Технический писатель,"Linux,Astra Linux,МСВС,Администрирование Astra Linux,Администрирование Windows,RS-232,Аппаратное обеспечение,Тестирование",2026-02-08T09:55:46+0300,https://hh.ru/vacancy/129904832,информатика и вычислительная техника
129264814,Программист 1C,,,,between1And3,fullDay,full,Белгород,Лимкорм Групп,"Программист, разработчик","Информационные технологии,Обучение персонала,Тестирование,Автоматизация технологических процессов,Автоматизация",2026-02-09T09:27:18+0300,https://hh.ru/vacancy/129264814,информатика и вычислительная техника
130121499,Инженер-электроник I категории (Отдел программно-технической поддержки пользователей),130000,,RUR,between1And3,fullDay,full,Королев (Московская область),Ракетно-космическая корпорация Энергия,"Программист, разработчик","Разработка технических заданий,SQL,MS SQL,Linux,Docker,PostgreSQL,Kubernetes,Atlassian Jira,Техническая документация,Базы данных,Средства криптографической защиты информации,Информационная безопасность,Криптография",2026-02-09T11:29:04+0300,https://hh.ru/vacancy/130121499,информатика и вычислительная техника
128457511,"Ведущий инженер сектора по разработке специального ПО, тестового ПО и комплексов моделирования",250000,,RUR,between3And6,fullDay,full,Москва,"Моринформсистема-Агат, Концерн","Программист, разработчик",,2026-02-02T09:43:32+0300,https://hh.ru/vacancy/128457511,информатика и вычислительная техника
129750476,Инженер-программист 1 категории (Отдел разработки автоматизированных систем),130000,,RUR,between1And3,fullDay,full,Королев (Московская область),Ракетно-космическая корпорация Энергия,"Программист, разработчик","Разработка технических заданий,SQL,MS SQL,Linux,Docker,PostgreSQL,Kubernetes,Atlassian Jira,Техническая документация,Базы данных",2026-02-09T11:55:06+0300,https://hh.ru/vacancy/129750476,информатика и вычислительная техника
130287377,Старший системный аналитик (middle/senior),,,,between1And3,fullDay,full,Санкт-Петербург,Газпром информ,Системный аналитик,,2026-02-09T14:16:40+0300,https://hh.ru/vacancy/130287377,информатика и вычислительная техника
129945849,Доцент кафедры,83000,,RUR,between3And6,fullDay,full,Москва,Moscow Institute of Technology and Management,"Учитель, преподаватель, педагог","Дистанционное обучение,Обучение и развитие,Проведение презентаций,Подготовка презентаций,Грамотная речь,Публичные выступления,Проведение вебинаров",2026-02-09T09:47:03+0300,https://hh.ru/vacancy/129945849,информатика и вычислительная техника
130051441,Консультант - аналитик 1С: ЗУП (Поддержка и развитие),,,,between3And6,fullDay,full,Москва,Транснефть-Технологии,Аналитик,"1С: Профессионал,1С: Специалист,1С: Специалист-консультант,ERP-системы на базе 1С,Консультирование пользователей,Конфигурационное тестирование,Моделирование бизнес-процессов,Тестирование баз данных,Документирование бизнес-требований,Описание бизнес-процессов,Анализ бизнес-процессов,Системный анализ,Разработка технических заданий,Автоматизация бизнес-процессов,Бухгалтерский учет,регламентированный учет,1С: Бухгалтерия,1С: Зарплата и управление персоналом",2026-01-30T16:02:47+0300,https://hh.ru/vacancy/130051441,информатика и вычислительная техника
130025552,Инженер по контрольно-измерительным приборам и автоматике 2 категории,115251,179455,RUR,between1And3,fullDay,full,Новосибирск,Транснефть - Западная Сибирь,Инженер ПНР,,2026-01-30T05:56:50+0300,https://hh.ru/vacancy/130025552,информатика и вычислительная техника
129968350,Главный специалист автоматизированных технологических систем и связи,145000,145000,RUR,between1And3,fullDay,full,Красноярск,Россети Сибирь,"Инженер-энергетик, инженер-электрик",,2026-01-28T15:43:23+0300,https://hh.ru/vacancy/129968350,информатика и вычислительная техника
130219416,Руководитель группы по информационной безопасности,,,,between3And6,fullDay,full,Москва,РН-Лояльность,Специалист по информационной безопасности,,2026-02-08T17:05:35+0300,https://hh.ru/vacancy/130219416,информатика и вычислительная техника
130259260,Ведущий специалист (по защите информации),,,,between1And3,fullDay,full,Нижнекамск,АО ТАНЕКО,Специалист по информационной безопасности,,2026-02-08T08:46:36+0300,https://hh.ru/vacancy/130259260,информатика и вычислительная техника
129444016,Главный специалист службы развития и эксплуатации централизованных систем,100000,110000,RUR,between1And3,fullDay,full,Красноярск,Россети Сибирь,Системный администратор,,2026-01-28T11:24:00+0300,https://hh.ru/vacancy/129444016,информатика и вычислительная техника
129475373,"Старший преподаватель / Доцент по дисциплине ""DevOps и Kubernetes""",,,,between3And6,fullDay,part,Москва,ФГАОУ ВО Российский университет транспорта (МИИТ),"Учитель, преподаватель, педагог","Организация учебного процесса,Информационные технологии",2026-01-28T12:26:10+0300,https://hh.ru/vacancy/129475373,информатика и вычислительная техника
129475409,Администратор отдела управления услугами,,85000,RUR,between1And3,fullDay,full,Санкт-Петербург,Вавилон,Другое,"Деловая переписка,Работа с большим объемом информации,Организаторские навыки,Деловое общение,Документооборот",2026-02-07T14:19:19+0300,https://hh.ru/vacancy/129475409,информатика и вычислительная техника
129460806,"Project manager в IT (менеджер проектов) в IT, Сочи",,72000,RUR,between1And3,flexible,part,Сочи,Компьютерная академия TOP (Компьютерная Академия ТОП),"Программист, разработчик","Project management,Управленческие навыки,Scrum,Agile,Kanban,Базы данных,Функциональное тестирование,Интеграционное тестирование,API,Управление проектами,Python,C#,DevOps,UML",2026-02-08T11:21:08+0300,https://hh.ru/vacancy/129460806,информатика и вычислительная техника
129525641,"Начальник отдела развития интеллектуальных транспортных систем, автоматизированных систем управления",65000,75000,RUR,noExperience,fullDay,full,Ижевск,Министерство транспорта и дорожного хозяйства Удмуртской Республики,Системный администратор,,2026-02-06T10:31:31+0300,https://hh.ru/vacancy/129525641,информатика и вычислительная техника
129671389,Ведущий специалист отдела эксплуатации инфраструктуры и телекоммуникаций,,,,between3And6,fullDay,full,Санкт-Петербург,Россети Северо-Запад,Другое,,2026-01-20T17:36:17+0300,https://hh.ru/vacancy/129671389,информатика и вычислительная техника
128638386,Директор/эксперт отдела настройки правил Антифрод,,,,between3And6,fullDay,full,Москва,Банк ВТБ (ПАО),Другое,,2026-02-06T17:09:29+0300,https://hh.ru/vacancy/128638386,информатика и вычислительная техника
129478127,Референт управления материально-технического обеспечения и информатизации,40000,55000,RUR,noExperience,fullDay,full,Курск,Кадровый центр города Курска,Другое,,2026-01-15T15:25:46+0300,https://hh.ru/vacancy/129478127,информатика и вычислительная техника
127538683,Главный специалист отдела спецпроектов и импортозамещения,35000,45000,RUR,noExperience,fullDay,full,Челябинск,Областное государственное бюджетное учреждение Челябинский региональный центр навигационно-информационных технологий,Другое,,2026-01-19T11:55:37+0300,https://hh.ru/vacancy/127538683,информатика и вычислительная техника
128063837,Инженер машинного зрения (Senior computer vision),277000,,RUR,between1And3,fullDay,full,Санкт-Петербург,"Алабуга, ОЭЗ ППТ","Программист, разработчик","Computer Vision,C++,Python,OpenCV",2026-02-07T19:14:16+0300,https://hh.ru/vacancy/128063837,информатика и вычислительная техника
127947666,Руководитель направления Службы методологии и отчетности Управления противодействия мошенничества,,,,between3And6,fullDay,full,Москва,Банк ВТБ (ПАО),Методолог,,2026-01-22T19:59:39+0300,https://hh.ru/vacancy/127947666,информатика и вычислительная техника
129624255,Ведущий специалист по системам автоматизации и диспетчеризации,,,,between1And3,fullDay,full,Березники,Горнорудная компания,Инженер по эксплуатации,"Информационные технологии,АСУ ТП,Автоматизация технологических процессов,Оптимизация бизнес-процессов",2026-01-21T13:03:57+0300,https://hh.ru/vacancy/129624255,информатика и вычислительная техника
125119939,Заместитель руководителя службы аналитики и противодействия мошенничеству,,,,moreThan6,fullDay,full,Москва,Банк ВТБ (ПАО),Другое,"антифрод,Противодействие мошенничеству,транзакционный антифрод",2026-01-19T16:02:27+0300,https://hh.ru/vacancy/125119939,информатика и вычислительная техника
129872067,Судебный пристав по обеспечению установленного порядка деятельности судов,75000,90000,RUR,noExperience,fullDay,full,Санкт-Петербург,Правобережный отдел судебных приставов Невского района г. Санкт-Петербурга ГУФССП России по г. Санкт-Петербургу,Военнослужащий,"Деловое общение,Мобильность,Умение работать в команде,Умение работать в коллективе,Охрана объекта,Безопасность,Внешняя безопасность,Имущественная безопасность,Судебный пристав,Навыки межличностного общения",2026-02-07T17:50:52+0300,https://hh.ru/vacancy/129872067,информатика и вычислительная техника
128582772,Начальник сектора (системного и архитектурного инжиниринга),,,,moreThan6,fullDay,full,Фрязино (Московская область),НПП Исток им. Шокина,Системный администратор,,2026-01-18T16:07:15+0300,https://hh.ru/vacancy/128582772,информатика и вычислительная техника
129735611,"Специалист по эксплуатации систем управления и телеметрии ( СК ""Ангара"" )",70000,,RUR,noExperience,fullDay,full,Свободный (Амурская область),АКЦИОНЕРНОЕ ОБЩЕСТВО ЦЕНТР ЭКСПЛУАТАЦИИ ОБЪЕКТОВ НАЗЕМНОЙ КОСМИЧЕСКОЙ ИНФРАСТРУКТУРЫ,Системный администратор,"Информационные технологии,Инженерные системы,Сбор и анализ информации,Техническая документация,Техническая эксплуатация",2026-01-22T08:01:48+0300,https://hh.ru/vacancy/129735611,информатика и вычислительная техника
129735612,"Специалист по эксплуатации систем управления и телеметрии ( СК ""Ангара"" )",70000,,RUR,noExperience,fullDay,full,Благовещенск (Амурская область),АКЦИОНЕРНОЕ ОБЩЕСТВО ЦЕНТР ЭКСПЛУАТАЦИИ ОБЪЕКТОВ НАЗЕМНОЙ КОСМИЧЕСКОЙ ИНФРАСТРУКТУРЫ,Системный администратор,"Информационные технологии,Инженерные системы,Сбор и анализ информации,Техническая документация,Техническая эксплуатация",2026-01-22T08:01:48+0300,https://hh.ru/vacancy/129735612,информатика и вычислительная техника
129735613,"Специалист по эксплуатации систем управления и телеметрии ( СК ""Ангара"" )",70000,,RUR,noExperience,fullDay,full,Улан-Удэ,АКЦИОНЕРНОЕ ОБЩЕСТВО ЦЕНТР ЭКСПЛУАТАЦИИ ОБЪЕКТОВ НАЗЕМНОЙ КОСМИЧЕСКОЙ ИНФРАСТРУКТУРЫ,Системный администратор,"Информационные технологии,Инженерные системы,Сбор и анализ информации,Техническая документация,Техническая эксплуатация",2026-01-22T08:01:48+0300,https://hh.ru/vacancy/129735613,информатика и вычислительная техника
129510865,Консультант отдела инвестиций и региональных проектов,47000,91000,RUR,noExperience,fullDay,full,Благовещенск (Амурская область),Правительство Амурской области,Другое,,2026-01-16T11:15:42+0300,https://hh.ru/vacancy/129510865,информатика и вычислительная техника
130224248,Ведущий специалист-эксперт (эксплуатация СКЗИ),65000,80000,RUR,noExperience,fullDay,full,Хабаровск,Управление Росрезерва по ДФО,Специалист по информационной безопасности,,2026-02-06T06:21:15+0300,https://hh.ru/vacancy/130224248,информатика и вычислительная техника
129318805,Программист 1С (Поддержка и развитие),,,,between3And6,fullDay,full,Москва,Транснефть-Технологии,"Программист, разработчик","1С: Профессионал,1С: Специалист,1С: Специалист-консультант,ERP-системы на базе 1С,Консультирование пользователей,Конфигурационное тестирование,Моделирование бизнес-процессов,Тестирование баз данных,Документирование бизнес-требований,Описание бизнес-процессов,Анализ бизнес-процессов,Системный анализ,Разработка технических заданий,Автоматизация бизнес-процессов,Бухгалтерский учет,регламентированный учет,1С: Бухгалтерия,1С: Зарплата и управление персоналом",2026-01-12T17:58:31+0300,https://hh.ru/vacancy/129318805,информатика и вычислительная техника
126229523,"Специалист-эксперт отдела статистики труда, образования, науки и инноваций",38148,,RUR,noExperience,fullDay,full,Архангельск,Архангельскстат,Экономист,,2026-01-15T10:36:15+0300,https://hh.ru/vacancy/126229523,информатика и вычислительная техника
129455781,Специалист отдела по технической поддержке и эксплуатации информационных систем,80000,80000,RUR,between1And3,shift,full,Белгород,Ривьера,Специалист технической поддержки,,2026-01-15T10:18:54+0300,https://hh.ru/vacancy/129455781,информатика и вычислительная техника
129269830,Специалист отдела организационно-технической и криптографической защиты информации,30000,55000,RUR,between1And3,fullDay,full,Челябинск,Отделение Фонда пенсионного и социального страхования Российской Федерации по Челябинской области,Специалист по информационной безопасности,,2026-01-12T09:50:11+0300,https://hh.ru/vacancy/129269830,информатика и вычислительная техника
130110081,Начальник управления систем электронного правительства,127000,153000,RUR,noExperience,fullDay,full,Хабаровск,"КГКУ ОСЭП Хабаровского края, МФЦ",Специалист по информационной безопасности,,2026-02-03T08:00:29+0300,https://hh.ru/vacancy/130110081,информатика и вычислительная техника
130190234,Специалист IT (по защите информации),60000,70000,RUR,noExperience,fullDay,full,Санкт-Петербург,Управление Федеральной службы государственной статистики по г. Санкт-Петербургу и Ленинградской области (Петростат),Специалист по информационной безопасности,,2026-02-05T08:22:30+0300,https://hh.ru/vacancy/130190234,информатика и вычислительная техника
127844572,Директор/эксперт отдела экспертизы Антифрод,,,,between1And3,fullDay,full,Москва,Банк ВТБ (ПАО),Другое,"антифрод,Противодействие мошенничеству",2026-02-03T10:23:48+0300,https://hh.ru/vacancy/127844572,информатика и вычислительная техника
129398229,Начальник отдела технической защиты,,,,between3And6,fullDay,full,Москва,МОСОБЛБАНК,Специалист по информационной безопасности,,2026-02-06T16:57:05+0300,https://hh.ru/vacancy/129398229,информатика и вычислительная техника
130232058,Инженер-программист по АСУ ТП,,,,between1And3,flyInFlyOut,full,Омск,Полюс,"Программист, разработчик",,2026-02-06T10:17:55+0300,https://hh.ru/vacancy/130232058,информатика и вычислительная техника
130234815,Системный инженер (разработчик функций управления),,,,between1And3,fullDay,full,Санкт-Петербург,"ТрансМашХолдинг, Группа компаний",Системный инженер,"MATLAB,ANSYS,Simulink,Eclipse IDE,SVN,C/C++,Pascal,Python,Моделирование",2026-02-06T11:12:30+0300,https://hh.ru/vacancy/130234815,информатика и вычислительная техника
130121371,Системный администратор (инженер),40000,,RUR,between1And3,fullDay,full,Рязань,ГКУ РО Центр социальных выплат Рязанской области,Системный инженер,"Настройка ПК,Настройка ПО,Настройка сетевых подключений,Ремонт ПК,Windows 7,Linux,Администрирование серверов,Администрирование серверов Linux,Работа с оргтехникой,Администрирование сайтов,Контроль доступа,Администрирование сетевого оборудования,Информационные технологии,Закупка товаров и услуг,Офисная техника,Администрирование серверов Windows,Обеспечение антивирусной защиты,Техническая поддержка пользователей,Kaspersky Labs,Организация рабочих мест,Astra Linux",2026-02-03T11:27:06+0300,https://hh.ru/vacancy/130121371,информатика и вычислительная техника
130166987,Инженер по автоматизированным системам управления производством,,96000,RUR,between1And3,shift,full,Новотроицк (Оренбургская область),АККЕРМАНН ЦЕМЕНТ,Другое,,2026-02-04T14:01:07+0300,https://hh.ru/vacancy/130166987,информатика и вычислительная техника
129392210,Преподаватель истории,,,,noExperience,flexible,full,Уфа,"ГБПОУ Уфимский Колледж Статистики, Информатики и Вычислительной Техники","Учитель, преподаватель, педагог","Групповое обучение,Организация учебного процесса,Обучение и развитие,Деловое общение,Умение работать в коллективе,Деловая коммуникация",2026-01-14T07:57:15+0300,https://hh.ru/vacancy/129392210,информатика и вычислительная техника
129424038,Социальный педагог,,,,between1And3,fullDay,full,Уфа,"ГБПОУ Уфимский Колледж Статистики, Информатики и Вычислительной Техники","Учитель, преподаватель, педагог","Детская психология,Общая психология,Грамотная речь,Умение работать в коллективе,Деловое общение",2026-01-14T14:33:18+0300,https://hh.ru/vacancy/129424038,информатика и вычислительная техника
129391834,Воспитатель общежития,,,,between1And3,fullDay,full,Уфа,"ГБПОУ Уфимский Колледж Статистики, Информатики и Вычислительной Техники","Воспитатель, няня","Организаторские навыки,Деловая коммуникация,Общая психология,Психология Личности,Руководство коллективом,Детская психология,Грамотная речь",2026-01-14T07:46:19+0300,https://hh.ru/vacancy/129391834,информатика и вычислительная техника
130244679,Эксперт (оценка городов с ВНТП),,,,between1And3,fullDay,full,Москва,Президентская Академия. Кадровый центр,"Научный специалист, исследователь",,2026-02-06T14:48:07+0300,https://hh.ru/vacancy/130244679,информатика и вычислительная техника
130244695,Аналитик (оценка городов с ВНТП),,,,between1And3,fullDay,full,Москва,Президентская Академия. Кадровый центр,"Научный специалист, исследователь",,2026-02-06T14:48:37+0300,https://hh.ru/vacancy/130244695,информатика и вычислительная техника
130157318,Технический эксперт (Автотехническая экспертиза),70000,,RUR,between1And3,fullDay,full,Калининград,ФБУ Калининградская ЛСЭ Минюста России,"Автослесарь, автомеханик","- стремление к новым знаниям, настойчивость в обучении - наличие не только теоретических, но и практ",2026-02-04T11:00:00+0300,https://hh.ru/vacancy/130157318,информатика и вычислительная техника
130118895,Специалист технической поддержки,80000,,RUR,between3And6,remote,full,Екатеринбург,Кадровые технологии,Специалист технической поддержки,,2026-02-03T10:49:16+0300,https://hh.ru/vacancy/130118895,информатика и вычислительная техника
130201835,Ведущий специалист центра защиты информации,130000,160000,RUR,between1And3,fullDay,full,Москва,"Русские базовые информационные технологии, Научно-производственное объединение",Специалист по информационной безопасности,Технические средства информационной защиты,2026-02-05T12:11:48+0300,https://hh.ru/vacancy/130201835,информатика и вычислительная техника
127110046,Специалист внедрения автоматизированных систем,150000,170000,RUR,between3And6,fullDay,full,Москва,"Русские базовые информационные технологии, Научно-производственное объединение",Системный администратор,,2026-02-03T09:41:15+0300,https://hh.ru/vacancy/127110046,информатика и вычислительная техника
130119118,Главный специалист (55),53800,53800,RUR,noExperience,fullDay,full,Москва,ФГБУ Федеральный институт промышленной собственности,Другое,"Деловая коммуникация,Грамотная устная речь,Документальное сопровождение",2026-02-03T10:53:14+0300,https://hh.ru/vacancy/130119118,информатика и вычислительная техника
130067543,Инженер - системотехник,,,,between1And3,flyInFlyOut,full,Якутск,Полиметалл,Системный администратор,,2026-02-02T05:13:42+0300,https://hh.ru/vacancy/130067543,информатика и вычислительная техника
130042267,Главный специалист - эксперт,45000,50000,RUR,noExperience,fullDay,full,Уфа,"Управление Федеральной службы по надзору в сфере связи, информационных технологий и массовых коммуникаций по Республике Башкортостан",Другое,,2026-01-30T12:56:00+0300,https://hh.ru/vacancy/130042267,информатика и вычислительная техника
130048779,Инженер-программист,58000,,RUR,between1And3,fullDay,full,Нижневартовск,Нижневартовский филиал ООО РН-Проектирование Добыча,"Программист, разработчик",,2026-01-30T15:10:41+0300,https://hh.ru/vacancy/130048779,информатика и вычислительная техника
128066859,Главный специалист управление надежности (Отдел сопровождения процессов),,,,between1And3,fullDay,full,Новокузнецк,ЕВРАЗ,"Начальник смены, мастер участка",,2026-01-29T05:24:23+0300,https://hh.ru/vacancy/128066859,информатика и вычислительная техника
130096482,Администратор корпоративной IT-инфраструктуры,,,,between3And6,fullDay,full,Москва,Гео Техно Сот,Системный администратор,"Администрирование ОС,PowerShell,Zabbix,Linux,ИТ-инфраструктура,Администрирование сетевого оборудования",2026-02-02T15:28:47+0300,https://hh.ru/vacancy/130096482,информатика и вычислительная техника
130028748,Начальник отдела автоматизации бюджетного процесса,58000,,RUR,between3And6,fullDay,full,Астрахань,ГКУ АО Центр по исполнению смет доходов и расходов исполнительных органов государственной власти Астраханской области,Руководитель группы разработки,,2026-01-30T08:35:23+0300,https://hh.ru/vacancy/130028748,информатика и вычислительная техника
127087611,Инженер-наладчик верхнего уровня АСУТП (СКАДА - системы),,190000,RUR,between1And3,fullDay,full,Челябинск,Приводная техника,Инженер ПНР,,2026-01-20T07:01:16+0300,https://hh.ru/vacancy/127087611,информатика и вычислительная техника
129863522,Консультант отдела защиты информации,47000,79000,RUR,between1And3,fullDay,full,Чита,"Министерство Жилищно-Коммунального Хозяйства, Энергетики, Цифровизации и Связи Забайкальского Края",Специалист по информационной безопасности,,2026-01-29T05:51:18+0300,https://hh.ru/vacancy/129863522,информатика и вычислительная техника
129720859,Ведущий системный администратор,,94900,RUR,between3And6,fullDay,full,Ярославль,Территориальная Генерирующая компания-2,Системный администратор,,2026-02-02T11:22:15+0300,https://hh.ru/vacancy/129720859,информатика и вычислительная техника
129582489,Специалист технической поддержки,79900,88300,RUR,between1And3,fullDay,full,Нижний Новгород,ТНС энерго Нижний Новгород,Специалист технической поддержки,,2026-02-04T11:15:06+0300,https://hh.ru/vacancy/129582489,информатика и вычислительная техника
127110668,Ведущий инженер-разработчик,200000,230000,RUR,between3And6,fullDay,full,Москва,"Русские базовые информационные технологии, Научно-производственное объединение","Программист, разработчик",,2026-02-03T09:41:24+0300,https://hh.ru/vacancy/127110668,информатика и вычислительная техника
130050089,Технический писатель,,,,between1And3,fullDay,part,Санкт-Петербург,"ТИТАН-2, холдинг",Технический писатель,,2026-01-30T15:38:14+0300,https://hh.ru/vacancy/130050089,информатика и вычислительная техника
129953669,Ведущий инженер-программист,60000,100000,RUR,between1And3,fullDay,full,Омск,Омский НИИ Приборостроения,"Программист, разработчик",,2026-01-28T11:39:47+0300,https://hh.ru/vacancy/129953669,информатика и вычислительная техника
130116543,Инженер-программист по АСУ ТП,,,,between1And3,flyInFlyOut,full,Нижнекамск,Полюс,"Программист, разработчик","Автоматизация технологических процессов,АСУ ТП",2026-02-03T10:09:10+0300,https://hh.ru/vacancy/130116543,информатика и вычислительная техника
130116457,Инженер-программист по АСУТП,,,,between1And3,flyInFlyOut,full,Новосибирск,Полюс,"Программист, разработчик","Автоматизация технологических процессов,АСУ ТП",2026-02-03T10:07:24+0300,https://hh.ru/vacancy/130116457,информатика и вычислительная техника
124160204,Инженер-испытатель (проведение испытаний электронных средств),87000,100050,RUR,between1And3,fullDay,full,Москва,Машиностроительное конструкторское бюро Факел имени академика П.Д.Грушина,Метролог,,2026-02-02T16:54:04+0300,https://hh.ru/vacancy/124160204,информатика и вычислительная техника
124160205,Инженер-испытатель (проведение испытаний электронных средств),87000,100050,RUR,between1And3,fullDay,full,Химки (Московская область),Машиностроительное конструкторское бюро Факел имени академика П.Д.Грушина,Метролог,,2026-02-02T16:54:04+0300,https://hh.ru/vacancy/124160205,информатика и вычислительная техника
126804059,Менеджер по поддержке телеком-продукта,58000,,RUR,between1And3,fullDay,full,Саратов,МТС,Менеджер продукта,"MS Excel,Деловая коммуникация,Документирование бизнес-требований,Стратегический анализ внешней среды,Визуализация данных,Разработка бизнес-модели",2026-02-03T11:13:35+0300,https://hh.ru/vacancy/126804059,информатика и вычислительная техника
128483413,Ведущий инженер отдела автоматизации,67000,,RUR,between3And6,fullDay,full,Петрозаводск,ТГК-1,"Инженер-энергетик, инженер-электрик",,2026-01-29T12:02:13+0300,https://hh.ru/vacancy/128483413,информатика и вычислительная техника
124855890,Начальник аналитического отдела,50000,,RUR,between1And3,fullDay,full,Владимир,ГБУ ВО Центр Государственной Кадастровой Оценки Владимирской Области,Аналитик,"Статистический анализ,Пользователь ПК,Аналитические исследования,Деловая коммуникация,Правовые системы,Работа с базами данных,Умение расставлять приоритеты,Анализ данных,Сбор и анализ информации,Умение работать в коллективе",2026-02-02T10:13:39+0300,https://hh.ru/vacancy/124855890,информатика и вычислительная техника
130096756,Зам. начальника отдела по информатизации,,80000,RUR,noExperience,fullDay,full,Чебоксары,Управление Судебного департамента в Чувашской Республике,Системный администратор,"Деловая переписка,Работа с документами,Работа с большим объемом информации,Государственные закупки,Управленческие навыки",2026-02-02T15:34:29+0300,https://hh.ru/vacancy/130096756,информатика и вычислительная техника
129866655,Преподаватель кафедры информационных технологий,60000,,RUR,noExperience,fullDay,full,Северск (Томская область),ОГБПОУ Образовательное учреждение Северский Промышленный Колледж,"Учитель, преподаватель, педагог",Организация учебного процесса,2026-01-26T12:04:59+0300,https://hh.ru/vacancy/129866655,информатика и вычислительная техника
129751132,Программист централизованной бухгалтерии комитета по культуре города,40000,50000,RUR,noExperience,fullDay,full,Барнаул,Администрация Города Барнаула Алтайского Края,"Программист, разработчик",,2026-01-22T12:04:12+0300,https://hh.ru/vacancy/129751132,информатика и вычислительная техника
130035595,Инженер-электроник (техподдержка пользователей),53000,92000,RUR,between1And3,fullDay,full,Екатеринбург,Уральский электромеханический завод,Специалист технической поддержки,"Техническое обслуживание,Настройка ПК,Работа с оргтехникой,Настройка ПО,Монтаж оборудования",2026-01-30T10:46:39+0300,https://hh.ru/vacancy/130035595,информатика и вычислительная техника
129964879,Специалист отдела информатизации (системный администратор),30000,45000,RUR,noExperience,fullDay,full,Пермь,Арбитражный суд Пермского края,Системный администратор,"Active Directory,Администрирование серверов Windows,Настройка DNS,TCP/IP,Администрирование сетевого оборудования",2026-01-28T14:43:55+0300,https://hh.ru/vacancy/129964879,информатика и вычислительная техника
129885196,Системный администратор,,,,between3And6,flexible,full,Саратов,Комбинат детского питания,Системный администратор,"Администрирование сетевого оборудования,Настройка сетевых подключений",2026-01-26T16:10:06+0300,https://hh.ru/vacancy/129885196,информатика и вычислительная техника
130006311,Программист 1С,,,,between3And6,fullDay,full,Пермь,Мотовилихинские заводы,"Программист, разработчик",,2026-01-29T14:27:27+0300,https://hh.ru/vacancy/130006311,информатика и вычислительная техника
128813007,Инженер данных (Junior),87500,,RUR,noExperience,fullDay,full,Владивосток,DNS Технологии,Дата-сайентист,"Python,SQL,PostgreSQL,Clickhouse,Apache Airflow,Greenplum",2026-01-30T11:53:23+0300,https://hh.ru/vacancy/128813007,информатика и вычислительная техника
130056894,Руководитель направления развития отраслевых информационных систем в сфере госуправления,174000,232000,RUR,between3And6,fullDay,full,Тверь,АНО Центр развития компетенций,Системный администратор,"Организаторские навыки,Планирование,Информационная безопасность,Информационные технологии,Руководство коллективом,Управленческие навыки",2026-01-30T17:56:45+0300,https://hh.ru/vacancy/130056894,информатика и вычислительная техника
129984015,Ведущий программист,,80000,RUR,between1And3,remote,full,Омск,Группа «Интер РАО»,"Программист, разработчик","SQL,PHP,JavaScript,Python,C#,C++,MySQL,Linux,REST API",2026-01-29T08:04:41+0300,https://hh.ru/vacancy/129984015,информатика и вычислительная техника
130020501,Data Engineer,,,,between1And3,remote,full,Москва,Альфа-Банк,Дата-сайентист,,2026-01-29T18:16:46+0300,https://hh.ru/vacancy/130020501,информатика и вычислительная техника
129929363,Инженер (сектор освоения разработок),,,,noExperience,fullDay,full,Фрязино (Московская область),НПП Исток им. Шокина,"Инженер-конструктор, инженер-проектировщик","Техническая документация,Чтение чертежей",2026-01-27T16:35:37+0300,https://hh.ru/vacancy/129929363,информатика и вычислительная техника
128793673,Инженер по верификации,,92400,RUR,noExperience,fullDay,full,Курск,Авиаавтоматика им. В. В. Тарасова,Другое,,2026-01-26T08:43:39+0300,https://hh.ru/vacancy/128793673,информатика и вычислительная техника
130039806,"Преподаватель дисциплины ""Глубинное обучение: введение"" в Университет",,,,between3And6,remote,part,Москва,Колледж информационных технологий международного уровня IThub,"Программист, разработчик","Организаторские навыки,Обучение и развитие,Работа с большим объемом информации,Организация учебного процесса,Умение работать в коллективе,Грамотная речь,Деловое общение,Точность и внимательность к деталям,Python,Машинное обучение",2026-01-30T12:03:34+0300,https://hh.ru/vacancy/130039806,информатика и вычислительная техника
129592526,Ведущий специалист сектора контроля исполнения контрактов,75000,,RUR,noExperience,fullDay,full,Санкт-Петербург,СПб ГКУ Управление информационных технологий и связи,Специалист технической поддержки,,2026-01-19T12:44:18+0300,https://hh.ru/vacancy/129592526,информатика и вычислительная техника
129937716,Бизнес-аналитик/консультант по сопровождению ERP-систем,,,,between1And3,fullDay,full,Новокузнецк,Финансовые технологии,Специалист технической поддержки,,2026-01-28T04:58:04+0300,https://hh.ru/vacancy/129937716,информатика и вычислительная техника
128793501,Ведущий инженер по верификации,,112640,RUR,between3And6,fullDay,full,Курск,Авиаавтоматика им. В. В. Тарасова,"Инженер-электроник, инженер-электронщик",,2026-01-26T08:43:52+0300,https://hh.ru/vacancy/128793501,информатика и вычислительная техника
129927680,Экономист/статистик (специалист),45000,60000,RUR,noExperience,fullDay,full,Санкт-Петербург,Управление Федеральной службы государственной статистики по г. Санкт-Петербургу и Ленинградской области (Петростат),Экономист,,2026-01-27T16:04:52+0300,https://hh.ru/vacancy/129927680,информатика и вычислительная техника
129849673,Эксперт 1 категории сектора дежурной службы,,,,noExperience,fullDay,full,Магадан,Центральный банк Российской Федерации (Банк России),Специалист службы безопасности,,2026-01-26T08:18:11+0300,https://hh.ru/vacancy/129849673,информатика и вычислительная техника
129919032,Ведущий специалист по информационной безопасности,80000,,RUR,between3And6,fullDay,full,Красноярск,Краевое государственное казенное учреждение Управление социальной защиты населения,Специалист по информационной безопасности,"Информационная безопасность,Технические средства информационной защиты,Средства криптографической защиты информации,Антивирусная защита сети",2026-01-27T13:36:39+0300,https://hh.ru/vacancy/129919032,информатика и вычислительная техника
129933183,Главный специалист отдела информационного обеспечения комитета цифрового развития,,,,noExperience,fullDay,full,Гатчина,Администрация Гатчинского муниципального округа,Системный администратор,,2026-01-27T18:03:14+0300,https://hh.ru/vacancy/129933183,информатика и вычислительная техника
130025738,Специалист по информационной безопасности,60000,69000,RUR,between1And3,fullDay,full,Томск,Администрация Томской области,Специалист по информационной безопасности,"Информационные технологии,Цифровая трансформация,Информационная безопасность,VipNet,Защита персональных данных",2026-01-30T06:13:08+0300,https://hh.ru/vacancy/130025738,информатика и вычислительная техника
129855088,Специалист по информационной безопасности,29000,45000,RUR,noExperience,fullDay,full,Астрахань,Астраханьстат,Специалист по информационной безопасности,"Информационная безопасность,Защита персональных данных,Управление информационной безопасностью,Обеспечение антивирусной защиты,Уязвимости защиты",2026-01-26T09:42:19+0300,https://hh.ru/vacancy/129855088,информатика и вычислительная техника
129991538,Аналитик в сфере научно-технологического развития,,,,between1And3,fullDay,full,Москва,Президентская Академия. Кадровый центр,"Научный специалист, исследователь","MS PowerPoint,Аналитические исследования,Английский язык,Работа с большим объемом информации,Организаторские навыки",2026-01-29T10:34:02+0300,https://hh.ru/vacancy/129991538,информатика и вычислительная техника
129634084,Ведущий аналитик цифровой трансформации,110000,,RUR,noExperience,fullDay,full,Санкт-Петербург,СПб ГКУ Управление информационных технологий и связи,Руководитель проектов,"Управление проектами,Ведение переговоров,Информационные технологии,Цифровая трансформация,Аналитика,Product Management,Стремление к профессиональному росту,Умение работать в условиях многозадачности,Технические задания,З4 ГОСТ",2026-01-20T09:57:07+0300,https://hh.ru/vacancy/129634084,информатика и вычислительная техника
128051208,Начальник отдела отчетности Управления противодействия мошенничеству,,,,between3And6,fullDay,full,Москва,Банк ВТБ (ПАО),Другое,,2026-01-22T19:59:26+0300,https://hh.ru/vacancy/128051208,информатика и вычислительная техника
120122993,Администратор информационной безопасности,80000,,RUR,between1And3,fullDay,full,Санкт-Петербург,СПБ ГБУЗ Городская больница №40,Специалист по информационной безопасности,,2026-01-25T15:56:31+0300,https://hh.ru/vacancy/120122993,информатика и вычислительная техника
129559784,Главный специалист-эксперт отдела информационного обеспечения,40000,50000,RUR,noExperience,fullDay,full,Чита,Минэкономразвития Забайкальского края,Специалист по информационной безопасности,,2026-01-19T03:00:31+0300,https://hh.ru/vacancy/129559784,информатика и вычислительная техника
129855175,Сервис-менеджер,,100000,RUR,between1And3,fullDay,full,Санкт-Петербург,Вавилон,Другое,,2026-01-26T09:43:25+0300,https://hh.ru/vacancy/129855175,информатика и вычислительная техника
130031443,Инженер-программист по АСУ ТП,,,,between1And3,flyInFlyOut,full,Уфа,Полюс,"Программист, разработчик",Автоматизация технологических процессов,2026-01-30T09:34:32+0300,https://hh.ru/vacancy/130031443,информатика и вычислительная техника
129912322,Начальник сектора технической поддержки,,,,between3And6,fullDay,full,Мытищи (Московская область),НПП Исток им. Шокина,Специалист технической поддержки,,2026-01-27T11:45:19+0300,https://hh.ru/vacancy/129912322,информатика и вычислительная техника
129912323,Начальник сектора технической поддержки,,,,between3And6,fullDay,full,Королев (Московская область),НПП Исток им. Шокина,Специалист технической поддержки,,2026-01-27T11:45:19+0300,https://hh.ru/vacancy/129912323,информатика и вычислительная техника
127357252,Инженер-электронщик/разработчик FPGA/ПЛИС,100000,120000,RUR,between3And6,fullDay,full,Санкт-Петербург,Котлин-Новатор,"Программист, разработчик","Altium Designer,Точность и внимательность к деталям,MATLAB,Drawing",2026-01-27T14:07:53+0300,https://hh.ru/vacancy/127357252,информатика и вычислительная техника
129917494,Data Engineer,,,,between1And3,remote,full,Москва,Альфа-Банк,"BI-аналитик, аналитик данных",,2026-01-27T13:08:23+0300,https://hh.ru/vacancy/129917494,информатика и вычислительная техника
129131641,"Инженер комплекса инженерно-технических средств физической защиты МФ ""Центратомтехэнерго""",,,,between1And3,fullDay,full,Москва,Атомтехэнерго,Инженер по эксплуатации,"Разработка технической документации,АСУ ТП,Информационные технологии,Управление информационной безопасностью,Умение работать в коллективе,Обучение и развитие,Внимательность,Пуско-наладочные работы,Контроль доступа",2026-01-27T21:28:13+0300,https://hh.ru/vacancy/129131641,информатика и вычислительная техника
129256756,Инженер АСУ ТП,105000,110000,RUR,between1And3,fullDay,full,Красноярск,АК инжиниринг,Инженер ПНР,"АСУ ТП,Ведение журналов,КИПиА,Знание устройства производственного оборудования,Знание технологических процессов",2026-01-29T10:29:04+0300,https://hh.ru/vacancy/129256756,информатика и вычислительная техника
129781334,Старший инженер по автоматизированным системам управления технологическими процессами,,,,between1And3,shift,full,Алдан,Полюс,Инженер ПНР,,2026-01-23T08:40:00+0300,https://hh.ru/vacancy/129781334,информатика и вычислительная техника
129810090,Ведущий инженер (ИТ),100000,,RUR,between3And6,fullDay,full,Адлер,Мой медицинский центр,Специалист технической поддержки,,2026-01-23T16:27:01+0300,https://hh.ru/vacancy/129810090,информатика и вычислительная техника
129758579,Инженер-программист,40000,,RUR,between1And3,fullDay,full,Киров (Кировская область),Кировский Машзавод 1 Мая,"Программист, разработчик",,2026-01-22T14:00:37+0300,https://hh.ru/vacancy/129758579,информатика и вычислительная техника
130022430,Бизнес-аналитик,300000,357000,RUR,between3And6,remote,full,Москва,ГК Орбита,Бизнес-аналитик,,2026-01-29T20:42:52+0300,https://hh.ru/vacancy/130022430,информатика и вычислительная техника
127947206,Программист 1С,80000,,RUR,between3And6,remote,full,Вологда,ЛОГАСОФТ ПЛЮС,"Программист, разработчик","1С программирование,Обновление конфигурации 1С,1С: Предприятие 8",2026-01-20T13:40:01+0300,https://hh.ru/vacancy/127947206,информатика и вычислительная техника
129503860,Главный специалист отдела телекоммуникаций,40000,,RUR,noExperience,fullDay,full,Омск,Казенное учреждение Омской Области государственное учреждение Информационных Технологий и Телекоммуникаций,Системный администратор,,2026-01-16T09:30:00+0300,https://hh.ru/vacancy/129503860,информатика и вычислительная техника
128076052,Системный инженер (разработчик функций управления),,,,between1And3,fullDay,full,Тверь,"ТрансМашХолдинг, Группа компаний",Системный инженер,"MATLAB,ANSYS,Simulink,Eclipse IDE,SVN,C/C++,Pascal,Python,Моделирование",2026-01-29T12:49:53+0300,https://hh.ru/vacancy/128076052,информатика и вычислительная техника
129556220,Экономист,,,,between1And3,fullDay,full,Тюмень,Газпром нефть,Экономист,,2026-01-18T17:48:31+0300,https://hh.ru/vacancy/129556220,информатика и вычислительная техника
129776655,Инженер системотехник,,,,between1And3,flyInFlyOut,full,Якутск,Полиметалл,"Сервисный инженер, инженер-механик",,2026-01-23T04:00:21+0300,https://hh.ru/vacancy/129776655,информатика и вычислительная техника
128553155,"Младший администратор ""Битрикс 24""",55000,,RUR,noExperience,fullDay,full,Барнаул,Алтайбурмаш,Администратор,,2026-01-18T08:10:10+0300,https://hh.ru/vacancy/128553155,информатика и вычислительная техника
129716897,Инженер-электроник I категории,94729,,RUR,between1And3,shift,full,Нижнекамск,Таиф-СМ,"Инженер-электроник, инженер-электронщик","Работа в команде,Пользователь ПК,SCADA",2026-01-21T15:19:41+0300,https://hh.ru/vacancy/129716897,информатика и вычислительная техника
129811002,Инженер-программист 1С,80000,150000,RUR,between3And6,fullDay,full,Таганрог,ТАНТК им.Г.М. Бериева,"Программист, разработчик","Git,СУБД,JSON,1С программирование",2026-01-23T16:47:28+0300,https://hh.ru/vacancy/129811002,информатика и вычислительная техника
129885560,Доцент кафедры Общая теория связи,90000,,RUR,between3And6,fullDay,full,Москва,МТУСИ,"Учитель, преподаватель, педагог",Организация учебного процесса,2026-01-26T16:14:34+0300,https://hh.ru/vacancy/129885560,информатика и вычислительная техника
129741294,Ведущий бухгалтер (по расчёту заработной платы),80000,80000,RUR,noExperience,fullDay,full,Санкт-Петербург,Санкт-Петербургское государственное казенное учреждение Жилищное агентство Петродворцового района Санкт-Петербурга,Бухгалтер,1С: Бухгалтерия,2026-01-22T09:48:59+0300,https://hh.ru/vacancy/129741294,информатика и вычислительная техника
129919908,Заместитель начальника отдела внутренней безопасности,,,,between3And6,fullDay,full,Адлер,Центральный банк Российской Федерации (Банк России),Специалист службы безопасности,"Управление службой охраны,Внутренний контроль,Системы безопасности,Технические системы и средства безопасности,Технические средства информационной защиты,Охрана объекта,Взаимодействие с государственными контролирующими органами,Информационная безопасность,Руководство коллективом,Работа с большим объемом информации,Безопасность,Ведение документации,Планирование,1С: Предприятие 8,Документооборот",2026-01-27T13:52:14+0300,https://hh.ru/vacancy/129919908,информатика и вычислительная техника
129758671,Специалист в области информационного сопровождения (главный специалист),45000,,RUR,noExperience,fullDay,full,Самара,Министерство градостроительной политики Самарской области,Специалист по информационной безопасности,,2026-01-22T14:01:55+0300,https://hh.ru/vacancy/129758671,информатика и вычислительная техника
129687631,Оценщик отдела экспертизы,70292,70292,RUR,between3And6,fullDay,full,Томск,ОГБУ Томский Областной Центр Инвентаризации и Кадастра,Оценщик,,2026-01-21T08:52:51+0300,https://hh.ru/vacancy/129687631,информатика и вычислительная техника
118325284,Начальник отдела телекоммуникаций,60000,60000,RUR,between1And3,fullDay,full,Омск,Казенное учреждение Омской Области государственное учреждение Информационных Технологий и Телекоммуникаций,Сетевой инженер,,2026-01-16T12:25:07+0300,https://hh.ru/vacancy/118325284,информатика и вычислительная техника
129881269,Начальник отдела информационных технологий (IT),170000,170000,RUR,between3And6,fullDay,full,Кировград,Кировградский Завод Твердых Сплавов,Директор по информационным технологиям (CIO),"Управление проектами,Информационные технологии,MS SQL Server,MS SQL,Информационная безопасность,Администрирование серверов Windows,Windows Server 2003",2026-01-26T15:09:52+0300,https://hh.ru/vacancy/129881269,информатика и вычислительная техника
129790686,Инженер по АСУ ТП,,,,between1And3,flyInFlyOut,full,Ханты-Мансийск,Газпром нефть,Инженер ПНР,,2026-01-23T11:15:50+0300,https://hh.ru/vacancy/129790686,информатика и вычислительная техника
129637319,Инженер-программист (Аналитик данных),30000,30000,RUR,noExperience,fullDay,full,Астрахань,ГБУЗ АО Медицинский информационно-аналитический центр,Аналитик,"Ведение отчётности,Деловая переписка,Работа с большим объемом информации,Сбор информации в различных источниках,Работа с системами аналитики,Грамотная письменная речь",2026-01-20T10:36:11+0300,https://hh.ru/vacancy/129637319,информатика и вычислительная техника
129810977,Администратор 1С,60000,120000,RUR,between1And3,fullDay,full,Таганрог,ТАНТК им.Г.М. Бериева,Системный администратор,"1С,1С: Управление Торговлей,Складской Учет,1С: Бухгалтерия,1С программирование,1С: Предприятие 8,Администрирование,Работа с базами данных",2026-01-23T16:46:47+0300,https://hh.ru/vacancy/129810977,информатика и вычислительная техника
129934309,Бухгалтер,120000,170000,RUR,between3And6,fullDay,full,Москва,ГСК-ПТ,Бухгалтер,,2026-01-27T19:05:24+0300,https://hh.ru/vacancy/129934309,информатика и вычислительная техника
129969544,Системный аналитик,,,,between1And3,fullDay,full,Фрязино (Московская область),НПП Исток им. Шокина,Системный аналитик,"Проектирование ИС,Построение диаграммы классов,Описание бизнес-процессов",2026-01-28T16:04:37+0300,https://hh.ru/vacancy/129969544,информатика и вычислительная техника
128092404,Инженер-программист 1 категории,67600,67600,RUR,between3And6,fullDay,full,Петрозаводск,ТГК-1,Системный администратор,"Linux,Работа с большим объемом информации,Умение работать в коллективе,KVM,VMware,Английский язык,Unix,PowerShell,Bash,Разработка инструкций",2026-01-25T15:16:00+0300,https://hh.ru/vacancy/128092404,информатика и вычислительная техника
120867973,Ведущий инженер-программист,70000,70000,RUR,between3And6,fullDay,full,Краснодар,ГБУЗ Медицинский информационно-аналитический центр,Системный инженер,,2026-01-26T07:52:52+0300,https://hh.ru/vacancy/120867973,информатика и вычислительная техника
129637611,Старший специалист 1 разряда отдела материально-технического обеспечения,28000,49000,RUR,noExperience,fullDay,full,Хабаровск,Арбитражный суд Хабаровского края,Инженер по эксплуатации,,2026-01-20T10:40:21+0300,https://hh.ru/vacancy/129637611,информатика и вычислительная техника
129792202,Ведущий инженер по испытаниям (г. Фрязино),,,,between1And3,fullDay,full,Мытищи (Московская область),НПП Исток им. Шокина,Инженер ПНР,"Техническая документация,Linux",2026-01-23T11:39:35+0300,https://hh.ru/vacancy/129792202,информатика и вычислительная техника
129947636,Руководитель ИТ-решений / IT Solution Lead (HR-платформа),,,,between3And6,fullDay,full,Москва,«Филип Моррис Интернэшнл» в России,Руководитель группы разработки,,2026-01-28T10:14:20+0300,https://hh.ru/vacancy/129947636,информатика и вычислительная техника
129405983,"Преподаватель дисциплины ""Продвинутые методы машинного обучения"" в Университет",,,,between3And6,flexible,part,Москва,Колледж информационных технологий международного уровня IThub,Аналитик,"Организаторские навыки,Обучение и развитие,Работа с большим объемом информации,Организация учебного процесса,Умение работать в коллективе,Грамотная речь,Деловое общение,Точность и внимательность к деталям,Машинное обучение,SQL,Python",2026-01-23T13:58:42+0300,https://hh.ru/vacancy/129405983,информатика и вычислительная техника
129399299,Pentest Team Lead / Pentest,,,,between1And3,fullDay,full,Санкт-Петербург,Федеральная сетевая компания – Россети,Специалист по информационной безопасности,Информационная безопасность,2026-01-14T09:45:57+0300,https://hh.ru/vacancy/129399299,информатика и вычислительная техника
129399261,Pentest Team Lead / Pentest,,,,between1And3,remote,full,Москва,Федеральная сетевая компания – Россети,Специалист по информационной безопасности,Информационная безопасность,2026-01-14T09:45:31+0300,https://hh.ru/vacancy/129399261,информатика и вычислительная техника
129404954,"Преподаватель дисциплины ""Глубинное обучение в обработке изображений"" в Университет",,,,between3And6,flexible,part,Москва,Колледж информационных технологий международного уровня IThub,Методист,"Организаторские навыки,Обучение и развитие,Работа с большим объемом информации,Организация учебного процесса,Умение работать в коллективе,Грамотная речь,Деловое общение,Точность и внимательность к деталям,Python,Машинное обучение",2026-01-23T13:58:42+0300,https://hh.ru/vacancy/129404954,информатика и вычислительная техника
129445570,Главный специалист (ИТ-аналитик),120000,140000,RUR,between1And3,fullDay,full,Красноярск,Россети Сибирь,Системный аналитик,,2026-01-28T11:24:08+0300,https://hh.ru/vacancy/129445570,информатика и вычислительная техника
126154448,Инженер-программист,100000,106000,RUR,between1And3,fullDay,full,Новосибирск,ГКУ НСО РИЦ,"Программист, разработчик","SQL,Linux,Деловая переписка,Информационные технологии,Работа с базами данных",2026-01-23T08:48:59+0300,https://hh.ru/vacancy/126154448,информатика и вычислительная техника
129504641,Старший специалист технической поддержки,37549,52568,RUR,between1And3,fullDay,full,Пугачев,РЖД-ТехСервис,Системный администратор,,2026-01-16T09:42:05+0300,https://hh.ru/vacancy/129504641,информатика и вычислительная техника
106447299,Ведущий инженер-программист 1C,,,,between3And6,fullDay,full,Санкт-Петербург,КБ Арсенал,"Программист, разработчик",,2026-01-26T12:35:30+0300,https://hh.ru/vacancy/106447299,информатика и вычислительная техника
129141737,Продуктовый аналитик,,,,between3And6,fullDay,full,Москва,Cloud.ru,Продуктовый аналитик,,2026-01-22T10:50:37+0300,https://hh.ru/vacancy/129141737,информатика и вычислительная техника
129657905,Главный специалист отдела информационных технологий,150000,150000,RUR,between1And3,fullDay,full,Калуга,Коммерческий банк Калуга,Специалист технической поддержки,,2026-01-20T14:27:06+0300,https://hh.ru/vacancy/129657905,информатика и вычислительная техника
129567571,Консультант по автоматизации бюджетирования Планово-экономического управления,116400,174600,RUR,between1And3,fullDay,full,Москва,ФГУП Росморпорт,"Программист, разработчик","Cognos BI,ETL,SQL,сопровождение информационных систем,внедрение информационных систем,MS SQL Server,Финансовое планирование,Бюджетирование",2026-01-19T08:38:25+0300,https://hh.ru/vacancy/129567571,информатика и вычислительная техника
129406834,"Преподаватель дисциплины ""Проектирование хранилищ данных"" в Университет",,,,between3And6,flexible,part,Москва,Колледж информационных технологий международного уровня IThub,Дата-сайентист,"Организаторские навыки,Обучение и развитие,Работа с большим объемом информации,Организация учебного процесса,Умение работать в коллективе,Грамотная речь,Деловое общение,Точность и внимательность к деталям,Машинное обучение,Python,SQL,Сбор и анализ информации",2026-01-23T13:58:43+0300,https://hh.ru/vacancy/129406834,информатика и вычислительная техника
129581181,Аналитик (математическое моделирование),,,,between1And3,fullDay,full,Москва,Центральный банк Российской Федерации (Банк России),Дата-сайентист,"SQL,Python,MS SQL,Математическое моделирование,Аналитика,финансовые рынки,Big Data,MATLAB,Математическая статистика,Математический анализ",2026-01-19T10:45:50+0300,https://hh.ru/vacancy/129581181,информатика и вычислительная техника
128153117,Специалист 1 категории отдела эксплуатации информационных систем,82857,,RUR,between3And6,fullDay,full,Екатеринбург,Федеральная сетевая компания – Россети,Специалист технической поддержки,"MS Windows,Linux,Настройка ПО,Администрирование,Настройка сетевых подключений,Деловая переписка,Умение работать в коллективе,Ответственность",2026-01-21T09:54:36+0300,https://hh.ru/vacancy/128153117,информатика и вычислительная техника
129424854,Начальник отдела информационно-технического обеспечения,50000,53220,RUR,between3And6,fullDay,full,Ижевск,Минприроды УР,Системный администратор,,2026-01-14T14:43:40+0300,https://hh.ru/vacancy/129424854,информатика и вычислительная техника
129324085,Бухгалтер,87675,98196,RUR,between3And6,fullDay,full,Магадан,Магаданское областное государственное автономное учреждение Многофункциональный центр предоставления государственных и муниципальных услуг,Бухгалтер,,2026-01-13T02:21:46+0300,https://hh.ru/vacancy/129324085,информатика и вычислительная техника
129443224,Заместитель начальника отдела-заведующий сектором защиты информации отдела безопасности,,,,between3And6,fullDay,full,Красноярск,Центральный банк Российской Федерации (Банк России),Специалист по информационной безопасности,"Информационная безопасность,Организаторские навыки,Управление командой",2026-01-15T05:21:24+0300,https://hh.ru/vacancy/129443224,информатика и вычислительная техника
128784673,Инженер-программист,80000,,RUR,between3And6,fullDay,full,Касимов,Компания Еламед,"Программист, разработчик",,2026-01-15T13:56:23+0300,https://hh.ru/vacancy/128784673,информатика и вычислительная техника
127761322,Консультант отдела инфраструктурных проектов,40000,55000,RUR,noExperience,fullDay,full,Челябинск,Областное государственное бюджетное учреждение Челябинский региональный центр навигационно-информационных технологий,Руководитель проектов,,2026-01-19T11:55:41+0300,https://hh.ru/vacancy/127761322,информатика и вычислительная техника
122401678,Ведущий специалист по контролю качества ИТ услуг,,,,between3And6,fullDay,full,Красноярск,РусГидро,Другое,,2026-01-16T04:26:57+0300,https://hh.ru/vacancy/122401678,информатика и вычислительная техника
129796586,Ведущий системный инженер,75000,80000,RUR,between1And3,fullDay,full,Екатеринбург,ФГУП Государственная корпорация по организации воздушного движения в Российской Федерации,Системный инженер,"Администрирование серверов Linux,Linux,Администрирование серверов Windows,Администрирование серверов,Active Directory,Администрирование сетевого оборудования,VPN,DNS,RDP,Huawei,Резервное копирование,DHCP,Настройка DNS,Работа с большим объемом информации,Настройка серверов,Техническая документация",2026-01-23T12:48:09+0300,https://hh.ru/vacancy/129796586,информатика и вычислительная техника
129595828,Главный эксперт по паспортизации активов,,,,between3And6,fullDay,full,Москва,Полюс,Другое,,2026-01-19T13:25:09+0300,https://hh.ru/vacancy/129595828,информатика и вычислительная техника
129577739,Инженер 1 категории (администратор ИТ-инфраструктуры / ЦОД),80000,,RUR,between3And6,fullDay,full,Салехард,ГКУ Ресурсы Ямала,Системный инженер,"Настройка сетевых подключений,Администрирование сетевого оборудования,Сетевые протоколы",2026-01-19T10:18:24+0300,https://hh.ru/vacancy/129577739,информатика и вычислительная техника
129988575,Специалист по закупкам,80000,,RUR,between1And3,fullDay,full,Иваново (Ивановская область),Городская клиническая больница №3 г. Иванова,Менеджер по закупкам,,2026-01-29T09:47:11+0300,https://hh.ru/vacancy/129988575,информатика и вычислительная техника
129432207,Системный инженер (Сектор общего проектирования информационно-управляющих систем),,,,between1And3,fullDay,full,Москва,Уральский завод гражданской авиации,Системный аналитик,"Системный анализ,Аналитическое мышление,Работа с большим объемом информации",2026-01-14T16:20:21+0300,https://hh.ru/vacancy/129432207,информатика и вычислительная техника
129508058,Ведущий инженер (полевого учреждения Банка России),,,,between1And3,fullDay,full,Новороссийск,Центральный банк Российской Федерации (Банк России),Другое,,2026-01-16T10:36:14+0300,https://hh.ru/vacancy/129508058,информатика и вычислительная техника
127141841,Инженер гарантийной сервисной службы,,120000,RUR,between1And3,fullDay,full,Москва,РАМЭК - ВС,"Инженер-электроник, инженер-электронщик","Linux,Ремонтные работы,Ремонт ПК,Гарантийное обслуживание,Выездное обслуживание,Диагностика,Контроль исправности оборудования,Техническое обслуживание,Настройка ПК,Настройка ПО",2026-01-12T08:54:50+0300,https://hh.ru/vacancy/127141841,информатика и вычислительная техника
126306758,Инженер машинного зрения (Senior computer vision),277500,,RUR,between1And3,fullDay,full,Екатеринбург,"Алабуга, ОЭЗ ППТ","Инженер-электроник, инженер-электронщик","Computer Vision,C++,Python",2026-01-20T19:43:09+0300,https://hh.ru/vacancy/126306758,информатика и вычислительная техника
126306731,Инженер машинного зрения (Senior computer vision),277500,,RUR,between1And3,fullDay,full,Москва,"Алабуга, ОЭЗ ППТ","Инженер-электроник, инженер-электронщик","Computer Vision,C++,Python",2026-01-20T19:43:08+0300,https://hh.ru/vacancy/126306731,информатика и вычислительная техника
128762544,Специалист по финансовому надзору (рынок ценных бумаг),,,,between1And3,fullDay,full,Москва,Центральный банк Российской Федерации (Банк России),"Финансовый аналитик, инвестиционный аналитик",,2026-01-14T18:19:22+0300,https://hh.ru/vacancy/128762544,информатика и вычислительная техника
129357203,Инженер по автоматизированным системам управления производством,,,,between1And3,flyInFlyOut,full,Ханты-Мансийск,Газпром нефть,Инженер ПНР,,2026-01-13T12:53:01+0300,https://hh.ru/vacancy/129357203,информатика и вычислительная техника
127506046,Главный специалист Управление цифровой трансформации,,,,between3And6,fullDay,full,Красноярск,РусГидро,Другое,,2026-01-16T04:27:01+0300,https://hh.ru/vacancy/127506046,информатика и вычислительная техника
129753874,Инженер-конструктор (Ведущий конструкторский отдел),80700,,RUR,between1And3,fullDay,full,Екатеринбург,ОКБ Новатор,"Инженер-конструктор, инженер-проектировщик",,2026-01-22T12:46:36+0300,https://hh.ru/vacancy/129753874,информатика и вычислительная техника
129504787,Специалист технической поддержки,46191,46191,RUR,between1And3,fullDay,full,Волгоград,РЖД-ТехСервис,Специалист технической поддержки,,2026-01-16T09:44:27+0300,https://hh.ru/vacancy/129504787,информатика и вычислительная техника
129753599,Инженер-конструктор (конструкторско-расчетный отдел),80700,,RUR,between1And3,fullDay,full,Екатеринбург,ОКБ Новатор,"Инженер-конструктор, инженер-проектировщик",,2026-01-22T12:41:37+0300,https://hh.ru/vacancy/129753599,информатика и вычислительная техника
129632166,Специалист по информационной безопасности (АСУ ТП),122000,125000,RUR,between1And3,fullDay,full,Санкт-Петербург,Водоканал ГУП СПб,Специалист по информационной безопасности,,2026-01-20T09:30:33+0300,https://hh.ru/vacancy/129632166,информатика и вычислительная техника
129706813,Инженер по ремонту,,,,between1And3,flyInFlyOut,full,Красноярск,Полюс,"Мастер по ремонту оборудования, техники","Автоматизация производства,Ремонтные работы",2026-01-21T13:04:24+0300,https://hh.ru/vacancy/129706813,информатика и вычислительная техника
123328334,Ведущий советник отдела реестров,56000,66000,RUR,between3And6,fullDay,full,Иваново (Ивановская область),Департамент управления имуществом Ивановской области,Другое,"Пользователь ПК,Работа в команде,Деловая переписка,Умение работать в команде,Деловое общение,Кадастровая оценка,ГАС «Управление»,СЭДО,веб-приложение «Публичная кадастровая карта»",2026-01-21T13:54:01+0300,https://hh.ru/vacancy/123328334,информатика и вычислительная техника
129787353,Инженер – программист 1 категории сектора СПАС МПСА,130000,170000,RUR,between3And6,fullDay,full,Санкт-Петербург,Транснефть - Порт Приморск,"Программист, разработчик","Автоматизация,Аналитические способности,Автоматизация технологических процессов,Аналитическое мышление",2026-01-23T10:22:57+0300,https://hh.ru/vacancy/129787353,информатика и вычислительная техника
129787251,Инженер – программист 2 категории сектора СПАС МПСА,113000,150000,RUR,between1And3,fullDay,full,Санкт-Петербург,Транснефть - Порт Приморск,"Программист, разработчик","Автоматизация,Аналитические способности,Автоматизация технологических процессов,Аналитическое мышление",2026-01-23T10:21:27+0300,https://hh.ru/vacancy/129787251,информатика и вычислительная техника
129787225,Инженер – программист 1 категории сектора СПАС МПСА,130000,170000,RUR,between3And6,fullDay,full,Высоцк,Транснефть - Порт Приморск,"Программист, разработчик","Автоматизация,Аналитические способности,Автоматизация технологических процессов,Аналитическое мышление",2026-01-23T10:20:54+0300,https://hh.ru/vacancy/129787225,информатика и вычислительная техника
126797934,Главный аналитик рынка недвижимости,73700,84800,RUR,between1And3,fullDay,full,Хабаровск,КГБУ ХАБКРАЙКАДАСТР,"Финансовый аналитик, инвестиционный аналитик",,2026-01-20T02:04:15+0300,https://hh.ru/vacancy/126797934,информатика и вычислительная техника
129758541,Инженер сектора по внедрению решений PLM,,,,between1And3,fullDay,full,Фрязино (Московская область),НПП Исток им. Шокина,"Программист, разработчик",".NET Framework,MS SQL Server,Git,CAD,.NET Core,C#,XML",2026-01-22T14:00:07+0300,https://hh.ru/vacancy/129758541,информатика и вычислительная техника
129527964,Начальник сектора технической поддержки,,,,between3And6,fullDay,full,Фрязино (Московская область),НПП Исток им. Шокина,Специалист технической поддержки,,2026-01-16T15:45:28+0300,https://hh.ru/vacancy/129527964,информатика и вычислительная техника
129614720,Советник отдела цифровой трансформации образования,,,,between1And3,fullDay,full,Москва,Федеральная налоговая служба (ФНС России),Другое,"Стрессоустойчивость,Коммуникабельность,Пользователь ПК,Инициативность,Исполнительность",2026-01-19T17:32:49+0300,https://hh.ru/vacancy/129614720,информатика и вычислительная техника
123107266,Стажер – системный аналитик,25000,80000,RUR,noExperience,fullDay,full,Пенза,Ингруппа,Системный аналитик,"Аналитическое мышление,Системный анализ,Английский язык,Работа с большим объемом информации,BPMN",2026-01-20T16:09:58+0300,https://hh.ru/vacancy/123107266,информатика и вычислительная техника
129379898,Инженер-конструктор (разработчик конструкторской документации),180000,200000,RUR,between3And6,fullDay,full,Москва,Концерн Созвездие,Технический писатель,"ЕСКД,Solid Works,MS Visio,Разработка эксплуатационной документации,Разработка пользовательской документации,Разработка технической документации,Анализ требований,AutoCAD,Разработка внутренней документации,Компас 3D,ЕСТД",2026-01-13T17:25:40+0300,https://hh.ru/vacancy/129379898,информатика и вычислительная техника
129527361,Эксперт,65000,70000,RUR,noExperience,fullDay,full,Саранск,МВД по Республике Мордовия,Другое,,2026-01-16T15:35:56+0300,https://hh.ru/vacancy/129527361,информатика и вычислительная техника
126762254,Главный специалист,73700,84800,RUR,between1And3,fullDay,full,Хабаровск,КГБУ ХАБКРАЙКАДАСТР,Другое,,2026-01-19T09:49:06+0300,https://hh.ru/vacancy/126762254,информатика и вычислительная техника
79727928,Инструктор (стажер) ИТ-дисциплин,,,,between1And3,fullDay,full,Санкт-Петербург,"ЭВРИКА, Санкт-Петербург",Другое,"PostgreSQL,Linux,Bash,Обучение и развитие",2026-01-14T13:32:17+0300,https://hh.ru/vacancy/79727928,информатика и вычислительная техника
129519414,Старший аналитик 1С (г. Фрязино),,,,between1And3,fullDay,full,Москва,НПП Исток им. Шокина,Аналитик,,2026-01-16T13:25:40+0300,https://hh.ru/vacancy/129519414,информатика и вычислительная техника
127632563,Специалист отдела по расчетам с населением,,59000,RUR,noExperience,fullDay,full,Нижний Новгород,ОКО,Экономист,"ЖКХ СТАРТ,Проведение расчетов,Коммунальные услуги,Приборы учета ресурсов",2026-01-21T08:24:21+0300,https://hh.ru/vacancy/127632563,информатика и вычислительная техника
129466195,Ведущий инженер-проектировщик систем электроснабжения (ЭОМ),,,,between3And6,fullDay,full,Москва,Правительство Москвы,"Инженер-конструктор, инженер-проектировщик",,2026-01-15T12:31:36+0300,https://hh.ru/vacancy/129466195,информатика и вычислительная техника
129481817,Инженер-электроник,60000,65000,RUR,noExperience,fullDay,full,Кириши,Киришский филиал ГКУ Центр Занятости Населения Ленинградской Области,"Инженер-электроник, инженер-электронщик",,2026-01-15T16:23:03+0300,https://hh.ru/vacancy/129481817,информатика и вычислительная техника
129616378,Аудитор по информационной безопасности,,,,between3And6,fullDay,full,Москва,Центральный банк Российской Федерации (Банк России),Специалист по информационной безопасности,"Информационная безопасность,Аудит информационной безопасности,Разработка политики информационной безопасности,ИТ-инфраструктура,SIEM",2026-01-19T18:21:11+0300,https://hh.ru/vacancy/129616378,информатика и вычислительная техника
129576656,Руководитель направления антифрода,,,,between3And6,fullDay,full,Москва,Ventra,Комплаенс-менеджер,,2026-01-19T10:10:35+0300,https://hh.ru/vacancy/129576656,информатика и вычислительная техника
129615161,"Инженер ПНР (КИПиА, АСУ ТП, слаботочные системы)",,,,between1And3,flyInFlyOut,full,Астрахань,БелТПС филиал,Инженер ПНР,,2026-01-19T17:42:37+0300,https://hh.ru/vacancy/129615161,информатика и вычислительная техника
129688913,Инженер ПНР СКУ ПЗ,170000,240000,RUR,between1And3,fullDay,full,Брянск,Атомтехэнерго,Инженер ПНР,,2026-01-21T09:13:36+0300,https://hh.ru/vacancy/129688913,информатика и вычислительная техника
129688914,Инженер ПНР СКУ ПЗ,170000,240000,RUR,between1And3,fullDay,full,Смоленск,Атомтехэнерго,Инженер ПНР,,2026-01-21T09:13:36+0300,https://hh.ru/vacancy/129688914,информатика и вычислительная техника
129688915,Инженер ПНР СКУ ПЗ,170000,240000,RUR,between1And3,fullDay,full,Калуга,Атомтехэнерго,Инженер ПНР,,2026-01-21T09:13:36+0300,https://hh.ru/vacancy/129688915,информатика и вычислительная техника
129560283,Старший инженер-программист по АСУ ТП,,,,between1And3,fullDay,full,Красноярск,Полюс,"Программист, разработчик",,2026-01-19T04:08:25+0300,https://hh.ru/vacancy/129560283,информатика и вычислительная техника
128779024,Инженер-схемотехник,80000,,RUR,between3And6,fullDay,full,Касимов,Компания Еламед,"Инженер-электроник, инженер-электронщик",,2026-01-15T11:44:51+0300,https://hh.ru/vacancy/128779024,информатика и вычислительная техника
126523269,Инженер-программист (линейка 1С),60000,100000,RUR,between1And3,fullDay,full,Екатеринбург,Уральский электромеханический завод,"Программист, разработчик",1С программирование,2026-01-16T15:06:22+0300,https://hh.ru/vacancy/126523269,информатика и вычислительная техника
129255543,Инженер-программист (1С),,,,between3And6,fullDay,full,Красноярск,Красфарма,"Программист, разработчик","1С: Управление Производственным Предприятием,1С: Бухгалтерия,1С программирование,HTML",2026-01-12T05:33:01+0300,https://hh.ru/vacancy/129255543,информатика и вычислительная техника
104937955,Консультант 1С отдела развития учетных систем,,40000,RUR,between1And3,fullDay,full,Новосибирск,Новосибирский государственный университет,Другое,"1С,Разработка технических заданий,1С: Предприятие 8",2026-01-12T05:41:15+0300,https://hh.ru/vacancy/104937955,информатика и вычислительная техника
129547432,Начальник отдела по защите критической информационной инфраструктуры,,,,between3And6,fullDay,full,Березники,Горнорудная компания,DevOps-инженер,,2026-01-19T11:59:53+0300,https://hh.ru/vacancy/129547432,информатика и вычислительная техника
129256423,Руководитель направления разработки,,105000,RUR,between3And6,fullDay,full,Омск,Группа «Интер РАО»,"Программист, разработчик",,2026-01-12T06:23:40+0300,https://hh.ru/vacancy/129256423,информатика и вычислительная техника
129409062,Заместитель начальника отдела развития современных средств производства,90000,100000,RUR,between1And3,fullDay,full,Москва,ФГУП ЦРП,Начальник производства,,2026-01-14T11:32:02+0300,https://hh.ru/vacancy/129409062,информатика и вычислительная техника
129508920,Инженер-проектировщик систем диспетчерского управления магистральными трубопроводами,100000,,RUR,noExperience,fullDay,full,Москва,Гипротрубопровод,"Инженер-конструктор, инженер-проектировщик","Высшее образование,Работа в условиях многозадачности",2026-01-16T10:48:56+0300,https://hh.ru/vacancy/129508920,информатика и вычислительная техника
129674893,Специалист по защите информации,160000,,RUR,between1And3,fullDay,full,Москва,Министерство социального развития Московской области,Специалист по информационной безопасности,"Информационная безопасность,ИТ-инфраструктура,Установка драйверов,Тестирование безопасности,Информационные технологии,Администрирование серверов,Установка ПО",2026-01-20T18:59:29+0300,https://hh.ru/vacancy/129674893,информатика и вычислительная техника
129460438,"Ведущий риск-аналитик в Отдел риск-менеджмента ""Подели""",,,,between1And3,fullDay,full,Москва,Альфа-Банк,Аналитик,"SQL,Оценка рисков,Анализ рисков,Управление рисками,Анализ данных",2026-01-15T11:16:08+0300,https://hh.ru/vacancy/129460438,информатика и вычислительная техника
129464003,Портфельный риск-менеджер,,,,between1And3,fullDay,full,Москва,Альфа-Банк,Другое,"Оценка рисков,SQL,Риск-менеджмент,Анализ данных,Анализ рисков,Python,Аналитическое мышление",2026-01-15T12:02:26+0300,https://hh.ru/vacancy/129464003,информатика и вычислительная техника
129427494,Администратор системы дистанционного обучения,80000,,RUR,between1And3,fullDay,full,Саратов,"Рубеж, Группа компаний",Другое,,2026-01-14T15:15:26+0300,https://hh.ru/vacancy/129427494,информатика и вычислительная техника
129311071,Программист 1С,,,,noExperience,fullDay,full,Лысьва,Информ Сервис,"Программист, разработчик","1С программирование,Обновление конфигурации 1С,1С: Предприятие 8",2026-01-12T16:09:35+0300,https://hh.ru/vacancy/129311071,информатика и вычислительная техника
129314854,Главный специалист отдела организационно-правового обеспечения деятельности судов,,60000,RUR,noExperience,fullDay,full,Чебоксары,Управление Судебного департамента в Чувашской Республике,Системный администратор,"Ввод оборудования в эксплуатацию,Обеспечение качества программного обеспечения,Сбор и обработка документов,Информационные технологии,компьютерная техника,Базы данных,Информационная безопасность,Администрирование сайтов,Настройка АРМ",2026-01-12T16:55:18+0300,https://hh.ru/vacancy/129314854,информатика и вычислительная техника
129314855,Главный специалист отдела организационно-правового обеспечения деятельности судов,,60000,RUR,noExperience,fullDay,full,Новочебоксарск,Управление Судебного департамента в Чувашской Республике,Системный администратор,"Ввод оборудования в эксплуатацию,Обеспечение качества программного обеспечения,Сбор и обработка документов,Информационные технологии,компьютерная техника,Базы данных,Информационная безопасность,Администрирование сайтов,Настройка АРМ",2026-01-12T16:55:18+0300,https://hh.ru/vacancy/129314855,информатика и вычислительная техника
129508185,"Архитектор программной системы (проект «Создание подсистем управления ресурсами предприятия"")",,,,between3And6,fullDay,full,Москва,НПП Исток им. Шокина,Другое,,2026-01-16T10:38:03+0300,https://hh.ru/vacancy/129508185,информатика и вычислительная техника
129590208,Инженер АСУ ТП,,,,between1And3,fullDay,full,Москва,КРОК,"Инженер-электроник, инженер-электронщик","АСУ ТП,SCADA",2026-01-19T12:16:18+0300,https://hh.ru/vacancy/129590208,информатика и вычислительная техника
129425828,"Специалист по допуску участников финансового рынка (блокчейн, ЦФА)",,,,between3And6,fullDay,full,Москва,Центральный банк Российской Федерации (Банк России),Казначей,"криптовалюта,ЦФА,распределенный реестр,блокчейн",2026-01-14T14:55:30+0300,https://hh.ru/vacancy/129425828,информатика и вычислительная техника
129360910,Судебный пристав по обеспечению установленного порядка деятельности судов,80000,90000,RUR,noExperience,fullDay,full,Санкт-Петербург,ГУФССП РОССИИ ПО Г.САНКТ-ПЕТЕРБУРГУ Петроградское Отделение,Другое,,2026-01-13T13:35:08+0300,https://hh.ru/vacancy/129360910,информатика и вычислительная техника
128877303,Портфельный риск-менеджер МСБ,,,,between1And3,remote,full,Москва,Альфа-Банк,Другое,"Портфельные риски,MS SQL",2026-01-12T16:55:18+0300,https://hh.ru/vacancy/128877303,информатика и вычислительная техника
129007606,Инженер-проектировщик ИТ-инфраструктуры,,,,between3And6,fullDay,full,Москва,Системы Коммуникаций,Системный инженер,,2026-01-19T15:28:39+0300,https://hh.ru/vacancy/129007606,информатика и вычислительная техника
124175341,Инженер-электроник,,,,between1And3,fullDay,full,Соликамск,Акрон,Другое,"Диагностика неисправностей,Организация безопасной эксплуатации оборудования,Контроль состояния оборудования,Настройка ПК,Техническое обслуживание",2026-01-15T14:06:19+0300,https://hh.ru/vacancy/124175341,информатика и вычислительная техника
124175342,Инженер-электроник,,,,between1And3,fullDay,full,Александровск (Пермский край),Акрон,Другое,"Диагностика неисправностей,Организация безопасной эксплуатации оборудования,Контроль состояния оборудования,Настройка ПК,Техническое обслуживание",2026-01-15T14:06:19+0300,https://hh.ru/vacancy/124175342,информатика и вычислительная техника
129519001,Старший аналитик (г. Фрязино),,,,between1And3,fullDay,full,Москва,НПП Исток им. Шокина,Аналитик,"Бизнес-анализ,Системный анализ,Аналитическое мышление,Системный подход,Оптимизация бизнес-процессов,Постановка задач разработчикам,Разработка технических заданий,Системная интеграция,SQL,UML,BPMN,REST API,JSON",2026-01-16T13:18:20+0300,https://hh.ru/vacancy/129519001,информатика и вычислительная техника
128531093,Главный экономист,,,,between3And6,fullDay,full,Нижний Новгород,Центральный банк Российской Федерации (Банк России),"Финансовый аналитик, инвестиционный аналитик",,2026-01-13T17:51:35+0300,https://hh.ru/vacancy/128531093,информатика и вычислительная техника
129505659,IT Project Manager,180000,,RUR,between1And3,fullDay,full,Санкт-Петербург,Филиал в г. Санкт-Петербург АО Концерн Радиостроения Вега,Руководитель проектов,,2026-01-16T09:58:10+0300,https://hh.ru/vacancy/129505659,информатика и вычислительная техника
129308079,"Программист-математик (САПР, Цифровой двойник)",,,,between3And6,remote,full,Москва,БЮРО 1440,"Программист, разработчик",,2026-01-12T15:37:13+0300,https://hh.ru/vacancy/129308079,информатика и вычислительная техника
123622929,Консультант отдела развития отрасли связи,40000,52000,RUR,noExperience,fullDay,full,Челябинск,Областное государственное бюджетное учреждение Челябинский региональный центр навигационно-информационных технологий,"Инженер-энергетик, инженер-электрик",,2026-01-19T11:55:27+0300,https://hh.ru/vacancy/123622929,информатика и вычислительная техника
129285951,IT-аудитор,,,,between3And6,fullDay,full,Москва,Цифровой аудит,Аудитор,,2026-01-12T12:00:36+0300,https://hh.ru/vacancy/129285951,информатика и вычислительная техника
129735614,"Специалист по эксплуатации систем управления и телеметрии ( СК ""Ангара"" )",70000,,RUR,noExperience,fullDay,full,Иркутск,АКЦИОНЕРНОЕ ОБЩЕСТВО ЦЕНТР ЭКСПЛУАТАЦИИ ОБЪЕКТОВ НАЗЕМНОЙ КОСМИЧЕСКОЙ ИНФРАСТРУКТУРЫ,Системный администратор,"Информационные технологии,Инженерные системы,Сбор и анализ информации,Техническая документация,Техническая эксплуатация",2026-01-22T08:01:48+0300,https://hh.ru/vacancy/129735614,информатика и вычислительная техника
119392324,Инженер-электроник,113000,,RUR,between3And6,fullDay,full,Екатеринбург,Уральский шинный завод,"Инженер-конструктор, инженер-проектировщик",,2026-02-10T06:08:48+0300,https://hh.ru/vacancy/119392324,электроника
129955806,Инженер-электроник,40000,55000,RUR,between1And3,fullDay,full,Барнаул,КГБУЗ АКЦПБ со СПИДом,"Инженер-электроник, инженер-электронщик",,2026-02-10T04:59:05+0300,https://hh.ru/vacancy/129955806,электроника
130288524,Электроник,80000,80000,RUR,between1And3,fullDay,full,Тюмень,Федеральная пассажирская компания (АО ФПК),"Инженер-электроник, инженер-электронщик",,2026-02-09T14:39:50+0300,https://hh.ru/vacancy/130288524,электроника
129387986,Инженер-электроник (наладчик),80000,,RUR,between1And3,fullDay,full,Иркутск,Иркутский завод тяжелого машиностроения,"Сервисный инженер, инженер-механик","Инженер,Наладчик,Электроник,Техническое обслуживание,Чтение электросхем,Монтаж оборудования,Станки ЧПУ",2026-02-10T05:19:19+0300,https://hh.ru/vacancy/129387986,электроника
130299097,Инженер-электроник,,,,between3And6,fullDay,full,Ярославль,Завод Промышленной Электроники и Спецтехники Ангстрем,"Инженер-электроник, инженер-электронщик",,2026-02-09T18:46:47+0300,https://hh.ru/vacancy/130299097,электроника
126151000,Электроник,,103900,RUR,noExperience,fullDay,full,Новосибирск,НОВОСИБИРСКИЙ СТРЕЛОЧНЫЙ ЗАВОД,"Инженер-электроник, инженер-электронщик","Пользователь ПК,Техническое обслуживание,Автоматизация технологических процессов,Автоматизация производства,Станки ЧПУ",2026-02-09T04:34:02+0300,https://hh.ru/vacancy/126151000,электроника
127947999,Инженер-электроник,,,,between3And6,fullDay,full,Москва,Российская электроника,"Инженер-электроник, инженер-электронщик",,2026-02-09T16:37:52+0300,https://hh.ru/vacancy/127947999,электроника
130295857,Инженер-электроник,60000,60000,RUR,between1And3,fullDay,full,Тула,ГУ ТО ЦЗН ТО,"Инженер-электроник, инженер-электронщик",,2026-02-09T17:00:45+0300,https://hh.ru/vacancy/130295857,электроника
127562409,Инженер-электроник,90000,,RUR,between1And3,fullDay,full,Владимир,Abi,"Инженер-конструктор, инженер-проектировщик",,2026-02-09T16:37:17+0300,https://hh.ru/vacancy/127562409,электроника
129767436,Инженер-электроник,97000,,RUR,between3And6,fullDay,full,Коломна (Московская область),"ТрансМашХолдинг, Группа компаний","Инженер-электроник, инженер-электронщик",,2026-02-09T16:28:56+0300,https://hh.ru/vacancy/129767436,электроника
129767437,Инженер-электроник,97000,,RUR,between3And6,fullDay,full,Луховицы  (Московская область),"ТрансМашХолдинг, Группа компаний","Инженер-электроник, инженер-электронщик",,2026-02-09T16:28:56+0300,https://hh.ru/vacancy/129767437,электроника
129767438,Инженер-электроник,97000,,RUR,between3And6,fullDay,full,Воскресенск (Московская область),"ТрансМашХолдинг, Группа компаний","Инженер-электроник, инженер-электронщик",,2026-02-09T16:28:56+0300,https://hh.ru/vacancy/129767438,электроника
129764215,Инженер-электроник,,,,between1And3,fullDay,full,Ростов-на-Дону,Пивоваренная компания Балтика,"Инженер-электроник, инженер-электронщик",,2026-02-09T15:33:30+0300,https://hh.ru/vacancy/129764215,электроника
118766704,Инженер электроник,,,,between1And3,fullDay,full,Москва,Московский институт электромеханики и автоматики,"Инженер-электроник, инженер-электронщик",,2026-02-09T14:27:52+0300,https://hh.ru/vacancy/118766704,электроника
130285248,Инженер-электроник,46000,100000,RUR,between3And6,fullDay,full,Сарапул,ЭЛЕКОНД,"Инженер-конструктор, инженер-проектировщик",,2026-02-09T13:40:13+0300,https://hh.ru/vacancy/130285248,электроника
96698878,"Доцент ""Схемотехника"", ""Электроника"", ""Программирование логических схем""",41000,,RUR,between3And6,fullDay,full,Омск,ФГАОУ ВО ОмГТУ,"Учитель, преподаватель, педагог","Организация учебного процесса,Грамотная речь,Творческое мышление,Желание развиваться",2026-02-10T06:07:08+0300,https://hh.ru/vacancy/96698878,электроника
129694791,Инженер-электроник,82000,,RUR,noExperience,shift,full,Владимир,Abi,Другое,,2026-02-09T11:55:02+0300,https://hh.ru/vacancy/129694791,электроника
128521753,Инженер-электроник,200000,,RUR,between1And3,fullDay,full,Москва,ПрофХолод,"Инженер-электроник, инженер-электронщик","технический английский,Навыки работы с электроприводом,программирование плк,Обслуживание оборудования,PROFINET,PROFIBUS,Чтение электросхем,Чтение пневмосхем",2026-02-09T10:30:05+0300,https://hh.ru/vacancy/128521753,электроника
128521749,Инженер-электроник,200000,,RUR,between1And3,fullDay,full,Щелково (Московская область),ПрофХолод,"Инженер-электроник, инженер-электронщик","технический английский,Навыки работы с электроприводом,программирование плк,Обслуживание оборудования,PROFINET,PROFIBUS,Чтение электросхем,Чтение пневмосхем",2026-02-09T10:30:00+0300,https://hh.ru/vacancy/128521749,электроника
126621765,Инженер-электроник,,,,between3And6,fullDay,full,Москва,"КАРАТ, Московский завод плавленых сыров","Инженер-конструктор, инженер-проектировщик",,2026-02-09T10:07:12+0300,https://hh.ru/vacancy/126621765,электроника
130296279,Инженер-электронщик,,,,moreThan6,fullDay,full,Москва,Яровит-ярь,"Инженер-электроник, инженер-электронщик",,2026-02-09T17:05:46+0300,https://hh.ru/vacancy/130296279,электроника
129971609,Инженер-электронщик,,,,between3And6,fullDay,full,Ижевск,Производственная компания ПАККА,"Инженер-электроник, инженер-электронщик","Автоматизация технологических процессов,Разработка технической документации,Пуско-наладочные работы,Диагностика неисправностей,Разработка электросхем,Разработка ПО,Разработка инструкций,программирование ПЛК,Чтение электросхем,инженер-электронщик,инженер АСУ ТП,PLC,Omron,Siemens,Mitsubishi,Delta,ТЭКО,HMI,Автоматизация,розлив,дозирование,укупорка,промывка,пусконаладка,шкаф управления,Модернизация производства",2026-02-09T16:42:14+0300,https://hh.ru/vacancy/129971609,электроника
130039464,Инженер электронщик,,200000,RUR,between3And6,fullDay,full,Москва,Московская Пивоваренная Компания,"Инженер-конструктор, инженер-проектировщик",,2026-02-09T16:37:28+0300,https://hh.ru/vacancy/130039464,электроника
115694846,Инженер-электроник,,102000,RUR,between1And3,shift,full,Тимашевск,PepsiCo,"Инженер-конструктор, инженер-проектировщик","Английский язык,Техническое обслуживание,Разработка технических заданий,Навыки составления отчетности,Схемотехника электронного оборудования,Электротехнические работы,Технический контроль производства,Чтение электросхем,Ремонтные работы",2026-02-09T09:30:42+0300,https://hh.ru/vacancy/115694846,электроника
130296380,Сервисный инженер-электроник,75000,,RUR,noExperience,fullDay,full,Саратов,Лапик,Другое,"Чтение электросхем,Выездное обслуживание,Техническое обслуживание",2026-02-09T17:07:36+0300,https://hh.ru/vacancy/130296380,электроника
130268532,Инженер-электроник,130000,171000,RUR,noExperience,fullDay,full,Москва,ГНПП РЕГИОН,"Инженер-электроник, инженер-электронщик",,2026-02-09T08:57:18+0300,https://hh.ru/vacancy/130268532,электроника
125031885,Инженер-электроник,150000,,RUR,between1And3,fullDay,full,Балашиха (Московская область),Авиационная корпорация Рубин,"Инженер-конструктор, инженер-проектировщик",,2026-02-09T08:48:24+0300,https://hh.ru/vacancy/125031885,электроника
129264565,Инженер-электроник,47700,47700,RUR,between1And3,fullDay,full,Чита,Нефтемаркет,"Инженер-электроник, инженер-электронщик","Настройка ПК,Сборка ПК,Mathcad,оформление документации,Работа в условиях многозадачности,Знание компьютера",2026-02-09T08:33:57+0300,https://hh.ru/vacancy/129264565,электроника
130135710,Инженер-электронщик,150000,250000,RUR,between3And6,fullDay,full,Москва,ИКС-Суппорт,"Инженер-электроник, инженер-электронщик","Схемотехника электронного оборудования,Сварочные работы,Чтение чертежей,Ремонтные работы",2026-02-09T15:41:01+0300,https://hh.ru/vacancy/130135710,электроника
128948414,Инженер-электроник,72000,72000,RUR,between1And3,fullDay,full,Челябинск,Челябинский цинковый завод,Другое,,2026-02-09T08:10:54+0300,https://hh.ru/vacancy/128948414,электроника
115378181,Инженер-электроник,60000,,RUR,noExperience,fullDay,full,Северск (Томская область),Гринатом,"Инженер-электроник, инженер-электронщик",,2026-02-09T08:00:55+0300,https://hh.ru/vacancy/115378181,электроника
129718872,Инженер-электронщик,,,,between3And6,flyInFlyOut,full,Тюмень,ГК ТОФС,"Инженер-электроник, инженер-электронщик","Ответственность,чтение схем,Разработка электросхем,Разработка программного обеспечения",2026-02-09T15:28:44+0300,https://hh.ru/vacancy/129718872,электроника
130249742,Инженер-электроник (схемотехник),120000,,RUR,between1And3,fullDay,full,Зеленоград,Амплитуда НТЦ,"Инженер-электроник, инженер-электронщик",Схемотехника электронного оборудования,2026-02-09T16:38:51+0300,https://hh.ru/vacancy/130249742,электроника
130290806,Инженер-электронщик,60000,100000,RUR,between3And6,fullDay,full,Димитровград,Филиал областного государственного казенного учреждения Кадровый центр Ульяновской области в городе Димитровграде,"Инженер-электроник, инженер-электронщик",,2026-02-09T15:21:48+0300,https://hh.ru/vacancy/130290806,электроника
125599853,Инженер-электроник,50666,50666,RUR,between1And3,shift,full,Ярославль,Транспорт Ярославии,Сетевой инженер,,2026-02-09T08:02:51+0300,https://hh.ru/vacancy/125599853,электроника
129763261,Инженер-электронщик,180000,,RUR,between3And6,fullDay,full,Москва,НПЦ Спектр-АТ,"Инженер-электроник, инженер-электронщик",,2026-02-09T15:15:50+0300,https://hh.ru/vacancy/129763261,электроника
124984102,Инженер-электроник,110760,110760,RUR,between1And3,fullDay,full,Томск,Артлайф,"Инженер-электроник, инженер-электронщик",,2026-02-09T07:44:49+0300,https://hh.ru/vacancy/124984102,электроника
129332771,Техник-электроник (отдел электроники и автоматизации),77000,,RUR,between1And3,shift,full,Елабуга,Елабужский Аккумуляторный Завод,"Инженер-электроник, инженер-электронщик",,2026-02-09T16:28:59+0300,https://hh.ru/vacancy/129332771,электроника
123211719,Инженер-электроник ПВС,90000,90000,RUR,between1And3,fullDay,full,Москва,Московский метрополитен,"Инженер-электроник, инженер-электронщик","Монтаж оборудования,Чтение электросхем,Диагностика неисправностей,Электромонтажные работы,Ввод оборудования в эксплуатацию,Монтаж электрооборудования,Электротехнические работы",2026-02-09T16:25:00+0300,https://hh.ru/vacancy/123211719,электроника
118232381,Техник-электроник,,,,between1And3,fullDay,full,Тольятти,КуйбышевАзот,"Инженер-электроник, инженер-электронщик",,2026-02-09T07:34:35+0300,https://hh.ru/vacancy/118232381,электроника
130289250,Инженер-электронщик,,,,noExperience,fullDay,full,Екатеринбург,Уральский оптико-механический завод,"Инженер-электроник, инженер-электронщик",Чтение электросхем,2026-02-09T14:55:45+0300,https://hh.ru/vacancy/130289250,электроника
130265282,Инженер-электроник,,,,between1And3,fullDay,full,Саратов,"Рубеж, Группа компаний","Инженер-электроник, инженер-электронщик",,2026-02-09T07:17:25+0300,https://hh.ru/vacancy/130265282,электроника
128270872,Ведущий инженер-электроник,,110000,RUR,between1And3,fullDay,full,Королев (Московская область),Тактическое ракетное вооружение,"Инженер-электроник, инженер-электронщик",,2026-02-09T15:31:26+0300,https://hh.ru/vacancy/128270872,электроника
130286896,Инженер-электронщик,120000,,RUR,between1And3,fullDay,full,Малоярославец,Агрисовгаз,"Инженер-электроник, инженер-электронщик",,2026-02-09T14:07:14+0300,https://hh.ru/vacancy/130286896,электроника
130286897,Инженер-электронщик,120000,,RUR,between1And3,fullDay,full,Обнинск,Агрисовгаз,"Инженер-электроник, инженер-электронщик",,2026-02-09T14:07:14+0300,https://hh.ru/vacancy/130286897,электроника
130286898,Инженер-электронщик,120000,,RUR,between1And3,fullDay,full,Калуга,Агрисовгаз,"Инженер-электроник, инженер-электронщик",,2026-02-09T14:07:14+0300,https://hh.ru/vacancy/130286898,электроника
129960081,Инженер - электронщик,80000,100000,RUR,noExperience,fullDay,full,Новосибирск,Дельта-Про,"Инженер-электроник, инженер-электронщик","Схемотехника электронного оборудования,Техническая документация",2026-02-09T13:15:19+0300,https://hh.ru/vacancy/129960081,электроника
129522888,Инженер-конструктор (электроник),80000,95000,RUR,between1And3,fullDay,full,Нижний Новгород,Автоэлектроконтакт новые технологии,"Инженер-конструктор, инженер-проектировщик","Altium Designer,AutoCAD,Разработка технической документации,ЕСКД,SolidWorks,Компас-3D",2026-02-09T14:21:55+0300,https://hh.ru/vacancy/129522888,электроника
130281986,Инженер-электронщик,130000,160000,RUR,between1And3,fullDay,full,Нижнекамск,Сметана Станислав Алексеевич,"Инженер-электроник, инженер-электронщик","Чтение электросхем,Чтение чертежей,АСУ ТП,Автоматизация технологических процессов,Испытания электрооборудования,Чтение электрических схем,Организация безопасной эксплуатации оборудования,Релейная защита и автоматика,Ремонт электрооборудования,Электротехнические работы,Эксплуатация электрооборудования,Техническая эксплуатация оборудования",2026-02-09T12:42:55+0300,https://hh.ru/vacancy/130281986,электроника
127463023,Инженер-электроник / инженер-электронщик,127000,,RUR,between1And3,fullDay,full,Екатеринбург,"Алабуга, ОЭЗ ППТ","Инженер-электроник, инженер-электронщик",,2026-02-09T19:25:44+0300,https://hh.ru/vacancy/127463023,электроника
127463021,Инженер-электроник / инженер-электронщик,127000,,RUR,between1And3,fullDay,full,Москва,"Алабуга, ОЭЗ ППТ","Инженер-электроник, инженер-электронщик",,2026-02-09T19:25:43+0300,https://hh.ru/vacancy/127463021,электроника
127463022,Инженер-электроник / инженер-электронщик,127000,,RUR,between1And3,fullDay,full,Казань,"Алабуга, ОЭЗ ППТ","Инженер-электроник, инженер-электронщик",,2026-02-09T19:25:43+0300,https://hh.ru/vacancy/127463022,электроника
128823695,Инженер-электронщик,55000,65000,RUR,between1And3,fullDay,full,Ярославль,Шоу-макет Золотое кольцо,"Инженер-конструктор, инженер-проектировщик","Работа в команде,Ведение отчетности,Схемотехника электронного оборудования,Многозадачность,Битрикс 24",2026-02-09T12:24:59+0300,https://hh.ru/vacancy/128823695,электроника
129471396,Инженер-электронщик,90000,90000,RUR,between3And6,fullDay,full,Иваново (Ивановская область),"Орматек, ГК","Инженер-электроник, инженер-электронщик",,2026-02-09T12:02:17+0300,https://hh.ru/vacancy/129471396,электроника
129594899,Управляющий магазином электроники,80000,,RUR,between1And3,fullDay,full,Калининград,Uniplace,"Директор магазина, директор сети магазинов","Управленческая отчетность,Обучение и развитие,Обучение персонала,Лидерство,Умение принимать решения,Активные продажи,Развитие продаж,Управление командой,Деловая коммуникация,Деловое общение,Проведение инвентаризаций,Навыки продаж,Мотивация персонала",2026-02-09T13:12:41+0300,https://hh.ru/vacancy/129594899,электроника
129586242,Инженер-электронщик,,,,moreThan6,fullDay,full,Москва,Веза,"Инженер-электроник, инженер-электронщик",,2026-02-09T11:34:18+0300,https://hh.ru/vacancy/129586242,электроника
129350100,Инженер-электронщик,110000,,RUR,between3And6,fullDay,full,Екатеринбург,Униматик,"Инженер-электроник, инженер-электронщик",,2026-02-09T11:38:31+0300,https://hh.ru/vacancy/129350100,электроника
129397733,Инженер-электронщик,,,,moreThan6,fullDay,part,Подольск (Московская область),Полипак,"Инженер-электроник, инженер-электронщик",,2026-02-09T10:53:07+0300,https://hh.ru/vacancy/129397733,электроника
130116695,Инженер-электронщик,100000,150000,RUR,noExperience,fullDay,full,Москва,ТЭС,"Инженер-электроник, инженер-электронщик","Ремонт электрооборудования,Бережливое производство,Диагностика неисправностей,Чтение электросхем,Чтение электрических схем",2026-02-09T10:12:13+0300,https://hh.ru/vacancy/130116695,электроника
126744546,Инженер-электронщик,90000,110000,RUR,between1And3,fullDay,full,Липецк,Бипласт,"Инженер-электроник, инженер-электронщик","Пользователь ПК,Настройка ПК,Сборка ПК,Техническое обслуживание,Работа в команде,Схемотехника электронного оборудования,Электротехнические работы,Умение работать в коллективе",2026-02-09T10:25:07+0300,https://hh.ru/vacancy/126744546,электроника
127007214,Инженер-электронщик,130000,,RUR,between3And6,fullDay,full,Санкт-Петербург,ММПОФ ПЭКЭДЖИНГ,"Инженер-электроник, инженер-электронщик",,2026-02-09T10:12:39+0300,https://hh.ru/vacancy/127007214,электроника
130235586,Ведущий инженер-электроник,100000,130000,RUR,between1And3,fullDay,full,Москва,ГНПП РЕГИОН,"Инженер-электроник, инженер-электронщик","AutoCAD,Разработка технической документации",2026-02-09T11:29:42+0300,https://hh.ru/vacancy/130235586,электроника
127590970,Электроник-ремонтник / специалист по ремонту электроники,115000,130000,RUR,between3And6,fullDay,full,Калуга,ОСТЕК,"Инженер-электроник, инженер-электронщик",,2026-02-09T11:13:51+0300,https://hh.ru/vacancy/127590970,электроника
129256334,Инженер-электронщик,90000,,RUR,between1And3,fullDay,full,Омск,Омский завод запорной арматуры,"Инженер-конструктор, инженер-проектировщик","электробезопасность,Ориентация на результат,сварочное производство,радио-электронная аппаратура",2026-02-09T09:52:08+0300,https://hh.ru/vacancy/129256334,электроника
118583711,Ведущий инженер-электроник,168400,,RUR,between3And6,fullDay,full,Санкт-Петербург,Вириал,"Инженер-электроник, инженер-электронщик",,2026-02-09T11:00:30+0300,https://hh.ru/vacancy/118583711,электроника
124215735,"Ломбардист (техника, электроника)",116000,,RUR,noExperience,fullDay,full,Москва,Победа Персонал,"Продавец-консультант, продавец-кассир",,2026-02-09T10:52:54+0300,https://hh.ru/vacancy/124215735,электроника
127319651,Инженер-электронщик,57000,,RUR,noExperience,fullDay,full,Казань,ТАТТЕЛЕКОМ,"Инженер-электроник, инженер-электронщик","Диагностика неисправностей,Чтение электросхем,Ремонт оборудования",2026-02-09T09:33:50+0300,https://hh.ru/vacancy/127319651,электроника
129463682,Инженер-конструктор-электронщик,70000,100000,RUR,noExperience,fullDay,full,Чебоксары,Давикон,"Инженер-электроник, инженер-электронщик","Пользователь ПК,Работа в команде,Контроль качества,оформление документации,Электроника,Желание работать и зарабатывать,Желание обучаться,Управление качеством,Разработка проектной документации",2026-02-09T17:48:43+0300,https://hh.ru/vacancy/129463682,электроника
114930615,Инженер-электронщик,,,,between1And3,fullDay,full,Санкт-Петербург,Научно-исследовательский институт точной механики (НИИ ТМ),"Инженер-электроник, инженер-электронщик",,2026-02-09T09:24:01+0300,https://hh.ru/vacancy/114930615,электроника
129498561,"Электроник, инженер КИПиА",,,,between1And3,shift,full,Владимир,Формабокс,"Инженер-электроник, инженер-электронщик","инженер КИПиА,Автоматизация и механизация производственных процессов",2026-02-09T10:22:38+0300,https://hh.ru/vacancy/129498561,электроника
122239020,Ведущий инженер - электроник,120000,,RUR,noExperience,fullDay,full,Кимры,ГосМКБ Радуга им. А.Я. Березняка,"Инженер-электроник, инженер-электронщик","Техническая эксплуатация,Техническое обслуживание,Инженерные системы,Схемотехника электронного оборудования,Контроль исправности оборудования",2026-02-09T10:38:03+0300,https://hh.ru/vacancy/122239020,электроника
119639043,Ведущий инженер-электроник,,,,between1And3,fullDay,full,Москва,"КАРАТ, Московский завод плавленых сыров","Инженер-электроник, инженер-электронщик",,2026-02-09T10:06:55+0300,https://hh.ru/vacancy/119639043,электроника
113020181,Инженер-электронщик (разработчик),,,,between3And6,fullDay,full,Москва,БВТ БАРЬЕР РУС,"Инженер-электроник, инженер-электронщик",,2026-02-09T17:13:20+0300,https://hh.ru/vacancy/113020181,электроника
129884349,Инженер - электроник (на производство),65000,,RUR,between1And3,fullDay,full,Краснодар,ГЛОНАССсофт,Разнорабочий,"Схемотехника электронного оборудования,Работа с компьютером,Быстро учусь,Электротехника,Электроника,Умение расставлять приоритеты,Знание компьютера,Умение работать в коллективе,Скрупулезность,Бесконфликтность,Ответственный подход к работе",2026-02-09T15:52:44+0300,https://hh.ru/vacancy/129884349,электроника
129765234,"Преподаватель робототехники, программирования, электроники",,,,between1And3,fullDay,part,Москва,ОУ СОШ Первая Школа,"Учитель, преподаватель, педагог","3D Моделирование,Обучение и развитие,Групповое обучение",2026-02-09T15:52:47+0300,https://hh.ru/vacancy/129765234,электроника
129329368,Инженер-электроник (ГРП),255800,,RUR,between3And6,flyInFlyOut,full,Пойковский,ФракДжет-Волга,Инженер ПНР,,2026-02-09T09:48:50+0300,https://hh.ru/vacancy/129329368,электроника
129945217,Инженер-электроник (УАММ),135080,,RUR,between1And3,fullDay,full,Москва,Конструкторское бюро КОРУНД-М,"Инженер-электроник, инженер-электронщик",,2026-02-09T09:35:45+0300,https://hh.ru/vacancy/129945217,электроника
129976126,Инженер-электроник по аналоговым схемам,,,,between3And6,fullDay,full,Санкт-Петербург,НПП Марс-Энерго,"Инженер-электроник, инженер-электронщик","Навыки составления отчетности,Умение планировать",2026-02-09T18:47:58+0300,https://hh.ru/vacancy/129976126,электроника
118768997,Инженер электроник 1 категории,,,,between3And6,fullDay,full,Москва,Московский институт электромеханики и автоматики,"Инженер-электроник, инженер-электронщик",,2026-02-09T14:27:49+0300,https://hh.ru/vacancy/118768997,электроника
129565109,Электрик-электронщик,,,,noExperience,fullDay,full,Владивосток,Владхлеб,Электромонтажник,,2026-02-09T06:20:23+0300,https://hh.ru/vacancy/129565109,электроника
126898353,Инженер-электронщик,180000,,RUR,between1And3,fullDay,full,Новосибирск,ЦЭПР,"Инженер-электроник, инженер-электронщик",,2026-02-09T06:17:30+0300,https://hh.ru/vacancy/126898353,электроника
127921465,Инженер-электронщик,80000,,RUR,between1And3,fullDay,full,Липецк,A2,"Инженер-электроник, инженер-электронщик",,2026-02-09T05:45:27+0300,https://hh.ru/vacancy/127921465,электроника
122580027,Инженер-электроник/схемотехник,100000,,RUR,between3And6,fullDay,full,Березовский (Свердловская область),ТПП Спектрон,"Инженер-электроник, инженер-электронщик","Схемотехника электронного оборудования,Аналитическое мышление,Ответственность,Чтение чертежей",2026-02-09T07:29:07+0300,https://hh.ru/vacancy/122580027,электроника
130148091,Инженер-электроник (схемотехник),113000,,RUR,between1And3,fullDay,full,Челябинск,"ТЕКО, Научно-производственная компания","Инженер-электроник, инженер-электронщик","Схемотехника электронного оборудования,Макетирование,Altium Designer,ЕСКД,Техническая документация",2026-02-09T07:03:42+0300,https://hh.ru/vacancy/130148091,электроника
129655186,Сервисный инженер-электроник (Офис),120000,,RUR,between1And3,fullDay,full,Москва,Сервисный центр Транстелематика,"Сервисный инженер, инженер-механик","Чтение электросхем,Автоматизированное рабочее место (АРМ),Пользователь ПК,Планирование карьеры,Паяльная станция,термовоздушная паяльная станция,электрическиe схемы,электро-измерительная аппаратура,мультиметр,Схемотехника электронного оборудования,Элементы",2026-02-09T12:29:34+0300,https://hh.ru/vacancy/129655186,электроника
129431303,Инженер-электроник (группа АСУТП),,,,between1And3,fullDay,full,Воронеж,Формматериалы,"Инженер-конструктор, инженер-проектировщик",,2026-02-09T12:34:51+0300,https://hh.ru/vacancy/129431303,электроника
130138104,Инженер-электроник/инженер электронной техники,90000,90000,RUR,between1And3,flexible,full,Саранск,Сарансккабель-Оптика,"Инженер-электроник, инженер-электронщик","Схемотехника электронного оборудования,Чтение электрических схем",2026-02-09T16:26:55+0300,https://hh.ru/vacancy/130138104,электроника
129375100,Продавец-консультант в магазин электроники,80000,130000,RUR,between1And3,fullDay,full,Армавир,CMstore,"Продавец-консультант, продавец-кассир","Навыки продаж,Работа в команде,Грамотная речь,Консультативные продажи,Консультирование клиентов,Пользователь ПК,Работа с клиентами,Работа с оргтехникой,Прямые продажи,Консультирование клиентов по телефону,Обслуживание покупателей",2026-02-09T16:15:00+0300,https://hh.ru/vacancy/129375100,электроника
129521869,Инженер-электроник (Ремонтная служба),63000,63440,RUR,between1And3,fullDay,full,Ярославль,РН-Маркетинг,"Инженер-электроник, инженер-электронщик",,2026-02-09T11:34:09+0300,https://hh.ru/vacancy/129521869,электроника
129723327,Инженер-электроник (Ремонтная служба),59000,62000,RUR,between1And3,fullDay,full,Шарья,РН-Маркетинг,"Инженер-электроник, инженер-электронщик",,2026-02-09T11:33:37+0300,https://hh.ru/vacancy/129723327,электроника
129347273,Старший менеджер Wildberries электроника,200000,,RUR,between3And6,fullDay,full,Москва,TopComputer,"Менеджер по маркетингу, интернет-маркетолог",,2026-02-09T11:09:26+0300,https://hh.ru/vacancy/129347273,электроника
129744975,Категорийный менеджер направления электроники,,,,between1And3,fullDay,full,Екатеринбург,Бьюти-ретейлер Золотое Яблоко,Менеджер по закупкам,"Заключение договоров,Категорийный менеджмент,Аналитика продаж,Мониторинг рынка,Работа с поставщиками",2026-02-09T10:36:40+0300,https://hh.ru/vacancy/129744975,электроника
130216532,Инженер-электроник,,105000,RUR,between1And3,fullDay,full,Москва,ГНПП РЕГИОН,"Инженер-электроник, инженер-электронщик",,2026-02-08T16:03:41+0300,https://hh.ru/vacancy/130216532,электроника
129507172,Инженер-электроник (зарядные станции),,,,between1And3,fullDay,full,Москва,Технопарк цвет,"Инженер-электроник, инженер-электронщик","Чтение электросхем,Проектирование систем электроснабжения,Нормативно-техническая документация,Выполнение технического надзора,Обращение с технической документацией,Разработка технической документации,Разработка проектной документации",2026-02-09T10:22:33+0300,https://hh.ru/vacancy/129507172,электроника
130216286,Инженер-электроник,,110000,RUR,between1And3,fullDay,full,Москва,ГНПП РЕГИОН,"Инженер-электроник, инженер-электронщик",,2026-02-08T16:00:41+0300,https://hh.ru/vacancy/130216286,электроника
130287779,Инженер-электроник / Инженер КИПиА / Радиотехник,46000,55000,RUR,noExperience,fullDay,full,Самара,Поверин Вадим,"Инженер-электроник, инженер-электронщик","Пользователь ПК,Монтаж оборудования,Электроника,Работа на высоте",2026-02-09T14:24:22+0300,https://hh.ru/vacancy/130287779,электроника
92426143,Инженер-электронщик ( программирование микроконтроллеров ),,,,between3And6,fullDay,full,Москва,БВТ БАРЬЕР РУС,"Программист, разработчик",,2026-02-09T17:13:20+0300,https://hh.ru/vacancy/92426143,электроника
130260931,Инженер-электроник,70000,,RUR,between1And3,fullDay,full,Ковров,ВНИИ Сигнал,"Инженер-электроник, инженер-электронщик",,2026-02-08T15:53:02+0300,https://hh.ru/vacancy/130260931,электроника
129476607,Инженер-электроник,90000,,RUR,between1And3,fullDay,full,Москва,Сервисный центр лифтового хозяйства,"Инженер-конструктор, инженер-проектировщик",,2026-02-08T15:04:14+0300,https://hh.ru/vacancy/129476607,электроника
129272036,Инженер-электроник (оборудование ЧПУ),80000,,RUR,between1And3,fullDay,full,Нижний Новгород,"Буревестник, АО ЦНИИ","Инженер-электроник, инженер-электронщик",,2026-02-09T09:52:22+0300,https://hh.ru/vacancy/129272036,электроника
130048689,Инженер-электроник,90000,120000,RUR,moreThan6,fullDay,full,Геленджик,ABC Lighting,"Инженер-электроник, инженер-электронщик","Схемотехника электронного оборудования,Диагностика неисправностей,Чтение электрических схем",2026-02-08T15:08:22+0300,https://hh.ru/vacancy/130048689,электроника
104057044,Менеджер проектов (разработка электроники),,,,between1And3,fullDay,full,Москва,НВП «Болид»,Руководитель проектов,Руководство проектами,2026-02-09T09:22:36+0300,https://hh.ru/vacancy/104057044,электроника
130269988,Автокурьер электроники и аксессуаров,142000,195000,RUR,noExperience,fullDay,part,Москва,Скареднов Иван Андреевич,Курьер,"Ответственность,Курьерская доставка,Работоспособность,Пунктуальность,Исполнительность,Ориентация по карте,Стрессоустойчивость,Целеустремленность",2026-02-09T09:24:40+0300,https://hh.ru/vacancy/130269988,электроника
129306113,Ведущий инженер разработчик электроники,,,,between1And3,fullDay,full,Москва,Калашников,"Инженер-электроник, инженер-электронщик","Altium Designer,SolidWorks,Компас 3D,Atlassian Jira,Atlassian Confluence",2026-02-09T09:17:47+0300,https://hh.ru/vacancy/129306113,электроника
129618345,Инженер-электронщик (cхемотехник/программист микроконтроллеров),,300000,RUR,between3And6,fullDay,full,Москва,Волга,"Инженер-электроник, инженер-электронщик","KiCAD,Знание микроконтроллеров STM32,Владение средой разработки программного кода IAR,БПЛА",2026-02-09T20:30:45+0300,https://hh.ru/vacancy/129618345,электроника
129921860,Инженер-электроник,89700,101660,RUR,between3And6,fullDay,full,Улан-Удэ,Программный Инжиниринг и Технологии,Сетевой инженер,"Офисная техника,Администрирование,Adobe Acrobat,Adobe Reader,MS Dos",2026-02-08T14:23:11+0300,https://hh.ru/vacancy/129921860,электроника
129585117,Электронщик/ Сервисный инженер,70000,,RUR,between1And3,fullDay,full,Кемерово,Восхождение,"Мастер по ремонту оборудования, техники",,2026-02-09T10:15:56+0300,https://hh.ru/vacancy/129585117,электроника
130231859,Инженер КИПиА (электронщик),100000,120000,RUR,between3And6,fullDay,full,Новосибирск,Альфа Инжиниринг,"Инженер-электроник, инженер-электронщик","Монтаж электрошкафов,Промышленные контроллеры,Частотные преобразователи,Работа со слесарным инструментом",2026-02-09T10:13:44+0300,https://hh.ru/vacancy/130231859,электроника
129157068,Ведущий инженер-электронщик,85000,125000,RUR,between3And6,fullDay,full,Екатеринбург,Пумори-энергия,"Инженер-электроник, инженер-электронщик",,2026-02-09T10:00:39+0300,https://hh.ru/vacancy/129157068,электроника
129769719,Продавец-консультант в магазин электроники Geekchoice,70000,160000,RUR,between1And3,shift,full,Белгород,Гришковей Григорий Александрович,"Продавец-консультант, продавец-кассир","Активные продажи,Грамотная речь,Прямые продажи,Консультативные продажи",2026-02-09T17:24:21+0300,https://hh.ru/vacancy/129769719,электроника
130262754,Инженер-электроник АСУТП,86000,,RUR,between1And3,fullDay,full,Комсомольск-на-Амуре,РН-Комсомольский НПЗ,"Инженер-конструктор, инженер-проектировщик",,2026-02-09T01:37:47+0300,https://hh.ru/vacancy/130262754,электроника
130262755,Инженер-электроник АСУТП,86000,,RUR,between1And3,fullDay,full,Хабаровск,РН-Комсомольский НПЗ,"Инженер-конструктор, инженер-проектировщик",,2026-02-09T01:37:47+0300,https://hh.ru/vacancy/130262755,электроника
130262756,Инженер-электроник АСУТП,86000,,RUR,between1And3,fullDay,full,Иркутск,РН-Комсомольский НПЗ,"Инженер-конструктор, инженер-проектировщик",,2026-02-09T01:37:47+0300,https://hh.ru/vacancy/130262756,электроника
129025453,Ведущий инженер (электронщик),,,,between3And6,fullDay,full,Санкт-Петербург,Научно-исследовательский институт точной механики (НИИ ТМ),"Инженер-конструктор, инженер-проектировщик",,2026-02-09T09:24:01+0300,https://hh.ru/vacancy/129025453,электроника
123016295,Ведущий инженер-электроник (схемотехник),140000,,RUR,between3And6,fullDay,full,Нижний Новгород,"Буревестник, АО ЦНИИ","Инженер-электроник, инженер-электронщик",,2026-02-09T08:05:22+0300,https://hh.ru/vacancy/123016295,электроника
126797162,Специалист по оценке техники и электроники,120000,180000,RUR,noExperience,fullDay,full,Москва,Победа Персонал,Другое,"Агрессивные продажи,Сопровождение клиентов,Работа с возражениями,Ведение переговоров,Консультативные продажи,Диагностика неисправностей",2026-02-09T16:38:22+0300,https://hh.ru/vacancy/126797162,электроника
129940320,Мастер по ремонту электроники,50000,200000,RUR,between3And6,fullDay,full,Новосибирск,СпецСервис54,"Сервисный инженер, инженер-механик","Ремонт электроники,Знание программного обеспечения,Ремонт измерительного оборудования,Пайка,Работа с ПО,Программирование,Работа с клиентами,Работа с документацией",2026-02-09T07:38:29+0300,https://hh.ru/vacancy/129940320,электроника
127097029,Менеджер (оптовые продажи электроники),70000,70000,RUR,between1And3,fullDay,full,Симферополь,Патрон Сервис Крым,"Менеджер по продажам, менеджер по работе с клиентами",,2026-02-09T07:58:57+0300,https://hh.ru/vacancy/127097029,электроника
127784018,Инженер-электронщик (программист),200000,,RUR,between3And6,fullDay,full,Казань,ГК Аванти,"Инженер-электроник, инженер-электронщик",,2026-02-09T09:07:15+0300,https://hh.ru/vacancy/127784018,электроника
128128190,Слесарь КИПиА (электронщик),,95000,RUR,between1And3,shift,full,Ростов-на-Дону,Европласт-Дон,"Слесарь, сантехник","КИПиА,Энергетика,Чтение электросхем,Электрические системы и слаботочные системы,до 1000 Вт,электросхема",2026-02-09T08:59:48+0300,https://hh.ru/vacancy/128128190,электроника
129750463,Ведущий менеджер по маркетплейсам (электроника),130000,200000,RUR,between1And3,fullDay,full,Москва,Манн-Рудницкая Екатерина Геннадьевна,"Менеджер по продажам, менеджер по работе с клиентами","Аналитика маркетплейсов,Инструменты маркетплейсов,1С,Работа с CRM,Конкурентная аналитика,Сводные таблицы,Маркетплейсы,Работа с большим объемом информации,Анализ продаж",2026-02-09T11:54:51+0300,https://hh.ru/vacancy/129750463,электроника
130000911,Инженер-электроник,,120000,RUR,between1And3,fullDay,full,Долгопрудный (Московская область),Многопрофильное Производственное предприятие,"Инженер-электроник, инженер-электронщик","Станки ЧПУ,Умение читать чертежи,Разработка 3D-моделей",2026-02-08T10:41:33+0300,https://hh.ru/vacancy/130000911,электроника
129511966,"Продакт-менеджер (компьютерная периферия, электроника)",,,,moreThan6,fullDay,full,Москва,БИЗНЕС-ФАБРИКА,Товаровед,"Английский язык,Ведение переговоров,Анализ рынка,Товароведение",2026-02-09T11:31:58+0300,https://hh.ru/vacancy/129511966,электроника
117576540,Ведущий инженер-схемотехник (силовая электроника),100000,200000,RUR,between3And6,fullDay,full,Санкт-Петербург,ТМХ ТМ,"Инженер-электроник, инженер-электронщик",,2026-02-09T11:29:18+0300,https://hh.ru/vacancy/117576540,электроника
129693089,Инженер-электроник,,,,between1And3,fullDay,full,Выборг,ЭвоКом,"Инженер-электроник, инженер-электронщик",,2026-02-08T10:09:24+0300,https://hh.ru/vacancy/129693089,электроника
129561888,Инженер-электроник (Советский район),100000,,RUR,noExperience,fullDay,full,Новосибирск,НПО Цифровые регуляторы,"Инженер-электроник, инженер-электронщик",,2026-02-09T05:58:09+0300,https://hh.ru/vacancy/129561888,электроника
129580335,Инженер выходного контроля производства (электроника),,220000,RUR,between3And6,fullDay,full,Долгопрудный (Московская область),Wiren Board,Инженер по качеству,"Контроль качества,Linux,Python",2026-02-09T10:37:59+0300,https://hh.ru/vacancy/129580335,электроника
129580240,Инженер выходного контроля производства (электроника),,220000,RUR,between3And6,fullDay,full,Москва,Wiren Board,Инженер по качеству,"Контроль качества,Linux,Python",2026-02-09T10:37:18+0300,https://hh.ru/vacancy/129580240,электроника
127219430,Ведущий инженер-схемотехник (силовая электроника),,,,between3And6,fullDay,full,Зеленоград,НПЦ НИИ Микроприборов,"Инженер-электроник, инженер-электронщик","Чтение электрических схем,Разработка электросхем,Разработка технической документации,Испытания электрооборудования",2026-02-09T10:06:27+0300,https://hh.ru/vacancy/127219430,электроника
127219432,Ведущий инженер-схемотехник (силовая электроника),,,,between3And6,fullDay,full,Москва,НПЦ НИИ Микроприборов,"Инженер-электроник, инженер-электронщик","Чтение электрических схем,Разработка электросхем,Разработка технической документации,Испытания электрооборудования",2026-02-09T10:06:20+0300,https://hh.ru/vacancy/127219432,электроника
129685760,Инженер-электроник,,,,between1And3,fullDay,full,Волгодонск,"АЭМ-технологии, Инжиниринговая компания",Другое,,2026-02-08T08:22:05+0300,https://hh.ru/vacancy/129685760,электроника
129359942,Продавец-консультант умной техники и электроники,100000,,RUR,between3And6,shift,full,Томск,2droida,"Продавец-консультант, продавец-кассир","Клиентоориентированность,Интерес к сфере электроники,Выявление потребностей,Работа в команде",2026-02-09T13:21:51+0300,https://hh.ru/vacancy/129359942,электроника
129334898,Сервисный инженер (ремонт инверторной электроники),150000,250000,RUR,between1And3,fullDay,full,Москва,КЕДР,"Инженер-электроник, инженер-электронщик","Схемотехника электронного оборудования,Диагностика,Электротехника,умение читать электрические схемы,ремонт сварочного оборудования,ремонт на компонентном уровне,ремонт инверторов",2026-02-09T09:21:37+0300,https://hh.ru/vacancy/129334898,электроника
128654009,Инженер-электроник,,,,between3And6,flyInFlyOut,full,Новосибирск,АРЕАЛ,"Инженер-электроник, инженер-электронщик",,2026-02-08T07:10:52+0300,https://hh.ru/vacancy/128654009,электроника
129301543,Начальник отдела разработки электроники ОКБ,,,,moreThan6,fullDay,full,Москва,Калашников,"Инженер-конструктор, инженер-проектировщик","Altium Designer,SolidWorks,Компас 3D,Atlassian Jira,Atlassian Confluence,Gitlab",2026-02-09T09:17:43+0300,https://hh.ru/vacancy/129301543,электроника
130015271,Руководитель по маркетингу (E-commerce / Электроника),,500000,RUR,moreThan6,fullDay,full,Москва,Аликсон,Директор по маркетингу и PR (CMO),"E-Commerce,Маркетинговый анализ,Бюджетирование,Digital Marketing,Планирование маркетинговых кампаний,Стратегия Развития,Руководство коллективом",2026-02-09T12:52:15+0300,https://hh.ru/vacancy/130015271,электроника
130293276,Инженер-электронщик (поверитель средств измерений),,,,between3And6,fullDay,full,Екатеринбург,Инженерный экологический центр Диагностика,"Инженер-электроник, инженер-электронщик","Техническое обслуживание,3 группа по электробезопасности,Мобильность,Ремонтные работы,КИПиА",2026-02-09T16:09:12+0300,https://hh.ru/vacancy/130293276,электроника
125115664,Ведущий инженер-схемотехник (аналоговая электроника),,,,between3And6,fullDay,full,Иваново (Ивановская область),Нейрософт,"Инженер-электроник, инженер-электронщик","Altium Designer,LTSpiсe,аналоговая схемотехника",2026-02-09T08:42:26+0300,https://hh.ru/vacancy/125115664,электроника
126384540,Ведущий инженер-электроник (автоматизация производства),,,,between3And6,fullDay,full,Иваново (Ивановская область),Нейрософт,"Инженер-электроник, инженер-электронщик","Автоматизированное тестирование,Altium Designer,LTSpiсe,C,аналоговая схемотехника,цифровая схемотехника",2026-02-09T08:42:32+0300,https://hh.ru/vacancy/126384540,электроника
128735204,Заместитель руководителя отдела радиоэлектроники / Ведущий инженер-электроник,180000,,RUR,moreThan6,fullDay,full,Санкт-Петербург,Анвиком,"Инженер-электроник, инженер-электронщик","разработка радиоэлектронных систем,Руководство коллективом,Управление ресурсами,Altium Designer",2026-02-09T15:54:50+0300,https://hh.ru/vacancy/128735204,электроника
130292467,Инженер-электронщик Участка телеметрических систем,85000,115000,RUR,noExperience,fullDay,full,Уфа,"БУРИНТЕХ, НПП",Инженер ПНР,,2026-02-09T15:54:29+0300,https://hh.ru/vacancy/130292467,электроника
129929528,Инженер-электронщик,120000,120000,RUR,between1And3,shift,full,Казань,Смайл Парк,"Инженер-электроник, инженер-электронщик","Схемотехника электронного оборудования,Диагностика неисправностей,Закупка оборудования,Контроль состояния оборудования",2026-02-08T16:38:36+0300,https://hh.ru/vacancy/129929528,электроника
129602835,"Инженер-электронщик (разработка DECT, радиооборудование)",150000,220000,RUR,moreThan6,fullDay,full,Санкт-Петербург,Тракт,"Инженер-электроник, инженер-электронщик","Разработка электросхем,Схемотехника электронного оборудования,Микроконтроллеры,DECT,Altium Designer,ЕСКД",2026-02-09T14:55:02+0300,https://hh.ru/vacancy/129602835,электроника
107286931,Старший Инженер-электронщик (схемотехник),,,,between1And3,fullDay,full,Санкт-Петербург,"Электрон, НИПК","Инженер-электроник, инженер-электронщик","AltiumDesigner,Or-CAD,Программирование микроконтроллеров,Контрольно-измерительное оборудование",2026-02-09T10:27:45+0300,https://hh.ru/vacancy/107286931,электроника
129717687,Инженер-электронщик,60000,,RUR,between1And3,fullDay,full,Иваново (Ивановская область),Филиал ДжиЭс медикал сервис,"Инженер-электроник, инженер-электронщик","Ремонт электрооборудования,Диагностика неисправностей,Эксплуатация электрооборудования,Организация безопасной эксплуатации оборудования",2026-02-08T15:28:00+0300,https://hh.ru/vacancy/129717687,электроника
121853261,Продавец-консультант электроники,112500,,RUR,noExperience,fullDay,full,Москва,Победа Персонал,"Продавец-консультант, продавец-кассир",,2026-02-08T17:20:54+0300,https://hh.ru/vacancy/121853261,электроника
130287103,Мастер по ремонту электроники/инженер сервисного центра,110000,120000,RUR,between1And3,fullDay,full,Санкт-Петербург,ГК ВИЗАВИ Консалт,"Сервисный инженер, инженер-механик","Модульный ремонт техники,Ремонт цифровой техники,Диагностика неисправностей,Пайка",2026-02-09T14:10:47+0300,https://hh.ru/vacancy/130287103,электроника
129314686,Инженер-электроник/разработчик,,,,between3And6,fullDay,full,Санкт-Петербург,Кравт,"Инженер-электроник, инженер-электронщик","Altium Designer,Цифровая-схемотехника,Аналоговая схемотехника,Работа в команде,Электроника,Английский — A2 — Элементарный",2026-02-08T16:53:01+0300,https://hh.ru/vacancy/129314686,электроника
76595173,Инженер-электронщик (начинающий специалист),100000,,RUR,noExperience,fullDay,full,Ростов-на-Дону,"САРМАТ, НПП","Инженер-конструктор, инженер-проектировщик","Пользователь ПК,Техническое обслуживание,Контроль исправности оборудования",2026-02-09T09:46:00+0300,https://hh.ru/vacancy/76595173,электроника
128999902,Менеджер по продажам услуг производства электроники,,,,between1And3,fullDay,full,Санкт-Петербург,GS Group,"Менеджер по продажам, менеджер по работе с клиентами","Активные продажи,Телефонные переговоры,Деловое общение,Теплые продажи,Анализ конкурентной среды,Холодные продажи,Консультирование клиентов,Поиск и привлечение клиентов,Подготовка коммерческих предложений,Планирование продаж,Заключение договоров,Работа с CRM,Стратегия продаж,Выявление потребностей,Работа на выставках,Мониторинг рынка,Оптимизация воронки продаж,Прогнозирование продаж,Деловая переписка,Битрикс24,Установление контакта",2026-02-09T11:09:26+0300,https://hh.ru/vacancy/128999902,электроника
130270512,Инженер - схемотехник / Инженер - электронщик,,,,between1And3,fullDay,full,Москва,ОКБ Аэрокосмические системы,"Инженер-электроник, инженер-электронщик",,2026-02-09T09:33:14+0300,https://hh.ru/vacancy/130270512,электроника
129970713,Инженер-электронщик (электроник) со знанием контроллеров Allen Bradley,250000,250000,RUR,between3And6,fullDay,full,Санкт-Петербург,ЭСАБ-СВЭЛ,"Инженер-электроник, инженер-электронщик","Ввод оборудования в эксплуатацию,Чтение чертежей,Организация безопасной эксплуатации оборудования,Контроль состояния оборудования,Чтение электрических схем,Нормативно-техническая документация,Программирование промышленных контроллеров,Разработка программ автоматизации оборудования,Работа с преобразователями частоты,АСУТП",2026-02-09T16:25:59+0300,https://hh.ru/vacancy/129970713,электроника
130284491,Инженер-электронщик / Специалист по ремонту промышленной электроники,110000,180000,RUR,between3And6,fullDay,full,Санкт-Петербург,Маляренко Даниил Валерьевич,"Инженер-электроник, инженер-электронщик","Схемотехника электронного оборудования,Чтение электросхем,Чтение электрических схем,Диагностика неисправностей,Ремонт электрооборудования,Станки ЧПУ",2026-02-09T13:24:26+0300,https://hh.ru/vacancy/130284491,электроника
128555729,Ведущий инженер-электроник группы станочного оборудования,110000,,RUR,between1And3,fullDay,full,Санкт-Петербург,НИИЭФА им. Д.В. Ефремова,"Инженер-электроник, инженер-электронщик",,2026-02-09T10:14:54+0300,https://hh.ru/vacancy/128555729,электроника
112070839,Инженер-электронщик (инженерно-техническая служба),,,,between3And6,fullDay,full,Балашиха (Московская область),НИИИ,"Инженер-конструктор, инженер-проектировщик","AutoCAD,Техническая документация,Навыки составления отчетности,Разработка инструкций,Техническая грамотность,Эксплуатация и техническое обсуживание оборудования,Разработка перспективных планов,Разработка текущих планов (графиков) работы",2026-02-09T13:20:25+0300,https://hh.ru/vacancy/112070839,электроника
126948384,Ведущий инженер-электроник отдела главного механика,101469,,RUR,between1And3,fullDay,full,Щекино,Газэнергосервис,"Инженер-электроник, инженер-электронщик",,2026-02-09T09:44:06+0300,https://hh.ru/vacancy/126948384,электроника
129698571,"Инженер-электронщик (Пензенская область, г. Белинский)",170000,,RUR,between1And3,fullDay,full,Ульяновск,ANCOR,"Инженер-электроник, инженер-электронщик","Схемотехника электронного оборудования,Диагностика неисправностей,Автоматизация технологических процессов,Техническое обслуживание,Чтение электрических схем,Ремонт электрооборудования,Обращение с технической документацией,Обслуживание электрооборудования,Эксплуатация электрооборудования",2026-02-09T16:45:07+0300,https://hh.ru/vacancy/129698571,электроника
129698570,"Инженер-электронщик (Пензенская область, г. Белинский)",170000,,RUR,between1And3,fullDay,full,Саранск,ANCOR,"Инженер-электроник, инженер-электронщик","Схемотехника электронного оборудования,Диагностика неисправностей,Автоматизация технологических процессов,Техническое обслуживание,Чтение электрических схем,Ремонт электрооборудования,Обращение с технической документацией,Обслуживание электрооборудования,Эксплуатация электрооборудования",2026-02-09T16:44:33+0300,https://hh.ru/vacancy/129698570,электроника
129698569,"Инженер-электронщик (Пензенская область, г. Белинский)",170000,,RUR,between1And3,fullDay,full,Саратов,ANCOR,"Инженер-электроник, инженер-электронщик","Схемотехника электронного оборудования,Диагностика неисправностей,Автоматизация технологических процессов,Техническое обслуживание,Чтение электрических схем,Ремонт электрооборудования,Обращение с технической документацией,Обслуживание электрооборудования,Эксплуатация электрооборудования",2026-02-09T16:43:54+0300,https://hh.ru/vacancy/129698569,электроника
129696605,"Инженер-электронщик (Пензенская область, г. Белинский)",170000,,RUR,between1And3,fullDay,full,Тамбов,ANCOR,"Инженер-электроник, инженер-электронщик","Контроль состояния оборудования,Диагностика неисправностей,Чтение электросхем,АСУ ТП,Автоматизация технологических процессов,Чтение электрических схем,Ремонт электрооборудования,Нормативно-техническая документация,Электротехнические работы,Обслуживание электрооборудования,Эксплуатация электрооборудования",2026-02-09T16:43:17+0300,https://hh.ru/vacancy/129696605,электроника
115525957,Ведущий инженер-схемотехник /Ведущий инженер-электроник,199000,199000,RUR,moreThan6,fullDay,full,Санкт-Петербург,ПО Элтехника,"Инженер-электроник, инженер-электронщик","Altium Desinger,Cortex,STM32,HMI",2026-02-09T09:23:41+0300,https://hh.ru/vacancy/115525957,электроника
130113585,Директор салона бытовой техники и электроники,90000,,RUR,between1And3,fullDay,full,Пыть-Ях,RBT.ru,"Директор магазина, директор сети магазинов",,2026-02-09T09:22:56+0300,https://hh.ru/vacancy/130113585,электроника
129298779,Ведущий инженер-электроник,,,,between3And6,fullDay,full,Москва,КБ НАВИС,"Инженер-электроник, инженер-электронщик","Деловая переписка,ЕСКД,ГОСТ",2026-02-08T14:04:31+0300,https://hh.ru/vacancy/129298779,электроника
126607599,Старший инженер по эксплуатации промышленной электроники,,,,between3And6,fullDay,full,Москва,Кондитерско-булочный комбинат Черёмушки,"Инженер-электроник, инженер-электронщик","Техническая эксплуатация,Техническое обслуживание,Разработка технической документации,Контроль исправности оборудования,Ремонт оборудования,Техническое обслуживание оборудования,Поверка контрольно-измерительных приборов",2026-02-09T08:50:52+0300,https://hh.ru/vacancy/126607599,электроника
128949810,Инженер-электроник ГРП,343000,420000,RUR,between3And6,flyInFlyOut,full,Сургут,Пакер Сервис,"Инженер-электроник, инженер-электронщик",,2026-02-08T13:46:59+0300,https://hh.ru/vacancy/128949810,электроника
129918209,Инженер-разработчик электроники,150000,250000,RUR,between3And6,fullDay,full,Балашиха (Московская область),Саблайн Сервис,"Инженер-электроник, инженер-электронщик","STM32,STM8,Разработка встроенного ПО,Программирование микроконтроллеров,Embedded-разработчик,C/C++,Keil",2026-02-08T13:21:03+0300,https://hh.ru/vacancy/129918209,электроника
128909409,Инженер КИПиА/Инженер-электроник промышленного оборудования,106000,126000,RUR,between1And3,shift,full,Челябинск,Модерн Гласс,"Инженер-электроник, инженер-электронщик",,2026-02-09T08:15:06+0300,https://hh.ru/vacancy/128909409,электроника
129799837,Инженер-электроник I категории,70000,,RUR,between1And3,fullDay,full,Владимир,Владимирский хлебокомбинат,"Инженер-электроник, инженер-электронщик",,2026-02-08T21:02:12+0300,https://hh.ru/vacancy/129799837,электроника
129911632,Сервисный инженер - электроник,,99000,RUR,between1And3,fullDay,full,Екатеринбург,"УМС РУС, представительство CAME в России","Инженер-электроник, инженер-электронщик","Пользователь ПК,Работа в команде,Работа с оргтехникой,Internet,Исполнение личных поручений руководителя,Local IP access networks,TCP/IP,пайка,Английский язык,Домофония",2026-02-08T11:32:58+0300,https://hh.ru/vacancy/129911632,электроника
130262009,Менеджер по продажам электроники,150000,,RUR,noExperience,fullDay,full,Москва,Заложных Никита Олегович,Другое,"Активные продажи,Консультирование клиентов,Построение воронки продаж,Телефонные переговоры,Стратегия продаж,Анализ конкурентной среды,Интернет-маркетинг,Планирование продаж",2026-02-08T20:09:37+0300,https://hh.ru/vacancy/130262009,электроника
130245755,"Специалист по оптовым закупкам товаров (Б\у электроника, электроинструмент)",250000,,RUR,between1And3,remote,full,Новосибирск,Федеральная сеть комиссионных магазинов SMart,Менеджер по закупкам,"Закупки,B2B Продажи,Работа с ТМЦ,Анализ рынка,Ведение переговоров,Деловая коммуникация,Логистика поставок,Заключение договоров,Мониторинг цен,Контроль поставок,Документальное сопровождение,Аналитическое мышление,Деловое общение,Планирование закупок,Битрикс24,Навыки переговоров",2026-02-09T15:09:47+0300,https://hh.ru/vacancy/130245755,электроника
130071192,Инженер-электронщик,115000,115000,RUR,between1And3,fullDay,full,Тольятти,Энергосервис,"Инженер-электроник, инженер-электронщик",,2026-02-08T08:29:03+0300,https://hh.ru/vacancy/130071192,электроника
129257838,Инженер-электронщик,80000,110000,RUR,between1And3,fullDay,full,Омск,компания Медтехсервис,"Инженер-электроник, инженер-электронщик",,2026-02-08T06:57:51+0300,https://hh.ru/vacancy/129257838,электроника
125272603,Ведущий инженер-электроник/схемотехник (разработка звуковой аппаратуры),,,,between3And6,fullDay,full,Иваново (Ивановская область),Нейрософт,"Инженер-электроник, инженер-электронщик","электроника,Схемотехника электронного оборудования,C/C++,Акустика,гарнитура,Altium Designer,Усилители звуковой частоты,аналоговая схемотехника,цифровая схемотехника",2026-02-09T08:42:29+0300,https://hh.ru/vacancy/125272603,электроника
129765587,Менеджер по продажам в сервисный центр (ремонт техники и электроники),150000,,RUR,between1And3,fullDay,full,Москва,VECTOR-TECH,"Сервисный инженер, инженер-механик",,2026-02-09T15:58:35+0300,https://hh.ru/vacancy/129765587,электроника
129566628,Инженер-электронщик / Сборщик промышленных ЭВМ,120000,170000,RUR,between3And6,fullDay,full,Москва,"Технические системы-сервис, качество и надежность","Инженер-электроник, инженер-электронщик","Ремонт ПК,Сборка ПК",2026-02-09T08:23:31+0300,https://hh.ru/vacancy/129566628,электроника
129663191,Инженер-электроник,,70000,RUR,noExperience,fullDay,full,Москва,Кейт Медиа,"Инженер-электроник, инженер-электронщик","Чтение электросхем,Диагностика неисправностей,Испытания электрооборудования",2026-02-07T15:29:51+0300,https://hh.ru/vacancy/129663191,электроника
129881106,Инженер-электроник,60000,,RUR,between1And3,fullDay,full,Тюмень,Научно-производственное объединение ГеоМаш,"Инженер-конструктор, инженер-проектировщик","Пользователь ПК,Схемотехника электронного оборудования,Английский язык,оформление документации,Техническая документация",2026-02-07T15:07:49+0300,https://hh.ru/vacancy/129881106,электроника
129508557,"Инженер-электроник (радиоинженер, инженер в отдел технического обеспечения)",,160000,RUR,between1And3,fullDay,full,Москва,Сварог,"Инженер-электроник, инженер-электронщик",,2026-02-09T10:43:14+0300,https://hh.ru/vacancy/129508557,электроника
129350833,Начинающий инженер-робототехник / инженер-электронщик (кофестанции),,120000,RUR,noExperience,fullDay,full,Москва,Мамаева Ирина Анатольевна,"Мастер по ремонту оборудования, техники","Linux,KiCad,Проведение испытаний,Тестирование,Техническая документация,Измерительное оборудование,Владение электроинструментом,робототехника,Техническое обслуживание,Пуско-наладочные работы,Сборка ПК",2026-02-09T11:45:19+0300,https://hh.ru/vacancy/129350833,электроника
129323216,Менеджер по продажам (автомобильная электроника),160000,,RUR,noExperience,fullDay,full,Москва,ТЭК электроникс,"Менеджер по продажам, менеджер по работе с клиентами","B2B Продажи,Ведение переговоров,Деловая переписка,Организаторские навыки,Заключение договоров,Проведение презентаций,Активные продажи,Поиск и привлечение клиентов,1С: Предприятие 8,Автомобильный бизнес,Дистрибуция",2026-02-08T22:53:35+0300,https://hh.ru/vacancy/129323216,электроника
129682462,Инженер АСУ (электроник),90000,,RUR,between1And3,fullDay,full,Челябинск,Фабрика ЮжУралКартон,"Инженер-электроник, инженер-электронщик","Техническое обслуживание,Организационные навыки",2026-02-08T06:42:41+0300,https://hh.ru/vacancy/129682462,электроника
129868317,Специалист сервисного центра по ремонту электроники и телематического оборудования,130000,,RUR,between1And3,fullDay,full,Санкт-Петербург,Сервисный центр Транстелематика,"Инженер-электроник, инженер-электронщик","электрическиe схемы,паяльное оборудование,паяльная станция,BGA,мультиметр,Ремонт оборудования,видеонаблюдение,ремонт электроники,Ремонт цифровой техники,Диагностика неисправностей",2026-02-09T12:29:27+0300,https://hh.ru/vacancy/129868317,электроника
130256774,Инженер-электроник,187000,,RUR,between1And3,shift,full,Набережные Челны,КамаПэк,"Инженер-электроник, инженер-электронщик","Уверенный пользователь ПК,Знание основ электротехники, электроники, радиотехники,Схемотехника электронного оборудования",2026-02-07T13:08:34+0300,https://hh.ru/vacancy/130256774,электроника
130256775,Инженер-электроник,187000,,RUR,between1And3,shift,full,Елабуга,КамаПэк,"Инженер-электроник, инженер-электронщик","Уверенный пользователь ПК,Знание основ электротехники, электроники, радиотехники,Схемотехника электронного оборудования",2026-02-07T13:08:34+0300,https://hh.ru/vacancy/130256775,электроника
129502915,Наладчик технологического оборудования (электронная техника) (инженер-электронщик),90000,,RUR,between1And3,fullDay,full,Екатеринбург,Уральский завод РТИ,"Инженер-электроник, инженер-электронщик",,2026-02-09T14:22:22+0300,https://hh.ru/vacancy/129502915,электроника
126523298,Менеджер по кредитованию (магазин электроники и бытовой техники),30000,35000,RUR,noExperience,fullDay,full,Пермь,ДИРЕКТ ТЕХ,Кредитный специалист,,2026-02-09T09:57:37+0300,https://hh.ru/vacancy/126523298,электроника
126523727,Менеджер по кредитованию (магазин электроники и бытовой техники),35000,50000,RUR,noExperience,fullDay,full,Казань,ДИРЕКТ ТЕХ,Кредитный специалист,,2026-02-09T09:57:37+0300,https://hh.ru/vacancy/126523727,электроника
129300975,Менеджер по кредитованию (магазин электроники и бытовой техники),30000,50000,RUR,noExperience,fullDay,full,Нефтекамск,ДИРЕКТ ТЕХ,Кредитный специалист,"Активные продажи,Навыки продаж,Точность и внимательность к деталям,Прямые продажи",2026-02-09T09:57:37+0300,https://hh.ru/vacancy/129300975,электроника
130158545,Менеджер по кредитованию (магазин электроники и бытовой техники),30000,35000,RUR,noExperience,fullDay,full,Киров (Кировская область),ДИРЕКТ ТЕХ,Кредитный специалист,"Активные продажи,Навыки продаж,Точность и внимательность к деталям,Прямые продажи",2026-02-09T09:57:37+0300,https://hh.ru/vacancy/130158545,электроника
126316598,Менеджер по кредитованию (магазин электроники и бытовой техники),25000,35000,RUR,noExperience,flexible,full,Ижевск,ДИРЕКТ ТЕХ,Кредитный специалист,"Активные продажи,Навыки продаж,Точность и внимательность к деталям,Прямые продажи",2026-02-09T09:57:36+0300,https://hh.ru/vacancy/126316598,электроника
129866071,ИНЖЕНЕР-ЭЛЕКТРОНИК,150000,,RUR,between3And6,fullDay,full,Москва,ЗАВОД АРМАТУРНЫХ ИЗДЕЛИЙ И КОНСТРУКЦИЙ АРМИКОН,"Инженер-электроник, инженер-электронщик",,2026-02-07T11:57:45+0300,https://hh.ru/vacancy/129866071,электроника
129711860,Преподаватель электроники и робототехники,20000,,RUR,noExperience,flexible,part,Ижевск,Клуб юных инженеров Тесла (ИП Марчук Елена Владимировна),"Инженер-электроник, инженер-электронщик","Радиоэлектроника, программирование, преподавание",2026-02-08T14:10:24+0300,https://hh.ru/vacancy/129711860,электроника
129970170,Инженер-электронщик РЭА,100000,110000,RUR,between1And3,fullDay,full,Москва,НПО Прибор ганк,Электромонтажник,,2026-02-08T15:31:48+0300,https://hh.ru/vacancy/129970170,электроника
130283243,Инженер-электронщик/мехатроник по станкам с ЧПУ,100000,200000,RUR,between1And3,fullDay,full,Пермь,ТЕХНО-СБ,"Инженер-электроник, инженер-электронщик","Станки ЧПУ,Диагностика,Ремонт,Настройка оборудования,Способность анализировать проблемы,Лазерная техника,Готовность к командировкам",2026-02-09T13:04:45+0300,https://hh.ru/vacancy/130283243,электроника
129455075,Инженер-электроник,61000,63000,RUR,between1And3,fullDay,full,Южноуральск,Группа «Интер РАО»,"Инженер-электроник, инженер-электронщик",,2026-02-07T09:56:40+0300,https://hh.ru/vacancy/129455075,электроника
128943497,Инженер-электроник,,,,between1And3,shift,full,Санкт-Петербург,Пивоваренная компания Балтика,"Инженер-электроник, инженер-электронщик",,2026-02-07T09:54:00+0300,https://hh.ru/vacancy/128943497,электроника
129855316,Инженер-электроник,,,,between3And6,fullDay,full,Кирово-Чепецк,КриоГаз,"Инженер-электроник, инженер-электронщик",,2026-02-07T09:44:45+0300,https://hh.ru/vacancy/129855316,электроника
129632677,Инженер – электроник,,,,between3And6,fullDay,full,Орск,Орскнефтеоргсинтез,"Инженер-электроник, инженер-электронщик",,2026-02-07T09:37:55+0300,https://hh.ru/vacancy/129632677,электроника
130093358,Инженер-схемотехник (электронщик),130000,,RUR,between1And3,fullDay,full,Санкт-Петербург,МИНИТЕХ,"Инженер-электроник, инженер-электронщик",Altium Designer,2026-02-08T14:33:01+0300,https://hh.ru/vacancy/130093358,электроника
129288369,Ведущий инженер-электроник (схемотехника),,400000,RUR,between3And6,fullDay,full,Москва,НТЦ Радуга,"Инженер-электроник, инженер-электронщик","Разработка электросхем,Испытания электрооборудования",2026-02-08T12:22:24+0300,https://hh.ru/vacancy/129288369,электроника
129893587,Техник-электронщик,70000,,RUR,between1And3,shift,full,Москва,Фанки Лэнд,"Сервисный инженер, инженер-механик","Техническое обслуживание,Техническая эксплуатация,Монтаж оборудования,Электротехнические работы,Электрика,Диагностика,Контроль исправности оборудования,Работа с оргтехникой,Производство пусконаладочных работ",2026-02-07T22:30:10+0300,https://hh.ru/vacancy/129893587,электроника
130265087,Инженер-электроник 1 категории Цеха АСУТП (сетевой инженер),,,,between3And6,fullDay,full,Красноярск,Газпром переработка Благовещенск,"Инженер-электроник, инженер-электронщик",,2026-02-09T07:07:33+0300,https://hh.ru/vacancy/130265087,электроника
130265088,Инженер-электроник 1 категории Цеха АСУТП (сетевой инженер),,,,between3And6,fullDay,full,Тобольск,Газпром переработка Благовещенск,"Инженер-электроник, инженер-электронщик",,2026-02-09T07:07:33+0300,https://hh.ru/vacancy/130265088,электроника
130265089,Инженер-электроник 1 категории Цеха АСУТП (сетевой инженер),,,,between3And6,fullDay,full,Ангарск,Газпром переработка Благовещенск,"Инженер-электроник, инженер-электронщик",,2026-02-09T07:07:33+0300,https://hh.ru/vacancy/130265089,электроника
130201934,Инженер-электронщик (разработчик),,,,between1And3,fullDay,full,Москва,PIEZUS,"Инженер-электроник, инженер-электронщик","КИПиА,датчики давления,C,микроконтроллеры,программирование,аналоговая схемотехника,цифровая схемотехника,программирование на языке с,Метрология",2026-02-08T12:13:54+0300,https://hh.ru/vacancy/130201934,электроника
130022576,Инженер-электронщик,130000,160000,RUR,between1And3,fullDay,full,Москва,Дарин,"Инженер-электроник, инженер-электронщик",,2026-02-07T21:00:42+0300,https://hh.ru/vacancy/130022576,электроника
129589301,Инженер по применению электронных компонентов (инженер-электронщик),108500,130000,RUR,between1And3,fullDay,full,Санкт-Петербург,Арман,"Инженер-электроник, инженер-электронщик",,2026-02-09T10:49:33+0300,https://hh.ru/vacancy/129589301,электроника
130031950,"Инженер-электроник, системный администратор",126000,,RUR,between1And3,fullDay,full,Ревда (Свердловская область),Штаркэнергострой,"Инженер-электроник, инженер-электронщик","Администрирование сетевого оборудования,Администрирование баз данных,Администрирование серверов Windows,Kaspersky Endpoint Security,Cisco,Эксплуатация электрооборудования,Обслуживание электрооборудования,Организация безопасной эксплуатации оборудования,Диагностика неисправностей,Чтение электрических схем,Обращение с технической документацией,Подбор оборудования,Чтение чертежей,Модульный ремонт техники,Контроль состояния оборудования",2026-02-08T09:43:04+0300,https://hh.ru/vacancy/130031950,электроника
129279552,Инженер-схемотехник (электронщик),170000,300000,RUR,between3And6,fullDay,full,Москва,Wiren Board,"Инженер-электроник, инженер-электронщик","Чтение электросхем,Техническая документация,Схемотехника электронного оборудования",2026-02-08T11:08:54+0300,https://hh.ru/vacancy/129279552,электроника
129279553,Инженер-схемотехник (электронщик),170000,300000,RUR,between3And6,fullDay,full,Долгопрудный (Московская область),Wiren Board,"Инженер-электроник, инженер-электронщик","Чтение электросхем,Техническая документация,Схемотехника электронного оборудования",2026-02-08T11:08:54+0300,https://hh.ru/vacancy/129279553,электроника
129313238,Продавец-консультант в магазин электроники,70000,100000,RUR,between1And3,shift,full,Набережные Челны,Байкеева Аделя Альфредовна,"Продавец-консультант, продавец-кассир","Активные продажи,Телефонные переговоры,Теплые продажи,Консультативные продажи,Выявление потребностей,Деловая переписка,Навыки продаж,Консультирование клиентов",2026-02-08T16:33:05+0300,https://hh.ru/vacancy/129313238,электроника
129279941,Инженер-электрик/электронщик,98000,,RUR,between1And3,shift,full,Калуга,Постак,"Сервисный инженер, инженер-механик","Ремонтные работы,Техническое обслуживание,Чтение электросхем,Ремонт электроники,Электрика,Ремонт оборудования,Ведение документации,Техническая грамотность,Ответственность и пунктуальность",2026-02-08T11:11:26+0300,https://hh.ru/vacancy/129279941,электроника
102299415,"Старший клиентский менеджер (Электроника, Бытовая техника, ТВ, Компьютеры, Принтеры, Телеком)",,,,between3And6,fullDay,full,Москва,VVP Group,"Менеджер по продажам, менеджер по работе с клиентами",,2026-02-09T10:30:32+0300,https://hh.ru/vacancy/102299415,электроника
129759302,Инженер‑технолог (серийное производство электроники SMT/THT) / Технологическое сопровождение произво,,,,between3And6,fullDay,full,Москва,"Аквариус, Группа компаний",Технолог,"Производственное планирование,Техническая документация,Анализ производственных показателей",2026-02-09T10:25:54+0300,https://hh.ru/vacancy/129759302,электроника
130191198,Менеджер по продажам и кредитованию (магазин электроники и бытовой техники),50000,,RUR,noExperience,shift,full,Мурманск,ДИРЕКТ ТЕХ,"Менеджер по продажам, менеджер по работе с клиентами","Развитие продаж,Прямые продажи,Навыки продаж,Холодные продажи,Активные продажи,Обучение и развитие,Ориентация на клиента,Заключение договоров,Поиск и привлечение клиентов",2026-02-09T09:57:37+0300,https://hh.ru/vacancy/130191198,электроника
129154432,Менеджер по продажам и кредитованию (магазин электроники и бытовой техники),,35000,RUR,noExperience,shift,full,Пермь,ДИРЕКТ ТЕХ,"Менеджер по продажам, менеджер по работе с клиентами","Развитие продаж,Прямые продажи,Навыки продаж,Холодные продажи,Активные продажи,Обучение и развитие,Ориентация на клиента,Заключение договоров,Поиск и привлечение клиентов",2026-02-09T09:57:36+0300,https://hh.ru/vacancy/129154432,электроника
129263454,Менеджер по продажам и кредитованию (магазин электроники и бытовой техники),40000,,RUR,noExperience,shift,full,Нижний Новгород,ДИРЕКТ ТЕХ,"Менеджер по продажам, менеджер по работе с клиентами","Развитие продаж,Прямые продажи,Навыки продаж,Холодные продажи,Активные продажи,Обучение и развитие,Ориентация на клиента,Заключение договоров,Поиск и привлечение клиентов",2026-02-09T09:57:36+0300,https://hh.ru/vacancy/129263454,электроника
129263604,Менеджер по продажам и кредитованию (магазин электроники и бытовой техники),30000,,RUR,noExperience,shift,full,Ижевск,ДИРЕКТ ТЕХ,"Менеджер по продажам, менеджер по работе с клиентами","Развитие продаж,Прямые продажи,Навыки продаж,Холодные продажи,Активные продажи,Обучение и развитие,Ориентация на клиента,Заключение договоров,Поиск и привлечение клиентов",2026-02-09T09:57:36+0300,https://hh.ru/vacancy/129263604,электроника
129263786,Менеджер по продажам и кредитованию (магазин электроники и бытовой техники),40000,,RUR,noExperience,shift,full,Санкт-Петербург,ДИРЕКТ ТЕХ,"Менеджер по продажам, менеджер по работе с клиентами","Развитие продаж,Прямые продажи,Навыки продаж,Холодные продажи,Активные продажи,Обучение и развитие,Ориентация на клиента,Заключение договоров,Поиск и привлечение клиентов",2026-02-09T09:57:36+0300,https://hh.ru/vacancy/129263786,электроника
129263932,Менеджер по продажам и кредитованию (магазин электроники и бытовой техники),35000,,RUR,noExperience,fullDay,full,Казань,ДИРЕКТ ТЕХ,"Менеджер по продажам, менеджер по работе с клиентами","Развитие продаж,Прямые продажи,Навыки продаж,Холодные продажи,Активные продажи,Обучение и развитие,Ориентация на клиента,Заключение договоров,Поиск и привлечение клиентов",2026-02-09T09:57:36+0300,https://hh.ru/vacancy/129263932,электроника
130271790,Менеджер по продажам и кредитованию (магазин электроники и бытовой техники),30000,45000,RUR,noExperience,shift,full,Сыктывкар,ДИРЕКТ ТЕХ,"Менеджер по продажам, менеджер по работе с клиентами","Развитие продаж,Прямые продажи,Навыки продаж,Холодные продажи,Активные продажи,Обучение и развитие,Ориентация на клиента,Заключение договоров,Поиск и привлечение клиентов",2026-02-09T09:55:29+0300,https://hh.ru/vacancy/130271790,электроника
130271682,Менеджер по продажам и кредитованию (магазин электроники и бытовой техники),30000,40000,RUR,noExperience,shift,full,Калининград,ДИРЕКТ ТЕХ,"Менеджер по продажам, менеджер по работе с клиентами","Развитие продаж,Прямые продажи,Навыки продаж,Холодные продажи,Активные продажи,Обучение и развитие,Ориентация на клиента,Заключение договоров,Поиск и привлечение клиентов",2026-02-09T09:54:06+0300,https://hh.ru/vacancy/130271682,электроника
130271215,Менеджер по продажам и кредитованию (магазин электроники и бытовой техники),30000,35000,RUR,noExperience,shift,full,Ишимбай,ДИРЕКТ ТЕХ,"Менеджер по продажам, менеджер по работе с клиентами","Развитие продаж,Прямые продажи,Навыки продаж,Холодные продажи,Активные продажи,Обучение и развитие,Ориентация на клиента,Заключение договоров,Поиск и привлечение клиентов",2026-02-09T09:46:07+0300,https://hh.ru/vacancy/130271215,электроника
130257720,Инженер-электронщик,200000,,RUR,between3And6,fullDay,full,Москва,Томограф Про,"Инженер-электроник, инженер-электронщик","Чтение электросхем,Схемотехника электронного оборудования,Чтение электрических схем,Ремонт электрооборудования",2026-02-07T16:56:27+0300,https://hh.ru/vacancy/130257720,электроника
129433493,Инженер-электронщик,,150000,RUR,between1And3,fullDay,full,Санкт-Петербург,Экросхим,"Инженер-электроник, инженер-электронщик",,2026-02-07T16:41:38+0300,https://hh.ru/vacancy/129433493,электроника
129316948,Инженер – электронщик/инженер - разработчик,230000,,RUR,between3And6,fullDay,full,Москва,Innovation Weapons Techologies,"Инженер-электроник, инженер-электронщик","Разработка технической документации,Altium Designer,Схемотехника электронного оборудования,Работа в условиях многозадачности,Достижение результата,Высокая ответственность,Стабильность,Опыт работы в команде,Английский язык,Разработка нового продукта",2026-02-08T17:22:06+0300,https://hh.ru/vacancy/129316948,электроника
130055237,Инженер-мехатроник/ электронщик/Робототехник,70000,100000,RUR,noExperience,fullDay,full,Казань,Мануфактура,"Инженер-электроник, инженер-электронщик",,2026-02-08T17:07:23+0300,https://hh.ru/vacancy/130055237,электроника
127542638,"Инженер-конструктор направления робототехники (Инженер-разработчик, инженер-электронщик)",,,,between3And6,fullDay,full,Санкт-Петербург,Арман,"Инженер-электроник, инженер-электронщик",SolidWorks,2026-02-09T10:49:07+0300,https://hh.ru/vacancy/127542638,электроника
129802087,Инженер-электронщик,115000,,RUR,between1And3,fullDay,full,Санкт-Петербург,ВАСТ Ассоциация,"Инженер-электроник, инженер-электронщик",,2026-02-07T14:08:23+0300,https://hh.ru/vacancy/129802087,электроника
129527778,Менеджер по продажам B2C (сервисный центр / ремонт техники и электроники),145000,320000,RUR,between1And3,fullDay,full,Санкт-Петербург,VECTOR-TECH,"Менеджер по продажам, менеджер по работе с клиентами","Ремонт бытовой техники,Ремонт цифровой техники,Ремонт оборудования",2026-02-09T11:52:40+0300,https://hh.ru/vacancy/129527778,электроника
130253961,Инженер - электроник,200000,,RUR,moreThan6,fullDay,full,Санкт-Петербург,Технограв,"Инженер-электроник, инженер-электронщик",,2026-02-06T20:53:30+0300,https://hh.ru/vacancy/130253961,электроника
130003026,Инженер-электронщик,172000,,RUR,between3And6,fullDay,full,Дмитров (Московская область),Интерпак,"Инженер-конструктор, инженер-проектировщик","Пользователь ПК,Умение работать в команде,Ответственное хранение,Мобильность",2026-02-07T13:42:38+0300,https://hh.ru/vacancy/130003026,электроника
129283497,Инженер ОТК/Контролер ОТК (электроника),,130000,RUR,between1And3,fullDay,full,Москва,ЮниРЭК,"Инженер-электроник, инженер-электронщик","Контроль качества,Точность и внимательность к деталям,Техническая документация,Нормативно-техническая документация",2026-02-08T11:40:31+0300,https://hh.ru/vacancy/129283497,электроника
129696774,Контролер качества на участок электроники,95000,,RUR,between1And3,fullDay,full,Санкт-Петербург,НПК Морсвязьавтоматика,Контролёр ОТК,"Измерительные приборы,Электрические схемы",2026-02-08T10:54:40+0300,https://hh.ru/vacancy/129696774,электроника
129927759,Сборщик-монтажник электроники (РЭА и П),120000,,RUR,between1And3,fullDay,full,Санкт-Петербург,ТХК,Монтажник,"Точность и внимательность к деталям,Чтение электросхем",2026-02-08T16:06:12+0300,https://hh.ru/vacancy/129927759,электроника
129435856,Инженер-электронщик,170000,,RUR,between3And6,fullDay,full,Москва,ДЕФАН,"Инженер-электроник, инженер-электронщик","Схемотехника электронного оборудования,Разработка электросхем",2026-02-07T11:41:50+0300,https://hh.ru/vacancy/129435856,электроника
128955325,Инженер по тестированию электроники и серверов,,,,noExperience,fullDay,full,Москва,Е-Флопс,Тестировщик,,2026-02-08T15:52:42+0300,https://hh.ru/vacancy/128955325,электроника
129690989,Инженер-схемотехник (Направление Силовой электроники),150000,,RUR,between3And6,fullDay,full,Санкт-Петербург,НПК Морсвязьавтоматика,"Инженер-конструктор, инженер-проектировщик","Altium Designer,Схемотехника электронного оборудования,Разработка электросхем,P-CAD,силовая электроника",2026-02-08T09:39:21+0300,https://hh.ru/vacancy/129690989,электроника
130251308,Инженер-электроник,150000,,RUR,between1And3,shift,full,Обнинск,Адвирос,"Инженер-электроник, инженер-электронщик",,2026-02-06T17:15:38+0300,https://hh.ru/vacancy/130251308,электроника
129636763,Инженер-электронщик,,120000,RUR,noExperience,fullDay,full,Москва,Научно-испытательный центр Интелэлектрон,"Инженер-конструктор, инженер-проектировщик","Чтение электросхем,Разработка электросхем,Работа с измерительными приборами,Умение работать в условиях многозадачности,Пользователь ПК,Техническая документация",2026-02-07T10:28:48+0300,https://hh.ru/vacancy/129636763,электроника
127866058,Инженер-электроник 1 категории отдела информационных технологий расчетно-кассового центра,106673,106673,RUR,between1And3,fullDay,full,Норильск,МУП КОС,Системный инженер,,2026-02-09T05:49:31+0300,https://hh.ru/vacancy/127866058,электроника
129887757,Инженер - электроник,70000,120000,RUR,between3And6,fullDay,full,Ковров,Квант,"Инженер-электроник, инженер-электронщик","КИПиА,Чтение электросхем,Разработка технической документации,Ремонт и обслуживание автоматики,Автоматизация технологических процессов",2026-02-06T16:55:16+0300,https://hh.ru/vacancy/129887757,электроника
129858347,Инженер-электронщик,,,,between3And6,fullDay,full,Москва,ОПТОСИСТЕМЫ,"Инженер-электроник, инженер-электронщик","Разработка электросхем,разработка и монтаж радиоэлектронного оборудования,Чтение чертежей,Моделирование,Схемотехника электронного оборудования,Макетирование,3 группа по электробезопасности,силовая электроника",2026-02-07T10:23:10+0300,https://hh.ru/vacancy/129858347,электроника
129553361,Инженер проектов (сборка и наладка электроники),,,,between1And3,fullDay,full,Москва,НПП ТехноЛаб,"Инженер-электроник, инженер-электронщик","Цифровая электроника,Аналоговая электроника,Программирование микроконтроллеров,Altium Designer,SolidWorks",2026-02-08T14:09:44+0300,https://hh.ru/vacancy/129553361,электроника
130244753,Инженер-электроник,120000,,RUR,between3And6,fullDay,full,Екатеринбург,МЕТАЛЛСЕРВИС,"Инженер-электроник, инженер-электронщик",,2026-02-06T14:50:10+0300,https://hh.ru/vacancy/130244753,электроника
130244754,Инженер-электроник,120000,,RUR,between3And6,fullDay,full,Березовский (Свердловская область),МЕТАЛЛСЕРВИС,"Инженер-электроник, инженер-электронщик",,2026-02-06T14:50:10+0300,https://hh.ru/vacancy/130244754,электроника
129917916,Продавец-консультант электроники и умной техники,110000,180000,RUR,noExperience,shift,full,Москва,2droida,"Продавец-консультант, продавец-кассир","Работа в команде,Активные продажи,Розничная торговля,Обслуживание покупателей,Деловое общение",2026-02-08T13:15:40+0300,https://hh.ru/vacancy/129917916,электроника
128651903,Инженер-электронщик,90000,105000,RUR,between3And6,fullDay,full,Пермь,Амега,"Инженер-электроник, инженер-электронщик",,2026-02-07T06:58:09+0300,https://hh.ru/vacancy/128651903,электроника
130239920,Инженер-электроник,86000,99000,RUR,between3And6,fullDay,full,Ижевск,НИТИ Прогресс,"Инженер-электроник, инженер-электронщик",,2026-02-06T13:03:48+0300,https://hh.ru/vacancy/130239920,электроника
130093139,Инженер-электроник,90000,,RUR,between3And6,shift,full,Челябинск,Группа Компаний Российское Молоко,"Инженер-электроник, инженер-электронщик","Пользователь ПК,Контроль исправности оборудования,Техническое обслуживание,Слесарные работы,Работа с электроинструментом,Работа с технической документацией",2026-02-06T13:08:32+0300,https://hh.ru/vacancy/130093139,электроника
130240133,Инженер-электроник,,,,noExperience,fullDay,full,Нижний Новгород,Керма,"Инженер-электроник, инженер-электронщик",,2026-02-06T13:07:16+0300,https://hh.ru/vacancy/130240133,электроника
130240134,Инженер-электроник,,,,noExperience,fullDay,full,Кстово,Керма,"Инженер-электроник, инженер-электронщик",,2026-02-06T13:07:16+0300,https://hh.ru/vacancy/130240134,электроника
130237796,Инженер-электроник,,150000,RUR,between1And3,fullDay,full,Санкт-Петербург,Ventra,"Инженер-электроник, инженер-электронщик","Пуско-наладочные работы,Чтение электросхем,Схемотехника электронного оборудования,Ввод оборудования в эксплуатацию,Ремонт электрооборудования,Электрические сети,КИПиА",2026-02-06T12:13:22+0300,https://hh.ru/vacancy/130237796,электроника
129705047,Инженер-электроник в цех по окраске,,,,between1And3,fullDay,full,Тула,Моторинвест,"Инженер-электроник, инженер-электронщик","Умение работать в коллективе,Ответственность,Способность обучать других,Внимательность,Проведение проверок,Тестирование,Общение,Испытания",2026-02-08T12:41:34+0300,https://hh.ru/vacancy/129705047,электроника
129705048,Инженер-электроник в цех по окраске,,,,between1And3,fullDay,full,Калуга,Моторинвест,"Инженер-электроник, инженер-электронщик","Умение работать в коллективе,Ответственность,Способность обучать других,Внимательность,Проведение проверок,Тестирование,Общение,Испытания",2026-02-08T12:41:34+0300,https://hh.ru/vacancy/129705048,электроника
129467705,Инженер-электроник,65000,,RUR,between1And3,fullDay,full,Тула,ТПП АО НПО Базальт,"Инженер-конструктор, инженер-проектировщик",,2026-02-06T10:46:36+0300,https://hh.ru/vacancy/129467705,электроника
129503584,Инженер-электроник,95000,,RUR,between1And3,fullDay,full,Новосибирск,PepsiCo,"Инженер-электроник, инженер-электронщик",,2026-02-06T11:10:30+0300,https://hh.ru/vacancy/129503584,электроника
125999944,Инженер-электроник,,,,between1And3,fullDay,full,Тюмень,АГК,"Инженер-электроник, инженер-электронщик",,2026-02-06T10:39:21+0300,https://hh.ru/vacancy/125999944,электроника
130234231,Инженер-электроник,115000,115000,RUR,between1And3,fullDay,full,Санкт-Петербург,НПП Сигнал,"Инженер-электроник, инженер-электронщик","Обслуживание электрооборудования,Диагностика неисправностей,Чтение чертежей,Электромонтажные работы,Чтение электрических схем",2026-02-06T11:01:57+0300,https://hh.ru/vacancy/130234231,электроника
130265482,"Водитель на автомобиль компании категории В (малая бытовая техника SAMSUNG, электроника SONY)",180000,260000,RUR,between1And3,fullDay,full,Москва,Грешнякова Диана Дмитриевна,Курьер,,2026-02-09T07:24:33+0300,https://hh.ru/vacancy/130265482,электроника
129892595,Директор розничного магазина электроники,200000,500000,RUR,between3And6,fullDay,full,Москва,4 life,"Директор магазина, директор сети магазинов","B2B Продажи,Обучение персонала,B2C продажи,Обучение и развитие,Развитие продаж,Руководство коллективом,Управленческие навыки,Мотивация персонала,Навыки переговоров,Аналитика продаж,Складской Учет,Развитие бренда,1С: Комплексная автоматизация",2026-02-07T20:04:51+0300,https://hh.ru/vacancy/129892595,электроника
129440366,Сервисный инженер - инженер электроник,,250000,RUR,moreThan6,fullDay,full,Чехов (Московская область),МолоПак,"Сервисный инженер, инженер-механик",,2026-02-07T20:03:35+0300,https://hh.ru/vacancy/129440366,электроника
128585138,Специалист по оценке техники и электроники,120000,180000,RUR,noExperience,fullDay,full,Москва,Победа Персонал,Другое,"Агрессивные продажи,Сопровождение клиентов,Работа с возражениями,Ведение переговоров,Консультативные продажи,Диагностика неисправностей",2026-02-08T11:06:56+0300,https://hh.ru/vacancy/128585138,электроника
130231492,Инженер-электроник,120000,120000,RUR,between3And6,fullDay,full,Тосно,Агрисовгаз,"Инженер-электроник, инженер-электронщик",,2026-02-06T10:05:24+0300,https://hh.ru/vacancy/130231492,электроника
130230921,Инженер-электроник,120000,120000,RUR,between3And6,fullDay,full,Пушкин,Агрисовгаз,"Инженер-электроник, инженер-электронщик",,2026-02-06T09:55:34+0300,https://hh.ru/vacancy/130230921,электроника
129263461,Инженер-электронщик/ инженер-схемотехник,,,,between3And6,fullDay,full,Москва,Новые платформы,"Инженер-электроник, инженер-электронщик","Cadence OrCAD,Altium Designer,Intel,ARM,Схемотехника электронного оборудования,ЕСКД,Многослойные печатные платы",2026-02-08T08:49:39+0300,https://hh.ru/vacancy/129263461,электроника
128146889,Менеджер интернет-магазина электроники,80000,,RUR,noExperience,shift,full,Тула,Интернет-магазин электроники Quke.ru,"Менеджер по продажам, менеджер по работе с клиентами","Грамотная речь,Работа в команде,Телефонные переговоры,Навыки продаж,Навыки работы с возражениями,Консультирование клиентов по телефону",2026-02-07T17:07:28+0300,https://hh.ru/vacancy/128146889,электроника
127421362,Инженер-электроник / инженер-электронщик,127500,,RUR,noExperience,fullDay,full,Воронеж,"Алабуга, ОЭЗ ППТ","Инженер-электроник, инженер-электронщик","Python,C++,Bash,Docker,Git,PyTorch,OpenCV,Altium Designer",2026-02-07T19:14:00+0300,https://hh.ru/vacancy/127421362,электроника
127458947,Инженер-электроник / инженер-электронщик,127500,,RUR,noExperience,fullDay,full,Казань,"Алабуга, ОЭЗ ППТ","Инженер-электроник, инженер-электронщик","Python,C++,Bash,Docker,Git,PyTorch,OpenCV,Altium Designer",2026-02-07T19:14:00+0300,https://hh.ru/vacancy/127458947,электроника
127458948,Инженер-электроник / инженер-электронщик,127500,,RUR,noExperience,fullDay,full,Екатеринбург,"Алабуга, ОЭЗ ППТ","Инженер-электроник, инженер-электронщик","Python,C++,Bash,Docker,Git,PyTorch,OpenCV,Altium Designer",2026-02-07T19:14:00+0300,https://hh.ru/vacancy/127458948,электроника
130045433,Менеджер отдела оптовых продаж (дистрибуция цифровой электроники),140000,240000,RUR,between3And6,fullDay,full,Москва,Электронный Мир,"Менеджер по продажам, менеджер по работе с клиентами","Развитие продаж,MS Excel,1С-Битрикс,Сопровождение клиентов,Клиентоориентированность,Заключение договоров",2026-02-08T14:01:43+0300,https://hh.ru/vacancy/130045433,электроника
127867101,Инженер - электроник службы технического обслуживания и ремонтов,,,,between1And3,fullDay,full,Орел,Группа предприятий Готэк,Инженер по эксплуатации,"Схемотехника электронного оборудования,P-CAD,Техническое обслуживание,Инженерные системы,Умение работать в команде,Контроль исправности оборудования",2026-02-08T12:05:53+0300,https://hh.ru/vacancy/127867101,электроника
129881169,Инженер-электроник/инженер-электрик,110000,,RUR,moreThan6,fullDay,full,Пенза,Измерительная техника,"Инженер-электроник, инженер-электронщик",,2026-02-07T15:08:30+0300,https://hh.ru/vacancy/129881169,электроника
127867078,Инженер - электроник службы технического обслуживания и ремонтов,,,,between1And3,fullDay,full,Курск,Группа предприятий Готэк,Инженер по эксплуатации,"Схемотехника электронного оборудования,P-CAD,Техническое обслуживание,Инженерные системы,Умение работать в команде,Контроль исправности оборудования",2026-02-08T12:05:27+0300,https://hh.ru/vacancy/127867078,электроника
129660823,Инженер-электроник/Мастер по ремонту электроники (умные часы),100000,,RUR,between1And3,fullDay,full,Москва,HEALTHBAND,Другое,,2026-02-07T15:03:09+0300,https://hh.ru/vacancy/129660823,электроника
130262520,Менеджер по продажам и кредитованию (магазин электроники и бытовой техники),,45000,RUR,noExperience,fullDay,full,Новороссийск,ДИРЕКТ ТЕХ,"Менеджер по продажам, менеджер по работе с клиентами",,2026-02-08T23:11:19+0300,https://hh.ru/vacancy/130262520,электроника
130032456,Менеджер по продажам и кредитованию (магазин электроники и бытовой техники),40000,,RUR,noExperience,flexible,full,Саратов,ДИРЕКТ ТЕХ,"Менеджер по продажам, менеджер по работе с клиентами",,2026-02-08T22:50:35+0300,https://hh.ru/vacancy/130032456,электроника
129422444,Инженер-электроник 1 категории,68000,75000,RUR,between1And3,fullDay,full,Новотроицк (Оренбургская область),Группа «Интер РАО»,"Инженер-электроник, инженер-электронщик","Чтение электрических схем,Обслуживание электрооборудования,Монтаж электрооборудования",2026-02-07T14:10:47+0300,https://hh.ru/vacancy/129422444,электроника
129422410,Инженер-электроник 1 категории,68000,74000,RUR,noExperience,fullDay,full,Оренбург,Группа «Интер РАО»,"Инженер-электроник, инженер-электронщик","Чтение электрических схем,Обслуживание электрооборудования,Монтаж электрооборудования,Диагностика неисправностей,Ремонт электрооборудования,Электротехнические работы,Эксплуатация электрооборудования,Электромонтажные работы",2026-02-07T14:10:09+0300,https://hh.ru/vacancy/129422410,электроника
130081822,Инженер-электронщик РЭА и приборов,100000,,RUR,noExperience,fullDay,full,Санкт-Петербург,НПФ Система-Сервис,"Инженер-конструктор, инженер-проектировщик",,2026-02-08T11:41:24+0300,https://hh.ru/vacancy/130081822,электроника
129551865,"Инженер по продажам (электроника, фотоника, испытательное оборудование)",150000,,RUR,between1And3,fullDay,full,Москва,Акметрон,Инженер ПНР,"Продажи,Keysight Technologies,Rohde&Schwarz,Тektronix,Anritsu,СВЧ,Проведение презентаций,Ведение переговоров,Английский язык,Радиоэлектроника,Активные продажи,NI,радиоизмерительное оборудование,зондовая станция,Ceyar,RIGOL,Инженер по продажам,MPI,испытательное оборудование,технологическое оборудование,Коммуникативные навыки,Подбор оборудования,Сопровождение клиентов,Литография,Квантовые технологии,Фотоника,Спектроскопия,Микроэлектроника,Полупроводники",2026-02-08T11:08:48+0300,https://hh.ru/vacancy/129551865,электроника
130262591,Руководитель направления / Продакт–менеджер (Силовая электроника / АСУ ТП / Промышленные ИТ–решения),,,,between3And6,fullDay,full,Санкт-Петербург,Элесар-Групп,Менеджер продукта,"Английский язык,Международные рынки",2026-02-08T23:51:47+0300,https://hh.ru/vacancy/130262591,электроника
129639436,Инженер-электронщик (силовая электроника),,,,between1And3,fullDay,full,Москва,Технопарк цвет,"Инженер-электроник, инженер-электронщик","Схемотехника электронного оборудования,Диагностика неисправностей,Чтение электрических схем,Испытания электрооборудования,Обращение с технической документацией",2026-02-07T11:01:35+0300,https://hh.ru/vacancy/129639436,электроника
118806877,"Инженер – электронщик (электроник, схемотехник)",,,,between3And6,fullDay,full,Москва,НПК МЕДИАНА-ФИЛЬТР,"Инженер-электроник, инженер-электронщик",,2026-02-07T11:14:51+0300,https://hh.ru/vacancy/118806877,электроника
129471044,Менеджер по импортным закупкам бытовой техники и электроники,,,,between3And6,fullDay,full,Москва,АКУРА,Менеджер по закупкам,"Работа с большим объемом информации,Работа с поставщиками,Закупки,Деловая переписка,Анализ рынка,Деловое общение,Планирование закупок,Контроль поставок",2026-02-08T13:43:38+0300,https://hh.ru/vacancy/129471044,электроника
129482370,"Менеджер по продажам/торговый представитель (B2B, электроника)",110000,,RUR,between1And3,fullDay,full,Санкт-Петербург,USBMAG,Торговый представитель,,2026-02-08T16:33:22+0300,https://hh.ru/vacancy/129482370,электроника
130158210,Ведущий инженер-электронщик,140000,200000,RUR,between1And3,flyInFlyOut,full,Сургут,Пакер Сервис,"Инженер-электроник, инженер-электронщик",Автоматизация технологических процессов,2026-02-07T11:13:06+0300,https://hh.ru/vacancy/130158210,электроника
129525937,Инженер-электронщик,100000,,RUR,between1And3,fullDay,full,Казань,Казанское электромонтажное предприятие,"Инженер-электроник, инженер-электронщик","C/C++,Linux,VLAN,Схемотехника электронного оборудования,Verilog HDL",2026-02-06T14:42:57+0300,https://hh.ru/vacancy/129525937,электроника
130251854,Старший инженер-электроник,,,,between3And6,fullDay,full,Рязань,Адвирос,"Инженер-электроник, инженер-электронщик",,2026-02-06T17:39:34+0300,https://hh.ru/vacancy/130251854,электроника
129286067,Оценщик-приёмщик в магазин бытовой техники и электроники,60000,,RUR,noExperience,shift,full,Йошкар-Ола,Сеть комиссионных магазинов Титан,"Продавец-консультант, продавец-кассир","Умение работать в коллективе,Ведение переговоров",2026-02-08T12:01:27+0300,https://hh.ru/vacancy/129286067,электроника
130261776,Менеджер по продажам и кредитованию (магазин электроники и бытовой техники),,60000,RUR,noExperience,flexible,full,Тольятти,ДИРЕКТ ТЕХ,"Менеджер по продажам, менеджер по работе с клиентами","Развитие продаж,Прямые продажи,Навыки продаж,Холодные продажи,Активные продажи,Обучение и развитие,Ориентация на клиента,Заключение договоров,Поиск и привлечение клиентов",2026-02-08T18:58:07+0300,https://hh.ru/vacancy/130261776,электроника
130069294,Менеджер по продажам и кредитованию (магазин электроники и бытовой техники),,40000,RUR,noExperience,flexible,full,Ульяновск,ДИРЕКТ ТЕХ,"Менеджер по продажам, менеджер по работе с клиентами",,2026-02-08T18:55:54+0300,https://hh.ru/vacancy/130069294,электроника
130217223,Инженер-электроник,120000,,RUR,between3And6,fullDay,full,Москва,ФГУП Всероссийский научно-исследовательский институт автоматики им. Н.Л. Духова ( ГК Росатом),"Инженер-конструктор, инженер-проектировщик",,2026-02-05T16:16:44+0300,https://hh.ru/vacancy/130217223,электроника
125447220,Инженер-электроник,,,,between1And3,fullDay,full,Кострома,Ювелит,"Инженер-электроник, инженер-электронщик","ремонт электронных плат,Прошивка электронных схем,Ремонт оборудования",2026-02-05T16:30:45+0300,https://hh.ru/vacancy/125447220,электроника
130217631,Инженер-электроник,68000,,RUR,between1And3,fullDay,full,Касимов,РН-Маркетинг,"Инженер-конструктор, инженер-проектировщик",,2026-02-05T16:27:01+0300,https://hh.ru/vacancy/130217631,электроника
129435414,"Мастер (электроник/электронщик/инженер) по ремонту радио аппаратуры, электроники, РЭА",120000,,RUR,between1And3,fullDay,full,Санкт-Петербург,Телеком-Сервис,"Инженер-электроник, инженер-электронщик","Схемотехника электронного оборудования,Ремонт электроники на компонентном уровне,Ремонт блоков питания, ИБП,Ремонт телевизоров, аудио-видео, планшетов, ноутбуков,Поиск неисправностей,Диагностика радиоэлектронных устройств,Ремонт РЭА,Пайка BGA,Пайка SMD,АСЦ,Работа в Сервисном центре,Пайка микросхем,Прошивка микросхем,Прошивка микроконтроллеров,импульсные блоки питания,опыт ремонта телевизоров",2026-02-07T17:09:23+0300,https://hh.ru/vacancy/129435414,электроника
130214042,Инженер-электроник,56000,59000,RUR,between1And3,fullDay,full,Волгоград,Народное предприятие Конфил,"Инженер-конструктор, инженер-проектировщик",,2026-02-05T15:33:42+0300,https://hh.ru/vacancy/130214042,электроника
130301635,Энергетик,300000,,RUR,moreThan6,fullDay,full,Магадан,ФАТУМ-ПЛЮС,Инженер ПНР,"Электротехнические работы,Электрические сети,Контроль исправности оборудования,Ремонт оборудования,Знание устройства производственного оборудования,Техническое обслуживание оборудования",2026-02-10T04:12:53+0300,https://hh.ru/vacancy/130301635,энергетика
124826261,Главный энергетик,180000,180000,RUR,moreThan6,fullDay,full,Тула,Промышленная Группа Teplant,"Инженер-энергетик, инженер-электрик","Техническая эксплуатация,Эксплуатация электрооборудования,Электроснабжение,Руководство коллективом,Газоснабжение,Технологии энергетической промышленности",2026-02-10T06:21:57+0300,https://hh.ru/vacancy/124826261,энергетика
130302786,Инженер-энергетик,170000,255000,RUR,between1And3,flyInFlyOut,full,Иркутск,Сервис-Интегратор,"Инженер-энергетик, инженер-электрик",,2026-02-10T06:18:51+0300,https://hh.ru/vacancy/130302786,энергетика
130302787,Инженер-энергетик,170000,255000,RUR,between1And3,flyInFlyOut,full,Томск,Сервис-Интегратор,"Инженер-энергетик, инженер-электрик",,2026-02-10T06:18:51+0300,https://hh.ru/vacancy/130302787,энергетика
130302671,Ведущий энергетик,185000,185000,RUR,between3And6,flyInFlyOut,full,Москва,ЛЕНГАЗСПЕЦСТРОЙ,"Инженер-энергетик, инженер-электрик",,2026-02-10T06:04:46+0300,https://hh.ru/vacancy/130302671,энергетика
129899482,Главный энергетик,,,,between3And6,fullDay,full,Новосибирск,Новосибирская Пивоваренная Компания,"Инженер-энергетик, инженер-электрик",,2026-02-10T04:52:44+0300,https://hh.ru/vacancy/129899482,энергетика
129150384,Энергетик,120000,140000,RUR,between3And6,fullDay,full,Дзержинск (Нижегородская область),Капрон,"Инженер-энергетик, инженер-электрик","Электротехнические работы,Организация работы сотрудников,Охрана труда",2026-02-09T17:35:41+0300,https://hh.ru/vacancy/129150384,энергетика
129532921,Энергетик,70000,,RUR,between1And3,fullDay,full,Кропоткин,Интер Грейн,"Инженер-энергетик, инженер-электрик","Электрические сети,Техническая эксплуатация,Контроль исправности оборудования,Обеспечение техники безопасности,Наладка оборудования,Ведение журналов,Диагностика неисправностей",2026-02-09T17:09:06+0300,https://hh.ru/vacancy/129532921,энергетика
130293813,Энергетик,,,,between3And6,fullDay,full,Казань,ТРЦ ФРАНТ,Инженер ПНР,"Электрические сети,Инженерные системы",2026-02-09T16:19:48+0300,https://hh.ru/vacancy/130293813,энергетика
126754581,Инженер-энергетик,60000,64000,RUR,noExperience,fullDay,full,Новосибирск,Ростелеком,"Инженер-энергетик, инженер-электрик",,2026-02-10T03:11:18+0300,https://hh.ru/vacancy/126754581,энергетика
122292917,Инженер-энергетик,72624,78434,RUR,noExperience,fullDay,full,Красноярск,Ростелеком,"Инженер-энергетик, инженер-электрик",,2026-02-10T03:11:10+0300,https://hh.ru/vacancy/122292917,энергетика
129386824,Инженер-энергетик,165000,,RUR,noExperience,fullDay,full,Магадан,Омега-Си,"Инженер-энергетик, инженер-электрик","Ведение отчётности,Ведение журналов,Инженерные системы,Электротехнические работы,Техническая эксплуатация,Разработка технической документации",2026-02-10T02:57:06+0300,https://hh.ru/vacancy/129386824,энергетика
130301394,Техник-энергетик,,,,between1And3,fullDay,full,Магадан,Центральный банк Российской Федерации (Банк России),"Инженер-энергетик, инженер-электрик","3 группа по электробезопасности,Пользователь ПК,Энергетика,Чтение электросхем,Электротехнические работы",2026-02-10T02:45:21+0300,https://hh.ru/vacancy/130301394,энергетика
129761690,Энергетик,90000,,RUR,between3And6,fullDay,full,Пенза,Компания Дукат,"Инженер-энергетик, инженер-электрик",,2026-02-09T14:53:28+0300,https://hh.ru/vacancy/129761690,энергетика
130288468,Энергетик,114943,,RUR,between3And6,fullDay,full,Рыбинск,Техно-центр,Инженер ПНР,,2026-02-09T14:38:46+0300,https://hh.ru/vacancy/130288468,энергетика
128368841,Энергетик,128700,,RUR,between1And3,fullDay,full,Кировск (Мурманская область),Управление Энергией,Инженер ПНР,"Энергетика,Электротехнические работы",2026-02-09T14:18:22+0300,https://hh.ru/vacancy/128368841,энергетика
128368840,Энергетик,128700,,RUR,between1And3,fullDay,full,Апатиты,Управление Энергией,Инженер ПНР,"Энергетика,Электротехнические работы",2026-02-09T14:18:24+0300,https://hh.ru/vacancy/128368840,энергетика
130034604,Энергетик,80000,,RUR,between1And3,fullDay,full,Киров (Кировская область),Калашников,Инженер ПНР,,2026-02-09T13:55:46+0300,https://hh.ru/vacancy/130034604,энергетика
124147338,Энергетик,100000,,RUR,between3And6,fullDay,full,Екатеринбург,Уралтрансмаш,"Инженер-энергетик, инженер-электрик",,2026-02-09T13:41:55+0300,https://hh.ru/vacancy/124147338,энергетика
126915791,Энергетик,60000,60000,RUR,between1And3,fullDay,full,Тула,Ростелеком,"Инженер-энергетик, инженер-электрик",,2026-02-09T13:44:40+0300,https://hh.ru/vacancy/126915791,энергетика
129262178,Ведущий энергетик,67000,67000,RUR,between3And6,fullDay,full,Благовещенск (Амурская область),Азиатско-Тихоокеанский Банк,"Инженер-энергетик, инженер-электрик","Электротехнические работы,Техническая эксплуатация,Техническое обслуживание оборудования,Контроль исправности оборудования",2026-02-10T01:32:31+0300,https://hh.ru/vacancy/129262178,энергетика
129870661,Энергетик,70000,,RUR,between1And3,fullDay,full,Ижевск,ИГНИС,Другое,,2026-02-09T10:40:07+0300,https://hh.ru/vacancy/129870661,энергетика
128740333,Энергетик,136000,136000,RUR,between1And3,fullDay,full,Санкт-Петербург,Сибирская Промышленная Группа,"Инженер-энергетик, инженер-электрик",,2026-02-09T09:36:53+0300,https://hh.ru/vacancy/128740333,энергетика
128740341,Энергетик,136000,136000,RUR,between1And3,fullDay,full,Колпино,Сибирская Промышленная Группа,"Инженер-энергетик, инженер-электрик",,2026-02-09T09:36:53+0300,https://hh.ru/vacancy/128740341,энергетика
130229326,Энергетик,,,,between1And3,fullDay,full,Железногорск (Курская область),ОЗСК,"Инженер-энергетик, инженер-электрик",,2026-02-09T09:20:08+0300,https://hh.ru/vacancy/130229326,энергетика
129737018,Энергетик,103900,,RUR,between3And6,fullDay,full,Воскресенск (Московская область),ВОЛМА,"Инженер-энергетик, инженер-электрик",,2026-02-09T08:16:26+0300,https://hh.ru/vacancy/129737018,энергетика
129618464,Инженер-энергетик,,,,between1And3,fullDay,full,Тверь,СТРОЙГРАНТ,Инженер ПНР,"Работа с чертежами,Умение читать чертежи,Технический склад ума,Желание работать и развиваться,Оперативное принятие решений,Работа в команде,Ответственность и пунктуальность,Умение работать в условиях многозадачности,Серьезность",2026-02-09T20:33:56+0300,https://hh.ru/vacancy/129618464,энергетика
130107386,Энергетик,150000,180000,RUR,between3And6,flexible,full,Анжеро-Судженск,Сибтэк,Инженер ПНР,,2026-02-09T05:17:13+0300,https://hh.ru/vacancy/130107386,энергетика
130299782,Инженер-энергетик,,,,moreThan6,fullDay,full,Москва,Карннаухова Александра,Инженер ПНР,,2026-02-09T19:27:13+0300,https://hh.ru/vacancy/130299782,энергетика
125313537,Энергетик,,,,between1And3,fullDay,full,Топки,НПХ Амарантагро,"Инженер-энергетик, инженер-электрик",,2026-02-09T04:28:43+0300,https://hh.ru/vacancy/125313537,энергетика
130299046,Инженер-энергетик,66000,,RUR,between1And3,fullDay,full,Самара,СамРЭК-Эксплуатация,"Инженер-энергетик, инженер-электрик","Ведение документации,Ведение отчетности",2026-02-09T18:42:14+0300,https://hh.ru/vacancy/130299046,энергетика
130263177,Энергетик,130000,,RUR,between1And3,fullDay,full,Южно-Сахалинск,Малиновка,"Инженер-энергетик, инженер-электрик","Технический контроль производства,Эксплуатация оборудования работающего под давлением",2026-02-09T03:01:32+0300,https://hh.ru/vacancy/130263177,энергетика
129532679,Инженер-энергетик,140000,140000,RUR,between3And6,fullDay,full,Санкт-Петербург,"Беатон, группа компаний",Другое,,2026-02-09T17:06:23+0300,https://hh.ru/vacancy/129532679,энергетика
129852329,Главный энергетик,,130000,RUR,between3And6,fullDay,full,Подольск (Московская область),"Глобус, Сеть гипермаркетов","Инженер-энергетик, инженер-электрик","Разработка технических заданий,Разработка инструкций,Экономический анализ,Техническая эксплуатация,Ориентация на результат,Управление временем",2026-02-09T17:12:04+0300,https://hh.ru/vacancy/129852329,энергетика
129885598,Главный энергетик,101750,101750,RUR,between1And3,fullDay,full,Энгельс,Ситиматик,"Инженер-энергетик, инженер-электрик",,2026-02-09T17:03:25+0300,https://hh.ru/vacancy/129885598,энергетика
129532376,Главный энергетик,115000,115000,RUR,between3And6,fullDay,full,Калининград,Центр торговли и развития,"Инженер-энергетик, инженер-электрик",,2026-02-09T17:02:02+0300,https://hh.ru/vacancy/129532376,энергетика
129609538,Главный энергетик,,,,between3And6,fullDay,full,Ростов-на-Дону,Парк,Начальник производства,,2026-02-09T16:28:37+0300,https://hh.ru/vacancy/129609538,энергетика
130294823,Инженер-энергетик,100000,,RUR,between3And6,fullDay,full,Казань,Глобал инжиниринг групп,Инженер ПНР,,2026-02-09T16:40:46+0300,https://hh.ru/vacancy/130294823,энергетика
129374670,Главный энергетик,80000,,RUR,moreThan6,fullDay,full,Энгельс,ПОШ-Химволокно,Другое,,2026-02-09T16:10:17+0300,https://hh.ru/vacancy/129374670,энергетика
129374671,Главный энергетик,80000,,RUR,moreThan6,fullDay,full,Саратов,ПОШ-Химволокно,Другое,,2026-02-09T16:10:17+0300,https://hh.ru/vacancy/129374671,энергетика
128653261,Главный энергетик,90000,,RUR,between3And6,fullDay,full,Екатеринбург,УК Архам,"Инженер-энергетик, инженер-электрик","Техническая эксплуатация,Инженерные системы,Энергетика,Электрические сети,Управление производственным персоналом,Навыки составления отчетности,Взаимодействие с надзорными организациями",2026-02-09T15:53:01+0300,https://hh.ru/vacancy/128653261,энергетика
130293066,Инженер-энергетик,120000,,RUR,between3And6,fullDay,full,Сергиев Посад (Московская область),PRO AQUA,Инженер ПНР,1С:ТОИР,2026-02-09T16:05:35+0300,https://hh.ru/vacancy/130293066,энергетика
130292420,Главный энергетик,291000,296000,RUR,between3And6,flyInFlyOut,full,Новый Уренгой,НТЦ КРС,"Инженер-энергетик, инженер-электрик","Энергетика,Электротехнические работы,Умение работать в коллективе,Ведение документации",2026-02-09T15:53:31+0300,https://hh.ru/vacancy/130292420,энергетика
129361073,Мастер энергетик,,,,between3And6,fullDay,full,Павловский Посад (Московская область),АЛ5,"Инженер-энергетик, инженер-электрик",,2026-02-09T15:40:53+0300,https://hh.ru/vacancy/129361073,энергетика
130231889,Главный энергетик,80000,100000,RUR,between1And3,fullDay,full,Мучкапский,Группа компаний АСБ,Начальник производства,"Энергетика,Техническое обслуживание,Эксплуатация,Контроль исправности оборудования,Умение принимать решения",2026-02-09T15:10:27+0300,https://hh.ru/vacancy/130231889,энергетика
130291043,Инженер-энергетик,160000,,RUR,between1And3,fullDay,full,Санкт-Петербург,Логика молока,"Инженер-энергетик, инженер-электрик",,2026-02-09T15:25:50+0300,https://hh.ru/vacancy/130291043,энергетика
129603305,Инженер-энергетик,150000,,RUR,between3And6,fullDay,part,Москва,BlackStone Keeping Company,"Инженер-энергетик, инженер-электрик","Технологии энергетической промышленности,Энергетика,Инженерные системы,Контроль качества,Организаторские навыки",2026-02-09T15:02:29+0300,https://hh.ru/vacancy/129603305,энергетика
129632010,Инженер-энергетик,70000,,RUR,between1And3,shift,full,Краснодар,МТС,"Инженер-энергетик, инженер-электрик","3 группа по электробезопасности,Электротехнические работы",2026-02-09T14:44:48+0300,https://hh.ru/vacancy/129632010,энергетика
127953220,Инженер-энергетик,60000,,RUR,between1And3,fullDay,full,Белгород,ВЭК СЕРВИС,Электромонтажник,,2026-02-09T14:45:38+0300,https://hh.ru/vacancy/127953220,энергетика
130288753,Главный энергетик,,,,moreThan6,fullDay,full,Москва,Леонардо,"Инженер-энергетик, инженер-электрик","Электрические сети,Ремонтные работы,Контроль исправности оборудования,Электротехнические работы,Взаимодействие с надзорными организациями,Техническая эксплуатация,Организация безопасной эксплуатации оборудования,Охрана труда и техника безопасности,Документооборот,Организаторские навыки,5 группа по электробезопасности",2026-02-09T14:44:44+0300,https://hh.ru/vacancy/130288753,энергетика
129856988,Главный энергетик,100000,100000,RUR,between3And6,fullDay,full,Москва,ФГБУ Издательство Наука,"Инженер-энергетик, инженер-электрик","Пользователь ПК,Организаторские навыки,Ведение переговоров,Охрана труда и техника безопасности,Техническая эксплуатация",2026-02-09T14:41:00+0300,https://hh.ru/vacancy/129856988,энергетика
126555974,Инженер - Энергетик,,,,between3And6,fullDay,full,Москва,Московский институт электромеханики и автоматики,Инженер ПНР,,2026-02-09T14:27:34+0300,https://hh.ru/vacancy/126555974,энергетика
129759980,Инженер-энергетик,150000,150000,RUR,between3And6,fullDay,full,Москва,Новые Строительные Технологии,"Инженер-энергетик, инженер-электрик","Электротехнические работы,Ведение журналов,Организация работы сотрудников,Управление закупками,3 группа по электробезопасности,Контроль исправности оборудования,Знание технологических процессов,Инженерные системы",2026-02-09T14:26:04+0300,https://hh.ru/vacancy/129759980,энергетика
130285976,Инженер-энергетик,45000,100000,RUR,between1And3,fullDay,full,Сарапул,ЭЛЕКОНД,Другое,Диагностика неисправностей,2026-02-09T13:54:26+0300,https://hh.ru/vacancy/130285976,энергетика
130285930,Инженер-энергетик,85000,,RUR,between1And3,fullDay,full,Нижний Новгород,Корпорация Космических Систем Специального Назначения Комета,"Инженер-энергетик, инженер-электрик","Инженерные системы,Ремонт оборудования,Ведение журналов,Заключение договоров",2026-02-09T13:53:14+0300,https://hh.ru/vacancy/130285930,энергетика
122552708,Инженер-энергетик,86000,,RUR,noExperience,fullDay,full,Химки (Московская область),Ростелеком,"Инженер-энергетик, инженер-электрик",,2026-02-09T13:45:20+0300,https://hh.ru/vacancy/122552708,энергетика
130284989,Главный энергетик,120000,,RUR,moreThan6,fullDay,full,Кстово,Пашин Александр Юрьевич,"Инженер-энергетик, инженер-электрик","Техническое обслуживание,Организаторские навыки,Заключение договоров,Монтаж оборудования,Энергетика",2026-02-09T13:34:21+0300,https://hh.ru/vacancy/130284989,энергетика
129756206,Главный энергетик,120000,120000,RUR,between3And6,fullDay,full,Нижний Новгород,Группа Компаний Исток,"Инженер-энергетик, инженер-электрик",,2026-02-09T13:21:28+0300,https://hh.ru/vacancy/129756206,энергетика
129960558,Инженер-энергетик,60000,,RUR,between1And3,fullDay,full,Ижевск,Ижевская бумажная компания,Инженер ПНР,"Техническое обслуживание,Чтение электросхем",2026-02-09T13:25:03+0300,https://hh.ru/vacancy/129960558,энергетика
128875014,Инженер-энергетик,68000,,RUR,between3And6,fullDay,full,Великий Новгород,Энергомаш,Инженер ПНР,,2026-02-09T13:23:37+0300,https://hh.ru/vacancy/128875014,энергетика
130283806,Инженер-энергетик,91000,,RUR,between1And3,fullDay,full,Ульяновск,"Гулливер, сеть супермаркетов",Инженер ПНР,,2026-02-09T13:12:35+0300,https://hh.ru/vacancy/130283806,энергетика
130283265,Инженер - энергетик,150000,160000,RUR,between1And3,flyInFlyOut,full,Нефтекамск,СпецПрофАльянс,"Инженер-энергетик, инженер-электрик",,2026-02-09T13:05:09+0300,https://hh.ru/vacancy/130283265,энергетика
130283266,Инженер - энергетик,150000,160000,RUR,between1And3,flyInFlyOut,full,Магнитогорск,СпецПрофАльянс,"Инженер-энергетик, инженер-электрик",,2026-02-09T13:05:09+0300,https://hh.ru/vacancy/130283266,энергетика
130283267,Инженер - энергетик,150000,160000,RUR,between1And3,flyInFlyOut,full,Бийск,СпецПрофАльянс,"Инженер-энергетик, инженер-электрик",,2026-02-09T13:05:09+0300,https://hh.ru/vacancy/130283267,энергетика
130282579,Главный энергетик,,,,between3And6,fullDay,full,Москва,Lotte Hotel,"Инженер-энергетик, инженер-электрик",,2026-02-09T12:54:58+0300,https://hh.ru/vacancy/130282579,энергетика
129592319,Главный энергетик,95000,100000,RUR,between1And3,fullDay,full,Дзержинск (Нижегородская область),Дзержинскхлеб,"Инженер-энергетик, инженер-электрик","Электроэнергетика,Управление производством,Обеспечение техники безопасности,Знание нормативных документов,Умение организовать работу,Аттестация по организации и эксплуатации,Способность самостоятельно принимать решения,Навыки составления отчетности,Руководство коллективом",2026-02-09T12:41:41+0300,https://hh.ru/vacancy/129592319,энергетика
129945688,Главный энергетик,,,,between3And6,fullDay,full,Сергиев Посад (Московская область),Сергиево-Посадский мясокомбинат,"Инженер-энергетик, инженер-электрик","AutoCAD,Техническое обслуживание,Автоматизация технологических процессов,Инженерные системы,Управление персоналом",2026-02-09T12:45:33+0300,https://hh.ru/vacancy/129945688,энергетика
129753184,Главный энергетик,135000,,RUR,between3And6,fullDay,full,Волгоград,КХК Краснодонское,"Инженер-энергетик, инженер-электрик",,2026-02-09T12:35:18+0300,https://hh.ru/vacancy/129753184,энергетика
129395892,Главный энергетик,,,,between3And6,fullDay,full,Чебаркуль,Горизонт,Начальник производства,"Инженерные системы,Техническая эксплуатация,Энергетика,Технический контроль производства,Руководство коллективом,Контроль исправности оборудования",2026-02-09T12:21:57+0300,https://hh.ru/vacancy/129395892,энергетика
129753383,Инженер-энергетик,,,,moreThan6,fullDay,full,Москва,Сретенка Констракшн Менеджмент,Инженер ПНР,,2026-02-09T12:38:45+0300,https://hh.ru/vacancy/129753383,энергетика
130281188,Инженер-энергетик,130000,160000,RUR,between1And3,fullDay,full,Обнинск,Сметана Станислав Алексеевич,"Инженер-энергетик, инженер-электрик","Инженерные системы,Электротехнические работы,Техническая эксплуатация,Техническое обслуживание оборудования,Ремонт и обслуживание автоматики,Знание технологических процессов",2026-02-09T12:28:07+0300,https://hh.ru/vacancy/130281188,энергетика
130280881,Инженер-энергетик,45000,60000,RUR,between1And3,fullDay,full,Пенза,ФГБОУ ВО Пензенский Государственный Аграрный Университет,Инженер ПНР,,2026-02-09T12:22:59+0300,https://hh.ru/vacancy/130280881,энергетика
126341399,Инженер-энергетик,64000,,RUR,noExperience,fullDay,full,Липецк,МТС,"Инженер-энергетик, инженер-электрик",,2026-02-09T12:06:53+0300,https://hh.ru/vacancy/126341399,энергетика
129514807,Главный энергетик,184000,,RUR,between3And6,fullDay,full,Москва,СПК-СТРОЙ,"Инженер-энергетик, инженер-электрик","Заключение договоров,Управление производственным персоналом,Учет материалов,MS Dos,Техническая грамотность",2026-02-09T12:06:32+0300,https://hh.ru/vacancy/129514807,энергетика
122466232,Главный энергетик,,,,between3And6,fullDay,full,Москва,БЮРО 1440,Начальник производства,"Энергетика,Техническая эксплуатация",2026-02-09T11:51:58+0300,https://hh.ru/vacancy/122466232,энергетика
129309019,Инженер-энергетик,,,,between3And6,fullDay,full,Москва,Правительство Москвы,Инженер по эксплуатации,,2026-02-09T11:51:00+0300,https://hh.ru/vacancy/129309019,энергетика
127506457,Главный энергетик,161700,,RUR,between3And6,fullDay,full,Южноуральск,Увелка ООО «Ресурс»,"Инженер-энергетик, инженер-электрик",,2026-02-09T11:49:32+0300,https://hh.ru/vacancy/127506457,энергетика
130278659,Главный энергетик,,,,moreThan6,fullDay,full,Мытищи (Московская область),РУССКАРТ,"Инженер-энергетик, инженер-электрик","Техническая эксплуатация,Взаимодействие с надзорными организациями,Проектная документация,Заключение договоров,Эксплуатация,Ремонтные работы,Охрана труда и техника безопасности,Пожарная безопасность,Документальное сопровождение,Техническое обслуживание,5 группа по электробезопасности,Руководство коллективом,Умение работать в коллективе",2026-02-09T11:48:18+0300,https://hh.ru/vacancy/130278659,энергетика
130278866,Инженер-энергетик,,,,noExperience,fullDay,full,Снежинск,Россети Урал,"Инженер-энергетик, инженер-электрик",,2026-02-09T11:51:31+0300,https://hh.ru/vacancy/130278866,энергетика
130236398,Инженер-энергетик,50000,,RUR,between1And3,fullDay,full,Омск,Специализированный застройщик Завод сборного железобетона №6,"Инженер-энергетик, инженер-электрик",,2026-02-09T11:47:08+0300,https://hh.ru/vacancy/130236398,энергетика
129965066,Главный энергетик,100000,100000,RUR,between3And6,fullDay,full,Кашин,ГК Альянс,"Инженер-энергетик, инженер-электрик",,2026-02-09T11:25:37+0300,https://hh.ru/vacancy/129965066,энергетика
129965363,Главный энергетик,100000,100000,RUR,between3And6,fullDay,full,Калязин,ГК Альянс,"Инженер-энергетик, инженер-электрик",,2026-02-09T11:25:37+0300,https://hh.ru/vacancy/129965363,энергетика
129529955,Ведущий энергетик,56800,61500,RUR,between1And3,fullDay,full,Ярославль,РН-Маркетинг,"Инженер-энергетик, инженер-электрик",,2026-02-09T11:34:47+0300,https://hh.ru/vacancy/129529955,энергетика
130276676,Главный энергетик,150000,,RUR,moreThan6,fullDay,full,Иркутск,Чекотова П.А.ФОРТУНА,"Инженер-энергетик, инженер-электрик",,2026-02-09T11:12:19+0300,https://hh.ru/vacancy/130276676,энергетика
127190072,Главный энергетик,,,,between3And6,fullDay,full,Хотьково (Московская область),НОВЛАЙН,"Инженер-энергетик, инженер-электрик",,2026-02-09T11:10:58+0300,https://hh.ru/vacancy/127190072,энергетика
130234838,Главный энергетик,200000,200000,RUR,between1And3,fullDay,full,Москва,Центральная Площадь,Начальник производства,,2026-02-09T11:16:07+0300,https://hh.ru/vacancy/130234838,энергетика
127488945,Инженер-энергетик,,,,between3And6,fullDay,full,Хотьково (Московская область),НОВЛАЙН,"Инженер-энергетик, инженер-электрик",,2026-02-09T11:11:32+0300,https://hh.ru/vacancy/127488945,энергетика
130276202,Инженер - энергетик,70700,83160,RUR,between3And6,fullDay,full,Брянск,"ЦАРЬ-МЯСО, БМПК",Инженер ПНР,,2026-02-09T11:05:41+0300,https://hh.ru/vacancy/130276202,энергетика
129721245,Энергетик,180000,200000,RUR,moreThan6,fullDay,full,Москва,Ближняя Дача,Инженер ПНР,"Энергетика,Электрические сети,Ввод оборудования в эксплуатацию,Эксплуатация электрооборудования,Электротехнические работы",2026-02-08T16:16:43+0300,https://hh.ru/vacancy/129721245,энергетика
129947962,Главный энергетик,170000,200000,RUR,between3And6,fullDay,full,Климовск (Московская область),ИТЕКМА,"Инженер-энергетик, инженер-электрик","Энергетика,Ввод оборудования в эксплуатацию",2026-02-09T10:19:59+0300,https://hh.ru/vacancy/129947962,энергетика
127368793,Инженер-энергетик,161040,161040,RUR,between3And6,fullDay,full,Москва,ФБУН ЦНИИ Эпидемиологии Роспотребнадзора,"Инженер-энергетик, инженер-электрик",,2026-02-09T10:12:42+0300,https://hh.ru/vacancy/127368793,энергетика
129718470,Энергетик,150000,,RUR,between3And6,fullDay,full,Санкт-Петербург,Концепция Строительства,"Инженер-энергетик, инженер-электрик",,2026-02-08T15:35:56+0300,https://hh.ru/vacancy/129718470,энергетика
129649958,Главный энергетик,120000,,RUR,moreThan6,fullDay,full,Нижний Новгород,Завод Красная Этна,"Инженер-энергетик, инженер-электрик",,2026-02-09T10:00:41+0300,https://hh.ru/vacancy/129649958,энергетика
129036405,Инженер-энергетик,130000,,RUR,between1And3,fullDay,full,Санкт-Петербург,ММПОФ ПЭКЭДЖИНГ,"Инженер-энергетик, инженер-электрик",,2026-02-09T10:12:19+0300,https://hh.ru/vacancy/129036405,энергетика
126335406,Инженер-энергетик,91000,,RUR,noExperience,fullDay,full,Владивосток,МТС,"Инженер-энергетик, инженер-электрик","Техническая эксплуатация,Контроль исправности оборудования,Поверка контрольно-измерительных приборов,Ведение отчётности,Управление подрядчиками",2026-02-09T09:57:58+0300,https://hh.ru/vacancy/126335406,энергетика
128691682,Инженер-энергетик,88000,,RUR,between1And3,fullDay,full,Екатеринбург,"МАГНИТ, Розничная сеть",Инженер ПНР,,2026-02-09T09:59:25+0300,https://hh.ru/vacancy/128691682,энергетика
130272225,Инженер-энергетик,60000,65000,RUR,between3And6,fullDay,full,Хабаровск,КГБУК Хабаровский Краевой Театр Юного Зрителя,"Инженер-энергетик, инженер-электрик","Разработка технической документации,3 группа по электробезопасности,Ведение отчётности,Заключение договоров,Организация работы сотрудников,Согласование графиков работ,Техническая эксплуатация,Ведение журналов",2026-02-09T10:02:36+0300,https://hh.ru/vacancy/130272225,энергетика
127446915,Главный энергетик,,,,moreThan6,fullDay,full,Москва,Оптово-Розничный Торговый Центр Москва,"Инженер-энергетик, инженер-электрик","Высшее образование,Умение работать в условиях многозадачности,Работа с проектной документацией,Руководство коллективом",2026-02-09T09:43:55+0300,https://hh.ru/vacancy/127446915,энергетика
128949350,Главный энергетик,170000,170000,RUR,between3And6,fullDay,full,Москва,ЛВН-Менеджмент,"Инженер-энергетик, инженер-электрик",,2026-02-09T09:47:43+0300,https://hh.ru/vacancy/128949350,энергетика
130271506,Инженер-энергетик,,,,between3And6,fullDay,full,Новочеркасск,Эко-Ком-Строй,"Инженер-энергетик, инженер-электрик",,2026-02-09T09:50:45+0300,https://hh.ru/vacancy/130271506,энергетика
129247665,Главный энергетик,50000,,RUR,between1And3,fullDay,full,Томск,МБУ Томск САХ,Начальник производства,,2026-02-09T09:42:10+0300,https://hh.ru/vacancy/129247665,энергетика
129872410,Главный энергетик,150000,170000,RUR,between3And6,fullDay,full,Ивантеевка (Московская область),Пицца Клаб,"Инженер-энергетик, инженер-электрик",,2026-02-09T09:27:53+0300,https://hh.ru/vacancy/129872410,энергетика
130095440,Главный энергетик,92000,,RUR,between1And3,fullDay,full,Нижний Новгород,УК Союз Маринс Групп Нижний Новгород,"Инженер-энергетик, инженер-электрик",,2026-02-09T09:33:36+0300,https://hh.ru/vacancy/130095440,энергетика
130269694,Главный энергетик,113000,,RUR,between3And6,fullDay,full,Кочубеевское,"Ресурс, ГАП","Инженер-энергетик, инженер-электрик","Управление проектами,Организаторские навыки,Разработка инструкций,Производственный контроль,Автоматизация технологических процессов,Корпоративная этика,Обеспечение техники безопасности",2026-02-09T09:20:42+0300,https://hh.ru/vacancy/130269694,энергетика
130269695,Главный энергетик,113000,,RUR,between3And6,fullDay,full,Новая Деревня (Ставропольский край),"Ресурс, ГАП","Инженер-энергетик, инженер-электрик","Управление проектами,Организаторские навыки,Разработка инструкций,Производственный контроль,Автоматизация технологических процессов,Корпоративная этика,Обеспечение техники безопасности",2026-02-09T09:20:42+0300,https://hh.ru/vacancy/130269695,энергетика
130269696,Главный энергетик,113000,,RUR,between3And6,fullDay,full,Балахоновское,"Ресурс, ГАП","Инженер-энергетик, инженер-электрик","Управление проектами,Организаторские навыки,Разработка инструкций,Производственный контроль,Автоматизация технологических процессов,Корпоративная этика,Обеспечение техники безопасности",2026-02-09T09:20:42+0300,https://hh.ru/vacancy/130269696,энергетика
130269747,Главный энергетик,,90277,RUR,between1And3,fullDay,full,Казань,МКУ ОГПП,Начальник производства,,2026-02-09T09:21:38+0300,https://hh.ru/vacancy/130269747,энергетика
129591276,Главный энергетик,95000,95000,RUR,between3And6,fullDay,full,Екатеринбург,Планета,"Инженер-энергетик, инженер-электрик","Охрана труда и техника безопасности,Заключение договоров,Разработка инструкций,Проведение инструктажей",2026-02-09T09:17:37+0300,https://hh.ru/vacancy/129591276,энергетика
129272260,Инженер-энергетик,161000,,RUR,between3And6,fullDay,full,Балашиха (Московская область),Лакра,"Инженер-энергетик, инженер-электрик",,2026-02-09T09:08:07+0300,https://hh.ru/vacancy/129272260,энергетика
129272259,Инженер-энергетик,161000,,RUR,between3And6,fullDay,full,Ногинск (Московская область),Лакра,"Инженер-энергетик, инженер-электрик",,2026-02-09T09:08:03+0300,https://hh.ru/vacancy/129272259,энергетика
127946943,Главный энергетик,230000,,RUR,between3And6,fullDay,full,Новосибирск,ГК Расцветай,Начальник производства,,2026-02-09T08:49:11+0300,https://hh.ru/vacancy/127946943,энергетика
129165003,Главный энергетик,290000,290000,RUR,between3And6,flyInFlyOut,full,Москва,Юпитер,"Инженер-энергетик, инженер-электрик",,2026-02-09T09:00:47+0300,https://hh.ru/vacancy/129165003,энергетика
130268144,Главный энергетик,,,,between3And6,fullDay,full,Владимир,ВЕРОФАРМ,"Инженер-энергетик, инженер-электрик",,2026-02-09T08:49:03+0300,https://hh.ru/vacancy/130268144,энергетика
130268145,Главный энергетик,,,,between3And6,fullDay,full,Орехово-Зуево (Московская область),ВЕРОФАРМ,"Инженер-энергетик, инженер-электрик",,2026-02-09T08:49:03+0300,https://hh.ru/vacancy/130268145,энергетика
130268146,Главный энергетик,,,,between3And6,fullDay,full,Вольгинский,ВЕРОФАРМ,"Инженер-энергетик, инженер-электрик",,2026-02-09T08:49:03+0300,https://hh.ru/vacancy/130268146,энергетика
120270266,Энергетик цеха,82500,,RUR,between1And3,fullDay,full,Ступино (Московская область),База Малино,"Инженер-энергетик, инженер-электрик","Техническая эксплуатация,Электротехнические работы,Контроль исправности оборудования,Электрические системы и слаботочные системы,Электрические сети,Электромонтажные работы",2026-02-09T08:33:28+0300,https://hh.ru/vacancy/120270266,энергетика
129330736,Главный энергетик,85000,,RUR,between3And6,fullDay,full,Димитровград,Завод ангаров Витал 73,"Инженер-энергетик, инженер-электрик","Инженерные системы,Системы теплоснабжения,Организаторские навыки,Энергетика,Техническое обслуживание,Управление командой,Монтаж инженерных систем,5 группа по электробезопасности,КИПиА,Системы газоснабжения",2026-02-09T08:20:34+0300,https://hh.ru/vacancy/129330736,энергетика
128321942,Главный энергетик,,,,between3And6,fullDay,full,Челябинск,Птицефабрика Челябинская,Начальник производства,"Организаторские навыки,Руководство коллективом,Взаимодействие с контрольными органами",2026-02-09T08:23:27+0300,https://hh.ru/vacancy/128321942,энергетика
130267766,Инженер-энергетик,,,,between1And3,fullDay,full,Москва,Атомдата-Центр,"Инженер-энергетик, инженер-электрик","Электротехнические работы,3 группа по электробезопасности,Техническая эксплуатация,Разработка технической документации,Техническое обслуживание оборудования,Ведение отчётности,Обеспечение техники безопасности",2026-02-09T08:38:18+0300,https://hh.ru/vacancy/130267766,энергетика
129331473,Инженер-энергетик,77000,77000,RUR,between1And3,fullDay,full,Челябинск,Мягкий Кинотеатр,"Инженер-энергетик, инженер-электрик",,2026-02-09T08:37:12+0300,https://hh.ru/vacancy/129331473,энергетика
129567302,Инженер-энергетик,96000,,RUR,between3And6,fullDay,full,Дзержинск (Нижегородская область),Компания Хома,Другое,"Пользователь ПК,Водоснабжение и канализация,Инженерные системы,Умение работать в команде",2026-02-09T08:34:21+0300,https://hh.ru/vacancy/129567302,энергетика
130267124,Главный энергетик,170000,,RUR,between3And6,fullDay,full,Москва,ГУЗ,"Инженер-энергетик, инженер-электрик","Техническая эксплуатация,Инженерные системы,Организаторские навыки,Энергетика,Руководство коллективом,Техническое обслуживание",2026-02-09T08:24:27+0300,https://hh.ru/vacancy/130267124,энергетика
130266795,Главный энергетик,100000,,RUR,between3And6,fullDay,full,Астрахань,Стекло Плюс,Начальник производства,"Электрические сети,3 группа по электробезопасности,4 группа по электробезопасности,Электрические системы и слаботочные системы,Энергетика,Техническое обслуживание,Ремонтные работы,Эксплуатация",2026-02-09T08:15:20+0300,https://hh.ru/vacancy/130266795,энергетика
130127834,Инженер-энергетик цеха,80000,,RUR,between3And6,fullDay,full,Ставрополь,Бумфа Групп,Инженер ПНР,"Энергетика,Техническая эксплуатация,Руководство коллективом,Эксплуатация",2026-02-09T16:44:16+0300,https://hh.ru/vacancy/130127834,энергетика
130266791,Главный энергетик,,,,between1And3,fullDay,full,Ижевск,МИЛКОМ,"Инженер-энергетик, инженер-электрик",,2026-02-09T08:15:09+0300,https://hh.ru/vacancy/130266791,энергетика
130085815,Энергетик,150000,,RUR,between1And3,fullDay,full,Троицк (Москва),Архпроект,"Инженер-энергетик, инженер-электрик","Диагностика неисправностей,Ремонт и обслуживание автоматики,Техническое обслуживание оборудования,Производственное планирование,Разработка технической документации,Контроль исправности оборудования",2026-02-08T12:47:30+0300,https://hh.ru/vacancy/130085815,энергетика
129737940,Главный энергетик,120000,120000,RUR,between3And6,fullDay,full,Раменское (Московская область),Восток-Сервис,"Инженер-энергетик, инженер-электрик","Техническая эксплуатация,5 группа по электробезопасности",2026-02-09T08:02:57+0300,https://hh.ru/vacancy/129737940,энергетика
130065712,Техник-энергетик(теплоэнергетик),,163000,RUR,between1And3,shift,full,Ростов-на-Дону,Марс,"Инженер-энергетик, инженер-электрик","Ремонтные работы,Оптимизация производства,Ввод оборудования в эксплуатацию,Диагностика неисправностей",2026-02-09T16:27:30+0300,https://hh.ru/vacancy/130065712,энергетика
129953043,Техник-энергетик(теплоэнергетик),,163000,RUR,between1And3,shift,full,Аксай (Ростовская область),Марс,"Инженер-энергетик, инженер-электрик","Ремонтные работы,Оптимизация производства,Ввод оборудования в эксплуатацию,Диагностика неисправностей",2026-02-09T16:26:52+0300,https://hh.ru/vacancy/129953043,энергетика
128463352,Инженер-энергетик,100000,100000,RUR,between1And3,fullDay,full,Новокузнецк,Мария-Ра,"Инженер-энергетик, инженер-электрик","Энергетика,Техническая эксплуатация",2026-02-09T07:46:04+0300,https://hh.ru/vacancy/128463352,энергетика
130065710,Техник-энергетик(теплоэнергетик),,163000,RUR,between1And3,shift,full,Новочеркасск,Марс,"Инженер-энергетик, инженер-электрик","Ремонтные работы,Оптимизация производства,Ввод оборудования в эксплуатацию,Диагностика неисправностей",2026-02-09T16:26:13+0300,https://hh.ru/vacancy/130065710,энергетика
130138079,Инженер ПТО | Энергетика,,,,noExperience,fullDay,full,Санкт-Петербург,Балаковский Гидроэлектромонтаж,"Инженер ПТО, инженер-сметчик","КС-3,AutoCAD,Проектная документация",2026-02-09T16:26:10+0300,https://hh.ru/vacancy/130138079,энергетика
129333083,Главный энергетик,100000,,RUR,between1And3,fullDay,full,Карталы,РИФ-Микромрамор,"Инженер-энергетик, инженер-электрик","Производственный контроль,Управление производственным персоналом,Внимательность к деталям, способность работать с большими массивами информации,Контроль исправности оборудования,Желание обучаться,Желание работать и зарабатывать",2026-02-09T07:19:14+0300,https://hh.ru/vacancy/129333083,энергетика
130293046,Ведущий инженер-энергетик,89000,,RUR,between1And3,fullDay,full,Мурманск,Ростелеком,"Инженер-энергетик, инженер-электрик",,2026-02-09T16:05:16+0300,https://hh.ru/vacancy/130293046,энергетика
130136691,"Инженер-энергетик, КИПиА",80000,80000,RUR,between3And6,fullDay,full,Шахты,Птицефабрика Маркинская,"Инженер-энергетик, инженер-электрик","Инженерные системы,Проектирование систем электроснабжения,Чтение проектной документации,Вентиляция и кондиционирование,Водоснабжение и канализация,Выполнение технического надзора,Нормативно-техническая документация,Электрические сети,Техническая эксплуатация оборудования,Электроснабжение,Монтаж инженерных систем,Пуско-наладочные работы,Техническое обслуживание инженерных систем",2026-02-09T16:01:25+0300,https://hh.ru/vacancy/130136691,энергетика
130265061,Техник-энергетик,,150000,RUR,between1And3,flyInFlyOut,full,Уфа,ЕРМАКОВСКОЕ ПРЕДПРИЯТИЕ ПО РЕМОНТУ СКВАЖИН,"Инженер-энергетик, инженер-электрик","Пользователь ПК,Грамотная речь,Эксплуатация электрооборудования",2026-02-09T07:05:55+0300,https://hh.ru/vacancy/130265061,энергетика
128867713,Техник-энергетик,,150000,RUR,between1And3,flyInFlyOut,full,Казань,ЕРМАКОВСКОЕ ПРЕДПРИЯТИЕ ПО РЕМОНТУ СКВАЖИН,"Инженер-энергетик, инженер-электрик","Пользователь ПК,Грамотная речь,Эксплуатация электрооборудования",2026-02-09T07:05:25+0300,https://hh.ru/vacancy/128867713,энергетика
130264889,Главный энергетик,150000,150000,RUR,moreThan6,fullDay,full,Новосибирск,Лаборатория Функциональных Продуктов,"Инженер-энергетик, инженер-электрик",,2026-02-09T06:58:18+0300,https://hh.ru/vacancy/130264889,энергетика
125636094,Инженер-энергетик,,60000,RUR,between1And3,fullDay,full,Уфа,Нефтеавтоматика,"Инженер-энергетик, инженер-электрик",,2026-02-09T07:09:32+0300,https://hh.ru/vacancy/125636094,энергетика
127984086,Ведущий инженер-энергетик,102000,102000,RUR,between1And3,fullDay,full,Москва,"Мосводосток, ГУП","Инженер-энергетик, инженер-электрик",,2026-02-09T15:36:24+0300,https://hh.ru/vacancy/127984086,энергетика
130289627,Инженер-энергетик Ⅰ категории,80000,100000,RUR,between3And6,fullDay,full,Санкт-Петербург,Технопарк Санкт-Петербурга,"Инженер-энергетик, инженер-электрик","Электротехнические работы,Энергетика,Техническое обслуживание оборудования,Контроль исправности оборудования,Знание устройства производственного оборудования,Производственное планирование,Заключение договоров,Закупка оборудования,Ведение отчётности",2026-02-09T15:02:45+0300,https://hh.ru/vacancy/130289627,энергетика
127198562,Главный энергетик,100000,,RUR,between1And3,fullDay,full,Красноярск,Гуриати,Начальник производства,"Делопроизводство,Ведение архива,Электронная почта,Первичная документация,Работа с большим объемом информации",2026-02-09T06:13:24+0300,https://hh.ru/vacancy/127198562,энергетика
130289077,Инженер по энергетике,63000,63000,RUR,between3And6,fullDay,full,Волгоград,ВОЛМА,"Инженер-энергетик, инженер-электрик","Планирование энергоресурсов,Контроль за расходом энергоресурсов",2026-02-09T14:51:53+0300,https://hh.ru/vacancy/130289077,энергетика
129325806,Мастер - энергетик,130000,,RUR,between3And6,fullDay,full,Хабаровск,Б2Б Дальний Восток,Руководитель строительного проекта,Грамотность,2026-02-09T05:45:49+0300,https://hh.ru/vacancy/129325806,энергетика
129329057,Главный энергетик,120000,,RUR,between1And3,fullDay,full,Красноярск,Компания ТрансТелеКом,"Инженер-энергетик, инженер-электрик",,2026-02-09T05:40:57+0300,https://hh.ru/vacancy/129329057,энергетика
129470978,Главный энергетик,90000,,RUR,between1And3,fullDay,full,Тюмень,Стальмост,"Инженер-энергетик, инженер-электрик","Энергетика,5 группа по электробезопасности,Руководство коллективом,Электромонтажные работы,Схемотехника электронного оборудования",2026-02-09T05:29:41+0300,https://hh.ru/vacancy/129470978,энергетика
130263825,Главный энергетик,100000,,RUR,between3And6,fullDay,full,Челябинск,Челябкоммунэнерго,"Инженер-энергетик, инженер-электрик",,2026-02-09T05:24:24+0300,https://hh.ru/vacancy/130263825,энергетика
128672295,Мастер службы энергетика,,,,between1And3,fullDay,full,Нижний Тагил,Научно-Производственная Корпорация Уралвагонзавод Имени Ф.Э. Дзержинского,"Мастер по ремонту оборудования, техники","Ремонтные работы,обеспечивает безаварийную и надежную работу всех видов оборудования",2026-02-09T14:14:19+0300,https://hh.ru/vacancy/128672295,энергетика
130285529,Инженер-энергетик (МКД),107000,130000,RUR,between1And3,fullDay,full,Москва,А101-Комфорт,"Инженер-энергетик, инженер-электрик",,2026-02-09T13:46:01+0300,https://hh.ru/vacancy/130285529,энергетика
129597531,Ведущий инженер-энергетик,,,,noExperience,fullDay,full,Нижний Новгород,билайн,Инженер ПНР,,2026-02-09T13:46:52+0300,https://hh.ru/vacancy/129597531,энергетика
124853614,Ведущий инженер - энергетик,71250,,RUR,between1And3,fullDay,full,Тула,Ростелеком,"Инженер-энергетик, инженер-электрик",,2026-02-09T13:45:08+0300,https://hh.ru/vacancy/124853614,энергетика
126290669,Главный энергетик,,,,between3And6,fullDay,full,Иркутск,ЖБИ Черноруд,Начальник производства,,2026-02-09T04:21:54+0300,https://hh.ru/vacancy/126290669,энергетика
124308341,Инженер-энергетик ГНСВ,63600,63600,RUR,between3And6,fullDay,full,Челябинск,МУП Производственное объединение водоснабжения и водоотведения,"Инженер-энергетик, инженер-электрик",,2026-02-09T13:31:59+0300,https://hh.ru/vacancy/124308341,энергетика
129254982,Энергетик цеха,105000,105000,RUR,between1And3,fullDay,full,Новосибирск,НМЗ Им. Кузьмина,"Инженер-энергетик, инженер-электрик",,2026-02-09T04:05:37+0300,https://hh.ru/vacancy/129254982,энергетика
128353861,Энергетик,71500,71500,RUR,between3And6,fullDay,full,Балаково,Завод электромонтажных конструкций Гидроэлектромонтаж,"Инженер-энергетик, инженер-электрик",,2026-02-08T06:53:26+0300,https://hh.ru/vacancy/128353861,энергетика
130283225,Заместитель главного энергетика,90000,95000,RUR,between3And6,fullDay,full,Нижний Новгород,Инком-НН,"Инженер-энергетик, инженер-электрик","Техническая эксплуатация,Ремонтные работы,5 группа по электробезопасности",2026-02-09T13:04:34+0300,https://hh.ru/vacancy/130283225,энергетика
126705443,Главный энергетик (г. Хотьково),,,,between3And6,fullDay,full,Москва,PRO AQUA,Начальник производства,"Безопасность,Охрана труда и техника безопасности,Энергетика,Электрические сети",2026-02-09T17:56:37+0300,https://hh.ru/vacancy/126705443,энергетика
130297919,Младший специалист по энергетике,,,,noExperience,fullDay,project,Самара,Логика молока,Инженер ПНР,,2026-02-09T17:50:21+0300,https://hh.ru/vacancy/130297919,энергетика
130297920,Младший специалист по энергетике,,,,noExperience,fullDay,project,Казань,Логика молока,Инженер ПНР,,2026-02-09T17:50:21+0300,https://hh.ru/vacancy/130297920,энергетика
130297921,Младший специалист по энергетике,,,,noExperience,fullDay,project,Чехов (Московская область),Логика молока,Инженер ПНР,,2026-02-09T17:50:21+0300,https://hh.ru/vacancy/130297921,энергетика
128989186,Инженер-энергетик,,,,between3And6,fullDay,full,Владивосток,РАТИМИР,Инженер ПНР,,2026-02-09T02:48:18+0300,https://hh.ru/vacancy/128989186,энергетика
128989187,Инженер-энергетик,,,,between3And6,fullDay,full,Артем,РАТИМИР,Инженер ПНР,,2026-02-09T02:48:18+0300,https://hh.ru/vacancy/128989187,энергетика
130279870,Заместитель главного энергетика,,,,between3And6,flyInFlyOut,full,Нефтеюганск,Сибирская Сервисная Компания,Другое,,2026-02-09T12:05:56+0300,https://hh.ru/vacancy/130279870,энергетика
129511652,Главный Инженер/Энергетик,180000,,RUR,between3And6,fullDay,full,Тверь,НПФ ПРОМРЕССУРС,"Инженер-энергетик, инженер-электрик","Техническая эксплуатация,Техническое обслуживание,Инженерные системы,Ремонтные работы,Электротехнические работы,Контроль исправности оборудования,Электрические системы и слаботочные системы,Материально-техническое обеспечение",2026-02-09T11:27:03+0300,https://hh.ru/vacancy/129511652,энергетика
127489252,Инженер-энергетик (г.Хотьково),,,,between3And6,fullDay,full,Рязань,НОВЛАЙН,"Инженер-энергетик, инженер-электрик",,2026-02-09T11:12:30+0300,https://hh.ru/vacancy/127489252,энергетика
127489251,Инженер-энергетик (г.Хотьково),,,,between3And6,fullDay,full,Тверь,НОВЛАЙН,"Инженер-энергетик, инженер-электрик",,2026-02-09T11:12:01+0300,https://hh.ru/vacancy/127489251,энергетика
97305245,Начальник бюро ППР и ведомственного контроля отдела главного энергетика,93100,93100,RUR,between1And3,fullDay,project,Бийск,Бийский олеумный завод - филиал ФКП Завод имени Я.М. Свердлова,"Инженер-энергетик, инженер-электрик","Внутренний контроль,Ведение документации,MS Dos",2026-02-10T05:42:58+0300,https://hh.ru/vacancy/97305245,энергетика
129510159,Специалист по энергетике,,,,between1And3,fullDay,full,Нижний Новгород,Новые башни,"Инженер-энергетик, инженер-электрик",,2026-02-09T11:04:50+0300,https://hh.ru/vacancy/129510159,энергетика
130275432,Инженер энергетик ЦОД,,,,between3And6,fullDay,full,Москва,ГКУ Инфогород,"Инженер-энергетик, инженер-электрик","Инженерные системы,3 группа по электробезопасности,Техническая эксплуатация,Электротехнические работы,Техническое обслуживание оборудования,Наладка оборудования,Поверка контрольно-измерительных приборов",2026-02-09T10:54:14+0300,https://hh.ru/vacancy/130275432,энергетика
130295183,Инженер-энергетик I категории,50000,,RUR,between1And3,fullDay,full,Оренбург,Желдорреммаш,"Инженер-энергетик, инженер-электрик","Организаторские навыки,Заключение договоров",2026-02-09T16:46:21+0300,https://hh.ru/vacancy/130295183,энергетика
128098003,Инженер-энергетик СГИ,161040,161040,RUR,between3And6,fullDay,full,Москва,ФБУН ЦНИИ Эпидемиологии Роспотребнадзора,Инженер ПНР,,2026-02-09T10:35:05+0300,https://hh.ru/vacancy/128098003,энергетика
129610451,Главный энергетик горнодобывающего производства,100000,150000,RUR,between3And6,fullDay,full,Донецк,UREMONT,Начальник производства,,2026-02-09T16:37:58+0300,https://hh.ru/vacancy/129610451,энергетика
129507101,Инженер-энергетик ЦОД,,,,between3And6,fullDay,full,Москва,ДатаДом,"Инженер-энергетик, инженер-электрик","ЦОД,дата-центры,3 группа по электробезопасности,Чтение электросхем,Системы ЦОД,Электрощитовое оборудование,АВР,ДГУ,ИБП",2026-02-09T10:21:57+0300,https://hh.ru/vacancy/129507101,энергетика
127958234,Старший инженер-энергетик,,,,between1And3,fullDay,full,Иваново (Ивановская область),МТС,"Инженер-энергетик, инженер-электрик",,2026-02-09T10:00:42+0300,https://hh.ru/vacancy/127958234,энергетика
129505583,Инженер-энергетик (недвижимость),90000,110000,RUR,between3And6,fullDay,full,Тюмень,ПАСТУХОВ КАПИТАЛИС,"Инженер-энергетик, инженер-электрик","Чтение электросхем,Электромонтажные работы,Электрические сети,Электрические системы и слаботочные системы,Электрика,Монтаж инженерных систем,слаботочные системы,оформление документации,Инженерные системы,Проектная документация,Энергетика,Ввод в эксплуатацию,Чтение проектной документации,Выбор подрядных организаций,Руководство коллективом,Строительный контроль",2026-02-09T09:57:16+0300,https://hh.ru/vacancy/129505583,энергетика
123685748,Начинающий инженер - энергетик,62000,,RUR,noExperience,fullDay,full,Казань,ТАТТЕЛЕКОМ,"Инженер-энергетик, инженер-электрик","Электротехнические работы,Техническое обслуживание,Ведение журналов,Ведение отчётности,Контроль исправности оборудования",2026-02-09T09:33:58+0300,https://hh.ru/vacancy/123685748,энергетика
130291039,Инженер энергетик (направление строительство),,,,between1And3,fullDay,full,Пятигорск,ИМИДЖ,Инженер ПНР,,2026-02-09T15:25:46+0300,https://hh.ru/vacancy/130291039,энергетика
130290615,Главный инженер проекта (энергетика),,200000,RUR,between3And6,fullDay,full,Москва,Бизнесальтернатива,Главный инженер проекта,"Энергетика,Исходно-разрешительная документация,Инженерные системы,Проектная документация",2026-02-09T15:18:20+0300,https://hh.ru/vacancy/130290615,энергетика
130270083,Ведущий инженер-энергетик,121000,,RUR,between3And6,fullDay,full,Колпино,Группа ЛСР,Инженер ПНР,,2026-02-09T09:26:05+0300,https://hh.ru/vacancy/130270083,энергетика
125890555,Главный энергетик (эксплуатация),,,,between3And6,fullDay,full,Москва,STONE,Начальник производства,"4 группа по электробезопасности,Энергетика,Техническая эксплуатация,Контроль исправности оборудования,Эксплуатация,Взаимодействие с контрольными органами,Электрические системы и слаботочные системы,Разработка технических заданий",2026-02-09T09:12:04+0300,https://hh.ru/vacancy/125890555,энергетика
129260396,Ведущий инженер-энергетик,121000,,RUR,between1And3,fullDay,full,Никольское,Группа ЛСР,"Инженер-энергетик, инженер-электрик",,2026-02-09T09:17:13+0300,https://hh.ru/vacancy/129260396,энергетика
124583472,Ведущий инженер-энергетик,121000,,RUR,between3And6,fullDay,full,Тосно,Группа ЛСР,"Инженер-энергетик, инженер-электрик",,2026-02-09T09:17:00+0300,https://hh.ru/vacancy/124583472,энергетика
130269361,Ведущий инженер-энергетик,90000,,RUR,between3And6,fullDay,full,Альметьевск,Сервис НПО,Инженер ПНР,,2026-02-09T09:13:17+0300,https://hh.ru/vacancy/130269361,энергетика
130269312,Ведущий инженер-энергетик,72000,80000,RUR,between1And3,fullDay,full,Калининград,МБУ Чистота,Инженер ПНР,,2026-02-09T09:12:18+0300,https://hh.ru/vacancy/130269312,энергетика
122231542,Заместитель главного энергетика,,,,between3And6,fullDay,full,Воронеж,ПИГМЕНТ,"Инженер-энергетик, инженер-электрик",,2026-02-09T08:15:38+0300,https://hh.ru/vacancy/122231542,энергетика
122231543,Заместитель главного энергетика,,,,between3And6,fullDay,full,Липецк,ПИГМЕНТ,"Инженер-энергетик, инженер-электрик",,2026-02-09T08:15:34+0300,https://hh.ru/vacancy/122231543,энергетика
121375115,Заместитель главного энергетика,,,,between3And6,fullDay,full,Тамбов,ПИГМЕНТ,"Инженер-энергетик, инженер-электрик",,2026-02-09T08:15:28+0300,https://hh.ru/vacancy/121375115,энергетика
130262302,Инженер-энергетик,,,,between3And6,flyInFlyOut,full,Новый Уренгой,Газпром нефть,Инженер ПНР,,2026-02-08T21:44:55+0300,https://hh.ru/vacancy/130262302,энергетика
115597160,Заместитель главного энергетика,,,,between3And6,fullDay,full,Щелково (Московская область),Канонфарма продакшн,Инженер ПНР,,2026-02-09T08:11:39+0300,https://hh.ru/vacancy/115597160,энергетика
130130984,Инженер-энергетик на склад,150000,150000,RUR,between3And6,fullDay,full,Санкт-Петербург,"Красное & Белое, розничная сеть","Инженер-энергетик, инженер-электрик","Энергетика,4 группа по ЭБ,Энергетическое оборудование,Техническая эксплуатация оборудования",2026-02-09T14:14:21+0300,https://hh.ru/vacancy/130130984,энергетика
130130929,Инженер-энергетик на склад,160000,160000,RUR,between3And6,fullDay,full,Подольск (Московская область),"Красное & Белое, розничная сеть","Инженер-энергетик, инженер-электрик","Энергетика,4 группа по ЭБ,Энергетическое оборудование,Техническая эксплуатация оборудования",2026-02-09T14:13:32+0300,https://hh.ru/vacancy/130130929,энергетика
130130901,Инженер-энергетик на склад,140000,140000,RUR,between3And6,fullDay,full,Новосибирск,"Красное & Белое, розничная сеть","Инженер-энергетик, инженер-электрик","Энергетика,4 группа по ЭБ,Энергетическое оборудование,Техническая эксплуатация оборудования",2026-02-09T14:12:50+0300,https://hh.ru/vacancy/130130901,энергетика
128616615,Главный энергетик (тепличный комплекс),,,,between1And3,fullDay,full,Белгород,Разуменское,"Инженер-энергетик, инженер-электрик","Энергетика,Техническая эксплуатация,Техническое обслуживание,Договорная работа,Контроль исправности оборудования,Электротехнические работы",2026-02-09T13:58:41+0300,https://hh.ru/vacancy/128616615,энергетика
129453248,Ведущий инженер по энергетике,97000,107000,RUR,between3And6,fullDay,full,Волгоград,ВОЛМА,"Инженер-энергетик, инженер-электрик","Энергетика,Организация работы сотрудников",2026-02-09T14:01:19+0300,https://hh.ru/vacancy/129453248,энергетика
130238578,Главный инженер/Главный энергетик,100000,150000,RUR,between3And6,fullDay,full,Подольск (Московская область),ВсВ,"Инженер-энергетик, инженер-электрик","Техническая эксплуатация,Инженерные системы,Техническое обслуживание,Энергетика,Контроль исправности оборудования,Управление производством,Технический контроль производства,Руководство коллективом",2026-02-09T12:30:43+0300,https://hh.ru/vacancy/130238578,энергетика
129325657,Старший инженер-энергетик,72000,,RUR,between1And3,fullDay,full,Благовещенск (Амурская область),МТС,"Инженер-энергетик, инженер-электрик",,2026-02-09T05:59:22+0300,https://hh.ru/vacancy/129325657,энергетика
130221928,Инженер-энергетик,150000,,RUR,between3And6,fullDay,project,Горно-Алтайск,Мост,Инженер ПНР,,2026-02-08T19:05:29+0300,https://hh.ru/vacancy/130221928,энергетика
129266858,Главный энергетик/Заместитель главного инженера/Инженер-энергетик,,,,between3And6,fullDay,full,Рязань,Северная Компания,Руководитель проектов,,2026-02-09T09:32:48+0300,https://hh.ru/vacancy/129266858,энергетика
129726662,Главный энергетик,95000,,RUR,between1And3,fullDay,full,Тверь,Лихославльский радиаторный завод,Другое,"Энергетика,Электрические сети,Инженерные системы",2026-02-08T18:25:13+0300,https://hh.ru/vacancy/129726662,энергетика
129589951,Главный энергетик ЦОД,,121000,RUR,between3And6,fullDay,full,Хабаровск,МТС,"Инженер-энергетик, инженер-электрик","Техническая эксплуатация,5 группа по электробезопасности,Умение планировать,Умение работать в коллективе,Организаторские навыки,Контроль исправности оборудования,Технический контроль производства,Руководство коллективом,Электротехнические работы,Эксплуатация",2026-02-09T05:07:14+0300,https://hh.ru/vacancy/129589951,энергетика
130137925,Ведущий инженер в отдел энергетики,,,,noExperience,fullDay,full,Сочи,билайн,Электромонтажник,,2026-02-09T16:23:41+0300,https://hh.ru/vacancy/130137925,энергетика
129318017,Инженер - энергетик,150000,,RUR,between3And6,fullDay,full,Москва,АРТОС,"Инженер-энергетик, инженер-электрик","Водоснабжение и канализация,Взаимодействие с контрольными органами,Урегулирование конфликтов,Пожарная безопасность",2026-02-08T17:42:41+0300,https://hh.ru/vacancy/129318017,энергетика
129668383,Энергетик,60000,60000,RUR,between1And3,fullDay,full,Тула,КорсГрупп,Инженер ПНР,,2026-02-07T16:34:27+0300,https://hh.ru/vacancy/129668383,энергетика
129353917,Главный энергетик / Utilities Manager,,,,between3And6,fullDay,full,Санкт-Петербург,Марс,Начальник производства,,2026-02-09T11:32:56+0300,https://hh.ru/vacancy/129353917,энергетика
127190295,Главный энергетик (г. Хотьково),,,,between3And6,fullDay,full,Тверь,НОВЛАЙН,Начальник производства,,2026-02-09T11:11:29+0300,https://hh.ru/vacancy/127190295,энергетика
127190294,Главный энергетик (г. Хотьково),,,,between3And6,fullDay,full,Тула,НОВЛАЙН,Начальник производства,,2026-02-09T11:11:25+0300,https://hh.ru/vacancy/127190294,энергетика
129311351,Инженер по эксплуатации-энергетик,,,,between3And6,fullDay,full,Санкт-Петербург,Лемана ПРО,Инженер по эксплуатации,"4 группа по электробезопасности,Эксплуатация зданий",2026-02-09T11:19:29+0300,https://hh.ru/vacancy/129311351,энергетика
129931506,Инженер-энергетик,,,,between3And6,fullDay,full,Москва,STENTEX,Инженер по эксплуатации,"Английский язык,Инженерные системы,Взаимодействие с контрольными органами,Управление проектами,GMP (Good Manufacturing Practice),СМК,Управление бюджетом,Реконструкция",2026-02-08T17:12:00+0300,https://hh.ru/vacancy/129931506,энергетика
128544303,Энергетик,94000,94000,RUR,between3And6,fullDay,full,Нижний Новгород,ЦКБ Лазурит,Инженер ПНР,,2026-02-07T16:00:22+0300,https://hh.ru/vacancy/128544303,энергетика
130291697,Главный специалист по тендерам (Энергетика),,,,between3And6,fullDay,full,Москва,АБС Электро,Специалист по тендерам,,2026-02-09T15:39:34+0300,https://hh.ru/vacancy/130291697,энергетика
130170162,Энергетик,120000,120000,RUR,between1And3,fullDay,full,Архангельск,Архангельский фанерный завод,"Инженер-энергетик, инженер-электрик","Электротехнические работы,Ведение отчётности,Инженерные системы,Техническая эксплуатация",2026-02-07T15:05:57+0300,https://hh.ru/vacancy/130170162,энергетика
130118043,Инженер службы главного энергетика,65000,69000,RUR,between3And6,fullDay,full,Калининград,Калининградгазификация,"Инженер-энергетик, инженер-электрик","Разработка технической документации,Обеспечение техники безопасности,Организация работы сотрудников,Ведение журналов",2026-02-09T10:36:33+0300,https://hh.ru/vacancy/130118043,энергетика
129882554,Инженер-энергетик по АИИСКУЭ,91000,,RUR,between1And3,fullDay,full,Тула,"МАГНИТ, Розничная сеть",Электромонтажник,Электромонтажные работы,2026-02-09T10:48:05+0300,https://hh.ru/vacancy/129882554,энергетика
129422877,Энергетик,85000,110000,RUR,between1And3,fullDay,full,Сухой Лог,ФОРЭСФЕРА,"Инженер-энергетик, инженер-электрик","Электротехнические работы,Ремонт оборудования,Техническое обслуживание оборудования,Контроль исправности оборудования,Наладка оборудования,Обеспечение техники безопасности,Диагностика неисправностей",2026-02-07T14:16:42+0300,https://hh.ru/vacancy/129422877,энергетика
129927688,Главный энергетик,160000,170000,RUR,between3And6,fullDay,full,Москва,Сады Майендорф,"Инженер-энергетик, инженер-электрик","Взаимодействие с контрольными органами,Эксплуатация электроустановок,Техническая эксплуатация,Энергетика,Взаимодействие с контролирующими органами,Эксплуатационные документы,Работа с технической документацией,Организационные навыки,Техническая грамотность,Ремонт,Сопровождение договоров,Технический склад ума,Умение работать в условиях многозадачности,AutoCAD,Ведение технической документации,Высшее образование",2026-02-08T16:04:58+0300,https://hh.ru/vacancy/129927688,энергетика
129604908,Заместитель главного инженера/Инженер-энергетик,160000,,RUR,moreThan6,fullDay,full,Подольск (Московская область),Клавторг,"Инженер-энергетик, инженер-электрик","Промышленная безопасность,Инженерные системы,Нормативно-техническая документация,Техническая эксплуатация,Охрана труда и техника безопасности",2026-02-09T15:20:37+0300,https://hh.ru/vacancy/129604908,энергетика
129744059,Инженер по электроснабжению / энергетике,150000,,RUR,between3And6,fullDay,full,Москва,Воздвижение,Инженер ПНР,"Электротехнические работы,Инженерные системы,Проектная документация,Электрические сети,Ввод в эксплуатацию,Техническая документация,Строительный контроль,Технический надзор,MS Word,MS Excel,AutoCAD,Управление подрядчиками,Пуско-наладочные работы,Поверка контрольно-измерительных приборов,Заключение договоров,Монтаж инженерных систем,Энергетика,Сопровождение строительства",2026-02-09T10:22:59+0300,https://hh.ru/vacancy/129744059,энергетика
129947499,Ведущий менеджер (сфера энергетики),,,,between3And6,fullDay,full,Москва,билайн,Инженер ПНР,,2026-02-09T10:12:16+0300,https://hh.ru/vacancy/129947499,энергетика
129479191,Инженер - энергетик / Главный энергетик,120000,,RUR,moreThan6,fullDay,full,Москва,Карибия,"Инженер-энергетик, инженер-электрик","Энергетика,Инженерные системы,Знание устройства производственного оборудования,Ведение отчётности,Организация работы сотрудников",2026-02-08T15:45:22+0300,https://hh.ru/vacancy/129479191,энергетика
128838432,Главный энергетик,,,,between1And3,fullDay,full,Ступино (Московская область),Земля МО,"Инженер-энергетик, инженер-электрик",,2026-02-08T15:45:17+0300,https://hh.ru/vacancy/128838432,энергетика
128838431,Главный энергетик,,,,between1And3,fullDay,full,Домодедово (Московская область),Земля МО,"Инженер-энергетик, инженер-электрик",,2026-02-08T15:45:13+0300,https://hh.ru/vacancy/128838431,энергетика
127485801,Инженер - энергетик,53586,53586,RUR,between1And3,fullDay,full,Калининград,Государственное бюджетное учреждение здравоохранения Региональный центр скорой медицинской помощи и медицины катастроф Калининградской области,"Инженер-энергетик, инженер-электрик","Пользователь ПК,Ведение документации,Ведение отчетности,Точность и внимательность к деталям",2026-02-08T15:57:20+0300,https://hh.ru/vacancy/127485801,энергетика
130260947,Энергетик цеха,70000,,RUR,between1And3,fullDay,full,Казань,ФКП НПО Казанский завод точного машиностроения,"Инженер-энергетик, инженер-электрик",Ведение документации,2026-02-08T15:55:04+0300,https://hh.ru/vacancy/130260947,энергетика
130271552,Заместитель начальника ОТО (Энергетик),160000,,RUR,between1And3,fullDay,full,Норильск,МКУ Норильскавтодор,Инженер ПНР,"Организаторские навыки,Руководство коллективом,Энергетика,Организация работы сотрудников,Знание технологических процессов,Управление подрядчиками",2026-02-09T09:51:32+0300,https://hh.ru/vacancy/130271552,энергетика
128795329,Инженер-энергетик I категории,105000,125500,RUR,between1And3,fullDay,full,Ухта,Газпром энерго,Инженер ПНР,,2026-02-09T10:05:41+0300,https://hh.ru/vacancy/128795329,энергетика
130272314,"Администратор магазина (Энергетиков, 17)",46900,46900,RUR,noExperience,shift,full,Новочебоксарск,"МАГНИТ, Розничная сеть","Администратор магазина, администратор торгового зала",,2026-02-09T10:03:44+0300,https://hh.ru/vacancy/130272314,энергетика
129449165,Инженер-электрик/инженер-энергетик,,,,between1And3,fullDay,full,Москва,Правительство Москвы,"Инженер ПТО, инженер-сметчик",,2026-02-09T09:51:37+0300,https://hh.ru/vacancy/129449165,энергетика
130130961,Инженер-энергетик на склад (Радумля),160000,160000,RUR,between3And6,fullDay,full,Зеленоград,"Красное & Белое, розничная сеть",Инженер ПНР,"Энергетика,4 группа по ЭБ,Энергетическое оборудование,Техническая эксплуатация оборудования",2026-02-09T14:13:51+0300,https://hh.ru/vacancy/130130961,энергетика
130230359,Старший продавец (ул. Энергетиков),56000,60000,RUR,between1And3,fullDay,full,Челябинск,"Лента, федеральная розничная сеть","Продавец-консультант, продавец-кассир",,2026-02-09T09:43:33+0300,https://hh.ru/vacancy/130230359,энергетика
130092047,Инженер-энергетик,80000,100000,RUR,between3And6,fullDay,full,Челябинск,ОРТО-МЕД,Инженер ПНР,,2026-02-08T14:12:24+0300,https://hh.ru/vacancy/130092047,энергетика
130268219,Главный энергетик отдела электроснабжения,,,,between3And6,fullDay,full,Москва,Атомдата-Центр,"Инженер-конструктор, инженер-проектировщик","Эксплуатация,Электрические сети,5 группа по электробезопасности,Ввод в эксплуатацию,Автоматизация технологических процессов,Точность и внимательность к деталям,Разработка технических заданий,Деловая переписка,Нормативно-техническая документация",2026-02-09T08:50:57+0300,https://hh.ru/vacancy/130268219,энергетика
126576677,Руководитель проекта (строительство объектов энергетики),200000,,RUR,moreThan6,fullDay,full,Липецк,М4 Групп,Руководитель строительного проекта,,2026-02-09T13:35:46+0300,https://hh.ru/vacancy/126576677,энергетика
127898735,Инженер-энергетик сельскохозяйственного предприятия,,,,between1And3,fullDay,full,Добринка,ДОМИНАНТ ГК,"Инженер-энергетик, инженер-электрик","Технический контроль производства,Планирование,Ремонтные работы,Ведение документации",2026-02-09T08:51:54+0300,https://hh.ru/vacancy/127898735,энергетика
130296368,Инженер-энергетик / Специалист по эксплуатации электрооборудования,90000,,RUR,noExperience,shift,full,Сочи,Сочи-Парк,Электромонтажник,,2026-02-09T17:07:20+0300,https://hh.ru/vacancy/130296368,энергетика
129992434,Энергетик,,,,between3And6,fullDay,full,Солнечногорск (Московская область),СТРОЙ-CITY,"Инженер-энергетик, инженер-электрик",,2026-02-07T10:48:30+0300,https://hh.ru/vacancy/129992434,энергетика
130204283,Главный энергетик,,,,between3And6,fullDay,full,Кемерово,СИБИНПЭКС,Начальник производства,"Контроль исправности оборудования,5 группа по электробезопасности,Руководство коллективом,Взаимодействие с надзорными организациями,Организация безопасной эксплуатации оборудования",2026-02-08T13:02:28+0300,https://hh.ru/vacancy/130204283,энергетика
130154099,Энергетик,45000,45000,RUR,between3And6,fullDay,full,Москва,Калина групп,Инженер ПНР,,2026-02-07T10:06:27+0300,https://hh.ru/vacancy/130154099,энергетика
129469312,Инженер энергетик,,,,between1And3,fullDay,full,Москва,Лемана ПРО,Инженер по эксплуатации,,2026-02-08T13:15:30+0300,https://hh.ru/vacancy/129469312,энергетика
129792695,СТАЖЕР В ДЕПАРТАМЕНТ ЭНЕРГЕТИКИ,45000,45000,RUR,noExperience,fullDay,full,Воронеж,Пирелли Тайр Руссия,"Инженер-энергетик, инженер-электрик","Стрессоустойчивость,Обучение и развитие,Внимательность,Ответственность,Исполнительность",2026-02-09T07:46:47+0300,https://hh.ru/vacancy/129792695,энергетика
129363447,Энергетик по инженерным сетям,100000,130000,RUR,between3And6,fullDay,full,Барнаул,Мария-Ра,Инженер по эксплуатации,,2026-02-09T07:46:24+0300,https://hh.ru/vacancy/129363447,энергетика
129283887,Главный энергетик,150000,,RUR,between1And3,fullDay,full,Москва,Энивейвс,"Инженер-энергетик, инженер-электрик","Управление проектами,Энергетика,Технологии энергетической промышленности,5 группа по электробезопасности,Ведение проектной документации",2026-02-08T11:43:39+0300,https://hh.ru/vacancy/129283887,энергетика
130292672,Главный энергетик (г. Рошаль Московской области),,,,between3And6,fullDay,full,Москва,Аминохим,"Инженер-энергетик, инженер-электрик","Организаторские навыки,Управление производственным персоналом,Автоматизация технологических процессов,Точность и внимательность к деталям,Электрические сети,Электрические системы и слаботочные системы,Электротехнические работы,Контроль исправности оборудования,Энергетика,Эксплуатация электрооборудования",2026-02-09T15:58:56+0300,https://hh.ru/vacancy/130292672,энергетика
129285790,Инженер энергетик,,,,between1And3,fullDay,full,Котельники  (Московская область),Лемана ПРО,Инженер по эксплуатации,,2026-02-08T11:59:31+0300,https://hh.ru/vacancy/129285790,энергетика
129625823,Энергетик,60000,,RUR,between3And6,fullDay,full,Челябинск,СНТСН Малышево,Инженер ПНР,"Электротехнические работы,Электрические сети,Техническое обслуживание оборудования,Контроль исправности оборудования,Ремонт оборудования,Диагностика неисправностей,Организация работы сотрудников",2026-02-07T07:47:02+0300,https://hh.ru/vacancy/129625823,энергетика
129282181,Главный энергетик,,,,between3And6,fullDay,full,Москва,Франклинс Бургер,Начальник производства,,2026-02-08T11:29:58+0300,https://hh.ru/vacancy/129282181,энергетика
129581259,Ведущий инженер энергетик (Технический заказчик),,,,between3And6,fullDay,full,Москва,Capital Group,Главный инженер проекта,,2026-02-09T12:06:31+0300,https://hh.ru/vacancy/129581259,энергетика
130278641,Инженер в отдел главного энергетика,,,,between3And6,fullDay,full,Череповец,ЗАВОД НАРТИС,"Инженер-энергетик, инженер-электрик","Ремонтные работы,Электротехнические работы,оформление документации,Умение планировать,Деловая переписка,Уверенный пользователь ПК",2026-02-09T11:47:51+0300,https://hh.ru/vacancy/130278641,энергетика
130197456,Главный энергетик,130000,130000,RUR,between3And6,fullDay,full,Москва,Smart Group 2.0,Инженер по эксплуатации,,2026-02-08T10:55:19+0300,https://hh.ru/vacancy/130197456,энергетика
129697511,Инженер-энергетик,40000,40000,RUR,between3And6,shift,part,Астрахань,"Девелопмент-Юг, строительно-инвестиционная корпорация",Инженер ПНР,,2026-02-08T11:01:45+0300,https://hh.ru/vacancy/129697511,энергетика
129605842,Заместитель главного инженера/Инженер-энергетик (Подольск),160000,,RUR,moreThan6,fullDay,full,Москва,Клавторг,"Инженер-энергетик, инженер-электрик","Инженерные системы,Проектная документация,Техническое обслуживание,5 группа по электробезопасности,Охрана труда и техника безопасности,Взаимодействие с надзорными организациями,Техническая документация",2026-02-09T15:34:10+0300,https://hh.ru/vacancy/129605842,энергетика
130264712,Ведущий инженер ПТО (Энергетика),100000,,RUR,between1And3,fullDay,full,Нижневартовск,Д.Э.С,"Инженер ПТО, инженер-сметчик",,2026-02-09T06:44:23+0300,https://hh.ru/vacancy/130264712,энергетика
129456181,Главный энергетик,,,,between3And6,fullDay,full,Лобня (Московская область),Завод Вибропрессованных Изделий,Другое,,2026-02-08T10:23:02+0300,https://hh.ru/vacancy/129456181,энергетика
129770985,Ведущий инженер отдела главного энергетика,70000,,RUR,between1And3,fullDay,full,Челябинск,МТС,"Инженер-энергетик, инженер-электрик",,2026-02-09T11:27:30+0300,https://hh.ru/vacancy/129770985,энергетика
129249565,Повар-универсал в кафе в Энергетиках,50000,60000,RUR,between1And3,shift,full,Курган,Ресторанный Холдинг Нидем,"Повар, пекарь, кондитер",,2026-02-09T15:18:31+0300,https://hh.ru/vacancy/129249565,энергетика
129451932,Инженер-энергетик,170000,170000,RUR,between1And3,fullDay,full,Москва,"Красное & Белое, розничная сеть","Инженер-энергетик, инженер-электрик","Энергетика,Взаимодействие с сетевыми организациями,Знание норм по электробезопасности,Работа с документацией",2026-02-08T09:30:23+0300,https://hh.ru/vacancy/129451932,энергетика
130241900,Визитный мерчендайзер ( энергетики),,61000,RUR,noExperience,fullDay,full,Москва,ANCOR,Мерчандайзер,"Мерчандайзинг,Пополнение товарных запасов,Организаторские навыки",2026-02-08T22:09:26+0300,https://hh.ru/vacancy/130241900,энергетика
129451415,Главный энергетик,100000,,RUR,between3And6,fullDay,full,Тверь,ОТК Тандем,"Инженер-энергетик, инженер-электрик","4 группа по электробезопасности,Техническая эксплуатация,Управление персоналом,Техническое обслуживание,Контроль исправности оборудования,Выбор подрядных организаций,1С: Документооборот,Подбор персонала,Организаторские навыки,Технический надзор,Ремонтные работы,Взаимодействие с контрольными органами",2026-02-08T09:22:52+0300,https://hh.ru/vacancy/129451415,энергетика
130192212,Инженер-энергетик,80000,,RUR,between3And6,fullDay,full,Чебоксары,Автодор,Инженер ПНР,,2026-02-08T09:15:32+0300,https://hh.ru/vacancy/130192212,энергетика
128747364,Ведущий инженер-энергетик в VK,,,,between3And6,fullDay,full,Москва,VK,"Инженер-энергетик, инженер-электрик",,2026-02-09T10:17:09+0300,https://hh.ru/vacancy/128747364,энергетика
128968297,Региональный менеджер направления энергетики (Екб),160000,,RUR,between1And3,fullDay,full,Екатеринбург,ИндастриОил,"Менеджер по продажам, менеджер по работе с клиентами","Полевые работы,B2B Продажи,Работа на выставках,Консультирование клиентов,Энергетика,Выявление потребностей,Телефонные переговоры,Сопровождение клиентов,SPIN-продажи,Прямые продажи",2026-02-09T10:10:03+0300,https://hh.ru/vacancy/128968297,энергетика
129262144,Инженер - энергетик,,,,noExperience,fullDay,full,Пермь,билайн,Инженер ПНР,,2026-02-08T08:30:31+0300,https://hh.ru/vacancy/129262144,энергетика
130286521,Инженер по надзору за строительством (Энергетика),163000,,RUR,between1And3,fullDay,full,Волгоград,Сервис-Газификация,"Инженер ПТО, инженер-сметчик","Энергетика,КИПиА,Строительный контроль,Проектная документация,Строительство",2026-02-09T14:02:37+0300,https://hh.ru/vacancy/130286521,энергетика
125488629,"Дефектоскопист (пос. Энергетик, Оренбургская область)",,,,noExperience,fullDay,full,Энергетик,Русская лаборатория,"Инженер ПТО, инженер-сметчик","Неразрушающий контроль,Промышленная безопасность",2026-02-09T10:15:39+0300,https://hh.ru/vacancy/125488629,энергетика
130231933,Повар кулинарного производства (улица Энергетиков),66000,75000,RUR,noExperience,fullDay,full,Челябинск,"Лента, федеральная розничная сеть","Повар, пекарь, кондитер",,2026-02-09T10:14:47+0300,https://hh.ru/vacancy/130231933,энергетика
130139596,"Инженер-сметчик (Энергетика, объекты до 220кВ)",,,,between1And3,fullDay,full,Санкт-Петербург,Балаковский Гидроэлектромонтаж,"Инженер-конструктор, инженер-проектировщик","Сметы,Составление смет,Деловое общение",2026-02-09T16:55:05+0300,https://hh.ru/vacancy/130139596,энергетика
129684764,Инженер-энергетик,100000,150000,RUR,between3And6,fullDay,full,Екатеринбург,Принцип,"Инженер-энергетик, инженер-электрик",Ведение документации,2026-02-08T07:57:53+0300,https://hh.ru/vacancy/129684764,энергетика
130253049,"Руководитель проекта в сфере энергетики (строительство ПС, ЛЭП)",160000,180000,RUR,between1And3,fullDay,full,Санкт-Петербург,Мельчакова Виктория Вячеславовна,"Инженер ПТО, инженер-сметчик","Энергетика,Сопровождение строительства,Управление строительством",2026-02-09T18:48:16+0300,https://hh.ru/vacancy/130253049,энергетика
129682823,Главный энергетик,150000,,RUR,between3And6,fullDay,full,Екатеринбург,Монолитка,"Инженер-энергетик, инженер-электрик","Электромонтажные работы,Контроль исправности оборудования,Обслуживание электрооборудования,Эксплуатация электрооборудования,Электрические сети,Электроснабжение,5 группа по электробезопасности",2026-02-08T06:55:56+0300,https://hh.ru/vacancy/129682823,энергетика
129397375,Начальник бюро отдела главного энергетика,79000,79000,RUR,between3And6,fullDay,full,Санкт-Петербург,НПП Краснознаменец,Инженер ПНР,,2026-02-09T09:12:28+0300,https://hh.ru/vacancy/129397375,энергетика
130269086,"Кассир (Санкт-Петербург, Энергетиков, 8)",50000,60000,RUR,noExperience,flexible,full,Санкт-Петербург,Перекрёсток,"Продавец-консультант, продавец-кассир",,2026-02-09T09:07:59+0300,https://hh.ru/vacancy/130269086,энергетика
130281733,"Визитный мерчендайзер (р-н Приморский, энергетики)",,58000,RUR,noExperience,fullDay,full,Санкт-Петербург,ANCOR,Мерчандайзер,"Мерчандайзинг,Пополнение товарных запасов,Организаторские навыки",2026-02-09T12:38:02+0300,https://hh.ru/vacancy/130281733,энергетика
130279602,Ведущий инженер-энергетик производственно-технического отдела,70000,100000,RUR,between3And6,fullDay,full,Тверь,СО ТВЕРЬНЕФТЕПРОДУКТ,"Инженер-энергетик, инженер-электрик","Ведение отчетности,Нормативно-техническая документация,Энергетика,Техническая эксплуатация,Контроль исправности оборудования,4 группа по электробезопасности",2026-02-09T12:02:18+0300,https://hh.ru/vacancy/130279602,энергетика
125646177,Старший инженер по обслуживанию вспомогательного оборудования (Энергетик),,,,between1And3,fullDay,full,Москва,PepsiCo,"Инженер-энергетик, инженер-электрик",,2026-02-09T15:20:29+0300,https://hh.ru/vacancy/125646177,энергетика
125646197,Старший инженер по обслуживанию вспомогательного оборудования ( Энергетик ),,,,between1And3,fullDay,full,Лобня (Московская область),PepsiCo,"Инженер-энергетик, инженер-электрик",,2026-02-09T15:20:29+0300,https://hh.ru/vacancy/125646197,энергетика
130278013,Заместитель главного энергетика (Тюменский нефтеперерабатывающий завод),,,,between3And6,fullDay,full,Тюмень,РИ-ИНВЕСТ,"Инженер-энергетик, инженер-электрик",,2026-02-09T11:36:48+0300,https://hh.ru/vacancy/130278013,энергетика
129272788,Главный инженер/главный энергетик Торгового комплекса,,,,moreThan6,fullDay,full,Санкт-Петербург,Концерн Энерготехнологии,Начальник производства,,2026-02-09T11:05:23+0300,https://hh.ru/vacancy/129272788,энергетика
129936485,Главный инженер-энергетик макрорегиона,,,,between3And6,fullDay,full,Краснодар,Новые башни,"Инженер-энергетик, инженер-электрик",,2026-02-09T00:53:09+0300,https://hh.ru/vacancy/129936485,энергетика
130264683,"Продавец (Курчатов, Энергетиков, 5А)",50000,70000,RUR,noExperience,flexible,part,Курчатов,Пятёрочка,"Продавец-консультант, продавец-кассир",,2026-02-09T06:42:27+0300,https://hh.ru/vacancy/130264683,энергетика
130233346,Заместитель начальника мясного производства (ул. Энергетиков),88000,101000,RUR,between1And3,fullDay,full,Челябинск,"Лента, федеральная розничная сеть",Начальник производства,,2026-02-09T10:44:44+0300,https://hh.ru/vacancy/130233346,энергетика
122578031,Инженер-энергетик на склад (Подольск),160000,160000,RUR,between3And6,fullDay,full,Чехов (Московская область),"Красное & Белое, розничная сеть",Инженер ПНР,"Энергетика,4 группа по ЭБ,Энергетическое оборудование,Техническая эксплуатация оборудования",2026-02-09T06:00:20+0300,https://hh.ru/vacancy/122578031,энергетика
122578010,Инженер-энергетик на склад (Подольск),160000,160000,RUR,between3And6,fullDay,full,Серпухов (Московская область),"Красное & Белое, розничная сеть",Инженер ПНР,"Энергетика,4 группа по ЭБ,Энергетическое оборудование,Техническая эксплуатация оборудования",2026-02-09T06:00:19+0300,https://hh.ru/vacancy/122578010,энергетика
122970033,Инженер-энергетик на склад (Радумля),160000,160000,RUR,between3And6,fullDay,full,Клин (Московская область),"Красное & Белое, розничная сеть",Инженер ПНР,"Энергетика,4 группа по ЭБ,Энергетическое оборудование,Техническая эксплуатация оборудования",2026-02-09T06:00:18+0300,https://hh.ru/vacancy/122970033,энергетика
122970011,Инженер-энергетик на склад (Радумля),160000,160000,RUR,between3And6,fullDay,full,Солнечногорск (Московская область),"Красное & Белое, розничная сеть",Инженер ПНР,"Энергетика,4 группа по ЭБ,Энергетическое оборудование,Техническая эксплуатация оборудования",2026-02-09T06:00:17+0300,https://hh.ru/vacancy/122970011,энергетика
129340118,Директор торгового комплекса (пр-т Энергетиков),,,,between3And6,fullDay,full,Санкт-Петербург,"Лента, федеральная розничная сеть","Директор магазина, директор сети магазинов",,2026-02-09T10:11:25+0300,https://hh.ru/vacancy/129340118,энергетика
130263981,"Старший продавец (Барнаул, Энергетиков, 4)",45900,59700,RUR,between1And3,fullDay,full,Барнаул,Пятёрочка,"Продавец-консультант, продавец-кассир",,2026-02-09T05:45:17+0300,https://hh.ru/vacancy/130263981,энергетика
129477895,Главный Инженер/Энергетик,180000,,RUR,between3And6,fullDay,full,Сергиев Посад (Московская область),НПФ ПРОМРЕССУРС,"Инженер-энергетик, инженер-электрик","Техническая эксплуатация,Техническое обслуживание,Инженерные системы,Ремонтные работы,Электротехнические работы,Контроль исправности оборудования,Электрические системы и слаботочные системы,Материально-техническое обеспечение",2026-02-08T15:22:13+0300,https://hh.ru/vacancy/129477895,энергетика
129477892,Главный Инженер/Энергетик,180000,,RUR,between3And6,fullDay,full,Кимры,НПФ ПРОМРЕССУРС,"Инженер-энергетик, инженер-электрик","Техническая эксплуатация,Техническое обслуживание,Инженерные системы,Ремонтные работы,Электротехнические работы,Контроль исправности оборудования,Электрические системы и слаботочные системы,Материально-техническое обеспечение",2026-02-08T15:22:12+0300,https://hh.ru/vacancy/129477892,энергетика
129304422,Инженер-электрик/энергетик,120000,150000,RUR,between1And3,fullDay,full,Москва,Визави Синтез,"Инженер-энергетик, инженер-электрик",,2026-02-08T14:59:03+0300,https://hh.ru/vacancy/129304422,энергетика
129739169,"Сборщик заказов (Санкт-Петербург, Энергетиков, 70)",60000,85000,RUR,noExperience,fullDay,full,Санкт-Петербург,Перекрёсток,"Упаковщик, комплектовщик",,2026-02-09T09:17:47+0300,https://hh.ru/vacancy/129739169,энергетика
126389708,Инженер-энергетик (Восток Москвы и Области),102000,122400,RUR,between1And3,fullDay,full,Москва,"ДИКСИ, группа компаний",Инженер ПНР,,2026-02-09T09:16:56+0300,https://hh.ru/vacancy/126389708,энергетика
130132442,"Главный инженер проекта | Энергетика, объекты до 220 кВ",,,,between3And6,fullDay,full,Санкт-Петербург,Балаковский Гидроэлектромонтаж,Главный инженер проекта,"Энергетика,Организаторские навыки,Выбор подрядных организаций,Взаимодействие с надзорными организациями,Техническая эксплуатация,Руководство коллективом",2026-02-09T14:42:41+0300,https://hh.ru/vacancy/130132442,энергетика
130249301,Инженер-энергетик (инженер по работе с поставщиками коммунальных услуг),130000,140000,RUR,between1And3,fullDay,full,Владивосток,"Красное & Белое, розничная сеть","Инженер-энергетик, инженер-электрик","Техническая документация,Знание норм по электробезопасности,Энергетика,Заключение договоров,Работа с контрагентами",2026-02-09T16:29:33+0300,https://hh.ru/vacancy/130249301,энергетика
91257282,Ведущий инженер-энергетик,110000,,RUR,between3And6,fullDay,full,Москва,ГБУЗ ЦЛО ДЗМ,"Инженер-энергетик, инженер-электрик",,2026-02-08T13:09:49+0300,https://hh.ru/vacancy/91257282,энергетика
129468424,"Главный Инженер, энергетик",180000,,RUR,between3And6,fullDay,full,Дубна (Московская область),НПФ ПРОМРЕССУРС,"Инженер-энергетик, инженер-электрик","Техническая эксплуатация,Нормативно-техническая документация,Инженерные системы,Умение работать в коллективе,Эксплуатация,Техническое обслуживание",2026-02-08T13:03:50+0300,https://hh.ru/vacancy/129468424,энергетика
129461870,Ведущий инженер-энергетик,,,,between1And3,fullDay,full,Ростов-на-Дону,билайн,"Инженер-энергетик, инженер-электрик",,2026-02-08T12:20:12+0300,https://hh.ru/vacancy/129461870,энергетика
128775794,Ведущий инженер-энергетик,102000,,RUR,between1And3,fullDay,full,Санкт-Петербург,билайн,"Инженер-энергетик, инженер-электрик",,2026-02-08T12:20:23+0300,https://hh.ru/vacancy/128775794,энергетика
130235760,Энергетик,80000,,RUR,between3And6,fullDay,full,Донецк,Автодор Донбасс,Электромонтажник,,2026-02-06T11:33:29+0300,https://hh.ru/vacancy/130235760,энергетика
130201077,Инженер-электрик (энергетик),90000,,RUR,between1And3,fullDay,full,Иркутск,Новый Бетон,"Инженер-энергетик, инженер-электрик","4 группа по электробезопасности,Взаимодействие с надзорными организациями,Контроль исправности оборудования,Нормативно-техническая документация,Электротехнические работы,Электрические сети",2026-02-08T11:59:42+0300,https://hh.ru/vacancy/130201077,энергетика
130265423,Инженер-энергетик (специалист по эксплуатации энергооборудования),100000,,RUR,between1And3,fullDay,full,Челябинск,Холдинг БОВИД (ООО Гранд Отель ВИДГОФ),Инженер ПНР,,2026-02-09T07:24:23+0300,https://hh.ru/vacancy/130265423,энергетика
130081727,Ведущий инженер-энергетик,,,,noExperience,fullDay,full,Калининград,билайн,"Инженер-энергетик, инженер-электрик",,2026-02-08T11:39:47+0300,https://hh.ru/vacancy/130081727,энергетика
130281423,Эколог,,150000,RUR,between1And3,fullDay,full,Москва,WILDBERRIES,"Инженер по охране труда и технике безопасности, инженер-эколог","Знание экологического законодательства,Экологическая безопасность",2026-02-09T12:32:20+0300,https://hh.ru/vacancy/130281423,экология промышленная
129574463,Эколог,,,,between1And3,fullDay,full,Ялта,Альфа Строй,Другое,,2026-02-09T09:09:57+0300,https://hh.ru/vacancy/129574463,экология промышленная
130301546,Ведущий инженер-эколог,45000,,RUR,between1And3,fullDay,full,Иркутск,Комитет по Управлению Муниципальным Имуществом и Жизнеобеспечению Администрации Иркутского Районного Муниципального Образования,Другое,"Деловая переписка,Умение работать в коллективе,Экологическая безопасность,Охрана труда и техника безопасности,Организаторские навыки",2026-02-10T03:37:56+0300,https://hh.ru/vacancy/130301546,экология промышленная
128652808,"Менеджер по охране труда, промышленной безопасности и экологии",,,,between3And6,fullDay,full,Саранск,Напитки Вместе,"Инженер по охране труда и технике безопасности, инженер-эколог","Охрана труда и техника безопасности,Промышленная безопасность,Пожарная безопасность,Взаимодействие с контрольными органами,Экологическая безопасность,Бережливое производство",2026-02-09T20:52:55+0300,https://hh.ru/vacancy/128652808,экология промышленная
129380340,"Начальник отдела по охране труда, промышленной безопасности и экологии (Московская область)",,,,between3And6,fullDay,full,Москва,Аминохим,"Инженер по охране труда и технике безопасности, инженер-эколог",,2026-02-09T17:35:58+0300,https://hh.ru/vacancy/129380340,экология промышленная
125600783,"Специалист по охране труда, промышленной безопасности и экологии",,,,between3And6,fullDay,full,Новосибирск,S7 Group,"Инженер по охране труда и технике безопасности, инженер-эколог","Охрана труда и техника безопасности,Промышленная безопасность,Охрана труда,Деловое общение,Деловая переписка,Ведение документации,Организаторские навыки,Документооборот,Работа с документами,Экологическая безопасность,Подготовка отчетов,Документальное сопровождение,Заключение договоров,Составление договоров",2026-02-09T06:32:05+0300,https://hh.ru/vacancy/125600783,экология промышленная
130260992,Главный специалист по промышленной экологии,,,,between3And6,flyInFlyOut,full,Красноярск,Высочайший,"Инженер по охране труда и технике безопасности, инженер-эколог",,2026-02-08T16:03:18+0300,https://hh.ru/vacancy/130260992,экология промышленная
130041521,Руководитель отдела охраны труда и промышленной безопасности,,,,between3And6,fullDay,full,Иркутск,ПСК,"Инженер по охране труда и технике безопасности, инженер-эколог","Охрана труда и техника безопасности,Аттестация по ОТ и ПБ,Взаимодействие с субподрядными организациями,Выполнение технического надзора",2026-02-10T04:43:40+0300,https://hh.ru/vacancy/130041521,экология промышленная
130097175,Инженер-эколог,,,,between3And6,fullDay,full,Пенза,Мостовик,"Инженер по охране труда и технике безопасности, инженер-эколог",,2026-02-08T15:41:54+0300,https://hh.ru/vacancy/130097175,экология промышленная
130137723,Инженер по промышленной безопасности,95000,95000,RUR,between1And3,fullDay,full,Чапаевск,Полимер,"Инженер по охране труда и технике безопасности, инженер-эколог",,2026-02-09T16:19:45+0300,https://hh.ru/vacancy/130137723,экология промышленная
130302767,"Начальник службы промышленной безопасности, охраны труда и окружающей среды/БДД",149000,149000,RUR,between3And6,fullDay,full,Красноярск,АкТрансСервис,"Инженер по охране труда и технике безопасности, инженер-эколог",,2026-02-10T06:17:13+0300,https://hh.ru/vacancy/130302767,экология промышленная
129758149,Специалист полевых работ/Инженер-эколог,60000,150000,RUR,noExperience,fullDay,full,Тюмень,Эколого-Географическая Фирма,"Инженер по охране труда и технике безопасности, инженер-эколог","Готовность к командировкам,Умение организовывать работу, планировать,Экологическая безопасность,Желание работать и развиваться,Ответственность,Исполнительность",2026-02-09T13:56:16+0300,https://hh.ru/vacancy/129758149,экология промышленная
130293349,Специалист по охране труда и экологии,90000,,RUR,between1And3,fullDay,full,Санкт-Петербург,Декен Пласт,"Инженер по охране труда и технике безопасности, инженер-эколог",,2026-02-09T16:10:13+0300,https://hh.ru/vacancy/130293349,экология промышленная
127271876,Инженер-эколог,80000,120000,RUR,moreThan6,fullDay,full,Новокузнецк,ИнЭкА-консалтинг,"Инженер по охране труда и технике безопасности, инженер-эколог","Точность и внимательность к деталям,Проектная документация,Знание экологического законодательства,Работа в команде",2026-02-08T12:37:34+0300,https://hh.ru/vacancy/127271876,экология промышленная
123343159,Ведущий эколог по охране водного бассейна,,,,between3And6,fullDay,full,Тольятти,ТОЛЬЯТТИАЗОТ (ТОАЗ),"Инженер по охране труда и технике безопасности, инженер-эколог",,2026-02-09T15:29:37+0300,https://hh.ru/vacancy/123343159,экология промышленная
130290146,Инженер-эколог отдела охраны окружающей среды,,,,between3And6,fullDay,full,Челябинск,МАЙ ПРОЕКТ,"Инженер по охране труда и технике безопасности, инженер-эколог","Взаимодействие с разрешительными органами,Проектная документация,Инженерные системы,Проектирование,Деловая переписка,Проектирование зданий и сооружений,Техническая документация",2026-02-09T15:10:17+0300,https://hh.ru/vacancy/130290146,экология промышленная
129318657,"Главный специалист по охране труда, промышленной безопасности и экологии",145475,,RUR,between1And3,fullDay,full,Москва,Автономная Некоммерческая организация Агентство Креативных Индустрий,"Инженер по охране труда и технике безопасности, инженер-эколог","Охрана труда и техника безопасности,Промышленная безопасность",2026-02-08T17:55:36+0300,https://hh.ru/vacancy/129318657,экология промышленная
130258701,Эколог-проектировщик,75000,150000,RUR,moreThan6,fullDay,full,Москва,Комплексная Промышленная Экология,"Научный специалист, исследователь","Экологическая безопасность,Пользователь ПК,Экологическое право",2026-02-08T00:07:53+0300,https://hh.ru/vacancy/130258701,экология промышленная
129303912,"Эколог-проектировщик (разработка ОВОС, МООС, СЗЗ)\Главный специалист",,,,between1And3,fullDay,full,Москва,Мосэнергопроект,"Инженер по охране труда и технике безопасности, инженер-эколог",,2026-02-09T15:43:43+0300,https://hh.ru/vacancy/129303912,экология промышленная
127614411,"Инженер по охране труда, экологии",60000,,RUR,between1And3,fullDay,full,Барнаул,Спецобъединение Юго-Запад,"Инженер по охране труда и технике безопасности, инженер-эколог",,2026-02-09T04:36:17+0300,https://hh.ru/vacancy/127614411,экология промышленная
128994950,Специалист по охране окружающей среды / Эколог,,,,between3And6,fullDay,full,Новосибирск,Сибирская продовольственная компания,"Инженер по охране труда и технике безопасности, инженер-эколог","Взаимодействие с контрольными органами,Экологическая безопасность,Взаимодействие с разрешительными органами,Внутренний контроль",2026-02-09T08:43:33+0300,https://hh.ru/vacancy/128994950,экология промышленная
130274392,"Ведущий специалист по ОТ, ПБ и экологии",,,,between3And6,fullDay,full,Москва,Банковские и Финансовые Системы,"Инженер по охране труда и технике безопасности, инженер-эколог","Охрана труда и техника безопасности,Экологическая безопасность,Производственный контроль,Проведение внутренних расследований,Пожарная безопасность,Промышленная безопасность",2026-02-09T10:39:06+0300,https://hh.ru/vacancy/130274392,экология промышленная
130269340,"Ведущий специалист (эколог) службы ОТ, ПБ и ООС",55800,72500,RUR,between1And3,fullDay,full,Нижневартовск,Западно-Сибирская промышленная компания,Другое,"Пользователь ПК,Работа в команде,Поиск информации в интернет,Навыки составления отчетности",2026-02-09T09:12:51+0300,https://hh.ru/vacancy/130269340,экология промышленная
118548300,Заместитель начальника Отдела промышленной безопасности,,,,between3And6,fullDay,full,Тамбов,ПИГМЕНТ,"Инженер по охране труда и технике безопасности, инженер-эколог",,2026-02-09T08:15:47+0300,https://hh.ru/vacancy/118548300,экология промышленная
130019882,"Начальник отдела охраны труда, пожарной безопасности и экологии",,,,between3And6,fullDay,full,Краснодар,"МАГНИТ, Розничная сеть","Инженер по охране труда и технике безопасности, инженер-эколог","Взаимодействие с контрольными органами,Экологическая безопасность,Пожарная безопасность,Охрана труда,Управленческие навыки",2026-02-09T10:48:06+0300,https://hh.ru/vacancy/130019882,экология промышленная
129722544,Инженер-химик / инженер-эколог,70000,110000,RUR,between1And3,fullDay,full,Москва,Экоцентр,"Научный специалист, исследователь","Экологическая безопасность,Управление персоналом,Химические методы анализа,Прямые продажи,Лабораторная работа",2026-02-08T16:39:13+0300,https://hh.ru/vacancy/129722544,экология промышленная
129844586,Главный специалист (эколог) отдела экологического контроля,96000,99000,RUR,between3And6,fullDay,part,Ванино,Портовый Альянс,"Инженер по охране труда и технике безопасности, инженер-эколог","Экологическая безопасность,Умение работать в коллективе,Работа с документами,Охрана труда",2026-02-09T03:59:05+0300,https://hh.ru/vacancy/129844586,экология промышленная
127271866,Главный инженер проекта (эколог),120000,150000,RUR,moreThan6,fullDay,full,Новокузнецк,ИнЭкА-консалтинг,"Инженер по охране труда и технике безопасности, инженер-эколог","Проектная документация,Производственный контроль,Проектирование,Разработка проектной документации,Операционное управление,Деловое общение,Аналитическое мышление,Экологическое право,Взаимодействие с контрольными органами",2026-02-08T12:37:24+0300,https://hh.ru/vacancy/127271866,экология промышленная
129793567,"Руководитель группы охраны труда, промышленной безопасности и экологии",,,,between3And6,fullDay,full,Афипский,Газпром автоматизация,"Инженер по охране труда и технике безопасности, инженер-эколог",,2026-02-07T12:01:05+0300,https://hh.ru/vacancy/129793567,экология промышленная
129516444,"Руководитель направления по охране труда, экологии и ПБ, ГО и ЧС",90000,90000,RUR,moreThan6,fullDay,full,Тюмень,Комплекс ЛетоЛето,"Инженер по охране труда и технике безопасности, инженер-эколог",,2026-02-09T10:50:15+0300,https://hh.ru/vacancy/129516444,экология промышленная
129631006,"Руководитель отдела охраны труда, промышленной безопасности и экологии",85000,,RUR,between3And6,fullDay,full,Нижний Новгород,Сормовский хлеб,"Инженер по охране труда и технике безопасности, инженер-эколог","Пожарная безопасность,Охрана труда и техника безопасности,Охрана труда,Взаимодействие с контрольными органами,Документооборот",2026-02-07T09:19:06+0300,https://hh.ru/vacancy/129631006,экология промышленная
130274030,Ведущий инженер по охране окружающей среды,,95000,RUR,between3And6,fullDay,full,Ростов-на-Дону,СоюзДонСтрой,"Инженер по охране труда и технике безопасности, инженер-эколог",,2026-02-09T10:32:44+0300,https://hh.ru/vacancy/130274030,экология промышленная
130273698,Ведущий инженер по охране окружающей среды,,95000,RUR,between3And6,fullDay,full,Ростов-на-Дону,СоюзДонСтрой,"Инженер по охране труда и технике безопасности, инженер-эколог",,2026-02-09T10:27:19+0300,https://hh.ru/vacancy/130273698,экология промышленная
129396739,"Специалист по охране труда, промышленной безопасности и экологии",145000,150000,RUR,between3And6,fullDay,full,Москва,Геолого-Поисковая Контора,"Инженер по охране труда и технике безопасности, инженер-эколог",,2026-02-07T09:16:19+0300,https://hh.ru/vacancy/129396739,экология промышленная
130248363,Инженер-эколог,,,,between1And3,fullDay,full,Москва,Рок Энд Милл,"Инженер по охране труда и технике безопасности, инженер-эколог",,2026-02-06T16:08:29+0300,https://hh.ru/vacancy/130248363,экология промышленная
130276385,"Специалист отдела охраны труда и промышленной безопасности, ГО и ЧС",,,,between3And6,fullDay,full,Чебоксары,Т Плюс,"Инженер по охране труда и технике безопасности, инженер-эколог","Навыки работы с первичной документацией,Промышленная безопасность,Охрана труда и техника безопасности,Навыки составления отчетности,Взаимодействие с государственными контролирующими органами,Вводный инструктаж по охране труда и технике безопасности,Умение работать в коллективе",2026-02-09T11:07:29+0300,https://hh.ru/vacancy/130276385,экология промышленная
130102104,Руководитель отдела продаж промышленного оборудования,,,,between1And3,fullDay,full,Москва,НПП Гидрикс,Руководитель отдела продаж,"Управление продажами,B2B Продажи,Навыки продаж,Поиск и привлечение клиентов,Управление командой,Планирование продаж,CRM,1С-Битрикс,Аналитика продаж",2026-02-08T17:10:21+0300,https://hh.ru/vacancy/130102104,экология промышленная
129417336,Ведущий эколог,,,,between1And3,fullDay,full,Коломна (Московская область),Седрус,"Инженер по охране труда и технике безопасности, инженер-эколог","Знание экологического законодательства,Производственный экологический контроль,Проведение внутреннего экологического аудита,Экологическая безопасность",2026-02-06T08:52:23+0300,https://hh.ru/vacancy/129417336,экология промышленная
130246509,"Руководитель отдела охраны труда, промышленной безопасности и экологии",,,,between3And6,fullDay,full,Барнаул,ГРУППА КОМПАНИЙ ЭКОНИВА,"Инженер по охране труда и технике безопасности, инженер-эколог",,2026-02-06T15:26:55+0300,https://hh.ru/vacancy/130246509,экология промышленная
130246456,"Руководитель отдела охраны труда, промышленной безопасности и экологии",,,,between3And6,fullDay,full,Новосибирск,ГРУППА КОМПАНИЙ ЭКОНИВА,"Инженер по охране труда и технике безопасности, инженер-эколог",,2026-02-06T15:25:32+0300,https://hh.ru/vacancy/130246456,экология промышленная
129430514,Инженер-лаборант (инженер-эколог),55000,,RUR,between1And3,fullDay,full,Петрозаводск,Северлаб,"Инженер по охране труда и технике безопасности, инженер-эколог",,2026-02-07T15:59:12+0300,https://hh.ru/vacancy/129430514,экология промышленная
129483491,Главный инженер проектов (горно-рудная промышленность),,,,between3And6,fullDay,full,Санкт-Петербург,ЕМС майнинг,Главный инженер проекта,"Управление проектами,Проектирование зданий и сооружений,MS Project,Ведение переговоров,Деловая переписка",2026-02-08T16:55:30+0300,https://hh.ru/vacancy/129483491,экология промышленная
130040467,Главный инженер проекта (промышленное строительство),,150000,RUR,moreThan6,fullDay,full,Ульяновск,Энтопром,Главный инженер проекта,"Проектная документация,Управление строительством,Строительный контроль,Организаторские навыки,Выбор подрядных организаций",2026-02-08T12:14:25+0300,https://hh.ru/vacancy/130040467,экология промышленная
130040454,Главный инженер проекта (промышленное строительство),,150000,RUR,moreThan6,fullDay,full,Чебоксары,Энтопром,Главный инженер проекта,"Проектная документация,Управление строительством,Строительный контроль,Организаторские навыки,Выбор подрядных организаций",2026-02-08T12:14:06+0300,https://hh.ru/vacancy/130040454,экология промышленная
130040363,Главный инженер проекта (промышленное строительство),,150000,RUR,moreThan6,fullDay,full,Нижний Новгород,Энтопром,Главный инженер проекта,"Проектная документация,Управление строительством,Строительный контроль,Организаторские навыки,Выбор подрядных организаций",2026-02-08T12:12:33+0300,https://hh.ru/vacancy/130040363,экология промышленная
129309096,"Начальник отдела по охране труда, ПБ и экологии",120000,130000,RUR,between3And6,fullDay,full,Оренбург,Строительная Компания Спецстроймонтаж,"Инженер по охране труда и технике безопасности, инженер-эколог",,2026-02-08T15:48:05+0300,https://hh.ru/vacancy/129309096,экология промышленная
129915861,"Специалист по охране труда и технике безопасности, эколог",,,,between3And6,fullDay,full,Москва,Концерн Знак,"Инженер по охране труда и технике безопасности, инженер-эколог",,2026-02-08T12:40:40+0300,https://hh.ru/vacancy/129915861,экология промышленная
130219175,Инженер-эколог,140000,,RUR,between3And6,fullDay,full,Саратов,Рг-Управление Сервисами,"Инженер по охране труда и технике безопасности, инженер-эколог",,2026-02-05T17:02:07+0300,https://hh.ru/vacancy/130219175,экология промышленная
130004894,Эколог,,,,between1And3,fullDay,full,Москва,РУССКАРТ,Агроном,"Навыки составления отчетности,Экологическая безопасность,Работа с большим объемом информации,Взаимодействие с разрешительными органами,оформление документации,Ведение документации,Деловое общение,Составление договоров,Охрана труда",2026-02-03T09:56:47+0300,https://hh.ru/vacancy/130004894,экология промышленная
126980417,"Ведущий специалист отдела промышленной безопасности, охраны труда и экологии",53000,65000,RUR,between1And3,fullDay,full,Кировск (Ленинградская область),ЛОГазинвест,"Инженер по охране труда и технике безопасности, инженер-эколог",,2026-02-06T11:10:29+0300,https://hh.ru/vacancy/126980417,экология промышленная
129901253,"Главный специалист/Начальник отдела ОТ, ПБ и Экологии",140000,140000,RUR,between3And6,fullDay,full,Москва,ВымпелСтрой,"Инженер по охране труда и технике безопасности, инженер-эколог","Умение работать в коллективе,Экологическая безопасность,Навыки составления отчетности,Работа с большим объемом информации,Электронный документооборот,Экологическое право,Охрана труда и техника безопасности,Заключение договоров,Пожарная безопасность,Взаимодействие с контрольными органами",2026-02-08T09:04:45+0300,https://hh.ru/vacancy/129901253,экология промышленная
130109801,Эколог,120000,,RUR,between3And6,fullDay,full,Ачинск,Инжиниринг Строительство Обслуживание,"Инженер по охране труда и технике безопасности, инженер-эколог",,2026-02-03T07:50:13+0300,https://hh.ru/vacancy/130109801,экология промышленная
130204902,Инженер-эколога,,,,between1And3,fullDay,full,Москва,НИИ Восход,"Инженер по охране труда и технике безопасности, инженер-эколог",,2026-02-05T13:13:34+0300,https://hh.ru/vacancy/130204902,экология промышленная
130240998,Специалист по экологии,75000,75000,RUR,between1And3,fullDay,full,Пермь,КРЕДО – Дистрибьютер напитков,"Инженер по охране труда и технике безопасности, инженер-эколог",,2026-02-06T13:24:21+0300,https://hh.ru/vacancy/130240998,экология промышленная
130234227,Эколог на производство,60000,60000,RUR,between3And6,fullDay,full,Кемерово,Сибпромресурс,"Инженер по охране труда и технике безопасности, инженер-эколог",,2026-02-06T11:01:48+0300,https://hh.ru/vacancy/130234227,экология промышленная
130233962,"Инженер по охране труда, промышленной безопасности и экологии (начальник отдела)",85000,,RUR,between1And3,fullDay,full,Новосибирск,УК 114 Ремонтный завод Средств Заправки и Транспортирования Горючего,"Инженер по охране труда и технике безопасности, инженер-эколог","Взаимодействие с государственными контролирующими органами,Производственный контроль,Разработка инструкций,Обеспечение техники безопасности",2026-02-06T10:56:48+0300,https://hh.ru/vacancy/130233962,экология промышленная
130221989,Ведущий специалист по работе с промышленными отходами (эколог),75000,90000,RUR,between3And6,fullDay,full,Калининград,Единая система обращения с отходами,"Инженер по охране труда и технике безопасности, инженер-эколог","Экологическая безопасность,Подготовка презентаций,Деловое общение,Работа с большим объемом информации,Навыки составления отчетности,Работа с документами",2026-02-05T19:14:26+0300,https://hh.ru/vacancy/130221989,экология промышленная
130260105,"Специалист по охране труда, ПБ и экологии (Народная Республика Бангладеш)",1500,1700,USD,between1And3,fullDay,full,Сочи,Roin World FZE,Другое,"Охрана труда,Пожарная безопасность,Нормативно-техническая документация,Взаимодействие с государственными контролирующими органами,Вводный инструктаж по охране труда и технике безопасности,Промышленная безопасность,Деловая переписка,Расследование несчастных случаев,разработка инструкций по охране труда",2026-02-08T12:29:13+0300,https://hh.ru/vacancy/130260105,экология промышленная
130226791,Выездной инженер-эколог,75000,,RUR,between1And3,fullDay,full,Владивосток,EcoStandard group,"Инженер по охране труда и технике безопасности, инженер-эколог","Экология,Пробоотбор,Экологический мониторинг",2026-02-06T08:02:20+0300,https://hh.ru/vacancy/130226791,экология промышленная
129778159,Выездной инженер-эколог,75000,,RUR,between1And3,fullDay,full,Хабаровск,EcoStandard group,"Инженер по охране труда и технике безопасности, инженер-эколог","Экология,Пробоотбор,Экологический мониторинг",2026-02-06T06:26:38+0300,https://hh.ru/vacancy/129778159,экология промышленная
129883618,Начальник отдела охраны труда и экологии,108000,108000,RUR,between3And6,fullDay,full,Самара,МАЯКМЕТАЛЛ,"Инженер по охране труда и технике безопасности, инженер-эколог","Обучение персонала,Охрана труда и техника безопасности,Разработка инструкций,Пожарная безопасность,Организаторские навыки",2026-02-07T15:44:25+0300,https://hh.ru/vacancy/129883618,экология промышленная
130040178,Ведущий специалист по охране труда и промышленной безопасности,140000,,RUR,between1And3,flyInFlyOut,full,Великий Новгород,Промстрой,"Инженер по охране труда и технике безопасности, инженер-эколог","Пожарная безопасность,Охрана труда,Навыки составления отчетности,Деловая переписка,Охрана труда и техника безопасности,Разработка программ по предотвращению производственного травматизма,Расследование несчастных случаев,Ответственность,Многозадачность,Стремление к профессиональному росту,Активность",2026-02-08T12:09:00+0300,https://hh.ru/vacancy/130040178,экология промышленная
129963030,"Ведущий специалист по охране труда, экологии и промышленной безопасности",,,,between1And3,fullDay,full,Казань,НПП Авиагаз - Союз+,"Инженер по охране труда и технике безопасности, инженер-эколог",,2026-02-05T11:03:32+0300,https://hh.ru/vacancy/129963030,экология промышленная
127632657,Инженер-эколог,66500,,RUR,noExperience,fullDay,full,Рязань,Группа компаний Русская кожа,"Инженер по охране труда и технике безопасности, инженер-эколог","охрана окружающей среды,Экология,Знание законодательства РФ,Продвинутый пользователь ПК",2026-02-04T11:43:45+0300,https://hh.ru/vacancy/127632657,экология промышленная
130175000,"Начальник отдела экологии, промышленной безопасности и охраны труда",,,,moreThan6,fullDay,full,Санкт-Петербург,НОВАТЭК,"Инженер по охране труда и технике безопасности, инженер-эколог","Промышленная безопасность,Пожарная безопасность,Охрана труда,Экологическая безопасность,Охрана труда и техника безопасности,Производственный контроль,Производственный экологический контроль",2026-02-04T16:48:37+0300,https://hh.ru/vacancy/130175000,экология промышленная
130123973,Инженер-Эколог,85000,,RUR,between3And6,fullDay,full,Кингисепп,Логистическая индустриальная компания,"Инженер по охране труда и технике безопасности, инженер-эколог",Экологическая безопасность,2026-02-03T12:08:33+0300,https://hh.ru/vacancy/130123973,экология промышленная
130151966,Инженер-эколог/эколог на отчетность,40000,80000,RUR,between1And3,remote,full,Санкт-Петербург,ЭкоАудит,"Инженер по охране труда и технике безопасности, инженер-эколог","Ведение переговоров,Работа в команде,Проведение внешнего экологического аудита,Проведение внутреннего экологического аудита,Экологическая безопасность,Экологическое право,Экологическое строительство",2026-02-04T09:28:29+0300,https://hh.ru/vacancy/130151966,экология промышленная
129443588,Выездной инженер-эколог (экологический мониторинг),65000,,RUR,between1And3,fullDay,full,Хабаровск,EcoStandard group,"Инженер по охране труда и технике безопасности, инженер-эколог","Экология,Пробоотбор,Экологический мониторинг",2026-02-06T06:26:38+0300,https://hh.ru/vacancy/129443588,экология промышленная
129443589,Выездной инженер-эколог (экологический мониторинг),65000,,RUR,between1And3,fullDay,full,Владивосток,EcoStandard group,"Инженер по охране труда и технике безопасности, инженер-эколог","Экология,Пробоотбор,Экологический мониторинг",2026-02-06T06:26:38+0300,https://hh.ru/vacancy/129443589,экология промышленная
130111785,Инженер-эколог,,154000,RUR,between1And3,fullDay,full,Кингисепп,Сервис-Газификация,"Инженер по охране труда и технике безопасности, инженер-эколог","Эколог,охрана окружающей среды,Экологическая безопасность,Строительный контроль,Охрана труда,Химические методы анализа,Промышленная безопасность,Взаимодействие с разрешительными органами",2026-02-03T08:46:14+0300,https://hh.ru/vacancy/130111785,экология промышленная
130111879,Инженер-эколог,,154000,RUR,between1And3,fullDay,full,Уфа,Сервис-Газификация,"Инженер по охране труда и технике безопасности, инженер-эколог","Эколог,охрана окружающей среды,Экологическая безопасность,Строительный контроль",2026-02-03T08:47:43+0300,https://hh.ru/vacancy/130111879,экология промышленная
129874740,"Руководитель отдела ОТ, ПБ и экологии",100000,120000,RUR,between3And6,fullDay,full,Самара,НефтеТрансСервис,"Инженер по охране труда и технике безопасности, инженер-эколог",,2026-02-06T14:38:07+0300,https://hh.ru/vacancy/129874740,экология промышленная
129874741,"Руководитель отдела ОТ, ПБ и экологии",100000,120000,RUR,between3And6,fullDay,full,Кинель,НефтеТрансСервис,"Инженер по охране труда и технике безопасности, инженер-эколог",,2026-02-06T14:37:20+0300,https://hh.ru/vacancy/129874741,экология промышленная
130302624,Инженер-проектировщик ВК (водоснабжение и водоотведение),,,,between1And3,remote,full,Кемерово,Экология Сибири,"Инженер-конструктор, инженер-проектировщик",,2026-02-10T05:58:55+0300,https://hh.ru/vacancy/130302624,экология промышленная
130206437,Мастер промышленной котельной,95000,95000,RUR,between3And6,fullDay,full,Москва,ФГУП Центральный научно-исследовательский институт химии и механики,Другое,,2026-02-05T13:50:18+0300,https://hh.ru/vacancy/130206437,экология промышленная
130163316,Ведущий инженер (эколог),45000,45000,RUR,between1And3,fullDay,full,Челябинск,ФГБУ Центральное жилищно-коммунальное управление Министерства Обороны Российской Федерации,Другое,"Экологическая безопасность,Производственный экологический контроль,Знание экологического законодательства,Деловая переписка",2026-02-04T12:43:37+0300,https://hh.ru/vacancy/130163316,экология промышленная
129630949,Руководитель отдела продаж услуг экспертизы промышленной безопасности,200000,500000,RUR,between1And3,fullDay,full,Москва,ЭК Руспромэкспертиза,Руководитель отдела продаж,,2026-02-07T09:18:56+0300,https://hh.ru/vacancy/129630949,экология промышленная
130302622,Инженер-гидротехник,,,,between1And3,remote,full,Кемерово,Экология Сибири,"Инженер-конструктор, инженер-проектировщик",,2026-02-10T05:58:55+0300,https://hh.ru/vacancy/130302622,экология промышленная
130248879,Главный специалист по охране окружающей среды (эколог),,,,between3And6,fullDay,full,Тюмень,ТЭК Мосэнерго,"Инженер по охране труда и технике безопасности, инженер-эколог",,2026-02-06T16:21:50+0300,https://hh.ru/vacancy/130248879,экология промышленная
130248880,Главный специалист по охране окружающей среды (эколог),,,,between3And6,fullDay,full,Омск,ТЭК Мосэнерго,"Инженер по охране труда и технике безопасности, инженер-эколог",,2026-02-06T16:21:50+0300,https://hh.ru/vacancy/130248880,экология промышленная
130248881,Главный специалист по охране окружающей среды (эколог),,,,between3And6,fullDay,full,Благовещенск (Амурская область),ТЭК Мосэнерго,"Инженер по охране труда и технике безопасности, инженер-эколог",,2026-02-06T16:21:50+0300,https://hh.ru/vacancy/130248881,экология промышленная
128511798,"Юрист в сфере экологии, ПБ, КНД",,,,moreThan6,fullDay,full,Иркутск,Иркутская нефтяная компания,Юрист,,2026-02-06T08:06:18+0300,https://hh.ru/vacancy/128511798,экология промышленная
97121177,Ведущий инженер-проектировщик (экология и радиационная безопасность),86000,119000,RUR,between3And6,fullDay,full,Москва,ВНИПИпромтехнологии,"Инженер-конструктор, инженер-проектировщик","Разработка проектной документации,Экологическая безопасность,MS Office,AutoCAD,охрана окружающей среды,Взаимодействие с контрольными органами",2026-02-06T15:34:15+0300,https://hh.ru/vacancy/97121177,экология промышленная
130102034,Эколог/Эколог-проектировщик (воздух),95000,,RUR,between1And3,fullDay,full,Ростов-на-Дону,КПЛЮС,"Инженер по охране труда и технике безопасности, инженер-эколог","Экологическая безопасность,Экологическое право,Многозадачность,Знание действующего законодательства,Ведение документации,Ведение отчетности,Работа в режиме многозадачности,Документация,Знание законодательства РФ,Высшее образование,Взаимодействие с Роспотребнадзором,Способность эффективно решать проблемы,Bitrix24",2026-02-02T17:09:00+0300,https://hh.ru/vacancy/130102034,экология промышленная
130090296,Инженер-эколог,,,,between1And3,fullDay,full,Сысерть,Атомстройкомплекс,"Инженер по охране труда и технике безопасности, инженер-эколог","Экологическая безопасность,Промышленная безопасность,Охрана труда,Взаимодействие с разрешительными органами,Охрана труда и техника безопасности,Взаимодействие с государственными контролирующими органами,Подготовка отчетов,Взаимодействие с надзорными организациями,Техническая документация,Согласование договоров",2026-02-02T13:47:13+0300,https://hh.ru/vacancy/130090296,экология промышленная
125940620,Инженер-эколог,67500,67500,RUR,between1And3,fullDay,full,Нижний Новгород,"Сормовская кондитерская фабрика, АО","Инженер по охране труда и технике безопасности, инженер-эколог","Ведение документации,Экологическая безопасность,Промышленная безопасность,Заключение договоров,охрана окружающей среды,Договорная работа,Взаимодействие с государственными контролирующими органами,Взаимодействие с контрольными органами,Навыки составления отчетности",2026-02-02T11:05:34+0300,https://hh.ru/vacancy/125940620,экология промышленная
130076917,Инженер-эколог,80000,,RUR,between3And6,fullDay,full,Самара,РЕИНТЕХ,"Инженер по охране труда и технике безопасности, инженер-эколог","Экологическая безопасность,Навыки составления отчетности,Работа с большим объемом информации,Взаимодействие с контрольными органами,Разработка инструкций,Производственный контроль",2026-02-02T10:24:00+0300,https://hh.ru/vacancy/130076917,экология промышленная
97125234,Инженер-проектировщик 1 категории (экология и радиационная безопасность),70700,98000,RUR,between1And3,fullDay,full,Москва,ВНИПИпромтехнологии,"Инженер-конструктор, инженер-проектировщик","Разработка проектной документации,Экологическая безопасность,MS Office,AutoCAD",2026-02-06T15:34:16+0300,https://hh.ru/vacancy/97125234,экология промышленная
130242693,Специалист по обеспечению требований промышленной безопасности,96000,,RUR,between1And3,shift,full,Симферополь,Мрия (Mriya Resort),Специалист по информационной безопасности,"Техническая эксплуатация,системы вентиляции и кондиционирования,Вентиляция и кондиционирование,Эксплуатация,Техническое обслуживание",2026-02-06T14:05:20+0300,https://hh.ru/vacancy/130242693,экология промышленная
129915175,Ведущий инженер-эколог,90000,100000,RUR,between3And6,fullDay,full,Нижнекамск,Завод Эластик,"Инженер по охране труда и технике безопасности, инженер-эколог","Экологическая безопасность,Охрана труда и техника безопасности,Взаимодействие с разрешительными органами,Взаимодействие с государственными контролирующими органами,Производственный контроль,Промышленная безопасность,Подготовка отчетов",2026-02-03T10:10:10+0300,https://hh.ru/vacancy/129915175,экология промышленная
129264518,"Инженер-эколог (ООС, ОВОС)",,,,between3And6,fullDay,full,Тюмень,Альянс-Проект,"Инженер-конструктор, инженер-проектировщик","AutoCAD,Разработка проектной документации,Разработка рабочей документации,Autodesk AutoCAD,Расчеты,Работа с нормативной документацией,Знание нормативной документации,Ответственность и исполнительность,Ведение отчетности,Ответственный подход к работе,Знание экологического законодательства,Интеграл-Эколог,Экологические расчеты,Раздел ПМООС,Раздел ООС,Том ОВОС,Проект ОВОС,Проект СЗЗ,Государственная экологическая экспертиза,Перечень мероприятий по охране окружающей среды,Оценка воздействия на окружающую среду,Общественные обсуждения,Постановление Правительства РФ №87",2026-02-04T08:37:52+0300,https://hh.ru/vacancy/129264518,экология промышленная
128242995,"Инженер-эколог (ООС, ОВОС)",,,,between3And6,fullDay,full,Саратов,Альянс-Проект,"Инженер-конструктор, инженер-проектировщик","AutoCAD,Разработка проектной документации,Разработка рабочей документации,Autodesk AutoCAD,Расчеты,Работа с нормативной документацией,Знание нормативной документации,Ответственность и исполнительность,Ведение отчетности,Ответственный подход к работе,Знание экологического законодательства,Интеграл-Эколог,Экологические расчеты,Раздел ПМООС,Раздел ООС,Том ОВОС,Проект ОВОС,Проект СЗЗ,Государственная экологическая экспертиза,Перечень мероприятий по охране окружающей среды,Оценка воздействия на окружающую среду,Общественные обсуждения,Постановление Правительства РФ №87",2026-02-04T08:37:38+0300,https://hh.ru/vacancy/128242995,экология промышленная
129862231,"Специалист по охране труда, промышленной безопасности и охране окружающей среды",,,,between3And6,flexible,part,Санкт-Петербург,ФТК РОСТР,"Инженер по охране труда и технике безопасности, инженер-эколог",,2026-02-07T11:08:40+0300,https://hh.ru/vacancy/129862231,экология промышленная
130188732,Инженер по охране окружающей среды (эколог),80000,,RUR,between1And3,fullDay,full,Находка,Дальмормонтаж,"Инженер по охране труда и технике безопасности, инженер-эколог",,2026-02-05T07:06:53+0300,https://hh.ru/vacancy/130188732,экология промышленная
130199774,Руководитель отдела охраны труда и экологии,84000,,RUR,between3And6,fullDay,full,Краснодар,Почта России,"Инженер по охране труда и технике безопасности, инженер-эколог",,2026-02-05T11:37:01+0300,https://hh.ru/vacancy/130199774,экология промышленная
130090920,"Ведущий специалист по охране труда, экологии и промышленной безопасности",120000,,RUR,between1And3,fullDay,full,Лабытнанги,СК Русвелдинг,"Инженер по охране труда и технике безопасности, инженер-эколог","Охрана труда и техника безопасности,Промышленная безопасность,Разработка инструкций,Пожарная безопасность,Подготовка отчетов,Работа с документами",2026-02-02T13:57:19+0300,https://hh.ru/vacancy/130090920,экология промышленная
127905944,Ведущий специалист по охране труда (эколог),60000,60000,RUR,between1And3,fullDay,full,Калуга,Калужский завод автомобильного электрооборудования,"Инженер по охране труда и технике безопасности, инженер-эколог","Экологическая безопасность,Промышленная безопасность,Охрана труда,Работа с большим объемом информации,Деловое общение",2026-02-05T08:49:57+0300,https://hh.ru/vacancy/127905944,экология промышленная
130162574,Инженер по охране окружающей среды (инженер-эколог),,,,between1And3,fullDay,full,Волгоград,Промышленные Технологии,"Инженер по охране труда и технике безопасности, инженер-эколог","Деловая переписка,Деловая коммуникация,Взаимодействие с государственными контролирующими органами,охрана окружающей среды,Экологическое право,Согласования в территориальных органах надзора,Экологическая безопасность",2026-02-04T12:28:45+0300,https://hh.ru/vacancy/130162574,экология промышленная
130079289,Руководитель направления (Экология),,,,between3And6,fullDay,full,Санкт-Петербург,РУСАЛ,Руководитель группы разработки,"Внимательность,способность к анализу",2026-02-02T11:19:58+0300,https://hh.ru/vacancy/130079289,экология промышленная
130241089,"Специалист по охране труда, промышленной и экологической безопасности",,,,between3And6,fullDay,full,Тюмень,Энерготехсервис,"Инженер по охране труда и технике безопасности, инженер-эколог","Охрана труда и техника безопасности,Нормативно-техническая документация,Обучение и развитие,Обеспечение техники безопасности,Подготовка отчетов,Работа с документами",2026-02-06T13:26:38+0300,https://hh.ru/vacancy/130241089,экология промышленная
128570862,"Руководитель отдела охраны труда, производственной безопасности и экологии",,,,between3And6,fullDay,full,Воронеж,ANCOR,"Инженер по охране труда и технике безопасности, инженер-эколог",,2026-02-05T10:11:29+0300,https://hh.ru/vacancy/128570862,экология промышленная
129041584,Эколог,,,,between1And3,fullDay,full,Кольчугино,Русклимат,"Инженер по охране труда и технике безопасности, инженер-эколог",,2026-01-26T10:50:24+0300,https://hh.ru/vacancy/129041584,экология промышленная
129041585,Эколог,,,,between1And3,fullDay,full,Александров,Русклимат,"Инженер по охране труда и технике безопасности, инженер-эколог",,2026-01-26T10:50:24+0300,https://hh.ru/vacancy/129041585,экология промышленная
129041586,Эколог,,,,between1And3,fullDay,full,Карабаново,Русклимат,"Инженер по охране труда и технике безопасности, инженер-эколог",,2026-01-26T10:50:24+0300,https://hh.ru/vacancy/129041586,экология промышленная
130148930,Инженер по охране окружающей среды (эколог),50000,,RUR,between1And3,fullDay,full,Уфа,ФГБОУ ВО Башкирский государственный медицинский университет Министерства Здравоохранения Российской Федерации,"Инженер по охране труда и технике безопасности, инженер-эколог","Экологическая безопасность,Промышленная безопасность,Контроль качества",2026-02-04T08:28:32+0300,https://hh.ru/vacancy/130148930,экология промышленная
129383309,Водитель,60000,,RUR,between3And6,fullDay,full,Чебоксары,НПО Экология,Водитель,"Эксплуатация грузового автомобиля,Автомобильные перевозки,Товарно-транспортная накладная",2026-02-09T19:04:10+0300,https://hh.ru/vacancy/129383309,экология промышленная
130148508,Инженер по промышленной безопасности,,,,between1And3,fullDay,full,Набережные Челны,Ай-Пласт,"Инженер по охране труда и технике безопасности, инженер-эколог",,2026-02-04T08:19:20+0300,https://hh.ru/vacancy/130148508,экология промышленная
130222158,Ведущий специалист по работе с промышленными отходами,75000,90000,RUR,between3And6,fullDay,full,Калининград,Единая система обращения с отходами,Другое,,2026-02-05T19:40:31+0300,https://hh.ru/vacancy/130222158,экология промышленная
130061712,"Инженер по охране труда, промышленной безопасности и экологии",,270000,RUR,between3And6,flyInFlyOut,full,Новосибирск,Хедмайнер,"Инженер по охране труда и технике безопасности, инженер-эколог","Охрана труда и техника безопасности,Нормативно-техническая документация,Должностные инструкции,Взаимодействие с разрешительными органами,Техническая документация,Организация мероприятий,Взаимодействие с надзорными организациями,Внутренний контроль,Электронный документооборот",2026-01-31T14:24:48+0300,https://hh.ru/vacancy/130061712,экология промышленная
129961047,Специалист по Охране Труда и Промышленной безопасности,100000,135000,RUR,between3And6,fullDay,full,Думиничи,Калужский цемент,"Инженер по охране труда и технике безопасности, инженер-эколог","Экологическая безопасность,Охрана труда и техника безопасности,Обучение персонала,Охрана труда,Взаимодействие с контрольными органами,Промышленная безопасность,Взаимодействие с надзорными организациями,Лицензирование,Организация безопасной эксплуатации оборудования,Техническая экспертиза,Разработка инструкций,Контроль качества,Трудовой кодекс РФ,Вводный инструктаж по охране труда и технике безопасности",2026-02-05T16:17:37+0300,https://hh.ru/vacancy/129961047,экология промышленная
129961049,Специалист по Охране Труда и Промышленной безопасности,100000,135000,RUR,between3And6,fullDay,full,Людиново,Калужский цемент,"Инженер по охране труда и технике безопасности, инженер-эколог","Экологическая безопасность,Охрана труда и техника безопасности,Обучение персонала,Охрана труда,Взаимодействие с контрольными органами,Промышленная безопасность,Взаимодействие с надзорными организациями,Лицензирование,Организация безопасной эксплуатации оборудования,Техническая экспертиза,Разработка инструкций,Контроль качества,Трудовой кодекс РФ,Вводный инструктаж по охране труда и технике безопасности",2026-02-05T16:16:35+0300,https://hh.ru/vacancy/129961049,экология промышленная
129961048,Специалист по Охране Труда и Промышленной безопасности,100000,135000,RUR,between3And6,fullDay,full,Сухиничи,Калужский цемент,"Инженер по охране труда и технике безопасности, инженер-эколог","Экологическая безопасность,Охрана труда и техника безопасности,Обучение персонала,Охрана труда,Взаимодействие с контрольными органами,Промышленная безопасность,Взаимодействие с надзорными организациями,Лицензирование,Организация безопасной эксплуатации оборудования,Техническая экспертиза,Разработка инструкций,Контроль качества,Трудовой кодекс РФ,Вводный инструктаж по охране труда и технике безопасности",2026-02-05T16:15:52+0300,https://hh.ru/vacancy/129961048,экология промышленная
130149574,Ведущий инженер по промышленной безопасности,74000,,RUR,noExperience,fullDay,full,Горно-Алтайск,Газпром межрегионгаз,Специалист по информационной безопасности,,2026-02-04T08:43:10+0300,https://hh.ru/vacancy/130149574,экология промышленная
130068634,Ведущий инженер-эколог-проектировщик,,,,between3And6,fullDay,full,Новосибирск,Группа Компаний Мечел,"Инженер-конструктор, инженер-проектировщик",,2026-02-02T06:29:52+0300,https://hh.ru/vacancy/130068634,экология промышленная
129984304,Инженер-эколог,72000,,RUR,between3And6,fullDay,full,Пермь,ГЭК-Инжиниринг,"Инженер по охране труда и технике безопасности, инженер-эколог",,2026-01-29T08:14:35+0300,https://hh.ru/vacancy/129984304,экология промышленная
129999918,Главный эколог,130000,130000,RUR,between3And6,fullDay,full,Тюмень,ТК Сибирский регион,"Инженер по охране труда и технике безопасности, инженер-эколог","Экологическая безопасность,Охрана труда и техника безопасности,Организаторские навыки,Взаимодействие с контрольными органами",2026-01-29T12:50:15+0300,https://hh.ru/vacancy/129999918,экология промышленная
129994283,Инженер-эколог,100000,,RUR,between1And3,fullDay,full,Саранск,Мордовский Экологический Оператор,"Инженер по охране труда и технике безопасности, инженер-эколог",,2026-01-29T11:14:08+0300,https://hh.ru/vacancy/129994283,экология промышленная
129874536,Специалист по охране труда и окружающей среды (Эколог),75000,,RUR,between1And3,fullDay,full,Нижний Новгород,Международный Аэропорт Чкалов (Нижний Новгород),"Инженер по охране труда и технике безопасности, инженер-эколог",,2026-02-04T15:43:25+0300,https://hh.ru/vacancy/129874536,экология промышленная
127212531,Эколог,70000,,RUR,noExperience,fullDay,full,Кемерово,Азот-Взрыв,"Инженер по охране труда и технике безопасности, инженер-эколог","Умение работать в коллективе,Охрана труда и техника безопасности,Деловое общение,Разработка инструкций,Деловая коммуникация,Работа с документами",2026-01-23T13:12:38+0300,https://hh.ru/vacancy/127212531,экология промышленная
129776450,Эколог,55000,,RUR,noExperience,fullDay,full,Кемерово,Экологические Системы,Технолог,"Умение работать в коллективе,Деловая переписка,Организаторские навыки,Деловое общение,Ведение документации,Экология,Химия",2026-01-23T03:02:52+0300,https://hh.ru/vacancy/129776450,экология промышленная
129967378,Инженер-эколог,,98000,RUR,between1And3,fullDay,full,Москва,Смарт Констракшн,"Инженер по охране труда и технике безопасности, инженер-эколог","Охрана труда и техника безопасности,техносферная безопасность,ОТ, ППБ, ПБ, ООС",2026-01-28T15:25:43+0300,https://hh.ru/vacancy/129967378,экология промышленная
128362800,Ведущий специалист по экологии,74900,84637,RUR,between3And6,fullDay,full,Алексин,Алексинский опытный механический завод,"Инженер по охране труда и технике безопасности, инженер-эколог",,2026-02-01T09:43:03+0300,https://hh.ru/vacancy/128362800,экология промышленная
129987527,"Специалист по охране труда, промышленной безопасности и экологии",,,,between1And3,fullDay,full,Вологда,Air Liquide,"Инженер по охране труда и технике безопасности, инженер-эколог","Охрана труда и техника безопасности,Умение работать в коллективе,Охрана труда,Промышленная безопасность",2026-01-29T09:27:28+0300,https://hh.ru/vacancy/129987527,экология промышленная
130129563,Специалист по очистке промышленных стоков,,,,noExperience,fullDay,full,Нижний Новгород,Горьковский автозавод,Другое,,2026-02-03T13:56:47+0300,https://hh.ru/vacancy/130129563,экология промышленная
130275318,Химик,80000,80000,RUR,noExperience,fullDay,full,Москва,Экология жизни,"Научный специалист, исследователь",,2026-02-09T10:52:32+0300,https://hh.ru/vacancy/130275318,экология промышленная
130208555,Инженер по охране окружающей среды и технике безопасности,,,,between1And3,fullDay,full,Пермь,"Интегра, Группа компаний","Инженер по охране труда и технике безопасности, инженер-эколог",,2026-02-05T14:30:08+0300,https://hh.ru/vacancy/130208555,экология промышленная
130138844,"Специалист по охране труда, экологии и пожарной безопасности",55000,,RUR,between1And3,fullDay,full,Краснодар,ГБУ КК Исторический парк Моя страна-моя история,"Инженер по охране труда и технике безопасности, инженер-эколог",,2026-02-03T16:38:11+0300,https://hh.ru/vacancy/130138844,экология промышленная
129533081,Специалист по работе с клиентами,60000,120000,RUR,between1And3,fullDay,full,Курск,Центр Экологии Юг,"Менеджер по продажам, менеджер по работе с клиентами","Активные продажи,Деловая коммуникация,Грамотная речь,B2B Продажи,Корпоративные продажи,Консультативные продажи,B2G продажи",2026-02-09T17:11:57+0300,https://hh.ru/vacancy/129533081,экология промышленная
129892180,Дендролог/Эколог,,,,between1And3,fullDay,full,Москва,НТЦ Конструктор,Другое,"MS Windows,MS Outlook,MS Word,MS Excel,AutoCAD,Пользователь ПК",2026-01-26T19:21:05+0300,https://hh.ru/vacancy/129892180,экология промышленная
130266703,Руководитель отдела продаж,145000,200000,RUR,between3And6,fullDay,full,Пермь,Проект Экология,Руководитель отдела продаж,"Управление командой,Планирование,Управление продажами,Обучение персонала,Планирование продаж,Развитие продаж,Аналитика продаж,Мотивация персонала,Деловое общение,B2B Продажи,Управленческие навыки,Аналитическое мышление,Холодные продажи,Лидерские качества,Навыки переговоров",2026-02-09T08:12:42+0300,https://hh.ru/vacancy/130266703,экология промышленная
129924772,Химик-эксперт,,140000,RUR,between1And3,fullDay,full,Ростов-на-Дону,Бюро промышленной экологии,"Научный специалист, исследователь","Лабораторная работа,оформление документации,Ведение документации,Химические методы анализа,Документооборот,Научные исследования",2026-02-08T15:14:24+0300,https://hh.ru/vacancy/129924772,экология промышленная
129924189,Химик-эксперт,120000,,RUR,between1And3,fullDay,full,Москва,Бюро промышленной экологии,"Научный специалист, исследователь","Химические методы анализа,Внутренний контроль,Ведение документации,Статистический анализ,Техническая документация,Экологическая безопасность,Лабораторная работа,Точность и внимательность к деталям,Лабораторная диагностика,Контроль качества",2026-02-08T15:02:53+0300,https://hh.ru/vacancy/129924189,экология промышленная
128811166,Инженер по промышленной безопасности,,,,between1And3,fullDay,full,Нижнекамск,Ай-Пласт,"Инженер по охране труда и технике безопасности, инженер-эколог",,2026-02-01T16:22:26+0300,https://hh.ru/vacancy/128811166,экология промышленная
130057018,Инженер-эколог на производство,,,,between1And3,fullDay,full,Краснодар,"МАГНИТ, Розничная сеть","Инженер по охране труда и технике безопасности, инженер-эколог",Экологическая безопасность,2026-01-30T18:00:19+0300,https://hh.ru/vacancy/130057018,экология промышленная
129580596,Эколог,56300,,RUR,between1And3,fullDay,full,Краснодар,КПЗ Каскад,"Инженер по охране труда и технике безопасности, инженер-эколог",,2026-01-19T10:40:32+0300,https://hh.ru/vacancy/129580596,экология промышленная
129901136,"Менеджер отдела охраны труда, промышленной безопасности и экологии",104000,104000,RUR,between3And6,fullDay,full,Красноярск,Инжиниринг Строительство Обслуживание,"Инженер по охране труда и технике безопасности, инженер-эколог",,2026-01-27T09:02:20+0300,https://hh.ru/vacancy/129901136,экология промышленная
129964012,Специалист по экологии,165000,165000,RUR,between1And3,fullDay,full,Красногорск (Московская область),Добрый,Другое,,2026-01-28T14:27:44+0300,https://hh.ru/vacancy/129964012,экология промышленная
129964010,Специалист по экологии,165000,165000,RUR,between1And3,fullDay,full,Зеленоград,Добрый,Другое,,2026-01-28T14:27:43+0300,https://hh.ru/vacancy/129964010,экология промышленная
129964004,Специалист по экологии,165000,165000,RUR,noExperience,fullDay,full,Волоколамск  (Московская область),Добрый,Другое,,2026-01-28T14:27:42+0300,https://hh.ru/vacancy/129964004,экология промышленная
129986743,Эколог - Инженер по экологии и охране труда,50000,,RUR,between1And3,fullDay,full,Киров (Кировская область),ВЕСНА,"Инженер по охране труда и технике безопасности, инженер-эколог","Экологическая безопасность,Организаторские навыки,Охрана труда,Производственный контроль,Ведение документации,Взаимодействие с контрольными органами,Разработка инструкций",2026-01-29T09:13:31+0300,https://hh.ru/vacancy/129986743,экология промышленная
129576566,Инженер-технолог по очистке сточных вод,120000,,RUR,between1And3,fullDay,full,Москва,ГК Терра Экология,Технолог,"Инженер-технолог,очистка сточных вод,водоочистка,флокулянты,коагулянты,реагенты,химия,водоотведение,технолог очистных сооружений,application engineer",2026-02-09T10:09:50+0300,https://hh.ru/vacancy/129576566,экология промышленная
129851148,"Инженер отдела промышленной безопасности, охраны труда и экологии",50000,,RUR,between1And3,fullDay,full,Великий Новгород,Газпром межрегионгаз,Специалист по информационной безопасности,,2026-01-26T08:46:06+0300,https://hh.ru/vacancy/129851148,экология промышленная
130079795,"Начальник отдела водоснабжения, канализации и экологии (ВК/НВК)",,,,between3And6,fullDay,full,Санкт-Петербург,Segezha Group,"Инженер-конструктор, инженер-проектировщик",,2026-02-02T11:06:48+0300,https://hh.ru/vacancy/130079795,экология промышленная
130084847,"Ведущий специалист (Отдел технологической безопасности, охраны труда и экологии)",,,,between1And3,fullDay,full,Березники,Горнорудная компания,Другое,,2026-02-02T18:14:09+0300,https://hh.ru/vacancy/130084847,экология промышленная
129785466,Начальник отдела промышленной безопасности и экологии,153000,,RUR,between3And6,fullDay,full,Санкт-Петербург,Невский Завод,"Инженер по охране труда и технике безопасности, инженер-эколог",,2026-01-23T09:54:55+0300,https://hh.ru/vacancy/129785466,экология промышленная
129826928,Эколог-изыскатель / инженер-эколог,82000,,RUR,between1And3,fullDay,full,Санкт-Петербург,ЦЭИ-Энерго,"Научный специалист, исследователь","Проектная документация,Взаимодействие с государственными контролирующими органами,Управление проектами,AutoCAD,Проектно-конструкторская деятельность,Разработка технических заданий,Разработка проектной документации,Поисковые системы,Оперативный поиск информации в сети Интернет,Работа с органами исполнительной власти,Экологические изыскания",2026-01-24T09:22:59+0300,https://hh.ru/vacancy/129826928,экология промышленная
129335979,Ведущий инженер-эколог,90000,,RUR,between1And3,remote,full,Нижний Новгород,Грандтехнострой,"Инженер по охране труда и технике безопасности, инженер-эколог","Экологическая безопасность,Знание экологического законодательства,Интеграл,AutoCAD,Разработка проектной документации,Проектирование инженерных систем,Проекты санитарно- защитной зоны,Проекты МООС,Проекты НВОС,ИЭИ,НДВ,экологическая отчетность",2026-01-27T09:52:52+0300,https://hh.ru/vacancy/129335979,экология промышленная
129160188,"Главный специалист по охране труда, промышленной безопасности и экологии",,,,between1And3,fullDay,full,Набережные Челны,НЧТЗ,"Инженер по охране труда и технике безопасности, инженер-эколог","Стрессоустойчивость,Внимательность",2026-01-26T13:01:24+0300,https://hh.ru/vacancy/129160188,экология промышленная
129957233,"Специалист по охране труда, промышленной безопасности и экологии (ОТ, ПБ и Э)",,,,between1And3,fullDay,full,Тольятти,БКТ ГОФАРУ,"Инженер по охране труда и технике безопасности, инженер-эколог",,2026-01-28T12:37:06+0300,https://hh.ru/vacancy/129957233,экология промышленная
129895223,"Специалист по промышленной и пожарной безопасности, охране труда",70000,,RUR,between1And3,fullDay,full,Бийск,Новосибирская продовольственная корпорация,"Инженер по охране труда и технике безопасности, инженер-эколог","Охрана труда и техника безопасности,Обучение и развитие,Внутренний контроль,Обеспечение техники безопасности,Умение работать в коллективе,Пожарная безопасность,Охрана труда,Промышленная безопасность,Разработка инструкций,Работа с большим объемом информации,Деловая коммуникация,Взаимодействие с контрольными органами,Вводный инструктаж по охране труда и технике безопасности,Проведение инструктажей",2026-02-03T06:55:53+0300,https://hh.ru/vacancy/129895223,экология промышленная
130113605,Инженер эколог (выезды на замеры и отборы проб в рамках экологического мониторинга),85000,,RUR,noExperience,fullDay,full,Москва,EcoStandard group,"Инженер по охране труда и технике безопасности, инженер-эколог",,2026-02-03T09:23:15+0300,https://hh.ru/vacancy/130113605,экология промышленная
127621748,"Начальник отдела промышленной безопасности, охраны труда, ГО и ЧС",,,,between3And6,fullDay,full,Казань,Филиал АО АэроКомпозит в городе Казань,"Инженер по охране труда и технике безопасности, инженер-эколог","Техносферная безопасность,Промышленная безопасность,Пожарная безопасность,Охрана труда и техника безопасности,Взаимодействие с контрольными органами,Руководство коллективом",2026-02-03T07:56:25+0300,https://hh.ru/vacancy/127621748,экология промышленная
129148538,Эколог (инженер-эколог/инженер по охране окружающей среды),100000,,RUR,between1And3,fullDay,full,Набережные Челны,ЭкоСтандарт,"Инженер по охране труда и технике безопасности, инженер-эколог","Коммуникабельность,Ответственность,Организованность",2026-01-28T16:15:01+0300,https://hh.ru/vacancy/129148538,экология промышленная
130113757,Ведущий инженер-эколог (выезды на замеры и отборы проб в рамках экологического мониторинга),100000,,RUR,between1And3,fullDay,full,Москва,EcoStandard group,"Инженер по охране труда и технике безопасности, инженер-эколог",,2026-02-03T09:24:55+0300,https://hh.ru/vacancy/130113757,экология промышленная
129767821,Инженер-эколог,115000,,RUR,between3And6,fullDay,full,Тула,Ресурсинвест-Развитие,"Инженер по охране труда и технике безопасности, инженер-эколог","Экологическая безопасность,Взаимодействие с контрольными органами,Документальное сопровождение,Навыки составления отчетности,Взаимодействие с разрешительными органами,Охрана труда и техника безопасности,Знание экологического законодательства",2026-01-22T16:38:35+0300,https://hh.ru/vacancy/129767821,экология промышленная
130036795,Специалист по охране труда и экологии,,,,between3And6,fullDay,full,Киржач,ГК Черноголовка,"Инженер по охране труда и технике безопасности, инженер-эколог","Охрана труда,Знание экологического законодательства",2026-01-30T11:06:58+0300,https://hh.ru/vacancy/130036795,экология промышленная
130085118,"Руководитель отдела охраны труда, промышленной безопасности и БДД",,,,between3And6,fullDay,full,Санкт-Петербург,Лентелефонстрой-УМ,Операционный директор (COO),"Охрана труда и техника безопасности,Руководство коллективом,Организаторские навыки,Управление персоналом,Управленческие навыки",2026-02-02T12:36:53+0300,https://hh.ru/vacancy/130085118,экология промышленная
130111859,"Руководитель направления Охраны труда, промышленной безопасности и охраны окружающей среды",,,,between3And6,fullDay,full,Уфа,"Бурсервис, АО, НПП","Инженер по охране труда и технике безопасности, инженер-эколог",,2026-02-03T08:47:25+0300,https://hh.ru/vacancy/130111859,экология промышленная
130081630,Ведущий инженер по охране окружающей среды,54000,55000,RUR,between1And3,fullDay,full,Брянск,Газпром межрегионгаз,"Инженер по охране труда и технике безопасности, инженер-эколог",,2026-02-02T11:38:24+0300,https://hh.ru/vacancy/130081630,экология промышленная
130164709,"Руководитель службы охраны труда, промышленной безопасности и охраны окружающей среды (ОТ, ПБ и ООС)",180000,,RUR,between3And6,fullDay,full,Екатеринбург,ПТС,"Инженер по охране труда и технике безопасности, инженер-эколог","Охрана труда,Промышленная безопасность,охрана окружающей среды,Вводный инструктаж по охране труда и технике безопасности,структурированность",2026-02-04T13:09:57+0300,https://hh.ru/vacancy/130164709,экология промышленная
129622969,"Специалист по промышленной и пожарной безопасности, охране труда и окружающей среды, ГО и ЧС",70000,70000,RUR,between1And3,fullDay,full,Бийск,Новосибирская продовольственная корпорация,"Инженер по охране труда и технике безопасности, инженер-эколог",,2026-02-04T09:53:33+0300,https://hh.ru/vacancy/129622969,экология промышленная
128692877,Инженер-эколог,,,,between1And3,fullDay,full,Анна,Цитрон,"Инженер по охране труда и технике безопасности, инженер-эколог","Умение работать в коллективе,Экологическая безопасность,Ведение документации,Деловая переписка,Охрана труда и техника безопасности,Точность и внимательность к деталям,Организаторские навыки,Навыки составления отчетности,Разработка инструкций,Работа с документами,Проектная документация,Экологическое право,Проведение внутреннего экологического аудита,Знание экологического законодательства",2026-01-21T09:02:39+0300,https://hh.ru/vacancy/128692877,экология промышленная
129704401,Главный эколог,28000,30000,RUR,noExperience,fullDay,full,Сурское (Ульяновская область),Филиал областного государственного казенного учреждения Кадровый центр Ульяновской области в Сурском районе,"Инженер по охране труда и технике безопасности, инженер-эколог",,2026-01-21T12:31:35+0300,https://hh.ru/vacancy/129704401,экология промышленная
130001756,Инженер по охране окружающей среды (эколог),90000,,RUR,between3And6,fullDay,full,Санкт-Петербург,Адмиралтейские Верфи,"Инженер по охране труда и технике безопасности, инженер-эколог",,2026-01-29T13:21:05+0300,https://hh.ru/vacancy/130001756,экология промышленная
129987330,Инженер по охране окружающей среды (эколог),59000,,RUR,noExperience,fullDay,full,Губкин,Агропромышленная Группа БВК,"Инженер по охране труда и технике безопасности, инженер-эколог",Экологическая безопасность,2026-01-29T09:23:58+0300,https://hh.ru/vacancy/129987330,экология промышленная
129894045,"Инженер по охране труда, промышленной безопасности, экологии (Завод ЖБИ г. Чита, ул. Трактовая)",77000,,RUR,between3And6,fullDay,full,Чита,Строительная Компания Энергожилстрой,"Инженер по охране труда и технике безопасности, инженер-эколог",,2026-01-27T01:43:05+0300,https://hh.ru/vacancy/129894045,экология промышленная
129967422,Главный специалист (эколог) (г. Нерюнгри),,,,between3And6,fullDay,full,Новосибирск,ТЭК Мосэнерго,"Инженер по охране труда и технике безопасности, инженер-эколог",,2026-01-28T15:26:32+0300,https://hh.ru/vacancy/129967422,экология промышленная
129967423,Главный специалист (эколог) (г. Нерюнгри),,,,between3And6,fullDay,full,Екатеринбург,ТЭК Мосэнерго,"Инженер по охране труда и технике безопасности, инженер-эколог",,2026-01-28T15:26:32+0300,https://hh.ru/vacancy/129967423,экология промышленная
129967424,Главный специалист (эколог) (г. Нерюнгри),,,,between3And6,fullDay,full,Краснодар,ТЭК Мосэнерго,"Инженер по охране труда и технике безопасности, инженер-эколог",,2026-01-28T15:26:32+0300,https://hh.ru/vacancy/129967424,экология промышленная
129792411,"Ведущий специалист по охране труда, промышленной безопасности и экологии",170000,170000,RUR,between1And3,flyInFlyOut,full,Новый Уренгой,ГСП Ремонт,"Инженер по охране труда и технике безопасности, инженер-эколог",,2026-01-23T11:43:06+0300,https://hh.ru/vacancy/129792411,экология промышленная
129995775,Специалист по охране труда и экологии,,,,between1And3,fullDay,full,Ногинск (Московская область),ГК Черноголовка,"Инженер по охране труда и технике безопасности, инженер-эколог","Охрана труда,Знание экологического законодательства",2026-01-29T11:38:02+0300,https://hh.ru/vacancy/129995775,экология промышленная
130099496,"Руководитель службы по охране труда, промышленной, пожарной и экологической безопасности",,,,between3And6,fullDay,full,Москва,Российская производственно-торговая компания,"Инженер по охране труда и технике безопасности, инженер-эколог",,2026-02-02T16:24:34+0300,https://hh.ru/vacancy/130099496,экология промышленная
129250807,Начальник отдела промышленной безопасности,,,,between3And6,fullDay,full,Электросталь (Московская область),ESTIMA,"Инженер по охране труда и технике безопасности, инженер-эколог",,2026-01-28T09:00:01+0300,https://hh.ru/vacancy/129250807,экология промышленная
127271222,"Начальник управления охраны труда, промышленной безопасности и охраны окружающей среды",,,,between3And6,fullDay,full,Абакан,КОУЛСТАР,"Инженер по охране труда и технике безопасности, инженер-эколог",,2026-02-02T08:20:49+0300,https://hh.ru/vacancy/127271222,экология промышленная
127622432,"Начальник управления охраны труда, промышленной безопасности и охраны окружающей среды",,,,between3And6,fullDay,full,Кемерово,КОУЛСТАР,"Инженер по охране труда и технике безопасности, инженер-эколог",,2026-02-02T08:20:45+0300,https://hh.ru/vacancy/127622432,экология промышленная
127622575,"Начальник управления охраны труда, промышленной безопасности и охраны окружающей среды",,,,between3And6,fullDay,full,Новокузнецк,КОУЛСТАР,"Инженер по охране труда и технике безопасности, инженер-эколог",,2026-02-02T08:20:25+0300,https://hh.ru/vacancy/127622575,экология промышленная
129809827,Главный специалист-эколог,,,,between3And6,fullDay,full,Нижний Тагил,ЕВРАЗ,"Инженер по охране труда и технике безопасности, инженер-эколог",,2026-01-23T16:22:02+0300,https://hh.ru/vacancy/129809827,экология промышленная
129611285,Инженер-эколог,51200,,RUR,between1And3,fullDay,full,Краснодар,Краснодар Водоканал,"Инженер по охране труда и технике безопасности, инженер-эколог","Знание экологического законодательства,Пользователь ПК,Умение работать в коллективе,Ведение документации,Деловая переписка",2026-01-19T16:49:03+0300,https://hh.ru/vacancy/129611285,экология промышленная
129583619,Инженер-эколог,70000,,RUR,between1And3,fullDay,full,Ангарск,ВТК-Восток,"Инженер по охране труда и технике безопасности, инженер-эколог","Экологическая безопасность,Ведение документации,Взаимодействие с государственными контролирующими органами,охрана окружающей среды,Строительство,Проектная документация",2026-01-19T11:12:06+0300,https://hh.ru/vacancy/129583619,экология промышленная
129933818,"Аудитор (охрана труда, ПБ, экология)",,,,between1And3,fullDay,full,Уфа,"Черкизово, Группа предприятий","Инженер по охране труда и технике безопасности, инженер-эколог","Охрана труда и техника безопасности,Умение работать в коллективе,Экологическая безопасность,Промышленная безопасность,Пожарная безопасность,Производственный контроль",2026-01-27T18:35:16+0300,https://hh.ru/vacancy/129933818,экология промышленная
129675514,Заместитель главного инженера по промышленной безопасности и экологии,110000,,RUR,between1And3,fullDay,full,Мегион,Рубеж,Другое,,2026-01-20T19:34:24+0300,https://hh.ru/vacancy/129675514,экология промышленная
129938915,Специалист по охране труда и экологиии,,,,between1And3,fullDay,full,Бийск,Алтайалюпак,"Инженер по охране труда и технике безопасности, инженер-эколог","Охрана труда,AutoCAD,Компас-3D,Экологическая безопасность,Экологическое право,Обучение персонала,Промышленная безопасность",2026-01-28T06:28:53+0300,https://hh.ru/vacancy/129938915,экология промышленная
129935106,"Ведущий эколог / Эколог-проектировщик (морские порты, отходы I–IV классов опасности)",,,,between1And3,remote,full,Санкт-Петербург,Научный подход,"Инженер по охране труда и технике безопасности, инженер-эколог",,2026-01-27T20:19:41+0300,https://hh.ru/vacancy/129935106,экология промышленная
129953945,Ведущий инженер производственного экологического контроля/ Эколог,,70000,RUR,between1And3,fullDay,full,Волгоград,Каустик,"Инженер по охране труда и технике безопасности, инженер-эколог",,2026-01-28T11:44:19+0300,https://hh.ru/vacancy/129953945,экология промышленная
129927250,Специалист по промышленной безопасности,100000,,RUR,between1And3,fullDay,full,Краснодар,ЦОТЭБ,Специалист по информационной безопасности,"Охрана труда и техника безопасности,Пожарная безопасность",2026-01-27T15:57:47+0300,https://hh.ru/vacancy/129927250,экология промышленная
129633362,"Начальник отдела охраны труда, промышленной безопасности и экологии",,,,between1And3,fullDay,full,Ростов-на-Дону,Группа Полипластик,"Инженер по охране труда и технике безопасности, инженер-эколог","Ответственность,Охрана труда и техника безопасности,Вводный инструктаж по охране труда и технике безопасности,Расследование несчастных случаев,Пользователь ПК,Разработка программ по улучшению условий труда",2026-01-20T09:46:58+0300,https://hh.ru/vacancy/129633362,экология промышленная
129178323,Инженер-эколог / Специалист по охране окружающей среды,52576,70032,RUR,noExperience,fullDay,full,Хабаровск,Управление Роспотребнадзора по Хабаровскому краю,"Инженер по охране труда и технике безопасности, инженер-эколог",,2026-01-29T06:13:12+0300,https://hh.ru/vacancy/129178323,экология промышленная
129757631,Инженер - химик / эколог,,,,between3And6,fullDay,full,Тверь,"Компания, предоставляющая услуги в нефтегазовой отрасли","Инженер по охране труда и технике безопасности, инженер-эколог","Техническая документация,Деловая переписка,Охрана труда и техника безопасности,Экологическая безопасность,Химические методы анализа,Навыки работы с первичной документацией,Технический контроль производства,Взаимодействие с государственными контролирующими органами,Навыки межличностного общения,Проектная документация,Документальное сопровождение,Точность и внимательность к деталям",2026-01-22T13:46:17+0300,https://hh.ru/vacancy/129757631,экология промышленная
129690975,"Начальник службы промышленной, пожарной безопасности, охраны труда и экологии",100000,100000,RUR,between1And3,fullDay,full,Тамбов,Объединенные кондитеры,"Инженер по охране труда и технике безопасности, инженер-эколог","Охрана труда и техника безопасности,Пожарная безопасность,Экологическая безопасность,Взаимодействие с контрольными органами,Охрана труда",2026-01-21T09:39:09+0300,https://hh.ru/vacancy/129690975,экология промышленная
129616963,"Начальник отдела охраны труда, промышленной безопасности и экологии",,,,between1And3,fullDay,full,Динская станица,Группа Полипластик,"Инженер по охране труда и технике безопасности, инженер-эколог","Ответственность,Охрана труда и техника безопасности,Вводный инструктаж по охране труда и технике безопасности,Расследование несчастных случаев,Пользователь ПК,Разработка программ по улучшению условий труда",2026-01-19T18:49:34+0300,https://hh.ru/vacancy/129616963,экология промышленная
122186176,Начальник отдела охраны труда и экологии,,,,between3And6,fullDay,full,Донской,Пластик,"Инженер по охране труда и технике безопасности, инженер-эколог",,2026-01-27T14:12:37+0300,https://hh.ru/vacancy/122186176,экология промышленная
122186174,Начальник отдела охраны труда и экологии,,,,between3And6,fullDay,full,Новомосковск (Тульская область),Пластик,"Инженер по охране труда и технике безопасности, инженер-эколог",,2026-01-27T14:12:31+0300,https://hh.ru/vacancy/122186174,экология промышленная
127501759,Заместитель начальника сметного отдела,,,,between1And3,fullDay,full,Москва,Комплексные Проекты в Экологии и Энергетике,"Инженер ПТО, инженер-сметчик","Гранд-смета,MS Outlook,Графические редакторы,PDF",2026-02-09T08:16:50+0300,https://hh.ru/vacancy/127501759,экология промышленная
129402361,Начальник отдела охраны труда и экологии,,,,between3And6,fullDay,full,Санкт-Петербург,Фирма Медполимер,"Инженер по охране труда и технике безопасности, инженер-эколог",,2026-01-27T14:44:29+0300,https://hh.ru/vacancy/129402361,экология промышленная
129325634,Главный специалист по промышленной экологии,,,,between3And6,flyInFlyOut,full,Кемерово,Высочайший,"Инженер по охране труда и технике безопасности, инженер-эколог",,2026-01-13T05:36:06+0300,https://hh.ru/vacancy/129325634,экология промышленная
129479840,Руководитель по экологии / промышленной безопасности (HSE),200000,280000,RUR,between3And6,fullDay,full,Москва,Paper Planes,"Инженер по охране труда и технике безопасности, инженер-эколог",,2026-01-15T15:54:55+0300,https://hh.ru/vacancy/129479840,экология промышленная
129085589,"Специалист (нефтегазовое дело, экология)",,,,between3And6,fullDay,full,Москва,Федеральное государственное автономное учреждение Научно-исследовательский институт Центр экологической промышленной политики (ФГАУ НИИ ЦЭПП),Другое,"Оценка КЭР,Участие в разработке ИТС НДТ,Знание технологий добычи нефти и природного газа",2026-01-23T17:13:07+0300,https://hh.ru/vacancy/129085589,экология промышленная
129506563,"Начальник отдела по охране труда, экологии и промышленной безопасности",200000,,RUR,between3And6,fullDay,full,Москва,ПрофГазСтрой,"Инженер по охране труда и технике безопасности, инженер-эколог",,2026-01-20T13:17:38+0300,https://hh.ru/vacancy/129506563,экология промышленная
127351334,Инженер-проектировщик ОВиК,,,,between1And3,fullDay,full,Новочеркасск,Комплексные Проекты в Экологии и Энергетике,"Инженер-конструктор, инженер-проектировщик",,2026-02-09T08:14:39+0300,https://hh.ru/vacancy/127351334,экология промышленная
127592602,Ведущий инженер-эколог,90000,,RUR,between1And3,fullDay,full,Санкт-Петербург,Триплюс-Инжиниринг,"Инженер по охране труда и технике безопасности, инженер-эколог","MS Office,Экологическая безопасность,Ведение рабочей документации,Охрана труда,ОВОС,МООС",2026-01-21T09:48:14+0300,https://hh.ru/vacancy/127592602,экология промышленная
123453812,Инженер отдела автоматизации технологического процесса,,,,between1And3,fullDay,full,Самара,Комплексные Проекты в Экологии и Энергетике,Инженер ПНР,,2026-02-09T08:15:57+0300,https://hh.ru/vacancy/123453812,экология промышленная
123453267,Инженер-проектировщик ОВиК,,,,between1And3,fullDay,full,Самара,Комплексные Проекты в Экологии и Энергетике,"Инженер-конструктор, инженер-проектировщик",,2026-02-09T08:15:54+0300,https://hh.ru/vacancy/123453267,экология промышленная
129300065,Руководитель направления производственной безопасности,420000,420000,RUR,moreThan6,fullDay,full,Москва,Промышленная Логистика,Другое,,2026-02-08T14:16:57+0300,https://hh.ru/vacancy/129300065,экология промышленная
127351562,Инженер-проектировщик строительного отдела (ПГС),,,,between1And3,fullDay,full,Новочеркасск,Комплексные Проекты в Экологии и Энергетике,"Инженер-конструктор, инженер-проектировщик",,2026-02-09T08:14:50+0300,https://hh.ru/vacancy/127351562,экология промышленная
129296722,"Заместитель технического директора по охране труда, промышленной безопасности и экологии",100000,,RUR,between3And6,fullDay,full,Рязань,Тангстоун,"Инженер по охране труда и технике безопасности, инженер-эколог",,2026-01-21T08:08:50+0300,https://hh.ru/vacancy/129296722,экология промышленная
129250806,Начальник отдела промышленной безопасности,,,,between3And6,fullDay,full,Ногинск (Московская область),ESTIMA,"Инженер по охране труда и технике безопасности, инженер-эколог",,2026-01-26T07:06:21+0300,https://hh.ru/vacancy/129250806,экология промышленная
129412359,Инженер ПТО,,150000,RUR,between1And3,fullDay,full,Домодедово (Московская область),Комплексные Проекты в Экологии и Энергетике,"Инженер ПТО, инженер-сметчик",,2026-02-09T08:16:55+0300,https://hh.ru/vacancy/129412359,экология промышленная
125597026,Главный специалист проектировщик электрик,,,,between3And6,fullDay,full,Самара,Комплексные Проекты в Экологии и Энергетике,"Инженер-конструктор, инженер-проектировщик",,2026-02-09T08:16:30+0300,https://hh.ru/vacancy/125597026,экология промышленная
125596538,Главный специалист слаботочных сетей и систем,,,,between3And6,fullDay,full,Самара,Комплексные Проекты в Экологии и Энергетике,"Инженер-конструктор, инженер-проектировщик",,2026-02-09T08:16:23+0300,https://hh.ru/vacancy/125596538,экология промышленная
125596051,Главный специалист ПГС,,,,between3And6,fullDay,full,Самара,Комплексные Проекты в Экологии и Энергетике,Другое,,2026-02-09T08:16:20+0300,https://hh.ru/vacancy/125596051,экология промышленная
125595430,Главный специалист генплана,,,,between3And6,fullDay,full,Самара,Комплексные Проекты в Экологии и Энергетике,Архитектор,,2026-02-09T08:16:17+0300,https://hh.ru/vacancy/125595430,экология промышленная
125594164,Главный специалист архитектор,,,,between3And6,fullDay,full,Самара,Комплексные Проекты в Экологии и Энергетике,Архитектор,,2026-02-09T08:16:13+0300,https://hh.ru/vacancy/125594164,экология промышленная
125587574,Главный специалист отдела водоснабжения и водоотведения,,,,between3And6,fullDay,full,Самара,Комплексные Проекты в Экологии и Энергетике,"Инженер-конструктор, инженер-проектировщик",,2026-02-09T08:16:03+0300,https://hh.ru/vacancy/125587574,экология промышленная
127351819,Главный специалист проектировщик - электрик,,,,between3And6,fullDay,full,Новочеркасск,Комплексные Проекты в Экологии и Энергетике,"Инженер-конструктор, инженер-проектировщик",,2026-02-09T08:14:56+0300,https://hh.ru/vacancy/127351819,экология промышленная
128120662,Инженер ПТО,,,,between1And3,fullDay,full,Нижний Тагил,Комплексные Проекты в Экологии и Энергетике,"Инженер ПТО, инженер-сметчик",,2026-02-09T08:14:45+0300,https://hh.ru/vacancy/128120662,экология промышленная
127351707,Инженер по водоснабжению и водоотведению,,,,between1And3,fullDay,full,Новочеркасск,Комплексные Проекты в Экологии и Энергетике,"Инженер-конструктор, инженер-проектировщик",,2026-02-09T08:14:33+0300,https://hh.ru/vacancy/127351707,экология промышленная
125593208,Главный специалист отдела отопления вентиляции и кондиционирования,,,,between3And6,fullDay,full,Самара,Комплексные Проекты в Экологии и Энергетике,"Инженер-конструктор, инженер-проектировщик",,2026-02-09T08:16:10+0300,https://hh.ru/vacancy/125593208,экология промышленная
128482175,Делопроизводитель,80000,90000,RUR,between1And3,fullDay,full,Москва,Комплексные Проекты в Экологии и Энергетике,"Делопроизводитель, архивариус",,2026-02-09T08:15:50+0300,https://hh.ru/vacancy/128482175,экология промышленная
126366853,Главный специалист ПОС,,,,between1And3,fullDay,full,Самара,Комплексные Проекты в Экологии и Энергетике,Другое,,2026-02-09T08:16:33+0300,https://hh.ru/vacancy/126366853,экология промышленная
125589415,Главный специалист автоматизации технологических процессов (АТХ),,,,between3And6,fullDay,full,Самара,Комплексные Проекты в Экологии и Энергетике,Другое,,2026-02-09T08:16:07+0300,https://hh.ru/vacancy/125589415,экология промышленная
127501813,Главный инженер проекта,,,,between3And6,fullDay,full,Москва,Комплексные Проекты в Экологии и Энергетике,Главный инженер проекта,"Проектная документация,Работа с проектной документацией,Разработка технических заданий,Знание нормативной документации,Разработка проектной документации,Деловая переписка",2026-02-09T08:16:36+0300,https://hh.ru/vacancy/127501813,экология промышленная
128516186,Начальник производственного отдела ПТО,,,,between3And6,fullDay,full,Новомосковск (Тульская область),Комплексные Проекты в Экологии и Энергетике,Начальник производства,,2026-02-09T08:15:00+0300,https://hh.ru/vacancy/128516186,экология промышленная
129527927,"Разработчик документации в области промышленной безопасности, экологии",30000,60000,RUR,noExperience,fullDay,full,Ставрополь,Комплексная безопасность,Другое,"Умение организовывать работу, планировать,Способность анализировать проблемы, эффективно искать пути их решения,Умение работать в условиях многозадачности,знание компьютера, программ MS Office,Организация рабочего процесса,Коммуникабельность, ответственность,Взаимодействие с контрольными органами,Деловая переписка",2026-01-16T15:44:46+0300,https://hh.ru/vacancy/129527927,экология промышленная
128786136,Специалист / Инженер по охране труда и промышленной безопасности,120000,,RUR,between1And3,fullDay,full,Подольск (Московская область),МАСТЕРФУД,"Инженер по охране труда и технике безопасности, инженер-эколог",,2026-01-30T16:22:34+0300,https://hh.ru/vacancy/128786136,экология промышленная
128786137,Специалист / Инженер по охране труда и промышленной безопасности,120000,,RUR,between1And3,fullDay,full,Домодедово (Московская область),МАСТЕРФУД,"Инженер по охране труда и технике безопасности, инженер-эколог",,2026-01-30T16:22:34+0300,https://hh.ru/vacancy/128786137,экология промышленная
129395615,Начальник отдела экологии и промышленной безопасности,95000,,RUR,between3And6,fullDay,full,Энгельс,Концерн Тракторные Заводы,"Инженер по охране труда и технике безопасности, инженер-эколог",,2026-01-14T09:02:38+0300,https://hh.ru/vacancy/129395615,экология промышленная
129706318,"Ведущий специалист по охране труда, промышленной и противопожарной безопасности и экологии",,,,between3And6,fullDay,full,Новосибирск,СибМедЗав,Специалист по информационной безопасности,"Охрана труда и техника безопасности,Пожарная безопасность,Экологическая безопасность,Разработка внутренней документации,Промышленная безопасность",2026-01-21T12:59:25+0300,https://hh.ru/vacancy/129706318,экология промышленная
129457808,Инженер-эколог,127500,,RUR,noExperience,fullDay,full,Казань,"Алабуга, ОЭЗ ППТ","Инженер по охране труда и технике безопасности, инженер-эколог","Экологическая безопасность,охрана окружающей среды",2026-01-15T10:43:35+0300,https://hh.ru/vacancy/129457808,экология промышленная
129457809,Инженер-эколог,127500,,RUR,noExperience,fullDay,full,Уфа,"Алабуга, ОЭЗ ППТ","Инженер по охране труда и технике безопасности, инженер-эколог","Экологическая безопасность,охрана окружающей среды",2026-01-15T10:43:35+0300,https://hh.ru/vacancy/129457809,экология промышленная
129457810,Инженер-эколог,127500,,RUR,noExperience,fullDay,full,Нижний Новгород,"Алабуга, ОЭЗ ППТ","Инженер по охране труда и технике безопасности, инженер-эколог","Экологическая безопасность,охрана окружающей среды",2026-01-15T10:43:35+0300,https://hh.ru/vacancy/129457810,экология промышленная
129558994,"Заместитель начальника отдела промышленной безопасности, охраны труда и Экологии",125000,,RUR,between1And3,fullDay,full,Южно-Сахалинск,Газпром межрегионгаз,"Инженер по охране труда и технике безопасности, инженер-эколог",,2026-01-19T01:04:56+0300,https://hh.ru/vacancy/129558994,экология промышленная
129627196,Эколог на производство,,,,between3And6,fullDay,full,Екатеринбург,Полипласт-Уралсиб,"Инженер по охране труда и технике безопасности, инженер-эколог","Экологическая безопасность,Ведение документации,Разработка инструкций,Работа с большим объемом информации,Промышленная безопасность",2026-01-20T08:20:14+0300,https://hh.ru/vacancy/129627196,экология промышленная
129627197,Эколог на производство,,,,between3And6,fullDay,full,Первоуральск,Полипласт-Уралсиб,"Инженер по охране труда и технике безопасности, инженер-эколог","Экологическая безопасность,Ведение документации,Разработка инструкций,Работа с большим объемом информации,Промышленная безопасность",2026-01-20T08:20:14+0300,https://hh.ru/vacancy/129627197,экология промышленная
128812865,Специалист по охране труда и экологии,,90000,RUR,between1And3,fullDay,full,Екатеринбург,Группа СВЭЛ,"Инженер по охране труда и технике безопасности, инженер-эколог","Охрана труда и техника безопасности,Экологическая безопасность,Промышленная безопасность",2026-01-26T07:23:47+0300,https://hh.ru/vacancy/128812865,экология промышленная
129990553,Специалист по охране труда и промышленной безопасности,,,,between1And3,fullDay,full,Череповец,Чигасов Алексей Сергеевич,"Инженер по охране труда и технике безопасности, инженер-эколог","Охрана труда и техника безопасности,Обеспечение техники безопасности,Промышленная безопасность,Вводный инструктаж по охране труда и технике безопасности,Производственный контроль,Проведение внутренних расследований,Технический контроль производства,Охрана труда,Работа с документами",2026-01-29T10:17:03+0300,https://hh.ru/vacancy/129990553,экология промышленная
129577893,Специалист по экологии,,,,between1And3,fullDay,full,Санкт-Петербург,Добрый,"Инженер по охране труда и технике безопасности, инженер-эколог",,2026-01-19T10:19:32+0300,https://hh.ru/vacancy/129577893,экология промышленная
129923659,Разработчик 1С / Программист 1С (Стажер 1С),50000,80000,RUR,between1And3,fullDay,full,Самара,Производственная Безопасность и Экология,"Программист, разработчик","1С: Предприятие,1С программирование,Управление разработкой,Разработка ПО,Обучение и развитие",2026-02-08T14:54:03+0300,https://hh.ru/vacancy/129923659,экология промышленная
130012988,"Начальник отделения (промышленного, экологического контроля и производственного обучения)",100000,,RUR,between3And6,fullDay,full,Мурманск,ФГБУ Центральное жилищно-коммунальное управление Министерства Обороны Российской Федерации,Другое,,2026-01-29T15:55:39+0300,https://hh.ru/vacancy/130012988,экология промышленная
129553536,Разработчик 1С / Программист 1С (Стажер 1С),50000,80000,RUR,between1And3,fullDay,full,Казань,Производственная Безопасность и Экология,"Программист, разработчик","1С: Предприятие,1С программирование,Управление разработкой,Разработка ПО,Обучение и развитие",2026-02-08T14:25:10+0300,https://hh.ru/vacancy/129553536,экология промышленная
129374762,Ведущий эколог,,125000,RUR,between3And6,fullDay,full,Сириус,Фонд Талант и успех,"Инженер по охране труда и технике безопасности, инженер-эколог",,2026-01-13T16:11:22+0300,https://hh.ru/vacancy/129374762,экология промышленная
129481007,"Специалист по охране труда, промышленной безопасности и экологии",,,,between1And3,fullDay,full,Мурманск,Специальные работы,"Инженер по охране труда и технике безопасности, инженер-эколог",,2026-01-15T16:09:44+0300,https://hh.ru/vacancy/129481007,экология промышленная
129373184,"Специалист промышленной безопасности, охраны труда и экологии",46000,50000,RUR,between3And6,fullDay,full,Пенза,Газпром межрегионгаз,"Инженер по охране труда и технике безопасности, инженер-эколог",,2026-01-13T15:55:14+0300,https://hh.ru/vacancy/129373184,экология промышленная
129949961,Руководитель отдела охраны труда и промышленной безопасности,,,,moreThan6,fullDay,full,Москва,YADRO,"Инженер по охране труда и технике безопасности, инженер-эколог","Охрана труда,Ориентация на результат,Ответственность",2026-01-28T10:48:08+0300,https://hh.ru/vacancy/129949961,экология промышленная
130006037,Ведущий инженер по охране окружающей среды,,,,between1And3,fullDay,full,Москва,Мостострой-11,"Инженер по охране труда и технике безопасности, инженер-эколог","Высокая трудоспособность,Высокий уровень самоорганизации,Стремление к профессиональному росту,охрана окружающей среды",2026-01-29T14:23:05+0300,https://hh.ru/vacancy/130006037,экология промышленная
129316407,Инженер-эколог,,,,between3And6,fullDay,full,Ростов-на-Дону,Федеральный Центр Оценки Безопасности и Качества Продукции Агропромышленного Комплекса,"Инженер по охране труда и технике безопасности, инженер-эколог",,2026-01-12T17:13:22+0300,https://hh.ru/vacancy/129316407,экология промышленная
129301781,Главный эколог,,,,between3And6,fullDay,full,Усть-Джегута,ЦЕМРОС,Другое,,2026-01-12T14:34:02+0300,https://hh.ru/vacancy/129301781,экология промышленная
129951989,Главный специалист по пожарной и промышленной безопасности,,,,between3And6,fullDay,full,Москва,ЕВРАЗ,Специалист по информационной безопасности,,2026-01-28T11:17:55+0300,https://hh.ru/vacancy/129951989,экология промышленная
129085474,"Заместитель начальника отдела (нефтегазовое дело, экология)",,,,between3And6,fullDay,full,Москва,Федеральное государственное автономное учреждение Научно-исследовательский институт Центр экологической промышленной политики (ФГАУ НИИ ЦЭПП),Другое,"Оценка КЭР,Участие в НИР,Участие в разработке ИТС НДТ,Подготовка научных статей,Знание технологий добычи нефти и природного газа",2026-01-23T17:12:40+0300,https://hh.ru/vacancy/129085474,экология промышленная
129031703,"Начальник отдела охраны труда, техники безопасности и экологии",,,,between3And6,fullDay,full,Барнаул,Алтайские Карьеры,"Инженер по охране труда и технике безопасности, инженер-эколог",,2026-01-26T15:14:29+0300,https://hh.ru/vacancy/129031703,экология промышленная
129928319,Инженер по охране окружающей среды,55500,71100,RUR,noExperience,fullDay,full,Рязань,Рязанская нефтеперерабатывающая компания,"Инженер по охране труда и технике безопасности, инженер-эколог",,2026-01-27T16:15:35+0300,https://hh.ru/vacancy/129928319,экология промышленная
130032798,"Ведущий специалист отдела охраны труда, промышленной безопасности и охраны окружающей среды",90000,90000,RUR,between3And6,fullDay,full,Екатеринбург,Люди | Девелоперская компания,"Инженер по охране труда и технике безопасности, инженер-эколог",,2026-01-30T09:58:39+0300,https://hh.ru/vacancy/130032798,экология промышленная
128464542,"Начальник отдела охраны труда, промышленной безопасности и экологии",170186,,RUR,moreThan6,fullDay,full,Санкт-Петербург,ГБР,"Инженер по охране труда и технике безопасности, инженер-эколог","Охрана труда и техника безопасности,Организаторские навыки,Умение работать в коллективе,Охрана труда,Промышленная безопасность,Пожарная безопасность,Взаимодействие с надзорными организациями,Подготовка отчетов,Обеспечение техники безопасности,Взаимодействие с контрольными органами,Взаимодействие с государственными контролирующими органами,Экологическая безопасность,Производственный контроль",2026-01-13T16:18:30+0300,https://hh.ru/vacancy/128464542,экология промышленная
126205296,"Специалист по охране труда, промышленной безопасности и экологии",,,,between3And6,fullDay,full,Череповец,Air Liquide,"Инженер по охране труда и технике безопасности, инженер-эколог",,2026-01-13T15:37:21+0300,https://hh.ru/vacancy/126205296,экология промышленная
128853861,"Начальник управления охраны труда, промышленной безопасности и экологии",,,,moreThan6,fullDay,full,Санкт-Петербург,ГСП Оргэнергогаз,"Инженер по охране труда и технике безопасности, инженер-эколог","Деловая переписка,Деловая коммуникация,Внутренний контроль,Охрана труда,Документооборот",2026-01-13T11:28:57+0300,https://hh.ru/vacancy/128853861,экология промышленная
129335502,"Начальник отдела охраны труда, промышленной безопасности и экологии",80000,,RUR,between3And6,fullDay,full,Старый Оскол,Группа компаний Славянка,"Инженер по охране труда и технике безопасности, инженер-эколог","Охрана труда и техника безопасности,Промышленная безопасность,Охрана труда,Организаторские навыки,Умение работать в коллективе,Ведение документации",2026-01-13T09:26:16+0300,https://hh.ru/vacancy/129335502,экология промышленная
129335559,"Инженер отдела охраны труда, промышленной безопасности и экологии",,,,between1And3,fullDay,full,Урюпинск,Урюпинский крановый завод,Специалист по информационной безопасности,"Охрана труда и техника безопасности,Умение работать в коллективе,Охрана труда,Вводный инструктаж по охране труда и технике безопасности,Работа с большим объемом информации,Взаимодействие с органами государственного контроля",2026-01-13T09:26:59+0300,https://hh.ru/vacancy/129335559,экология промышленная
129937730,Инженер-эколог с обязанностями инженера по охране труда и технике безопасности,100000,140000,RUR,between1And3,fullDay,full,Чита,Исток,"Инженер по охране труда и технике безопасности, инженер-эколог","Охрана труда и техника безопасности,Промышленная безопасность,Экологическая безопасность,Взаимодействие с разрешительными органами,Взаимодействие с надзорными организациями,Деловое общение,Работа с документами",2026-01-28T04:59:48+0300,https://hh.ru/vacancy/129937730,экология промышленная
129937352,"Инженер по охране труда, промышленной и экологической безопасности",100000,,RUR,between1And3,fullDay,full,Нерюнгри,МУП Переработчик,"Инженер по охране труда и технике безопасности, инженер-эколог","Экологическая безопасность,Охрана труда и техника безопасности,Ведение документации,Взаимодействие с контрольными органами,Деловая переписка,Документооборот",2026-01-28T04:00:43+0300,https://hh.ru/vacancy/129937352,экология промышленная
129750385,Инженер по охране окружающей среды (эколог),88500,,RUR,between1And3,fullDay,full,Москва,Московский метрополитен,"Инженер по охране труда и технике безопасности, инженер-эколог",,2026-01-22T11:53:50+0300,https://hh.ru/vacancy/129750385,экология промышленная
129310797,"Начальник отдела охраны труда, экологии, промышленной и пожарной безопасности (г. Якутск)",,,,moreThan6,fullDay,full,Якутск,ТЭК Мосэнерго,"Инженер по охране труда и технике безопасности, инженер-эколог",,2026-01-16T16:40:20+0300,https://hh.ru/vacancy/129310797,экология промышленная
129310798,"Начальник отдела охраны труда, экологии, промышленной и пожарной безопасности (г. Якутск)",,,,moreThan6,fullDay,full,Омск,ТЭК Мосэнерго,"Инженер по охране труда и технике безопасности, инженер-эколог",,2026-01-16T16:40:20+0300,https://hh.ru/vacancy/129310798,экология промышленная
129310799,"Начальник отдела охраны труда, экологии, промышленной и пожарной безопасности (г. Якутск)",,,,moreThan6,fullDay,full,Тюмень,ТЭК Мосэнерго,"Инженер по охране труда и технике безопасности, инженер-эколог",,2026-01-16T16:40:20+0300,https://hh.ru/vacancy/129310799,экология промышленная
129379318,Промышленный альпинист,150000,,RUR,between1And3,fullDay,full,Москва,ПромАльпЛидер,Другое,"Работа в команде,соблюдение сроков,работы на высоте,Кровельные работы,лакокрасочные работы,Организаторские навыки,умение работать в условиях многозадачности,Стремление,Планирование и организация рабочего процесса,Строительно-отделочные работы,Капитальный ремонт,Строительство,Штукатурные работы,Малярные работы,строительно-монтажные работы,Ремонтные работы,Монтаж оборудования,Производство строительно-монтажных работ",2026-01-13T17:15:13+0300,https://hh.ru/vacancy/129379318,экология промышленная
122540141,Специалист по экологии,55000,,RUR,between1And3,fullDay,full,Люберцы  (Московская область),ГКУ МО Московская областная противопожарно-спасательная служба,Другое,"Обучение и развитие,Экологическая безопасность",2026-01-14T11:01:31+0300,https://hh.ru/vacancy/122540141,экология промышленная
129725324,Специалист по промышленной безопасности,100000,,RUR,between1And3,fullDay,full,Киров (Кировская область),ЦОТЭБ,Специалист по информационной безопасности,,2026-01-21T17:44:01+0300,https://hh.ru/vacancy/129725324,экология промышленная
129440843,Ведущий инженер-эколог,110000,130000,RUR,between1And3,fullDay,full,Зеленоград,Газпром трансгаз Москва,"Инженер по охране труда и технике безопасности, инженер-эколог","Экологическая безопасность,Навыки составления отчетности",2026-01-14T20:49:14+0300,https://hh.ru/vacancy/129440843,экология промышленная
129271533,Менеджер по продажам ДПО,150000,,RUR,between1And3,fullDay,full,Москва,Первая Промышленная Академия,"Менеджер по продажам, менеджер по работе с клиентами","Активные продажи,Телефонные переговоры,Деловое общение,Деловая переписка,Консультирование клиентов,Консультативные продажи,Холодные продажи,Пассивные продажи,Построение воронки продаж,Подготовка коммерческих предложений,Планирование продаж",2026-02-08T10:05:19+0300,https://hh.ru/vacancy/129271533,экология промышленная
129392377,"Ведущий специалист в области охраны труда, промышленной безопасности и экологии",67800,,RUR,between3And6,fullDay,full,Выборг,Первая нерудная компания,"Инженер по охране труда и технике безопасности, инженер-эколог",,2026-01-14T07:59:44+0300,https://hh.ru/vacancy/129392377,экология промышленная
129139390,Инженер по охране окружающей среды и промышленной безопасности,48000,64800,RUR,between1And3,fullDay,full,Батайск,Батайское,"Инженер по охране труда и технике безопасности, инженер-эколог","Экологическая безопасность,Промышленная безопасность,Согласование договоров,Многозадачность,Пользователь ПК,Взаимодействие с государственными контролирующими органами,охрана окружающей среды",2026-01-15T10:30:17+0300,https://hh.ru/vacancy/129139390,экология промышленная
129975418,Инженер 1 категории испытательной лаборатории ( промышленных выбросов и физических факторов),90000,,RUR,between1And3,fullDay,full,Санкт-Петербург,ФГБУ ЦЛАТИ по СЗФО,"Инженер по охране труда и технике безопасности, инженер-эколог","Проведение испытаний,Обработка результатов испытаний,Полевые работы",2026-01-28T18:05:36+0300,https://hh.ru/vacancy/129975418,экология промышленная
129845749,Ведущий специалист охраны труда и промышленной безопасности,80000,,RUR,between3And6,fullDay,full,Магнитогорск,ЖДС-Инжиниринг,"Инженер по охране труда и технике безопасности, инженер-эколог","Организаторские навыки,Обучение персонала,Аттестация по ОТ и ПБ,Ответственность,Проведение инструктажей",2026-01-26T06:19:42+0300,https://hh.ru/vacancy/129845749,экология промышленная
129268122,"Специалист по охране труда, экологии, пожарной и промышленной безопасности",90000,,RUR,between3And6,fullDay,full,Якутск,РИА Строй,"Инженер по охране труда и технике безопасности, инженер-эколог",,2026-01-12T09:32:59+0300,https://hh.ru/vacancy/129268122,экология промышленная
122450458,Инженер по промышленной безопасности,,,,between3And6,fullDay,full,Вольск,Цементум Центр,"Инженер по охране труда и технике безопасности, инженер-эколог",,2026-01-21T08:45:33+0300,https://hh.ru/vacancy/122450458,экология промышленная
129255144,"Специалист по охране труда, экологии, промышленной и пожарной безопасности",,100000,RUR,between3And6,fullDay,full,Красноярск,Геркулес-Сибирь,"Инженер по охране труда и технике безопасности, инженер-эколог","Охрана труда и техника безопасности,Пожарная безопасность,Промышленная безопасность,Вводный инструктаж по охране труда и технике безопасности",2026-01-12T05:02:28+0300,https://hh.ru/vacancy/129255144,экология промышленная
129673726,Специалист по промышленной безопасности,100000,,RUR,between1And3,fullDay,full,Ростов-на-Дону,ЦОТЭБ,Специалист по информационной безопасности,,2026-01-20T18:21:49+0300,https://hh.ru/vacancy/129673726,экология промышленная
127860620,Инженер-эколог (25),58000,,RUR,between1And3,fullDay,full,Тула,НПО Стрела,"Инженер по охране труда и технике безопасности, инженер-эколог","Экологическая безопасность,Работа с документами,Подготовка отчетов,Точность и внимательность к деталям",2026-01-13T09:17:50+0300,https://hh.ru/vacancy/127860620,экология промышленная
127576344,Специалист по охране труда и экологии,75000,80000,RUR,between1And3,fullDay,full,Кириши,ГЭХ Теплоэнергоремонт,"Инженер по охране труда и технике безопасности, инженер-эколог","Пользователь ПК,Умение работать в коллективе,Опыт практической работы, в области охраны труда, экологии не менее 3 лет,обеспечение подготовки работников в области охраны труда, сбор, обработка и передача информации по в,обеспечение снижения уровней профессиональных рисков с учетом условий труда, обеспечение контроля за,обеспечение расследования и учета несчастных случаев на производстве и профессиональных заболеваний,",2026-01-21T12:01:33+0300,https://hh.ru/vacancy/127576344,экология промышленная
129698542,Инженер по охране труда и экологии,80000,80000,RUR,between1And3,fullDay,full,Челябинск,Челябинский завод мобильных энергоустановок и конструкций,"Инженер по охране труда и технике безопасности, инженер-эколог",,2026-01-21T11:14:29+0300,https://hh.ru/vacancy/129698542,экология промышленная
129627760,Специалист по промышленной безопасности,,,,between3And6,fullDay,full,Жуковский  (Московская область),ANCOR,Специалист по информационной безопасности,,2026-01-20T08:30:23+0300,https://hh.ru/vacancy/129627760,экология промышленная
129627761,Специалист по промышленной безопасности,,,,between3And6,fullDay,full,Раменское (Московская область),ANCOR,Специалист по информационной безопасности,,2026-01-20T08:30:23+0300,https://hh.ru/vacancy/129627761,экология промышленная
129875230,Ведущий инженер по охране окружающей среды,,,,between3And6,fullDay,full,Санкт-Петербург,Группа Илим,"Инженер по охране труда и технике безопасности, инженер-эколог",,2026-01-26T13:53:03+0300,https://hh.ru/vacancy/129875230,экология промышленная
128700123,Ведущий Специалист по охране труда и промышленной безопасности,87000,,RUR,between3And6,fullDay,full,Челябинск,"Колос,кондитерская фабрика","Инженер по охране труда и технике безопасности, инженер-эколог","Охрана труда и техника безопасности,Умение работать в коллективе,Обеспечение техники безопасности,Охрана труда,Работа с документами,Проведение инструктажей,Деловая этика,Аттестация по ОТ и ПБ,Разработка инструкций",2026-01-26T12:43:07+0300,https://hh.ru/vacancy/128700123,экология промышленная
129846416,Ведущий инженер по охране окружающей среды,,283182,RUR,between1And3,flyInFlyOut,full,Красноярск,РН-Бурение,"Инженер по охране труда и технике безопасности, инженер-эколог","охрана окружающей среды,Экологическая безопасность,Пользователь ПК,Навыки работы с первичной документацией,Деловая переписка",2026-01-26T06:53:41+0300,https://hh.ru/vacancy/129846416,экология промышленная
129578222,Инженер по охране окружающей среды - Эколог,,,,between1And3,fullDay,full,Лысьва,Электротяжмаш-Привод,"Инженер по охране труда и технике безопасности, инженер-эколог","Пользователь ПК,Работа с оргтехникой,Работа с базами данных,Ведение документации,охрана окружающей среды,Охрана труда,Навыки составления отчетности,Знание экологического законодательства,Экологическая безопасность,Промышленная безопасность,Производственный экологический контроль",2026-01-19T10:22:13+0300,https://hh.ru/vacancy/129578222,экология промышленная
129462306,Главный специалист по экологии,,,,between3And6,fullDay,full,Москва,Объединенная металлургическая компания,"Инженер по охране труда и технике безопасности, инженер-эколог",,2026-01-15T11:40:03+0300,https://hh.ru/vacancy/129462306,экология промышленная
129783474,"Руководитель направления по сопровождению контрольно-надзорной деятельности, экологии",,,,moreThan6,fullDay,full,Иркутск,Иркутская нефтяная компания,Юрист,,2026-01-23T09:22:01+0300,https://hh.ru/vacancy/129783474,экология промышленная
130285872,Специалист по охране труда,86000,,RUR,between1And3,fullDay,full,Казань,ПАЛП Инвест,"Инженер по охране труда и технике безопасности, инженер-эколог",,2026-02-09T13:51:36+0300,https://hh.ru/vacancy/130285872,экология промышленная
129929640,Инженер по автоматизации промышленной безопасности и охране труда (АСУ ТП),,,,between3And6,fullDay,full,Москва,НПК Техмаш,Инженер ПНР,"АСУ ТП,Техническое обслуживание оборудования,Автоматизация технологических процессов,Контроль исправности оборудования,Знание устройства производственного оборудования,Знание технологических процессов,Обеспечение техники безопасности,Промышленная безопасность,Охрана труда,охрана окружающей среды",2026-01-27T16:41:27+0300,https://hh.ru/vacancy/129929640,экология промышленная
129531277,"Специалист отдела охраны труда, пожарной, экологической и промышленной безопасности",43000,,RUR,noExperience,fullDay,full,Саранск,Технопарк - Мордовия,"Инженер по охране труда и технике безопасности, инженер-эколог","Навыки составления отчетности,Экологическая безопасность,Пожарная безопасность,Охрана труда и техника безопасности",2026-01-26T09:32:10+0300,https://hh.ru/vacancy/129531277,экология промышленная
126109061,"Руководитель отдела охраны труда, пожарной безопасности и экологии",,,,moreThan6,fullDay,full,Череповец,ЗАВОД НАРТИС,"Инженер по охране труда и технике безопасности, инженер-эколог",,2026-01-22T17:37:23+0300,https://hh.ru/vacancy/126109061,экология промышленная
128072313,Начальник санитарно-промышленной лаборатории/Лаборант,55000,,RUR,between1And3,fullDay,full,Барнаул,АПЗ Ротор,"Инженер по охране труда и технике безопасности, инженер-эколог","Точность и внимательность к деталям,Умение работать в коллективе,Организаторские навыки,Взаимодействие с контрольными органами,Работа с большим объемом информации,Ответственность,Исполнительность,Знание экологического законодательства,Производственный экологический контроль",2026-01-21T10:19:32+0300,https://hh.ru/vacancy/128072313,экология промышленная
129907244,Главный специалист по промышленной безопасности на предприятиях (горно-обогатительного комплекса),,,,between3And6,fullDay,full,Екатеринбург,Русская медная компания,"Инженер по охране труда и технике безопасности, инженер-эколог","Промышленная безопасность,Навыки составления отчетности,Взаимодействие с органами государственного контроля,Организация безопасной эксплуатации оборудования,Разработка программ по предотвращению производственного травматизма,Деловая переписка",2026-01-27T10:31:56+0300,https://hh.ru/vacancy/129907244,экология промышленная
129586200,Водитель-экспедитор,120000,150000,RUR,noExperience,fullDay,full,Комсомольск-на-Амуре,Промышленная экология,Водитель,"Приемка груза,Умение работать в коллективе,Точность и внимательность к деталям",2026-02-03T11:07:27+0300,https://hh.ru/vacancy/129586200,экология промышленная
129789138,Инженер по охране окружающей среды,,,,between1And3,fullDay,full,Санкт-Петербург,ГЕРОФАРМ,"Инженер по охране труда и технике безопасности, инженер-эколог",,2026-01-23T10:53:20+0300,https://hh.ru/vacancy/129789138,экология промышленная
129599092,Специалист по охране труда и технике безопасности,70000,70000,RUR,between3And6,fullDay,full,Самара,Экология,"Инженер по охране труда и технике безопасности, инженер-эколог","Охрана труда и техника безопасности,Пожарная безопасность,Организаторские навыки,Вводный инструктаж по охране труда и технике безопасности,Охрана труда,Ответственность,Работоспособность,Обеспечение техники безопасности,Проведение инструктажей",2026-02-04T13:14:47+0300,https://hh.ru/vacancy/129599092,экология промышленная
129710027,Инспектор по промышленности и пожарной безопасности,70000,70000,RUR,between3And6,fullDay,full,Инза,Филиал областного государственного казенного учреждения Кадровый центр Ульяновской области в Инзенском районе,Специалист по информационной безопасности,,2026-01-21T13:50:20+0300,https://hh.ru/vacancy/129710027,экология промышленная
129763992,Специалист по охране труда и промышленной безопасности,200000,220000,RUR,between3And6,flyInFlyOut,full,Тюмень,СТК,"Инженер по охране труда и технике безопасности, инженер-эколог","Охрана труда и техника безопасности,Обеспечение техники безопасности",2026-01-22T15:28:55+0300,https://hh.ru/vacancy/129763992,экология промышленная
129763993,Специалист по охране труда и промышленной безопасности,200000,220000,RUR,between3And6,flyInFlyOut,full,Омск,СТК,"Инженер по охране труда и технике безопасности, инженер-эколог","Охрана труда и техника безопасности,Обеспечение техники безопасности",2026-01-22T15:28:55+0300,https://hh.ru/vacancy/129763993,экология промышленная
129763994,Специалист по охране труда и промышленной безопасности,200000,220000,RUR,between3And6,flyInFlyOut,full,Уфа,СТК,"Инженер по охране труда и технике безопасности, инженер-эколог","Охрана труда и техника безопасности,Обеспечение техники безопасности",2026-01-22T15:28:55+0300,https://hh.ru/vacancy/129763994,экология промышленная
129365933,"Техник-технолог (3D печать, аддитивные технологии), Сахалин",118000,140000,RUR,between1And3,fullDay,full,Новосибирск,Сахалин - Остров Возможностей,Другое,"3D печать,Техническое обслуживание",2026-02-09T14:23:21+0300,https://hh.ru/vacancy/129365933,аддитивные технологии
129365934,"Техник-технолог (3D печать, аддитивные технологии), Сахалин",118000,140000,RUR,between1And3,fullDay,full,Барнаул,Сахалин - Остров Возможностей,Другое,"3D печать,Техническое обслуживание",2026-02-09T14:23:21+0300,https://hh.ru/vacancy/129365934,аддитивные технологии
129365935,"Техник-технолог (3D печать, аддитивные технологии), Сахалин",118000,140000,RUR,between1And3,fullDay,full,Омск,Сахалин - Остров Возможностей,Другое,"3D печать,Техническое обслуживание",2026-02-09T14:23:21+0300,https://hh.ru/vacancy/129365935,аддитивные технологии
130261316,Технолог,110000,130000,RUR,between1And3,fullDay,full,Санкт-Петербург,Зм Инжиниринг,Технолог,"Unigraphics NX,SolidWorks,Технологии металлургии,Проектно-конструкторская деятельность",2026-02-08T17:24:20+0300,https://hh.ru/vacancy/130261316,аддитивные технологии
129330837,Техник-технолог,,,,noExperience,fullDay,full,Москва,ИТК Эндопринт,Технолог,Бережная эксплуатация оборудования и инструментов,2026-02-09T08:22:15+0300,https://hh.ru/vacancy/129330837,аддитивные технологии
127255339,Менеджер по продаже промышленного аддитивного оборудования,100000,350000,RUR,between1And3,fullDay,full,Москва,Зэт Аксис,"Менеджер по продажам, менеджер по работе с клиентами","Активные продажи,Заключение договоров,Деловая переписка,Телефонные переговоры,Выявление потребностей,Консультирование клиентов,Консультативные продажи,Работа с CRM,Подготовка коммерческих предложений,Установление контакта,Работа на выставках,Планирование продаж",2026-02-08T16:14:58+0300,https://hh.ru/vacancy/127255339,аддитивные технологии
129911628,Менеджер по продажам 3-d станков / принтеров по металлу (аддитивные технологии),250000,,RUR,between1And3,fullDay,full,Москва,Астрон,"Менеджер по продажам, менеджер по работе с клиентами",,2026-02-08T11:32:52+0300,https://hh.ru/vacancy/129911628,аддитивные технологии
128186880,Мастер участка аддитивных технологий (3D печати),,,,between1And3,fullDay,full,Санкт-Петербург,Таурус-Суппорт,"Инженер-конструктор, инженер-проектировщик",,2026-02-06T17:17:03+0300,https://hh.ru/vacancy/128186880,аддитивные технологии
130153531,Специалист в лабораторию «Аддитивные технологии»,90000,,RUR,between1And3,fullDay,full,Калуга,Калужский филиал ФГБОУ ДПО Институт развития профессионального образования,Другое,,2026-02-04T09:56:35+0300,https://hh.ru/vacancy/130153531,аддитивные технологии
130168147,"Менеджер по продажам / развитию бизнеса (3D-печать, аддитивное производство)",100000,,RUR,between1And3,fullDay,full,Санкт-Петербург,Funberry Toys,"Менеджер по продажам, менеджер по работе с клиентами","B2B Продажи,Оптимизация воронки продаж,Поиск и привлечение клиентов,Деловая коммуникация,Заключение договоров,Интернет-маркетинг,Телефонные переговоры,Активные продажи,Консультирование клиентов,Холодные продажи,Кросс-продажи,Подготовка коммерческих предложений,Установление контакта,Выявление потребностей,Теплые продажи",2026-02-07T14:24:16+0300,https://hh.ru/vacancy/130168147,аддитивные технологии
122748156,Инженер-конструктор 2-3 категории (композитные конструкции и аддитивные технологии),,,,between1And3,fullDay,full,Москва,Акционерное общество Национальный центр вертолетостроения им. М.Л. Миля и Н.И. Камова,"Инженер-конструктор, инженер-проектировщик",,2026-02-03T10:24:14+0300,https://hh.ru/vacancy/122748156,аддитивные технологии
122748040,Инженер-конструктор 1 категории (композитные конструкции и аддитивные технологии),,,,between3And6,fullDay,full,Москва,Акционерное общество Национальный центр вертолетостроения им. М.Л. Миля и Н.И. Камова,"Инженер-конструктор, инженер-проектировщик",,2026-02-03T10:24:14+0300,https://hh.ru/vacancy/122748040,аддитивные технологии
130169878,Инженер-технолог / Специалист по 3D-технологиям,,,,between1And3,fullDay,full,Долгопрудный (Московская область),Мыловаренная Мануфактура Куафер,Технолог,,2026-02-04T15:01:36+0300,https://hh.ru/vacancy/130169878,аддитивные технологии
129366232,Менеджер по продажам B2B (аддитивные технологии),,,,between3And6,fullDay,full,Москва,RangeVision,"Менеджер по продажам, менеджер по работе с клиентами","B2B Продажи,Активные продажи,Навыки презентации,Телефонные переговоры,Подготовка коммерческих предложений,Построение воронки продаж,Консультирование клиентов",2026-01-26T11:03:08+0300,https://hh.ru/vacancy/129366232,аддитивные технологии
129468554,Преподаватель (Аддитивные технологии),130000,130000,RUR,between1And3,fullDay,full,Москва,ГБПОУ МКАГ,"Учитель, преподаватель, педагог",,2026-01-15T13:05:00+0300,https://hh.ru/vacancy/129468554,аддитивные технологии
129801625,Специалист аддитивных технологий 3D печати FDM,75000,150000,RUR,between1And3,fullDay,full,Волгоград,ПК НИТ,Другое,"3D печать,3D Max,Blender 3D,Компас 3D,Autodesk Maya",2026-01-23T14:03:10+0300,https://hh.ru/vacancy/129801625,аддитивные технологии
129737444,Оператор аддитивных установок,80000,,RUR,between1And3,fullDay,full,Санкт-Петербург,Диполь,Оператор производственной линии,,2026-01-22T08:46:36+0300,https://hh.ru/vacancy/129737444,аддитивные технологии
128692488,Оператор аддитивного оборудования,60000,,RUR,noExperience,shift,full,Новосибирск,​HR-агентство Точно,Оператор производственной линии,"Точность и внимательность к деталям,Чтение проектной документации,Контроль качества,Технологии машиностроения и приборостроения,Контроль выполнения задач",2026-01-20T11:16:43+0300,https://hh.ru/vacancy/128692488,аддитивные технологии
129374889,Автор работ по аддитивным технологиям,,90000,RUR,between1And3,remote,part,Москва,Homework,Другое,аддитивные технологии,2026-01-13T16:12:33+0300,https://hh.ru/vacancy/129374889,аддитивные технологии
129891976,Ведущий инженер-технолог,120000,170000,RUR,between3And6,fullDay,full,Санкт-Петербург,ОКБ 78,Технолог,"Разработка технической документации,Чтение чертежей,Работа с 3-D моделями,CAD,CAM,Знание систем ЧПУ",2026-01-26T19:15:27+0300,https://hh.ru/vacancy/129891976,аддитивные технологии
129622246,Специалист по тендерам и маркетингу,70000,120000,RUR,between1And3,fullDay,full,Нижний Новгород,Модуль-Т,Специалист по тендерам,"Работа с большим объемом информации,Деловая переписка,Заключение договоров,Анализ рынка,Поиск и привлечение клиентов,Участие в Тендерах",2026-02-10T05:22:43+0300,https://hh.ru/vacancy/129622246,аддитивные технологии
130216803,Оператор производственной линии,70000,,RUR,noExperience,fullDay,full,Нижний Новгород,НПП 3Д Аддитивные технологии,Оператор производственной линии,"Ответственность,Адекватность,Внимательность,Обучаемость",2026-02-05T16:07:28+0300,https://hh.ru/vacancy/130216803,аддитивные технологии
130289831,Инженер-конструктор 3D,90000,,RUR,between1And3,fullDay,full,Казань,Измерительные системы,Менеджер по работе с партнерами,,2026-02-09T15:05:44+0300,https://hh.ru/vacancy/130289831,аддитивные технологии
126731147,Главный технолог,,,,moreThan6,fullDay,full,Екатеринбург,Уральский приборостроительный завод,Технолог,,2026-01-13T10:06:54+0300,https://hh.ru/vacancy/126731147,аддитивные технологии
129323636,Инженер-конструктор 1 категории,121000,138000,RUR,between1And3,fullDay,full,Москва,Вилитек,"Инженер-конструктор, инженер-проектировщик","3D Моделирование,Английский язык,Компас-3D,Blender 3D,3D печать",2026-02-09T12:54:46+0300,https://hh.ru/vacancy/129323636,аддитивные технологии
130271304,Сервисный инженер по обслуживанию 3D-принтеров,100000,180000,RUR,between1And3,fullDay,full,Москва,3Д Вижн,"Сервисный инженер, инженер-механик","Выездное обслуживание,Техническое обслуживание,Ремонтные работы,Контроль исправности оборудования,Пуско-наладочные работы,Монтаж оборудования,Точность и внимательность к деталям",2026-02-09T09:47:29+0300,https://hh.ru/vacancy/130271304,аддитивные технологии
129537757,Сервисный инженер / Инженер по запуску и наладке,,150000,RUR,between1And3,fullDay,full,Зеленоград,ОНСИНТ,"Сервисный инженер, инженер-механик","Пуско-наладочные работы,Чтение электрических схем,Техническое обслуживание,Электрические системы и слаботочные системы,Диагностика,Монтаж оборудования,Выездное обслуживание,Техническая документация,Готовность к командировкам",2026-02-09T19:05:35+0300,https://hh.ru/vacancy/129537757,аддитивные технологии
129355612,Инженер-конструктор,100000,,RUR,between1And3,fullDay,full,Санкт-Петербург,Передовые решения СПб,"Инженер-конструктор, инженер-проектировщик","Техническая документация,Технологии металлургии,Компас-3D,ЕСКД",2026-02-09T12:32:36+0300,https://hh.ru/vacancy/129355612,аддитивные технологии
129962785,Администратор магазина 3D принтеров,85000,100000,RUR,between1And3,fullDay,full,Москва,3DiY,"Администратор магазина, администратор торгового зала","B2B Продажи,B2C продажи,1С-Битрикс,Активные продажи,Розничная торговля,Консультирование клиентов,Телефонные переговоры,Управление продажами,Развитие продаж,Прямые продажи,Деловое общение,Заключение договоров,1С: Торговля,Продажи через интернет,Клиентоориентированность",2026-02-09T14:05:15+0300,https://hh.ru/vacancy/129962785,аддитивные технологии
129727048,Промышленный дизайнер (конструктор-дизайнер),,,,between3And6,fullDay,full,Москва,МЕТИЗ ИМПЭКС,"Дизайнер, художник","Solid Works,3D Моделирование",2026-02-09T07:00:20+0300,https://hh.ru/vacancy/129727048,аддитивные технологии
129960679,Менеджер по закупкам,70000,,RUR,between1And3,fullDay,full,Екатеринбург,LIDER-3D,Менеджер по закупкам,,2026-02-09T13:15:32+0300,https://hh.ru/vacancy/129960679,аддитивные технологии
130165242,Специалист 3D-печати,90000,,RUR,between1And3,fullDay,full,Москва,Автономные Технологии,Технолог,"3D Моделирование,Составление технологических карт,3D печать",2026-02-04T13:24:01+0300,https://hh.ru/vacancy/130165242,аддитивные технологии
130241369,Менеджер по продаже 3D оборудования,150000,,RUR,between1And3,fullDay,full,Москва,Jetcom,"Менеджер по продажам, менеджер по работе с клиентами","Активные продажи,Телефонные переговоры,Ведение клиентской базы,Проведение переговоров,Заключение договоров,Развитие продаж,Холодные продажи,Деловая коммуникация,Продажа дополнительных услуг и оборудования,Навыки работы с возражениями,Работа с существующей базой клиентов,Подготовка коммерческих предложений,Деловая переписка,Навыки переговоров,B2B Продажи,Деловое общение,Ориентация на клиента,Навыки продаж",2026-02-09T13:33:46+0300,https://hh.ru/vacancy/130241369,аддитивные технологии
129978052,Начальник склада,140000,,RUR,between3And6,fullDay,full,Подольск (Московская область),LIDER-3D,Начальник склада,"Управление складом,Складской Учет,Знание 1С,Учет ТМЦ,Адресное хранение,Точность,Складская логистика,Работа в команде,Коммуникабельность, ответственность",2026-02-09T13:15:44+0300,https://hh.ru/vacancy/129978052,аддитивные технологии
130110462,Технический директор,,,,between3And6,fullDay,full,Пермь,Роботех,Технический директор (CTO),"Лидерские качества,Управление инновациями,Управление проектами,Техническая экспертиза,Стратегическое мышление,Умение вести команду,Креативность,Деловые коммуникации",2026-02-09T08:14:41+0300,https://hh.ru/vacancy/130110462,аддитивные технологии
129955257,Юрисконсульт,,150000,RUR,between3And6,fullDay,full,Москва,Опытный завод Авиаль,Юрисконсульт,"Договорная работа,Юридическая грамотность,Претензионная работа,Учредительные документы,Проверка контрагентов,Стрессоустойчивость,Юридическое сопровождение,Составление юридических документов,Составление договоров,Консультирование по правовым вопросам",2026-02-09T12:05:12+0300,https://hh.ru/vacancy/129955257,аддитивные технологии
129298221,Инженер-конструктор (центробежные насосы),,,,between1And3,fullDay,full,Москва,НПО ВГТО,"Инженер-конструктор, инженер-проектировщик","Разработка проектной документации,Техническая документация,разработка чертежей,Solid Works,Проектирование,Проведение расчетов на прочность",2026-02-08T14:00:06+0300,https://hh.ru/vacancy/129298221,аддитивные технологии
129312860,Инженер-конструктор (3D моделирование БПЛА),,,,between1And3,fullDay,full,Москва,Пиксельпро,"Инженер-конструктор, инженер-проектировщик","Разработка проектной документации,Деловая переписка,SolidWorks,Компас-3D,Autodesk 3ds Max,Умение работать в коллективе,Точность и внимательность к деталям,Работа с оргтехникой",2026-02-08T16:27:54+0300,https://hh.ru/vacancy/129312860,аддитивные технологии
130023158,"Ведущий специалист отдела 3D-печати (FDM, SLA, DLP)",,,,between1And3,fullDay,full,Москва,Сайберком,"Начальник смены, мастер участка","Разработка технических заданий,Организаторские навыки,Точность и внимательность к деталям,Разработка проектной документации,3D Моделирование,CAD",2026-02-07T22:45:43+0300,https://hh.ru/vacancy/130023158,аддитивные технологии
129865079,Менеджер по продажам,50000,150000,RUR,noExperience,fullDay,full,Нижний Новгород,НПП 3Д Аддитивные технологии,"Менеджер по продажам, менеджер по работе с клиентами","Активные продажи,Поиск и привлечение клиентов,Планирование продаж,Развитие продаж,Аналитика маркетплейсов,Инструменты маркетплейсов,Заключение договоров,Работа на выставках,Консультирование клиентов,Делегирование,Прогнозирование продаж,Теплые продажи,Основы маркетинга,Подготовка коммерческих предложений",2026-01-26T11:47:56+0300,https://hh.ru/vacancy/129865079,аддитивные технологии
129909670,Инженер конструктор,170000,,RUR,between3And6,fullDay,full,Москва,Пауэр Синтез,"Инженер-конструктор, инженер-проектировщик","Чтение чертежей,CAD,Чтение проектной документации,3D Моделирование",2026-02-08T11:05:48+0300,https://hh.ru/vacancy/129909670,аддитивные технологии
130169456,Оператор 3D печати,120000,130000,RUR,between1And3,shift,full,Москва,Ирбис Скай Тех,Разнорабочий,"3D,Точность и внимательность к деталям,SolidWorks,Массовое производство,3D Моделирование",2026-02-07T14:52:37+0300,https://hh.ru/vacancy/130169456,аддитивные технологии
129957501,Инженер-конструктор,,130000,RUR,between1And3,fullDay,full,Москва,Автономные Технологии,"Инженер-конструктор, инженер-проектировщик","Компас-3D,Разработка технических заданий",2026-01-28T12:41:03+0300,https://hh.ru/vacancy/129957501,аддитивные технологии
129571636,Менеджер сервисного отдела,70000,100000,RUR,between1And3,fullDay,full,Москва,LIDER-3D,"Сервисный инженер, инженер-механик",,2026-02-06T17:32:32+0300,https://hh.ru/vacancy/129571636,аддитивные технологии
129165039,Ведущий инженер / 3D моделлер,,,,between3And6,fullDay,full,Москва,АРХИТЕКЦИЯ,"Дизайнер, художник","Autodesk AutoCad,Blender 3D,3D Max,CAD,SolidWorks,Inventor",2026-02-07T14:35:14+0300,https://hh.ru/vacancy/129165039,аддитивные технологии
129663404,Лаборант в лабораторию механических испытаний,70000,,RUR,noExperience,fullDay,full,Протвино (Московская область),Опытный завод Авиаль,Лаборант,"Навыки работы с первичной документацией,Контроль качества,Технический контроль производства,оформление документации,Производственный контроль,Навыки составления отчетности,Обучение и развитие,Техническая документация",2026-02-07T15:32:04+0300,https://hh.ru/vacancy/129663404,аддитивные технологии
130207136,Специалист по 3d печати,70000,,RUR,between1And3,fullDay,full,Москва,TEMPORUM,"Дизайнер, художник","Умение работать в команде,Расчеты с покупателями,3D Моделирование,3D-печать",2026-02-05T14:03:15+0300,https://hh.ru/vacancy/130207136,аддитивные технологии
130125716,Координатор Центра продвижения продукции,80000,,RUR,between1And3,remote,full,Казань,Статус-К,Менеджер по работе с партнерами,,2026-02-03T12:41:27+0300,https://hh.ru/vacancy/130125716,аддитивные технологии
129546641,"Менеджер по продажам (3D-принтеры, B2B/B2C, входящие заявки)",120000,200000,RUR,between1And3,shift,full,Москва,ЦЕНТР ХК,"Менеджер по продажам, менеджер по работе с клиентами","Активные продажи,Поиск и привлечение клиентов,B2B Продажи,Холодные продажи,Телефонные переговоры,Стратегия продаж,Разработка скриптов продаж,Построение воронки продаж,Подготовка коммерческих предложений",2026-02-07T15:53:20+0300,https://hh.ru/vacancy/129546641,аддитивные технологии
130239851,Python-разработчик,,,,between1And3,fullDay,full,Пермь,Иннфокус,"Программист, разработчик","Python,PyQt,CAD,3D геометрия",2026-02-06T13:02:06+0300,https://hh.ru/vacancy/130239851,аддитивные технологии
128306499,Менеджер по персоналу,80000,,RUR,between1And3,fullDay,full,Москва,LIDER-3D,Менеджер по персоналу,"Подбор персонала,Адаптация персонала,Мотивация персонала,Тестирование профессиональных компетенций,MS Office,Внимательность,Коммуникабельность",2026-02-06T17:40:22+0300,https://hh.ru/vacancy/128306499,аддитивные технологии
129277805,Менеджер по продажам 3D оборудования,100000,300000,RUR,between1And3,fullDay,full,Москва,3Д Вижн,"Менеджер по продажам, менеджер по работе с клиентами","работа с текущей базой клиентов,Ведение переговоров,Ведение переписки,Телефонные переговоры,Грамотная речь,Консультирование,Пользователь ПК,CRM,MS Excel,MS Office,Стрессоустойчивость,B2B Продажи,B2C продажи,аддитивные технологии,B2G продажи,Сопровождение клиентов,Документальное сопровождение,Подготовка коммерческих предложений,Работа в команде",2026-02-02T09:25:17+0300,https://hh.ru/vacancy/129277805,аддитивные технологии
130126214,Заместитель руководителя Центра продвижения продукции,100000,,RUR,between1And3,remote,full,Казань,Статус-К,Другое,,2026-02-03T12:50:25+0300,https://hh.ru/vacancy/130126214,аддитивные технологии
129604799,Главный конструктор (промышленное предприятие),,,,moreThan6,fullDay,full,Москва,"Объединенная двигателестроительная корпорация, управляющая компания","Инженер-конструктор, инженер-проектировщик","Организаторские навыки,разработка чертежей,Компас-3D,Умение принимать решения,ЕСКД,Технологии машиностроения и приборостроения,Контроль сотрудников,SolidWorks,Руководство коллективом,Машиностроение,Разработка технических заданий,САПР,3D-графика",2026-02-02T08:21:02+0300,https://hh.ru/vacancy/129604799,аддитивные технологии
130142658,Инженер-конструктор / Senior Mechanical Engineer,,,,between3And6,remote,full,Москва,Flipper Devices,"Инженер-конструктор, инженер-проектировщик","Siemens NX,CAD,PDM,BOM,Siemens Teamcenter",2026-02-03T18:44:15+0300,https://hh.ru/vacancy/130142658,аддитивные технологии
125068237,Ведущий инженер-конструктор,170000,200000,RUR,between3And6,fullDay,full,Челябинск,РК ФК,"Инженер-конструктор, инженер-проектировщик","SolidWorks,Техническая документация,ЕСКД,Разработка проектной документации,Авторский надзор,Чтение чертежей",2026-02-03T12:05:30+0300,https://hh.ru/vacancy/125068237,аддитивные технологии
130134356,Инженер-конструктор,140000,,RUR,between1And3,fullDay,full,Москва,Научно-Производственное Объединение Интеллектуальные Технические Системы,"Инженер-конструктор, инженер-проектировщик",,2026-02-03T15:13:04+0300,https://hh.ru/vacancy/130134356,аддитивные технологии
130096773,Сборщик на производство,35000,,RUR,noExperience,fullDay,full,Тольятти,ПРОТОТИП,Разнорабочий,"Точность и внимательность к деталям,Умение работать в коллективе,Контроль качества",2026-02-02T15:34:48+0300,https://hh.ru/vacancy/130096773,аддитивные технологии
130122272,Ассистент менеджера по продукту,,,,between1And3,fullDay,full,Москва,СИЭСДИ,Менеджер продукта,"Аналитическое мышление,Английский язык,Деловая коммуникация",2026-02-03T11:41:55+0300,https://hh.ru/vacancy/130122272,аддитивные технологии
130032751,Главный специалист Лаборатории трехмерного моделирования и выпуска 3D прототипов,,,,between1And3,fullDay,full,Нижний Новгород,ЛУКОЙЛ,Другое,,2026-01-30T09:57:43+0300,https://hh.ru/vacancy/130032751,аддитивные технологии
130130435,Маркетолог,70000,,RUR,between1And3,fullDay,full,Тольятти,ПРОТОТИП,"Менеджер по маркетингу, интернет-маркетолог","Планирование маркетинговых кампаний,Разработка маркетинговой стратегии,Стратегический маркетинг,Социальные сети,Наполнение контентом,Анализ бизнес показателей",2026-02-03T14:04:32+0300,https://hh.ru/vacancy/130130435,аддитивные технологии
123846920,Инженер (полимерные материалы),90000,150000,RUR,between1And3,fullDay,full,Москва,ФГУП НИЦ Курчатовский институт - ВИАМ,Другое,,2026-01-30T16:52:23+0300,https://hh.ru/vacancy/123846920,аддитивные технологии
128633859,Инженер-конструктор,85000,95000,RUR,between1And3,fullDay,full,Санкт-Петербург,Матрикс,"Инженер-конструктор, инженер-проектировщик",,2026-02-02T17:44:45+0300,https://hh.ru/vacancy/128633859,аддитивные технологии
130143207,Конструктор/инженер-конструктор/инженер-механик,80000,120000,RUR,between3And6,fullDay,full,Калининград,АВТОТОР Холдинг,"Инженер-конструктор, инженер-проектировщик","Компас-3D,Разработка технических заданий,Проектно-конструкторская деятельность,Технологии машиностроения и приборостроения,AutoCAD,Владение САПР,T-FLEX CAD,Сборочный чертеж,Технологии электронной промышленности,Знание устройства двигателей внутреннего сгорания",2026-02-03T19:16:14+0300,https://hh.ru/vacancy/130143207,аддитивные технологии
130088995,Менеджер проектов,110000,,RUR,between1And3,fullDay,full,Екатеринбург,Меньшиков HR,Менеджер по работе с партнерами,,2026-02-02T13:28:32+0300,https://hh.ru/vacancy/130088995,аддитивные технологии
124380718,Инженер (термопластичные композиты),90000,150000,RUR,between1And3,fullDay,full,Москва,ФГУП НИЦ Курчатовский институт - ВИАМ,Другое,,2026-01-30T16:52:23+0300,https://hh.ru/vacancy/124380718,аддитивные технологии
129975368,Бухгалтер,120000,120000,RUR,between3And6,fullDay,full,Москва,АЙ 3Д,Бухгалтер,"1С: Предприятие 8,Налоговый кодекс РФ,Первичная документация,Первичная бухгалтерская документация,Отчет о движении денежных средств,Учет ТМЦ,Списание ТМЦ,Расчет заработной платы,Расчеты с поставщиками и подрядчиками",2026-01-28T18:04:33+0300,https://hh.ru/vacancy/129975368,аддитивные технологии
130044133,Инженер-исследователь,80000,,RUR,between1And3,fullDay,full,Пермь,Керамет Порошковая Металлургия-Насосное Производство,"Инженер-конструктор, инженер-проектировщик","Компас-3D,3D Моделирование,Adobe Photoshop,Компас",2026-01-30T13:34:58+0300,https://hh.ru/vacancy/130044133,аддитивные технологии
129756966,Инженер-конструктор,,150000,RUR,between1And3,fullDay,full,пгт имени Свердлова,Ритейл Навигатор,"Инженер-конструктор, инженер-проектировщик",,2026-01-22T13:34:45+0300,https://hh.ru/vacancy/129756966,аддитивные технологии
129728089,Оператор 3D принтера,40000,60000,RUR,noExperience,fullDay,full,Волгоград,Черные Пчелы,Оператор станков с ЧПУ,"Ремонтные работы,Техническое обслуживание,Обучение и развитие,Техническая документация,3D печать,Техническое обслуживание оборудования,Ремонт принтеров,Настройка принтеров",2026-01-21T19:35:59+0300,https://hh.ru/vacancy/129728089,аддитивные технологии
129173936,Кладовщик,90000,,RUR,between1And3,shift,full,Подольск (Московская область),LIDER-3D,Кладовщик,,2026-01-30T17:29:48+0300,https://hh.ru/vacancy/129173936,аддитивные технологии
130020768,Менеджер по закупкам,121500,121500,RUR,between1And3,fullDay,full,Москва,Моторика,Менеджер по закупкам,,2026-01-29T18:25:25+0300,https://hh.ru/vacancy/130020768,аддитивные технологии
129739860,"Конструктор (в офис, Таганрог)",,,,between1And3,fullDay,full,Таганрог,НКБ ВС,"Инженер-конструктор, инженер-проектировщик",,2026-01-22T09:28:17+0300,https://hh.ru/vacancy/129739860,аддитивные технологии
129173935,Менеджер по продажам расходных материалов,70000,150000,RUR,between1And3,fullDay,full,Москва,LIDER-3D,"Менеджер по продажам, менеджер по работе с клиентами","Теплые продажи,Телефонные переговоры,Консультирование клиентов,Работа с CRM,1С: УНФ",2026-01-30T17:29:53+0300,https://hh.ru/vacancy/129173935,аддитивные технологии
129772271,Слесарь,90000,120000,RUR,between3And6,fullDay,full,Санкт-Петербург,Протокон,"Слесарь, сантехник","Слесарные работы,Техническое обслуживание,Ответственность,Исполнительность,Обучаемость",2026-01-22T18:28:22+0300,https://hh.ru/vacancy/129772271,аддитивные технологии
126343452,Инженер-конструктор,127500,,RUR,between1And3,fullDay,full,Набережные Челны,"Алабуга, ОЭЗ ППТ","Инженер-конструктор, инженер-проектировщик","Разработка технической документации,ЕСКД,Технологии металлургии,Работа с чертежами",2026-01-15T13:36:04+0300,https://hh.ru/vacancy/126343452,аддитивные технологии
129713562,Преподаватель по машиностроению,,,,between1And3,fullDay,full,Москва,Правительство Москвы,"Учитель, преподаватель, педагог",,2026-01-21T14:30:40+0300,https://hh.ru/vacancy/129713562,аддитивные технологии
129927555,"Руководитель отдела продаж (РОП) в международную производственную компанию (B2B, HoReCa)",,,,between3And6,fullDay,full,Йошкар-Ола,Бойков Дмитрий Сергеевич,Коммерческий директор (CCO),"Управление командой,Развитие продаж,Стратегическое мышление,Организаторские навыки,Деловая коммуникация,Аналитическое мышление,Обучение персонала",2026-01-27T16:03:17+0300,https://hh.ru/vacancy/129927555,аддитивные технологии
129942378,Методист образовательных программ,,,,between1And3,fullDay,project,Москва,СИЭСДИ,Методист,"Организация учебного процесса,Обучение и развитие,Деловая коммуникация",2026-01-28T08:37:22+0300,https://hh.ru/vacancy/129942378,аддитивные технологии
129694572,Менеджер по продажам оборудования,,,,between1And3,remote,full,Екатеринбург,Alta Personnel,"Менеджер по продажам, менеджер по работе с клиентами",,2026-01-21T10:29:31+0300,https://hh.ru/vacancy/129694572,аддитивные технологии
129694573,Менеджер по продажам оборудования,,,,between1And3,remote,full,Казань,Alta Personnel,"Менеджер по продажам, менеджер по работе с клиентами",,2026-01-21T10:29:31+0300,https://hh.ru/vacancy/129694573,аддитивные технологии
126486821,Оператор производственной линии,127500,,RUR,between1And3,fullDay,full,Уфа,"Алабуга, ОЭЗ ППТ",Оператор производственной линии,"Производственный контроль,Работа на производстве,Контроль исправности оборудования",2026-01-15T13:36:05+0300,https://hh.ru/vacancy/126486821,аддитивные технологии
129572013,Начальник производства,,,,between3And6,fullDay,full,Казань,UD Group,Начальник производства,,2026-01-19T09:25:44+0300,https://hh.ru/vacancy/129572013,аддитивные технологии
126343453,Инженер-конструктор,127500,,RUR,between1And3,fullDay,full,Казань,"Алабуга, ОЭЗ ППТ","Инженер-конструктор, инженер-проектировщик","Разработка технической документации,ЕСКД,Технологии металлургии,Работа с чертежами",2026-01-15T13:36:04+0300,https://hh.ru/vacancy/126343453,аддитивные технологии
129278072,Менеджер по продажам промышленного оборудования,114950,,RUR,between1And3,fullDay,full,Санкт-Петербург,3Д Вижн,"Менеджер по продажам, менеджер по работе с клиентами","B2B Продажи,Построение воронки продаж,Активные продажи,Анализ конкурентной среды,Деловая переписка",2026-01-12T10:59:30+0300,https://hh.ru/vacancy/129278072,аддитивные технологии
129632009,Укладчик-упаковщик,45000,55000,RUR,noExperience,shift,full,Воронеж,УНИПАК,"Упаковщик, комплектовщик","Точность и внимательность к деталям,Умение работать в коллективе",2026-01-20T09:29:05+0300,https://hh.ru/vacancy/129632009,аддитивные технологии
129757803,Инженер по автоматизации и системам управления (АСУ ТП / ПЛК Овен),,150000,RUR,between1And3,fullDay,full,пгт имени Свердлова,Ритейл Навигатор,Инженер ПНР,,2026-01-22T13:49:12+0300,https://hh.ru/vacancy/129757803,аддитивные технологии
129718919,Помощник литейщика / Литейщик полиуретанов,35000,,RUR,noExperience,fullDay,full,Тольятти,ПРОТОТИП,Другое,,2026-01-21T15:41:44+0300,https://hh.ru/vacancy/129718919,аддитивные технологии
127384865,Оператор производственной линии,127500,,RUR,between1And3,fullDay,full,Пермь,"Алабуга, ОЭЗ ППТ",Оператор производственной линии,"Точность и внимательность к деталям,Производственный контроль,Техническое обслуживание",2026-01-15T13:36:06+0300,https://hh.ru/vacancy/127384865,аддитивные технологии
127384864,Оператор производственной линии,127500,,RUR,between1And3,fullDay,full,Омск,"Алабуга, ОЭЗ ППТ",Оператор производственной линии,"Точность и внимательность к деталям,Производственный контроль,Техническое обслуживание",2026-01-15T13:36:05+0300,https://hh.ru/vacancy/127384864,аддитивные технологии
127384866,Оператор производственной линии,127500,,RUR,between1And3,fullDay,full,Воронеж,"Алабуга, ОЭЗ ППТ",Оператор производственной линии,"Точность и внимательность к деталям,Производственный контроль,Техническое обслуживание",2026-01-15T13:36:05+0300,https://hh.ru/vacancy/127384866,аддитивные технологии
126569542,Оператор производственной линии,127500,,RUR,between1And3,fullDay,full,Набережные Челны,"Алабуга, ОЭЗ ППТ",Оператор производственной линии,"Производственный контроль,Ответственное хранение,Документальное сопровождение,Работа на производстве",2026-01-15T13:36:04+0300,https://hh.ru/vacancy/126569542,аддитивные технологии
129565417,Специалист по 3D печати,100000,,RUR,between3And6,fullDay,full,Москва,Ваша Кадровая Служба,Другое,"3D печать,Внимательность,SLA",2026-01-19T08:03:49+0300,https://hh.ru/vacancy/129565417,аддитивные технологии
129473643,Инженер-конструктор,,,,between3And6,fullDay,full,Санкт-Петербург,Санкт-Петербургский политехнический университет Петра Великого (ФГАОУ ВО СПбПУ),"Инженер-конструктор, инженер-проектировщик","SolidWorks,ЕСКД,Чтение чертежей,Разработка технической документации",2026-01-23T12:02:57+0300,https://hh.ru/vacancy/129473643,аддитивные технологии
127205037,Инженер на 3D принтеры,,,,between1And3,fullDay,full,Ижевск,ИРЗ,"Инженер-энергетик, инженер-электрик",,2026-01-19T07:06:34+0300,https://hh.ru/vacancy/127205037,аддитивные технологии
129765533,Инженер (реверсивный инжиниринг),60000,,RUR,noExperience,fullDay,full,Брянск,Беверидж,Другое,"Компас-3D,Техническая документация,Чтение чертежей,3D Моделирование,Проектирование,Пуско-наладочные работы,CAD,Разработка проектной документации,ГОСТ,Инжиниринг",2026-01-22T15:58:10+0300,https://hh.ru/vacancy/129765533,аддитивные технологии
125942190,Менеджер по продажам (В2В),150000,,RUR,between3And6,fullDay,full,Москва,"Объединенная двигателестроительная корпорация, управляющая компания","Менеджер по продажам, менеджер по работе с клиентами",,2026-01-12T15:14:26+0300,https://hh.ru/vacancy/125942190,аддитивные технологии
129740200,Ведущий инженер-конструктор (ГТУ),,,,between3And6,fullDay,full,Казань,AMCOR,"Инженер-конструктор, инженер-проектировщик","ЕСКД,ГТУ,Проектно-конструкторская деятельность,AutoCAD,NX,Газовые Турбины,Аналитический склад ума,Разработка технической документации,ЕСТД,Энергетика,CATIA,Технологии машиностроения и приборостроения,Чтение чертежей,Компас-3D,SolidWorks,Наставничество",2026-01-22T09:33:48+0300,https://hh.ru/vacancy/129740200,аддитивные технологии
111273106,Инженер-исследователь (аэрозольный принтер),100000,150000,RUR,between1And3,fullDay,full,Москва,МФТИ,"Научный специалист, исследователь","Научные исследования,Проведение экспериментов,Написание научных статей",2026-01-19T14:20:01+0300,https://hh.ru/vacancy/111273106,аддитивные технологии
129405004,Старший менеджер по продажам (фармацевтическое оборудование),110000,180000,RUR,between1And3,remote,full,Екатеринбург,Вилитек,"Менеджер по продажам, менеджер по работе с клиентами","Подготовка коммерческих предложений,Заключение договоров,Планирование продаж,Анализ конкурентной среды,Оптимизация воронки продаж",2026-01-14T10:47:51+0300,https://hh.ru/vacancy/129405004,аддитивные технологии
129525779,Инженер-конструктор,105000,,RUR,between1And3,fullDay,full,Челябинск,Урал 3Д,"Инженер-конструктор, инженер-проектировщик","Компас-3D,Чтение чертежей,Техническая документация,SolidWorks,ЕСКД,Разработка технической документации,ЕСТД,Технологии машиностроения и приборостроения,Сборочный чертеж",2026-01-16T15:09:13+0300,https://hh.ru/vacancy/129525779,аддитивные технологии
129404456,Ассистент менеджера по продажам,56000,65000,RUR,between1And3,remote,full,Краснодар,Вилитек,Офис-менеджер,"1С: Предприятие 8,Анализ рынка,Подготовка коммерческих предложений,Управление отношениями с клиентами,Исследования рынка",2026-01-14T10:41:49+0300,https://hh.ru/vacancy/129404456,аддитивные технологии
129693695,Системный администратор,200000,,RUR,moreThan6,fullDay,full,Москва,"Объединенная двигателестроительная корпорация, управляющая компания",Системный администратор,"Администрирование серверов,Администрирование серверов Windows,TeamViewer,Разработка пользовательской документации,MS Exchange,PowerShell,TCP/IP,VPN,Администрирование серверов Linux",2026-01-21T10:17:13+0300,https://hh.ru/vacancy/129693695,аддитивные технологии
129785508,Водитель с личным грузовым автомобилем,,,,between3And6,flexible,part,Екатеринбург,LIDER-3D,Водитель,"Автомобильные грузоперевозки,Контроль отгрузок,Ответственность",2026-01-23T09:55:52+0300,https://hh.ru/vacancy/129785508,аддитивные технологии
129599504,Специалист 3D печати/Оператор 3D печати/Оператор 3D принтера,50000,70000,RUR,between1And3,fullDay,full,Москва,ИТВМ 3D,Другое,"3D Моделирование,Контроль качества,3D печать,Работа в условиях многозадачности,Ответственность,Планирование и организация",2026-01-19T14:10:32+0300,https://hh.ru/vacancy/129599504,аддитивные технологии
129572422,Инженер 3D-печати,70000,120000,RUR,between1And3,fullDay,full,Москва,LIDER-3D,"Инженер-конструктор, инженер-проектировщик",,2026-01-19T09:28:49+0300,https://hh.ru/vacancy/129572422,аддитивные технологии
129336240,Специалист по сборке оборудования (3D-принтеров),50000,,RUR,noExperience,fullDay,full,Пермь,Ф2 Инновации,Механик,"Схемотехника электронного оборудования,Чтение электрических схем,CAD/CAM системы,Технологии машиностроения и приборостроения,Электротехнические работы,3D принтеры",2026-01-13T09:34:57+0300,https://hh.ru/vacancy/129336240,аддитивные технологии
129668829,Ведущий инженер-конструктор СВЧ,,,,between3And6,fullDay,full,Москва,ИНТСИС,"Инженер-конструктор, инженер-проектировщик",,2026-01-20T16:41:46+0300,https://hh.ru/vacancy/129668829,аддитивные технологии
129791515,Секретарь департамента,,,,between3And6,fullDay,full,Пермь,Иннфокус,"Секретарь, помощник руководителя, ассистент","Работа с большим объемом информации,Обеспечение жизнедеятельности офиса,Организация встреч,Организация деловых поездок,Административная поддержка руководителя,Прием и распределение звонков,Входящая корреспонденция,Прием посетителей,Работа с оргтехникой,Поиск информации в интернет,Протоколирование",2026-01-23T11:27:56+0300,https://hh.ru/vacancy/129791515,аддитивные технологии
129531547,Технический директор / Главный конструктор,,,,between3And6,fullDay,full,Санкт-Петербург,Велесарт,Технический директор (CTO),"3D печать,Управление производственным персоналом,Контроль качества,Технический контроль производства,Оперативное планирование,Управление процессами,Solid Works,Проектно-конструкторская деятельность",2026-01-16T16:44:39+0300,https://hh.ru/vacancy/129531547,аддитивные технологии
129706842,Инженер-конструктор нестандартного оборудования,190000,240000,RUR,between3And6,fullDay,full,Санкт-Петербург,ОКБ 78,"Инженер-конструктор, инженер-проектировщик","CAD,Разработка конструкторской документации,Творческое мышление,проектирование оборудования,нестандартное оборудование,Креативность,3D Моделирование,расчеты,Creo Elements/Pro",2026-01-21T13:04:41+0300,https://hh.ru/vacancy/129706842,аддитивные технологии
129528373,Инженер-конструктор,,,,between1And3,fullDay,full,Москва,Трекмарк,"Инженер-конструктор, инженер-проектировщик","Компас-3D,Compass 3D,АСУ ТП,КИПиА,Знание ЕСКД,Компас",2026-01-16T15:53:08+0300,https://hh.ru/vacancy/129528373,аддитивные технологии
129595630,Старший/ведущий химик-разработчик УФ отверждаемых материалов,,,,between1And3,fullDay,full,Москва,HARZ Labs,"Научный специалист, исследователь","Разработка химических материалов,Контроль качества продукции,Контроль качества готовой продукции",2026-01-19T13:22:36+0300,https://hh.ru/vacancy/129595630,аддитивные технологии
129251467,3D-художник [Blender \ Z-Brush] на производство,30000,100000,RUR,between1And3,fullDay,full,Сергиев Посад (Московская область),Инновационные 3д Решения,"Дизайнер, художник","Blender 3D,ZBrush",2026-01-11T20:17:56+0300,https://hh.ru/vacancy/129251467,аддитивные технологии
129251303,Специалист отдела продаж,30000,180000,RUR,noExperience,fullDay,full,Сергиев Посад (Московская область),Инновационные 3д Решения,"Менеджер по продажам, менеджер по работе с клиентами","B2B Продажи,B2C продажи,Активные продажи,Холодные продажи,Подготовка коммерческих предложений",2026-01-11T19:39:35+0300,https://hh.ru/vacancy/129251303,аддитивные технологии
129278828,Заместитель руководителя технической поддержки по 3D-печати,90000,,RUR,between3And6,fullDay,full,Мытищи (Московская область),HARZ Labs,Специалист технической поддержки,"Техническая поддержка,3D-печать,3D печать,Настройка принтеров,Техническая поддержка пользователей,Управление персоналом",2026-01-12T11:03:55+0300,https://hh.ru/vacancy/129278828,аддитивные технологии
129314620,"Бизнес-ассистент / Менеджер проектов (3D печать, механическая обработка, исследования)",,,,between1And3,remote,full,Москва,ГЛЮОН,Руководитель проектов,"Инновационный менеджмент,Управление проектами,Управление производством,B2B Продажи,Прототипирование",2026-01-12T16:51:54+0300,https://hh.ru/vacancy/129314620,аддитивные технологии
129636713,Инженер КИПиА,92000,,RUR,between1And3,fullDay,full,Брянск,Беверидж,Инженер ПНР,,2026-01-20T10:28:02+0300,https://hh.ru/vacancy/129636713,аддитивные технологии
129312003,Инженер-Конструктор (робототехника),,,,between3And6,fullDay,full,Москва,Интеллект Машин,"Инженер-конструктор, инженер-проектировщик",,2026-01-12T16:18:54+0300,https://hh.ru/vacancy/129312003,аддитивные технологии
127919868,Руководитель проектного офиса научно-производственного центра медицинских изделий,,,,between3And6,fullDay,full,Москва,НИИТФА,Руководитель проектов,,2026-01-12T10:10:45+0300,https://hh.ru/vacancy/127919868,аддитивные технологии
77402019,Инженер-конструктор,40000,43900,RUR,between3And6,fullDay,full,Иркутск,Международный Аэропорт Иркутск,"Инженер-конструктор, инженер-проектировщик","AutoCAD,3D Моделирование,Разработка проектной документации",2026-01-12T10:30:32+0300,https://hh.ru/vacancy/77402019,аддитивные технологии
129335890,Офис-менеджер,,,,between1And3,fullDay,full,Пермь,Ф2 Инновации,Офис-менеджер,"Деловая переписка,Тревел-поддержка,Взаимодействие с курьерскими службами,Прием посетителей,Обеспечение жизнедеятельности офиса",2026-01-13T09:30:47+0300,https://hh.ru/vacancy/129335890,аддитивные технологии
129365936,"Техник-технолог (3D печать, аддитивные технологии), Сахалин",118000,140000,RUR,between1And3,fullDay,full,Москва,Сахалин - Остров Возможностей,Другое,"3D печать,Техническое обслуживание",2026-02-09T14:23:21+0300,https://hh.ru/vacancy/129365936,аддитивные технологии
127384862,Оператор производственной линии,127500,,RUR,between1And3,fullDay,full,Новосибирск,"Алабуга, ОЭЗ ППТ",Оператор производственной линии,"Точность и внимательность к деталям,Производственный контроль,Техническое обслуживание",2026-01-15T13:36:04+0300,https://hh.ru/vacancy/127384862,аддитивные технологии
127384863,Оператор производственной линии,127500,,RUR,between1And3,fullDay,full,Екатеринбург,"Алабуга, ОЭЗ ППТ",Оператор производственной линии,"Точность и внимательность к деталям,Производственный контроль,Техническое обслуживание",2026-01-15T13:36:04+0300,https://hh.ru/vacancy/127384863,аддитивные технологии
129367853,DevOps,,,,between3And6,remote,full,Москва,БАЗИС,DevOps-инженер,,2026-02-09T14:52:29+0300,https://hh.ru/vacancy/129367853,DevOps
130300946,DevOps инженер,,,,noExperience,fullDay,full,Москва,СБЕР,Специалист технической поддержки,,2026-02-09T22:51:50+0300,https://hh.ru/vacancy/130300946,DevOps
129894503,DevOps-инженер (Junior),98000,,RUR,between1And3,fullDay,full,Владивосток,DNS Технологии,DevOps-инженер,"Git,Linux,Docker",2026-02-10T03:52:43+0300,https://hh.ru/vacancy/129894503,DevOps
129382668,DevOps-инженер,,,,between3And6,remote,full,Москва,Флант,DevOps-инженер,"Linux,Docker,Kubernetes,SQL,DevOps,PostgreSQL,Ansible,Bash,MySQL,Grafana,Gitlab,Git",2026-02-09T18:40:57+0300,https://hh.ru/vacancy/129382668,DevOps
129151125,DevOps Engineer,200000,,RUR,between3And6,fullDay,full,Воронеж,Премьер Софтвер Солюшенс,DevOps-инженер,,2026-02-09T18:40:48+0300,https://hh.ru/vacancy/129151125,DevOps
129771474,DevOps-инженер,180000,230000,RUR,between3And6,remote,full,Москва,IndigoSoft,DevOps-инженер,"Ansible,Git,DevOps,CI/CD,Сетевые технологии,Администрирование,Gitlab,GitLab CI,Администрирование серверов Linux,Prometheus,Ответственность,Ориентация на результат,Работа в команде,Zabbix,TeamCity,DevSecOps,Docker-compose,Grafana,Jenkins",2026-02-09T18:02:56+0300,https://hh.ru/vacancy/129771474,DevOps
125826570,DevOps Engineer,250000,,RUR,between1And3,fullDay,full,Москва,Perfect Panel,DevOps-инженер,"DevOps,Bare Metal,Clickhouse,Ansible,Docker,Debian,MySQL,PostgreSQL,highload",2026-02-09T17:39:13+0300,https://hh.ru/vacancy/125826570,DevOps
130145568,DevOps / DevSecOps системный аналитик,150000,,RUR,between1And3,fullDay,full,Москва,Comindware,Системный аналитик,"UML,BPMN,Разработка технических заданий,Управление требованиями,Системность,REST",2026-02-10T04:38:54+0300,https://hh.ru/vacancy/130145568,DevOps
123976581,DevOps-инженер,300000,,RUR,between3And6,fullDay,full,Санкт-Петербург,Горбилет,DevOps-инженер,"Docker,Kubernetes,Gitlab,GitLab CI",2026-02-09T16:30:16+0300,https://hh.ru/vacancy/123976581,DevOps
129531010,DevOps-инженер,,,,between3And6,remote,full,Москва,Miractal,DevOps-инженер,,2026-02-09T16:36:30+0300,https://hh.ru/vacancy/129531010,DevOps
129970546,DevOps-инженер,,,,between3And6,fullDay,full,Москва,ТехВилл,DevOps-инженер,,2026-02-09T16:23:25+0300,https://hh.ru/vacancy/129970546,DevOps
129423337,DevOps-инженер,,,,between1And3,fullDay,full,Нижний Новгород,Лига Цифровой Экономики,DevOps-инженер,"Linux,Docker,Bash,DevOps,Kubernetes,PostgreSQL,Zabbix,Ansible,Nginx,Python",2026-02-09T15:39:42+0300,https://hh.ru/vacancy/129423337,DevOps
129423300,DevOps-инженер,,,,between1And3,fullDay,full,Ярославль,Лига Цифровой Экономики,DevOps-инженер,"Linux,Docker,Bash,DevOps,Kubernetes,PostgreSQL,Zabbix,Ansible,Nginx,Python",2026-02-09T15:39:39+0300,https://hh.ru/vacancy/129423300,DevOps
129423260,DevOps-инженер,,,,between1And3,fullDay,full,Воронеж,Лига Цифровой Экономики,DevOps-инженер,"Linux,Docker,Bash,DevOps,Kubernetes,PostgreSQL,Zabbix,Ansible,Nginx,Python",2026-02-09T15:39:35+0300,https://hh.ru/vacancy/129423260,DevOps
129605478,DevOps-инженер,,,,between3And6,fullDay,full,Москва,ТрансЛом,DevOps-инженер,,2026-02-09T15:29:00+0300,https://hh.ru/vacancy/129605478,DevOps
130287826,DevOps-инженер,,,,between3And6,remote,full,Томск,Koronatech,DevOps-инженер,"Kubernetes,Linux,Docker,Docker-compose,CI/CD,Zabbix",2026-02-09T14:24:52+0300,https://hh.ru/vacancy/130287826,DevOps
130284296,DevOps-инженер,,,,between3And6,fullDay,full,Москва,YADRO,DevOps-инженер,"Linux,Kubernetes,DevOps,Docker",2026-02-09T13:20:49+0300,https://hh.ru/vacancy/130284296,DevOps
129762579,DevOps-инженер,,,,between1And3,fullDay,full,Санкт-Петербург,"СтарЛайн, Научно-производственное объединение",DevOps-инженер,,2026-02-09T13:20:06+0300,https://hh.ru/vacancy/129762579,DevOps
128082138,DevOps инженер,,,,between1And3,remote,full,Москва,idaproject,DevOps-инженер,,2026-02-09T12:14:05+0300,https://hh.ru/vacancy/128082138,DevOps
129589429,DevOps инженер,200000,250000,RUR,between3And6,fullDay,full,Москва,Группа Компаний ВестЛинк,DevOps-инженер,"GitLab CI,CI/CD,PostgreSQL,Docker,Bash,Kubernetes,Ansible,Nginx,Git,Redis,Gitlab,Prometheus,DevOps,Linux,Docker-compose",2026-02-09T12:08:05+0300,https://hh.ru/vacancy/129589429,DevOps
129380302,DevOps-инженер,,,,between3And6,remote,full,Москва,АВИТО ТЕХ,DevOps-инженер,"Linux,DevOps,Python,Kubernetes",2026-02-09T12:09:36+0300,https://hh.ru/vacancy/129380302,DevOps
130122640,DevOps-инженер,300000,,RUR,between3And6,fullDay,full,Москва,ГЛОБАЛ ПЭЙ,DevOps-инженер,"Linux,Docker,SQL,Kubernetes,Ansible,GitLab CI,Yandex Cloud,Terraform,LDAP",2026-02-09T11:47:39+0300,https://hh.ru/vacancy/130122640,DevOps
127420973,Инженер DevOps,,,,between3And6,fullDay,full,Москва,Международная медиагруппа Россия сегодня (МИА Россия сегодня),DevOps-инженер,"Linux,Администрирование,Kubernetes,DevOps,Docker",2026-02-09T11:28:00+0300,https://hh.ru/vacancy/127420973,DevOps
130299853,DevOps инженер (MaaS),,,,moreThan6,fullDay,full,Москва,SberTech,DevOps-инженер,,2026-02-09T19:36:00+0300,https://hh.ru/vacancy/130299853,DevOps
129025250,DevOps инженер,,,,between1And3,remote,full,Ульяновск,Норд Клан,DevOps-инженер,"Linux,Администрирование серверов Linux,Информационные технологии,Jenkins,Zabbix,Docker,Proxmox,DevOps,Kubernetes,Управленческие навыки",2026-02-09T11:27:47+0300,https://hh.ru/vacancy/129025250,DevOps
130120524,DevOps Engineer,,,,between3And6,fullDay,full,Новосибирск,Финтех Айкью,DevOps-инженер,"Linux,SQL,PostgreSQL,Kubernetes,Nginx,Docker,Prometheus,Grafana,Terraform",2026-02-09T11:13:41+0300,https://hh.ru/vacancy/130120524,DevOps
130301111,Systems/DevOPS Engineer интерн,,,,noExperience,fullDay,full,Сургут,Сысоева Ольга,Системный инженер,,2026-02-10T00:03:23+0300,https://hh.ru/vacancy/130301111,DevOps
129746256,DevOps-инженер,,,,between1And3,fullDay,full,Москва,Новый Старт,DevOps-инженер,,2026-02-09T10:54:58+0300,https://hh.ru/vacancy/129746256,DevOps
130274410,DevOps‑инженер,,,,between3And6,remote,full,Москва,Finbridge,DevOps-инженер,,2026-02-09T10:39:28+0300,https://hh.ru/vacancy/130274410,DevOps
130116354,DevOps-инженер,250000,,RUR,between3And6,fullDay,full,Москва,Думатель,DevOps-инженер,"Python,SQL,SQLAlchemy,PostgreSQL,FastAPI,Docker,Gitlab,CI/CD,Kubernetes,REST API",2026-02-09T10:05:58+0300,https://hh.ru/vacancy/130116354,DevOps
129280900,DevOps-инженер,,,,between1And3,fullDay,full,Санкт-Петербург,ЦНИИ РТК,DevOps-инженер,,2026-02-09T10:09:46+0300,https://hh.ru/vacancy/129280900,DevOps
129335972,DevOps-инженер,,,,between1And3,fullDay,full,Новосибирск,Интабия,DevOps-инженер,"Kubernetes,Linux,Docker,Gitlab,Git",2026-02-09T09:31:50+0300,https://hh.ru/vacancy/129335972,DevOps
129944240,DevOps engineer,300000,420000,RUR,moreThan6,remote,full,Москва,Клируэй Текнолоджис,DevOps-инженер,"Linux,Kubernetes,DevOps,PostgreSQL,Golang,Bash,Nginx,Информационная безопасность,Автоматизация процессов,Docker,Английский язык,Gitlab,Python,Сетевые технологии,Go,Prometheus,Администрирование серверов Linux,Ansible,Clickhouse,Nexus,ISTIO",2026-02-09T09:19:51+0300,https://hh.ru/vacancy/129944240,DevOps
128878365,DevOps-инженер,,,,between3And6,fullDay,full,Москва,Nexign (АО Нэксайн),DevOps-инженер,"Linux,SQL,PostgreSQL,Lua,Java,Groovy,Kubernetes",2026-02-09T09:15:39+0300,https://hh.ru/vacancy/128878365,DevOps
129569275,DevOps Engineer,175000,300000,RUR,between1And3,fullDay,full,Санкт-Петербург,TutorPlace,"Программист, разработчик","MySQL,Docker,YandexCloud,Zabbix,Python,Nginx,Git,Ansible,Kubernetes,GitLab CI/CD,Helm,Terraform,DevOps,GitLab CI,Prometheus,Gitlab",2026-02-09T09:01:22+0300,https://hh.ru/vacancy/129569275,DevOps
130295257,SRE/DevOps-инженер,,,,between3And6,remote,full,Москва,EdgeЦентр,DevOps-инженер,,2026-02-09T16:48:06+0300,https://hh.ru/vacancy/130295257,DevOps
128818216,Senior DevOps инженер [Kubernetes],,,,between3And6,remote,full,Москва,Диплей,DevOps-инженер,"Linux,Kubernetes,Ansible,Docker,CI/CD,Terraform,Observability,k8s",2026-02-09T21:46:02+0300,https://hh.ru/vacancy/128818216,DevOps
129971112,Senior DevOps Engineer,,,,moreThan6,remote,full,Москва,Colvir Software Solutions,DevOps-инженер,"CI/CD,Kafka,Tarantool,Redis,Prometheus,Grafana,Python,SQL,PostgreSQL",2026-02-09T16:34:34+0300,https://hh.ru/vacancy/129971112,DevOps
128631978,Team Lead DevOps,,,,moreThan6,remote,full,Москва,Юрент,DevOps-инженер,"DevOps,Gitlab,Kubernetes,Linux,CI/CD",2026-02-09T15:57:25+0300,https://hh.ru/vacancy/128631978,DevOps
130291856,Team Lead DevOps,,,,between3And6,remote,full,Москва,Интегрированные системы управления,DevOps-инженер,"Docker,Kubernetes,Gitlab,PostgreSQL,DevOps,Nginx,RabbitMQ,Redis,Prometheus,Grafana,Zabbix,Linux",2026-02-09T15:43:21+0300,https://hh.ru/vacancy/130291856,DevOps
130154686,DevOps инженер / SRE,,,,between1And3,fullDay,full,Калуга,Pandora Trade,Системный инженер,"Ansible,Linux,Docker,Python,MySQL,PostgreSQL,DevOps,CI/CD,Git,CentOS,Kibana,Nginx,Highload,IaC,SRE",2026-02-09T15:34:39+0300,https://hh.ru/vacancy/130154686,DevOps
129908184,Devops,75000,91000,RUR,between3And6,remote,part,Краснодар,Исаев Евгений Николаевич,DevOps-инженер,"Linux,Docker,Python,Kubernetes,Английский язык,Ansible,Proxmox",2026-02-08T10:44:45+0300,https://hh.ru/vacancy/129908184,DevOps
130287995,DevOps / DataOps Engineer,,,,between3And6,fullDay,full,Москва,СБЕР,DevOps-инженер,,2026-02-09T14:28:40+0300,https://hh.ru/vacancy/130287995,DevOps
127865792,Middle DevOps Engineer,,,,between3And6,fullDay,full,Москва,Ventra,Другое,"Kubernetes,Helm,Terraform,Ansible,PostgreSQL,OpenSearch,Kafka,Prometheus,Grafana,Jenkins,Kotlin/Java,Node.js",2026-02-09T13:46:32+0300,https://hh.ru/vacancy/127865792,DevOps
129431569,Senior DevOps engineer,,,,moreThan6,fullDay,full,Москва,СБЕР,Специалист технической поддержки,,2026-02-09T12:58:30+0300,https://hh.ru/vacancy/129431569,DevOps
130262779,DevOps-инженер,150000,200000,RUR,between1And3,remote,full,Москва,Колле Степан Александрович,DevOps-инженер,"Docker,Ansible,Nginx,Grafana,MongoDB,Zabbix,RabbitMQ,Redis,Proxmox,Ubuntu,Prometheus,Git,DevOps,Linux",2026-02-09T01:59:34+0300,https://hh.ru/vacancy/130262779,DevOps
130262780,DevOps-инженер,150000,200000,RUR,between1And3,remote,full,Санкт-Петербург,Колле Степан Александрович,DevOps-инженер,"Docker,Ansible,Nginx,Grafana,MongoDB,Zabbix,RabbitMQ,Redis,Proxmox,Ubuntu,Prometheus,Git,DevOps,Linux",2026-02-09T01:59:34+0300,https://hh.ru/vacancy/130262780,DevOps
129140716,Senior DevOps/SRE,,,,between3And6,fullDay,full,Москва,Тривио,"Программист, разработчик",,2026-02-09T11:50:05+0300,https://hh.ru/vacancy/129140716,DevOps
129294143,DevOps-инженер (CoreTeam),,,,moreThan6,remote,full,Москва,DatsTeam,DevOps-инженер,,2026-02-09T11:45:43+0300,https://hh.ru/vacancy/129294143,DevOps
130296569,Системный администратор / DevOps инженер,,,,between3And6,fullDay,full,Москва,БВТ БАРЬЕР РУС,DevOps-инженер,,2026-02-09T17:12:11+0300,https://hh.ru/vacancy/130296569,DevOps
129060845,DevOps-инженер (DataOps),,,,between1And3,remote,full,Москва,Передовые Платежные Решения,DevOps-инженер,"Linux,Docker,DevOps,Python,CI/CD",2026-02-09T11:11:52+0300,https://hh.ru/vacancy/129060845,DevOps
127843530,Senior DevOps инженер,,,,moreThan6,fullDay,full,Москва,Стрит Фалькон,DevOps-инженер,"Linux,Docker,Kubernetes,Python,Grafana,Bash,Prometheus,CI/CD,Ansible,Terraform,Apache Kafka",2026-02-09T10:41:29+0300,https://hh.ru/vacancy/127843530,DevOps
129928386,Senior DevOps-инженер,,350000,RUR,moreThan6,fullDay,full,Москва,ШИНСЕРВИС,DevOps-инженер,"Python,Bash,е-commerce,CI/CD,Git,PostgreSQL,MySQL,RabbitMQ,Redis,Prometheus,Grafana,Zabbix,CentOS,Ubuntu,Kubernetes,Helm",2026-02-09T09:51:19+0300,https://hh.ru/vacancy/129928386,DevOps
129740662,DevOps-инженер (Middle+),,,,between3And6,remote,full,Москва,Продамус,DevOps-инженер,,2026-02-09T09:40:21+0300,https://hh.ru/vacancy/129740662,DevOps
129420650,DevOps-инженер (ClickHouse),,,,between1And3,remote,full,Москва,Альфа-Банк,DevOps-инженер,"Clickhouse,Linux,Bash,SQL,Python",2026-02-09T09:46:26+0300,https://hh.ru/vacancy/129420650,DevOps
129503106,Middle DevOps Engineer,,,,between1And3,remote,full,Москва,Экваил,DevOps-инженер,,2026-02-09T09:16:53+0300,https://hh.ru/vacancy/129503106,DevOps
129770782,DevOps инженер (СУ АРМ),,,,between3And6,fullDay,full,Екатеринбург,СБЕР,Специалист технической поддержки,,2026-02-09T14:14:34+0300,https://hh.ru/vacancy/129770782,DevOps
129516000,DevOps-инженер (Data Platform),,,,moreThan6,remote,full,Москва,edna,DevOps-инженер,"Kubernetes,Big Data,Базы данных,Apache Airflow,Spark,Ansible,Terraform,CI/CD,Apache Kafka,ORACLE,PostgreSQL,Redis",2026-02-09T12:59:22+0300,https://hh.ru/vacancy/129516000,DevOps
129361057,Системный инженер/DevOps-инженер,,,,between3And6,fullDay,full,Москва,АйТи БАСТИОН,Системный инженер,,2026-02-09T12:53:10+0300,https://hh.ru/vacancy/129361057,DevOps
127470585,Middle+/Senior Devops Engineer в продуктовую команду,,,,between3And6,remote,full,Москва,2ГИС,DevOps-инженер,"Kubernetes,Helm,GitLab CI,Python,CI/CD,DevOps",2026-02-09T22:51:31+0300,https://hh.ru/vacancy/127470585,DevOps
125294717,DevOps-инженер,,,,between3And6,fullDay,full,Москва,АМИКОН,DevOps-инженер,"CI/CD,Ansible,Docker,Git,Linux,Python,Java",2026-02-08T19:02:02+0300,https://hh.ru/vacancy/125294717,DevOps
129531213,DevOps/Инженер SRE (Avanpost CloudMFA),,,,between3And6,remote,full,Москва,Avanpost,DevOps-инженер,"Инженер SRE,DevOps,PostgreSQL,Golang,Kubernetes,Helm,Prometheus,CI/CD,Vault,Istio,Linux,Terraform",2026-02-09T16:39:25+0300,https://hh.ru/vacancy/129531213,DevOps
129317399,DevOps-инженер,,,,between3And6,fullDay,full,Москва,FINTECH SERVICE,DevOps-инженер,"Docker,PostgreSQL,DevOps,Gitlab,GitLab CI",2026-02-08T17:29:49+0300,https://hh.ru/vacancy/129317399,DevOps
129942998,DevOps инженер | Системный администратор,,,,between1And3,remote,full,Ульяновск,Норд Клан,Системный администратор,"Администрирование серверов Windows,IIS,Gitlab,CI/CD,HTTPS",2026-02-09T11:27:36+0300,https://hh.ru/vacancy/129942998,DevOps
130202488,Team Lead DevOps (в Тбилиси),,,,moreThan6,fullDay,full,Москва,TRADINGVIEW GEORGIA,DevOps-инженер,"Docker,Kubernetes,Terraform,Linux,Bash,Python,AWS,Jenkins,Ansible,DevOps",2026-02-09T15:48:25+0300,https://hh.ru/vacancy/130202488,DevOps
129382923,Lead DevOps / SRE (Kubernetes / IaC / Observability),,,,between3And6,remote,full,Москва,СП Солюшен,DevOps-инженер,"Linux,Docker,Kubernetes,Обучение персонала",2026-02-09T18:54:13+0300,https://hh.ru/vacancy/129382923,DevOps
127837690,DevOps инженер Tools team,,,,between3And6,remote,full,Москва,WILDBERRIES,DevOps-инженер,,2026-02-09T10:57:24+0300,https://hh.ru/vacancy/127837690,DevOps
130274091,Middle/Senior Devops-инженер,,,,between3And6,fullDay,full,Москва,СБЕР,DevOps-инженер,,2026-02-09T10:34:01+0300,https://hh.ru/vacancy/130274091,DevOps
129312228,DevOps Engineer,,,,between1And3,fullDay,full,Москва,Aiti Guru,DevOps-инженер,"Kubernetes,Python,Ansible,Bash,Kafka,Jenkins,DevOps,ELK,Grafana,Prometheus,Docker,Linux,PostgreSQL",2026-02-08T16:21:28+0300,https://hh.ru/vacancy/129312228,DevOps
119878927,Devops инженер (K8s),,,,between3And6,fullDay,full,Санкт-Петербург,Датаджайл,DevOps-инженер,"K8S,Kubernetes,Docker,LXC,Go,MS SQL,Python,shell",2026-02-09T15:02:52+0300,https://hh.ru/vacancy/119878927,DevOps
130213440,DevOps engineer,,,,between3And6,remote,full,Москва,Unisender,DevOps-инженер,,2026-02-08T15:28:18+0300,https://hh.ru/vacancy/130213440,DevOps
129717079,DevOps-инженер,300000,,RUR,between3And6,remote,full,Москва,Одиссей-Инфо,DevOps-инженер,"DevOps,Kubernetes,ELK,Gitlab,Kafka,GitLab CI,Go,PostgreSQL,Prometheus,Grafana,Docker,Linux,Terraform",2026-02-08T15:22:26+0300,https://hh.ru/vacancy/129717079,DevOps
130115461,Team lead DevOps (SysOps),,,,between3And6,remote,full,Москва,Go Invest,DevOps-инженер,,2026-02-09T09:54:10+0300,https://hh.ru/vacancy/130115461,DevOps
129416002,DevOps,,,,between3And6,fullDay,full,Москва,Цифровой аудит,DevOps-инженер,"Helm,Docker,Python,Bash,Kubernetes,CI/CD,Jenkins,Gitlab",2026-02-07T12:51:00+0300,https://hh.ru/vacancy/129416002,DevOps
130288271,Junior Devops engineer / Linux администратор,60000,110000,RUR,between1And3,remote,full,Екатеринбург,Байкалтим,DevOps-инженер,,2026-02-09T14:34:44+0300,https://hh.ru/vacancy/130288271,DevOps
130206302,DevOps-инженер,,,,between3And6,remote,full,Новосибирск,Шкарлатов Арсений Сергеевич,DevOps-инженер,"Kubernetes,Git,Prometheus,AWS,Terraform,Helm,ArgoCD",2026-02-08T13:47:13+0300,https://hh.ru/vacancy/130206302,DevOps
129468692,DevOps-инженер,,400000,RUR,between3And6,remote,full,Москва,MostFinance,DevOps-инженер,"Kubernetes,DevOps,AWS,PostgreSQL,Zabbix,ELK,Kafka",2026-02-08T13:06:45+0300,https://hh.ru/vacancy/129468692,DevOps
128832410,Руководитель группы DevOps-инженеров/Архитектор,,,,moreThan6,fullDay,full,Москва,edna,DevOps-инженер,"Linux,ИТ-архитектура,Platform Engineering,SRE,Lean,CI/CD,DevOps,Git,Ansible,Python,Bash,Makefile,Docker,Kubernetes",2026-02-09T12:59:22+0300,https://hh.ru/vacancy/128832410,DevOps
129283047,DevOps-инженер,,,,between1And3,fullDay,full,Владимир,Дивлаб,DevOps-инженер,,2026-02-08T11:37:01+0300,https://hh.ru/vacancy/129283047,DevOps
129911816,DevOps-инженер,,,,between1And3,remote,full,Ростов-на-Дону,ИТЛ Консалтинг,DevOps-инженер,,2026-02-08T11:36:05+0300,https://hh.ru/vacancy/129911816,DevOps
127330692,DevOps Engineer Kubernetes Team(в Тбилиси),,,,between3And6,fullDay,full,Москва,TRADINGVIEW GEORGIA,DevOps-инженер,"Kubernetes,Docker,Ansible,Terraform,Bash,Python",2026-02-09T15:48:21+0300,https://hh.ru/vacancy/127330692,DevOps
129908702,DevOps-инженер,150000,300000,RUR,between3And6,remote,full,Москва,Wiren Board,DevOps-инженер,"Linux,Jenkins,Docker",2026-02-08T10:51:17+0300,https://hh.ru/vacancy/129908702,DevOps
129274797,DevOps-инженер,,,,between1And3,fullDay,full,Набережные Челны,PROFFIT GO,DevOps-инженер,"DevOps,CI/CD,Kubernetes,Ansible,TeamCity,Docker,PostgreSQL,Redis,Grafana",2026-02-08T10:32:08+0300,https://hh.ru/vacancy/129274797,DevOps
130076865,DevOps-инженер,,,,between1And3,fullDay,full,Казань,PROFFIT GO,DevOps-инженер,"DevOps,CI/CD,Terraform,Kubernetes,Bash,PostgreSQL,Ansible,TeamCity,Docker,Grafana,Python",2026-02-08T10:23:53+0300,https://hh.ru/vacancy/130076865,DevOps
126264221,DevOps-инженер (Senior/в офисе),,,,between3And6,fullDay,full,Москва,НПЦ ЭЛВИС,"Программист, разработчик",,2026-02-09T11:22:59+0300,https://hh.ru/vacancy/126264221,DevOps
130076042,DevOps-инженер,,,,between1And3,remote,full,Москва,Платформа,DevOps-инженер,"Docker,Linux,Git,Ansible",2026-02-08T10:09:47+0300,https://hh.ru/vacancy/130076042,DevOps
127601108,DevOps-инженер в команду Kubernetes,,,,between3And6,remote,full,Москва,WILDBERRIES,DevOps-инженер,"Kubernetes,Ansible,CI/CD,Gitlab",2026-02-09T10:57:35+0300,https://hh.ru/vacancy/127601108,DevOps
129322186,Senior DevOps Engineer,350000,,RUR,moreThan6,remote,full,Москва,"iiko, Компания Айко",DevOps-инженер,"Kubernetes,DevOps,Linux,Terraform,Ansible,CI/CD,GitLab CI,Bash,Go,Python",2026-02-08T20:29:16+0300,https://hh.ru/vacancy/129322186,DevOps
130282124,Серверный системный администратор (железо + DevOps),,,,between3And6,fullDay,full,Москва,Х5 Group,Системный администратор,"DevOps,Linux,Docker,Kubernetes,VMware",2026-02-09T12:45:45+0300,https://hh.ru/vacancy/130282124,DevOps
129932866,Senior DevOps инженер,,,,moreThan6,remote,full,Москва,Газкоин,DevOps-инженер,"Kubernetes,Terraform,GitLab CI",2026-02-08T17:52:05+0300,https://hh.ru/vacancy/129932866,DevOps
129721549,Senior DevOps Engineer,,300000,RUR,between3And6,remote,full,Москва,evrone.ru,DevOps-инженер,"DevOps,Английский язык,Kubernetes,Docker,GitOps,FluxCD,Vault,SOPS,Terraform,Terragrunt",2026-02-08T16:21:32+0300,https://hh.ru/vacancy/129721549,DevOps
129305728,DevOps (Middle / Middle+),,,,between3And6,remote,full,Москва,ОНИН,DevOps-инженер,,2026-02-08T15:10:20+0300,https://hh.ru/vacancy/129305728,DevOps
130260677,Системный инженер/DevOps,,,,between3And6,fullDay,full,Москва,СБЕРКОРУС,Системный инженер,"Kubernetes,Linux,Системный инженер,CI/CD",2026-02-08T14:59:35+0300,https://hh.ru/vacancy/130260677,DevOps
129922281,DevOps-инженер (офис),137950,,RUR,between1And3,fullDay,full,Казань,Инфоматика,DevOps-инженер,"Linux,Git,Nginx,PHP,PostgreSQL,MySQL,Docker,Docker-compose,Zabbix,Python,Bash",2026-02-08T14:30:52+0300,https://hh.ru/vacancy/129922281,DevOps
127802647,Team Lead DevOps (заместитель начальника отдела),370000,416000,RUR,between3And6,fullDay,full,Москва,Diamond Personnel R&C,DevOps-инженер,,2026-02-09T09:00:49+0300,https://hh.ru/vacancy/127802647,DevOps
130088830,DevOps Engineer (FinTech),,,,between1And3,remote,full,Москва,ОсОО Глобал Сэйвер,DevOps-инженер,"anti-DDoS,geo-routing,Английский язык,failover,Terraform,Ansible,crypto,payment processing,DNS,VPN,FIrewall,Prometheus,Grafana,ELK,AWS,GCP (Good Clinical Practice),Azure,GitLab CI,GitHub Actions,Jenkins,Docker,Kubernetes,Linux",2026-02-08T13:26:33+0300,https://hh.ru/vacancy/130088830,DevOps
130039572,Lead DevOps Engineer,,,,between3And6,remote,full,Москва,Софт Бизнес Системы,DevOps-инженер,"CI/CD,Docker,Jenkins,GitLab CI,Kubernetes,Helm,Ansible,облачные платформы,системы мониторинга и логирования,Git,ML-платформы,автоматизация процессов обучения и деплоя моделей",2026-02-08T12:00:10+0300,https://hh.ru/vacancy/130039572,DevOps
129581822,Senior DevOps Engineer / Blockchain & AI Infrastructure Engineer,300000,500000,RUR,moreThan6,remote,full,Москва,Simplenight,DevOps-инженер,,2026-02-09T10:52:37+0300,https://hh.ru/vacancy/129581822,DevOps
129462411,Lead DevOps/SRE,,,,moreThan6,fullDay,full,Москва,Мультифактор,DevOps-инженер,"Docker,Linux,Kubernetes,DevOps",2026-02-08T11:41:13+0300,https://hh.ru/vacancy/129462411,DevOps
129697655,Junior DevOps Engineer,150000,170000,RUR,between1And3,fullDay,full,Москва,"iiko, Компания Айко",DevOps-инженер,"Kubernetes,Linux,Bash,DevOps,Ansible,PostgreSQL,Grafana,Prometheus",2026-02-08T11:03:14+0300,https://hh.ru/vacancy/129697655,DevOps
130283364,DevOps engineer (удаленно РФ)_срочный проект 2-3 месяца,250000,,RUR,between3And6,remote,full,Москва,Amex Development,DevOps-инженер,"DevOps,GitLab CI,Kubernetes,Terraform,Ansible,Linux,PostgreSQL,Apache Kafka,Keycloak,Astra Linux,Ред ОС",2026-02-09T13:06:40+0300,https://hh.ru/vacancy/130283364,DevOps
129906738,DevOps Engineer (gamedev),,150000,RUR,between1And3,fullDay,part,Москва,Indie Go,DevOps-инженер,"Docker,Kubernetes,CI/CD,ИТ-инфраструктура,Jenkins,DevOps,GitLab CI,TeamCity,Linux,Bash",2026-02-08T10:23:25+0300,https://hh.ru/vacancy/129906738,DevOps
129270973,DevOps-инженер (Middle),250000,280000,RUR,between3And6,remote,full,Москва,Riverstart (ООО Риверстарт),DevOps-инженер,,2026-02-08T10:00:06+0300,https://hh.ru/vacancy/129270973,DevOps
129890890,DevOps-инженер,,,,between3And6,remote,full,Москва,Агропромцифра,DevOps-инженер,,2026-02-07T18:04:13+0300,https://hh.ru/vacancy/129890890,DevOps
129727022,DevOps Engineer (Part-time),,120000,RUR,between1And3,remote,part,Москва,АэроТур,DevOps-инженер,"Linux,Git,Docker,Деловая коммуникация,SQL",2026-02-08T18:32:06+0300,https://hh.ru/vacancy/129727022,DevOps
129015614,DevOps-инженер,,,,between3And6,remote,full,Москва,EcoFinance,DevOps-инженер,"Kubernetes,Prometheus,Grafana,Zabbix,MySQL,PostgreSQL,Ansible,Terraform,Helm",2026-02-07T17:28:26+0300,https://hh.ru/vacancy/129015614,DevOps
130172466,DevOps-инженер,,,,between3And6,fullDay,full,Санкт-Петербург,Бойлер лабс,DevOps-инженер,"Linux,Docker,Kubernetes,Prometheus,DevOps,Git,PostgreSQL",2026-02-07T15:55:27+0300,https://hh.ru/vacancy/130172466,DevOps
129430273,DevOps инженер,,,,between3And6,remote,full,Москва,КСОР,DevOps-инженер,"IPTables,Nginx,HAProxy,gitlab (ci),Docker,PostgreSQL,Kafka,Atlassian Jira,Atlassian Confluence,Bitbucket,Zabbix",2026-02-07T15:55:42+0300,https://hh.ru/vacancy/129430273,DevOps
129804977,DevOps-инженер,,,,between1And3,remote,full,Москва,Грин-Апи,DevOps-инженер,"Gitlab,Cистемы управления базами данных,Http Proxy,SSH,Linux,Zabbix,Администрирование серверов Windows,VPN,Настройка VPS/VDS серверов",2026-02-07T15:01:09+0300,https://hh.ru/vacancy/129804977,DevOps
129421129,DevOps-инженер,180000,200000,RUR,between3And6,remote,full,Краснодар,CMstore,DevOps-инженер,"Docker,Terraform,Ansible,Zabbix,Grafana,Prometheus,Администрирование серверов Linux,New Relic,Datadog APM,Proxmox,VMware,монолитная архитектура,CI/CD,Gitlab,Дашборд",2026-02-07T13:56:46+0300,https://hh.ru/vacancy/129421129,DevOps
127112520,DevOps Linux / Kubernetes инженер,200000,250000,RUR,between1And3,remote,full,Москва,РА Дельта,Специалист по информационной безопасности,"Kubernetes,Docker,Linux,Ansible,Администрирование серверов Linux",2026-02-08T15:27:30+0300,https://hh.ru/vacancy/127112520,DevOps
130164652,DevOps Engineer,,,,between1And3,remote,full,Москва,Rubius,DevOps-инженер,,2026-02-07T13:09:08+0300,https://hh.ru/vacancy/130164652,DevOps
122099131,DevOps-инженер,,,,between3And6,fullDay,full,Москва,Rambler&Co,DevOps-инженер,,2026-02-07T12:18:18+0300,https://hh.ru/vacancy/122099131,DevOps
129411916,DevOps Engineer,,,,between1And3,fullDay,full,Тольятти,Интернет вещей,DevOps-инженер,"Docker,Docker-compose,Linux,Git",2026-02-07T12:03:10+0300,https://hh.ru/vacancy/129411916,DevOps
129644449,DevOps-инженер,,,,between3And6,remote,full,Москва,Домклик,DevOps-инженер,"Linux,Kubernetes,HAProxy,Nginx,RabbitMQ,Sonartype Nexus,Terraform,Ansible,Python,Vault,Istio,Cilium,HTTP",2026-02-07T11:58:38+0300,https://hh.ru/vacancy/129644449,DevOps
129470938,DevOps инженер (bare metal),,,,between3And6,remote,full,Липецк,RetailCRM,Специалист по информационной безопасности,"Python,Bash,Golang,DevOps,Docker,Ansible,Puppet",2026-02-08T13:42:06+0300,https://hh.ru/vacancy/129470938,DevOps
130206925,Системный администратор/devops инженер,,,,between3And6,remote,full,Москва,Ateuco,Системный администратор,,2026-02-08T14:00:07+0300,https://hh.ru/vacancy/130206925,DevOps
129637249,DevOps-инженер,,,,between3And6,fullDay,full,Москва,Эксперт РА,DevOps-инженер,"Python,Bash,Gitlab,Kubernetes,Docker,PostgreSQL,ORACLE,Zabbix,Grafana,Prometheus,VMware",2026-02-07T10:35:14+0300,https://hh.ru/vacancy/129637249,DevOps
129397636,DevOps-инженер,200000,400000,RUR,between3And6,fullDay,full,Екатеринбург,RAKETA,DevOps-инженер,"Docker,Git,Linux,MySQL,TCP/IP,IaC,API,Nomad,Ansible,Ubuntu Server,Golang,DevOps,PHP,Администрирование серверов Linux,EFK",2026-02-07T09:26:32+0300,https://hh.ru/vacancy/129397636,DevOps
130201192,Системный инженер/DevOps middle,150000,300000,RUR,between1And3,remote,project,Москва,Теории от практиков,Системный администратор,"Linux,Python,Bash,Ansible,PostgreSQL,Kubernetes,Docker,MySQL,DevOps,Jenkins,Nginx,Работа с базами данных,Администрирование серверов Linux,Yandex Cloud,Helm",2026-02-08T12:01:02+0300,https://hh.ru/vacancy/130201192,DevOps
129891689,DevOps / руководитель IT,,,,moreThan6,fullDay,full,Москва,ФГУП ЦРП,DevOps-инженер,"DevOps,Администрирование серверов Linux,PostgreSQL,MySQL,CI/CD,Docker,ITIL,Базы данных,СУБД,Linux",2026-02-08T01:00:43+0300,https://hh.ru/vacancy/129891689,DevOps
129697217,"DevOps / Backend+DevOps (Junior), Офис",50000,90000,RUR,between1And3,fullDay,full,Самара,Гуддело,DevOps-инженер,"Linux,Docker,PostgreSQL,Redis,RabbitMQ,Nginx,Bash,Debian,Kubernetes,Kafka,Администрирование серверов Linux",2026-02-08T10:59:05+0300,https://hh.ru/vacancy/129697217,DevOps
130284324,Senior DevOps-инженер в команду Network(-ish) Development [MWS Cloud Platform],,,,between3And6,remote,full,Москва,МТС,DevOps-инженер,,2026-02-09T13:30:07+0300,https://hh.ru/vacancy/130284324,DevOps
129893285,DataOps / DevOps Engineer,,,,between3And6,remote,full,Москва,IT SCOUT(match),DevOps-инженер,"Docker,Kubernetes,Ansible,Terraform,AWS,Clickhouse,Snowflake",2026-02-07T21:23:19+0300,https://hh.ru/vacancy/129893285,DevOps
129676977,DevOps-инженер (midlle+),,345000,RUR,between3And6,remote,full,Москва,Айкон Про,DevOps-инженер,"Linux,Kubernetes",2026-02-07T20:28:16+0300,https://hh.ru/vacancy/129676977,DevOps
129890515,Senior DevOps-инженер,,,,moreThan6,remote,full,Москва,РДП Энтерпрайз,DevOps-инженер,"Linux,Kubernetes,Golang,Docker,Bash,Git,DevOps,Prometheus,Grafana,CI/CD,Helm,VictoriaMetrics,Whereabouts,ArgoCD,CNI Multus",2026-02-07T17:51:20+0300,https://hh.ru/vacancy/129890515,DevOps
129701199,DevOps / Системный аналитик (Infrastructure & Systems),,,,between3And6,remote,full,Екатеринбург,Плейспартс,DevOps-инженер,"Linux,DevOps,Системный анализ,Squid,Nginx,HAProxy",2026-02-08T11:50:26+0300,https://hh.ru/vacancy/129701199,DevOps
129431302,DevOps Engineer (iGaming),,,,between1And3,remote,full,Минск,Ковальчук Яна Михайловна,DevOps-инженер,,2026-02-07T16:07:30+0300,https://hh.ru/vacancy/129431302,DevOps
129910003,DevOps-инженер (с функциями тестировщика),80000,120000,RUR,between1And3,remote,full,Москва,Органайзер ЛидерТаск,DevOps-инженер,"Usability-тестирование,Кроссплатформенное тестирование,Бета-тестирование",2026-02-08T11:10:07+0300,https://hh.ru/vacancy/129910003,DevOps
129879715,DevOps инженер (Senior),,,,between1And3,remote,full,Москва,ВТБ Факторинг,DevOps-инженер,"SRE/DevOps,CI/CD,Linux,Kubernetes,PostgreSQL,DevOps,Инженерная инфраструктура и сети,Python,Биллинговая система",2026-02-07T14:46:37+0300,https://hh.ru/vacancy/129879715,DevOps
129804855,Системный администратор / DevOps,250000,,RUR,moreThan6,fullDay,full,Москва,Фурия,Системный администратор,"Настройка сетевых подключений,Ubuntu,Администрирование серверов Linux,Удаленное администрирование,Работа с оргтехникой",2026-02-07T14:58:20+0300,https://hh.ru/vacancy/129804855,DevOps
129803430,Middle DevOps-инженер,,,,between3And6,fullDay,full,Санкт-Петербург,Petshopru,DevOps-инженер,,2026-02-07T14:31:44+0300,https://hh.ru/vacancy/129803430,DevOps
129423025,Senior DevOps engineer,3500,,USD,moreThan6,remote,full,Москва,Progressive Mind,DevOps-инженер,"MongoDB,Docker,PostgreSQL,swarm,Prometheus,ELK,Clickhouse,sentry,MySQL,DevOps,Elasticsearch,Kubernetes,Git,CI/CD,GitLab CI,RabbitMQ,k8s,Ansible",2026-02-07T14:19:18+0300,https://hh.ru/vacancy/129423025,DevOps
129272561,Системный администратор/DevOps-инженер/ИБ,,,,moreThan6,remote,full,Москва,Плейспартс,Системный администратор,"Docker,Администрирование серверов Linux,Python,Bash,DevOps,PowerShell,VMware,Виртуализация,Zabbix,Nginx,Hyper-V,VLAN,Debian,Grafana,Ubuntu",2026-02-08T10:15:20+0300,https://hh.ru/vacancy/129272561,DevOps
129402148,DevOps Engineer,,,,between3And6,remote,full,Москва,Voximplant,DevOps-инженер,"Kubernetes,Terraform,DevOps,Linux",2026-02-06T16:55:38+0300,https://hh.ru/vacancy/129402148,DevOps
130247959,DevOps-инженер,,,,between3And6,remote,full,Москва,Spice IT,DevOps-инженер,"Linux,Kubernetes,TCP/IP,CI/CD,Сетевые протоколы",2026-02-06T16:01:30+0300,https://hh.ru/vacancy/130247959,DevOps
126456052,Инженер DevOps,,,,between3And6,fullDay,full,Наро-Фоминск (Московская область),Итера,"Оператор ПК, оператор базы данных","Работа в команде,Работа с юридическими лицами,Умение принимать решения,Массовое производство,Высшее образование",2026-02-06T15:16:15+0300,https://hh.ru/vacancy/126456052,DevOps
126456051,Инженер DevOps,,,,between3And6,fullDay,full,Балабаново,Итера,"Оператор ПК, оператор базы данных","Работа в команде,Работа с юридическими лицами,Умение принимать решения,Массовое производство,Высшее образование",2026-02-06T15:16:12+0300,https://hh.ru/vacancy/126456051,DevOps
121266997,DevOps engineer,,,,between1And3,fullDay,full,Уфа,Класс - информационные технологии для бизнеса,DevOps-инженер,"Git,Linux,Docker,ELK,Bash,Ansible,Grafana,Gitlab,DevOps,Zabbix,Prometheus",2026-02-06T14:58:57+0300,https://hh.ru/vacancy/121266997,DevOps
129641467,Системный администратор - DevOps,,,,between3And6,fullDay,full,Москва,Сорб групп,Системный инженер,"Настройка сетевых подключений,Настройка серверов,СУБД,Тестирование,Администрирование серверов Windows,Администрирование серверов Linux",2026-02-07T11:23:21+0300,https://hh.ru/vacancy/129641467,DevOps
130157386,Руководитель команды DevOps,,,,between3And6,remote,full,Москва,ВТБ Факторинг,DevOps-инженер,"CI/CD,Infrastructure as Code (IaC),Java,Go,Python,Bash,SLA,MTTR,MTBF,PostgreSQL,RabbitMQ,Kafka,Астра-Линукс,МойОфис,продукты Сфера,Linux",2026-02-07T11:00:52+0300,https://hh.ru/vacancy/130157386,DevOps
130244025,Стажёр DevOps,,,,noExperience,remote,part,Санкт-Петербург,Инновационные технологии,DevOps-инженер,"Linux,DevOps,Docker",2026-02-06T14:32:43+0300,https://hh.ru/vacancy/130244025,DevOps
129404383,Devops engineer (Middle),,,,between3And6,remote,full,Москва,Джемтех,DevOps-инженер,"Git,Terraform,Kubernetes,Gitlab,Docker,Ansible,CI/CD,Bash,Python,DevOps,.NET Core",2026-02-07T10:41:06+0300,https://hh.ru/vacancy/129404383,DevOps
130241099,Senior DevOps,,,,between3And6,fullDay,full,Москва,Транснефть-Технологии,DevOps-инженер,"Docker,Gitlab,Jenkins,MySQL,PostgreSQL,DevOps",2026-02-06T13:26:55+0300,https://hh.ru/vacancy/130241099,DevOps
120851177,Junior DevOps engineer,100000,,RUR,between1And3,fullDay,full,Санкт-Петербург,Бизнес Технологии,DevOps-инженер,"Linux,Debian,Ubuntu,Bash,Python,PostgreSQL",2026-02-07T09:58:26+0300,https://hh.ru/vacancy/120851177,DevOps
129854258,Middle DevOps Engineer,200000,300000,RUR,between3And6,remote,full,Москва,Клируэй Текнолоджис,DevOps-инженер,"CI/CD,DevOps,DevSecOps,Prometheus,Grafana,ELK,Linux,Terraform,Kubernetes,Docker",2026-02-07T09:31:50+0300,https://hh.ru/vacancy/129854258,DevOps
129567111,DevOps инженер,,,,between1And3,remote,full,Екатеринбург,Ceramic3d,DevOps-инженер,"PostgreSQL,Prometheus,Grafana,Linux,TCP/IP,DNS,DevOps,Gitlab,Docker,Kubernetes",2026-02-06T10:27:08+0300,https://hh.ru/vacancy/129567111,DevOps
129866863,DevOps,,250000,RUR,between1And3,fullDay,full,Москва,Rendez-Vous,Системный администратор,,2026-02-04T11:00:05+0300,https://hh.ru/vacancy/129866863,DevOps
130214646,DevOps-инженер,,,,between3And6,remote,full,Москва,ГК Орбита,DevOps-инженер,,2026-02-06T10:24:04+0300,https://hh.ru/vacancy/130214646,DevOps
130232094,DevOps-инженер,,210000,RUR,between1And3,remote,full,Санкт-Петербург,Techno Diasoft,DevOps-инженер,,2026-02-06T10:18:34+0300,https://hh.ru/vacancy/130232094,DevOps
130080276,DataPlatform DevOps/DWH DBA/Infrastructure Engineer,,,,between1And3,remote,full,Москва,Ит-Финанс,DevOps-инженер,,2026-02-08T11:15:35+0300,https://hh.ru/vacancy/130080276,DevOps
130228542,DevOps-инженер,,,,between3And6,fullDay,full,Москва,IBS,DevOps-инженер,"Docker,.NET Core",2026-02-06T09:01:23+0300,https://hh.ru/vacancy/130228542,DevOps
130095430,"DevOps-инженер (Ansible, Terraform, k8s)",,,,between3And6,remote,full,Москва,Кросстех Солюшнс Групп,DevOps-инженер,"Linux,Windows,Git,CI/CD,GitLab CI,Jenkins,Kubernetes,Terraform,Ansible,Prometheus,Grafana,Bash,Python",2026-02-08T15:09:29+0300,https://hh.ru/vacancy/130095430,DevOps
129422685,DevOps-инженер (Middle/Senior),180000,,RUR,between3And6,fullDay,full,Санкт-Петербург,НЕВАЛАБ,DevOps-инженер,"1С программирование,ERP-системы на базе 1С,1С: Предприятие 8,1С: Документооборот,Обучение и развитие,Электронный документооборот,1С: Управление Производственным Предприятием",2026-02-07T14:14:14+0300,https://hh.ru/vacancy/129422685,DevOps
129651400,Senior DevOps-инженер (Кибербез),,,,between3And6,remote,full,Москва,CyberOK,DevOps-инженер,"ELK,CI,Kubernetes,DevOps,PostgreSQL,Ansible",2026-02-07T13:19:04+0300,https://hh.ru/vacancy/129651400,DevOps
128000081,DevOps Engineer (Intern \ Junior),,100000,RUR,noExperience,fullDay,full,Воронеж,evrone.ru,DevOps-инженер,"Linux,Kubernetes,Docker,DevOps,CI/CD",2026-02-07T13:16:54+0300,https://hh.ru/vacancy/128000081,DevOps
130252027,Lead DevOps Engineer,,,,between3And6,remote,full,Москва,Russ,DevOps-инженер,"Linux,Kubernetes,Docker,Ansible,DevOps",2026-02-06T17:47:22+0300,https://hh.ru/vacancy/130252027,DevOps
130218968,DevOps Lead,,,,between3And6,remote,full,Москва,LuckyGroup,DevOps-инженер,"Linux,DevOps,Ansible,Администрирование серверов Linux",2026-02-05T16:58:01+0300,https://hh.ru/vacancy/130218968,DevOps
130209144,DevOps-инженер,,,,between3And6,fullDay,full,Новосибирск,Центральный банк Российской Федерации (Банк России),DevOps-инженер,"Linux,Kubernetes,Docker,Ansible,Grafana,Prometheus,Kafka,RabbitMQ,ActiveMQ,Python,Go,Bash,Nexus",2026-02-05T14:40:31+0300,https://hh.ru/vacancy/130209144,DevOps
130173098,"DevOps-инженер (middle +, senior)",,,,between3And6,fullDay,full,Москва,Инмолл,DevOps-инженер,"Disaster Recovery,Prometheus,Grafana,Loki,WAF,Terraform,Ansible,DMZ,NGFW,Kubernetes,PostgreSQL,Elasticsearch,RabbitMQ,Nginx,HAProxy,Squid,PHP,Symfony",2026-02-07T16:04:51+0300,https://hh.ru/vacancy/130173098,DevOps
130206279,DevOps-инженер,,,,moreThan6,remote,full,Москва,ITFB Group,DevOps-инженер,,2026-02-05T13:46:24+0300,https://hh.ru/vacancy/130206279,DevOps
130206296,DevOps-инженер,150000,,RUR,between3And6,remote,full,Тула,ЕВАППС,DevOps-инженер,"DevOps,Linux,Unix,Docker,Kubernetes,Zabbix,Grafana,ELK,CI/CD,Python,PostgreSQL,Apache Kafka,MySQL,JavaScript",2026-02-05T13:46:58+0300,https://hh.ru/vacancy/130206296,DevOps
130243329,Tech Lead DevOps,,,,between1And3,fullDay,full,Москва,А7-ТЕХНОЛОГИИ,DevOps-инженер,"Kubernetes,Prometheus,Grafana,MongoDB,Git,Docker",2026-02-06T14:15:25+0300,https://hh.ru/vacancy/130243329,DevOps
130202983,DevOps инженер,,,,between1And3,fullDay,full,Ростов-на-Дону,БЭТНЭТИКС,DevOps-инженер,"Базы данных,Linux,Администрирование серверов Linux,Информационная безопасность,CI/CD,Prometheus,Node.js",2026-02-05T12:35:55+0300,https://hh.ru/vacancy/130202983,DevOps
130195851,DevOps-инженер,,,,between3And6,remote,full,Москва,ВиаМоби,DevOps-инженер,"Linux,DevOps,Kubernetes,Kafka,Clickhouse,Работа с базами данных,TCP/IP,IPSec,HTTP,SSL/TLS,Bash,Terraform,Git,Proxmox,Ansible,Python,DNS,Elasticsearch",2026-02-05T10:24:10+0300,https://hh.ru/vacancy/130195851,DevOps
130235661,DevOps инженер (стажер),70000,80000,RUR,noExperience,remote,full,Новосибирск,Aston,DevOps-инженер,"Linux,IaC,CI/CD,NETWORK,Jenkins,Администрирование серверов Linux,ORACLE,MS SQL,DevOps,Azure,CircleCI,Администрирование,Настройка серверов,Настройка ПО,Настройка сетевых подключений,Локальные сети,Администрирование сетевого оборудования,Сборка ПК,Ответственность,Внимательность,Docker,Bash,Python,Git",2026-02-06T11:31:21+0300,https://hh.ru/vacancy/130235661,DevOps
127368073,Senior DevOps engineer,,,,moreThan6,remote,full,Москва,ГКУ Инфогород,DevOps-инженер,,2026-02-06T10:58:44+0300,https://hh.ru/vacancy/127368073,DevOps
129199586,DevOps Engineer / Site Reliability Engineer (SRE),,,,between1And3,remote,full,Москва,Kameleoon,DevOps-инженер,"Kubernetes,Ansible,Docker,DevOps,Nginx,Prometheus,Grafana,Unix,Linux,Bash,Amazon Web Services,Python,CI/CD",2026-02-07T19:52:35+0300,https://hh.ru/vacancy/129199586,DevOps
130180640,DevOps-инженер,,,,between3And6,fullDay,full,Москва,Альфа-Банк,DevOps-инженер,"Kubernetes,Linux,Ansible,CI/CD,Terraform,Docker",2026-02-04T18:06:04+0300,https://hh.ru/vacancy/130180640,DevOps
130179456,DevOps engineer,,,,moreThan6,remote,part,Санкт-Петербург,Ubego,DevOps-инженер,"Английский язык,Linux,BPMN,AWS,Bash,IPTables,Zabbix,Grafana,Prometheus,Gitlab,Ansible,CI/CD,Docker,Kubernetes,Helm,kaniko,Git,Nginx,Cloudflare,Firebase,Python,SQL,MongoDB,TCP/IP,Kibana",2026-02-04T17:53:02+0300,https://hh.ru/vacancy/130179456,DevOps
130176526,DevOps Engineer,250000,300000,RUR,between3And6,remote,full,Москва,UREMONT,DevOps-инженер,,2026-02-04T17:20:15+0300,https://hh.ru/vacancy/130176526,DevOps
129275792,DevOps-инженер,,,,between1And3,remote,full,Москва,FIX PRICE,DevOps-инженер,,2026-02-04T17:51:31+0300,https://hh.ru/vacancy/129275792,DevOps
129425711,DevOps-инженер,,250000,RUR,between3And6,fullDay,full,Москва,ИКС-ПРО,"Программист, разработчик",,2026-02-04T16:51:47+0300,https://hh.ru/vacancy/129425711,DevOps
130245010,Ведущий системный инженер (DevOps),,,,between3And6,remote,full,Санкт-Петербург,Петрович-Тех,DevOps-инженер,,2026-02-06T14:55:48+0300,https://hh.ru/vacancy/130245010,DevOps
130172351,DevOps инженер,,,,between3And6,fullDay,full,Санкт-Петербург,ЦРТ | Группа компаний,DevOps-инженер,,2026-02-04T15:52:59+0300,https://hh.ru/vacancy/130172351,DevOps
126008128,DevOps Engineer (образовательный проект),,,,between1And3,remote,full,Москва,"Программный Продукт, ИТ-компания",DevOps-инженер,"CI/CD,Git,Linux,PostgreSQL,Kubernetes,DevOps,Jenkins",2026-02-06T13:49:09+0300,https://hh.ru/vacancy/126008128,DevOps
129433007,"DevOps-инженер (middle+ , senior)",175000,,RUR,between3And6,remote,full,Санкт-Петербург,"СевенТест, НТЦ",DevOps-инженер,"Linux,Ansible,Zabbix,Nginx,Git,PostgreSQL,MySQL,Python,SQL,Debian,DevOps,Grafana,Администрирование серверов Linux,Bash,Clickhouse,Astra Linux,VPN,VLAN,IPTables,SIP,ISUP,H.323,H.248,Apache,Postfix,JIRA",2026-02-06T13:29:25+0300,https://hh.ru/vacancy/129433007,DevOps
129138025,DevOps-инженер middle/senior,,,,between3And6,fullDay,full,Москва,RedLab,DevOps-инженер,,2026-02-06T14:03:33+0300,https://hh.ru/vacancy/129138025,DevOps
130168151,DevOps-инженер,,,,between1And3,fullDay,full,Екатеринбург,СК Сбербанк страхование жизни,DevOps-инженер,,2026-02-04T14:24:21+0300,https://hh.ru/vacancy/130168151,DevOps
130240584,DevOps инженер (Middle+/Senior),,,,between3And6,remote,full,Новосибирск,Software Cats,DevOps-инженер,"Ansible,Python,Linux,Docker,Kubernetes,Prometheus,Zabbix,Jenkins,Gitlab,Git,Bash",2026-02-06T13:13:46+0300,https://hh.ru/vacancy/130240584,DevOps
130166688,DevOps-инженер,140000,200000,RUR,between3And6,fullDay,full,Самара,Hi Store,DevOps-инженер,,2026-02-04T13:55:23+0300,https://hh.ru/vacancy/130166688,DevOps
130164777,DevOps-инженер,,,,between3And6,fullDay,full,Краснодар,СимбирСофт,DevOps-инженер,"Docker,Linux,CMake",2026-02-04T13:11:08+0300,https://hh.ru/vacancy/130164777,DevOps
130239386,Devops/системный инженер (Linux),110000,,RUR,between1And3,fullDay,full,Санкт-Петербург,Филиал в г. Санкт-Петербург АО Концерн Радиостроения Вега,DevOps-инженер,,2026-02-06T12:50:37+0300,https://hh.ru/vacancy/130239386,DevOps
130220864,DevOps инженер (Senior),,,,between3And6,fullDay,full,Москва,СБЕР,DevOps-инженер,,2026-02-05T17:54:40+0300,https://hh.ru/vacancy/130220864,DevOps
130234683,Релиз-инженер/DevOps-инженер,,,,between3And6,remote,full,Нижний Новгород,Ispmanager,DevOps-инженер,"Linux,Bash,Python,sh,Makefile,GitLab CI,Сборка rpm- и deb-пакетов,qemu",2026-02-06T11:09:55+0300,https://hh.ru/vacancy/130234683,DevOps
129663306,Senior Devops Engineer,,,,between3And6,remote,full,Москва,«UZUM TECHNOLOGIES»,DevOps-инженер,"Linux,Kubernetes,Apache Kafka,Ansible,Big Data",2026-02-05T17:25:38+0300,https://hh.ru/vacancy/129663306,DevOps
130157156,DevOps-инженер,,,,between3And6,remote,full,Москва,БПС Инновационные Программные Решения,DevOps-инженер,"CI/CD,Docker,C/C++,Jenkins,Unix",2026-02-04T10:57:36+0300,https://hh.ru/vacancy/130157156,DevOps
130152621,Разработчик-DevOps,,,,between1And3,fullDay,full,Москва,ГБУЗ Московский Научно-Практический Центр Лабораторных Исследований Департамента Здравоохранения Города Москвы,DevOps-инженер,Python,2026-02-04T09:39:42+0300,https://hh.ru/vacancy/130152621,DevOps
130147818,DevOps Engineer,,,,between3And6,fullDay,full,Москва,ФКУ ЦЭАИТ СП,DevOps-инженер,"Linux,Docker,Bash,Grafana,Prometheus,Apache Airflow,DevOps, CI/CD, python, SQL, Базы данных,Gitlab,Zabbix",2026-02-04T07:47:57+0300,https://hh.ru/vacancy/130147818,DevOps
130209257,DevOps инженер(DataLake),,,,between3And6,fullDay,full,Москва,СБЕР,DevOps-инженер,,2026-02-05T14:42:30+0300,https://hh.ru/vacancy/130209257,DevOps
130204600,DevOps/MLOps (Финтех),,,,between3And6,remote,full,Санкт-Петербург,Decart IT-production,DevOps-инженер,"CI/CD,DevOps",2026-02-05T13:06:22+0300,https://hh.ru/vacancy/130204600,DevOps
130204004,DevOps-инженер (Финтех),,,,between3And6,remote,full,Санкт-Петербург,Decart IT-production,DevOps-инженер,"Docker,Apache Kafka,Kubernetes,Ansible,Jenkins,Grafana",2026-02-05T12:57:36+0300,https://hh.ru/vacancy/130204004,DevOps
130197289,Руководитель DevOps-направления (Head of DevOps),,,,between3And6,fullDay,full,Москва,КВАРТА ВК,DevOps-инженер,"Linux,Terraform,Ansible,Helm,Prometheus,Grafana,ELK,Zabbix,Docker,Container,Kubernetes,DevOps,Azure,GitLab CI,Jenkins,Python,Bash,enterprise-инфраструктура,импортозамещение,UserGate,VipNet,.NET Core,runbooks,CI/CD",2026-02-05T10:52:39+0300,https://hh.ru/vacancy/130197289,DevOps
129441009,DevOps-инженер для мобильного приложения IOS (SWIFT) Android (KOTLIN),300000,350000,RUR,between3And6,remote,full,Москва,Корпу,DevOps-инженер,,2026-02-07T21:17:37+0300,https://hh.ru/vacancy/129441009,DevOps
130197938,Junior DevOps инженер,50000,,RUR,between1And3,fullDay,full,Челябинск,Управляющая Компания Луч,DevOps-инженер,,2026-02-05T11:03:44+0300,https://hh.ru/vacancy/130197938,DevOps
130198895,Senior / Lead DevOps-инженер (продуктовая ИТ-компания),,,,moreThan6,remote,full,Москва,Первая Форма,DevOps-инженер,,2026-02-07T10:57:34+0300,https://hh.ru/vacancy/130198895,DevOps
130251769,Системный администратор / DevOps-инженер (Linux),,,,between3And6,fullDay,full,Москва,ГК «МТ-Интеграция»,Системный администратор,"Linux,VMware,Docker,Администрирование серверов Linux",2026-02-06T17:36:06+0300,https://hh.ru/vacancy/130251769,DevOps
130185343,Системный инженер DevOps,,,,between1And3,fullDay,full,Москва,Лига Цифровой Экономики,DevOps-инженер,,2026-02-05T06:25:12+0300,https://hh.ru/vacancy/130185343,DevOps
130142385,MLOps\DevOps,,,,between3And6,remote,full,Москва,KTS,DevOps-инженер,"Kubernetes,Airflow,Spark,Hadoop,Ansible",2026-02-03T18:22:28+0300,https://hh.ru/vacancy/130142385,DevOps
126762727,DevOps-инженер,,,,between3And6,fullDay,full,Москва,Центр Информационных технологий Роскадастр-Инфотех Филиал Роскадастр,DevOps-инженер,"Linux,DevOps,PostgreSQL,Gitlab",2026-02-03T16:37:35+0300,https://hh.ru/vacancy/126762727,DevOps
129677329,DevOps Engineer (Kubernetes + AWS + Terraform + Github Action),250000,,RUR,between3And6,fullDay,full,Москва,Finext,DevOps-инженер,,2026-02-07T20:51:23+0300,https://hh.ru/vacancy/129677329,DevOps
130132555,DevOps-инженер,,,,between3And6,remote,full,Москва,"МАГНИТ, Розничная сеть",DevOps-инженер,,2026-02-03T14:44:02+0300,https://hh.ru/vacancy/130132555,DevOps
130130472,DevOps-инженер,170000,250000,RUR,between1And3,remote,full,Москва,Ценные люди,DevOps-инженер,,2026-02-03T14:05:11+0300,https://hh.ru/vacancy/130130472,DevOps
130131191,DevOps-инженер,,,,between3And6,fullDay,full,Ярославль,РТЛабс,DevOps-инженер,,2026-02-03T14:18:42+0300,https://hh.ru/vacancy/130131191,DevOps
130124529,DevOps-инженер,,,,between1And3,remote,full,Москва,СИ ЭС Групп,DevOps-инженер,,2026-02-03T12:19:19+0300,https://hh.ru/vacancy/130124529,DevOps
130121982,DevOps-инженер,180000,250000,RUR,between3And6,remote,full,Санкт-Петербург,Гарпикс,DevOps-инженер,"Docker,Kubernetes,Jenkins,Grafana,PostgreSQL,Nginx,Ansible",2026-02-03T11:37:59+0300,https://hh.ru/vacancy/130121982,DevOps
130182128,DevOps-инженер (Middle+),,,,between3And6,remote,full,Москва,SkillStaff,DevOps-инженер,"Kubernetes,Linux,Proxmox,Python,CI/CD",2026-02-04T19:41:03+0300,https://hh.ru/vacancy/130182128,DevOps
130181627,DevOps-Engineer Middle,130000,,RUR,between1And3,remote,full,Москва,Умный Кошелек,DevOps-инженер,"Linux,PostgreSQL,Kafka,Apache Airflow",2026-02-04T19:04:03+0300,https://hh.ru/vacancy/130181627,DevOps
130110172,DevOps инженер,,,,between3And6,remote,full,Москва,Скала^р,Системный инженер,Linux,2026-02-03T08:03:53+0300,https://hh.ru/vacancy/130110172,DevOps
129865544,Наставник по DevOps (Python) в онлайн-школу программирования Хекслет,,,,between1And3,remote,part,Москва,Хекслет,"Программист, разработчик","PHP,HTTP,DNS,Git,GitHub,Docker,Laravel,Symfony",2026-02-07T11:52:40+0300,https://hh.ru/vacancy/129865544,DevOps
130213854,Инженер DevOps (Астра Консалтинг),,,,between1And3,fullDay,full,Москва,Группа компаний Астра,DevOps-инженер,"Linux,KVM,Git,CI/CD,Ansible,Terraform",2026-02-05T15:32:26+0300,https://hh.ru/vacancy/130213854,DevOps
130178883,Администратор Linux (DevOps),,,,between3And6,fullDay,full,Москва,Единая Сервисная Платформа,DevOps-инженер,"Linux,Git,CI/CD,Gitlab,Jenkins,PostgreSQL,Clickhouse,Ansible,Grafana,Prometheus,Docker,VMware,KVM,Shell Scripting,Python,HAProxy,Nginx",2026-02-04T17:49:02+0300,https://hh.ru/vacancy/130178883,DevOps
130162370,DevOps инженер (стажер),70000,80000,RUR,noExperience,remote,full,Москва,Aston,DevOps-инженер,"Linux,IaC,CI/CD,NETWORK,Jenkins,Администрирование серверов Linux,ORACLE,MS SQL,DevOps,Azure,CircleCI,Администрирование,Настройка серверов,Настройка ПО,Настройка сетевых подключений,Локальные сети,Администрирование сетевого оборудования,Сборка ПК,Ответственность,Внимательность,Docker,Bash,Python,Git",2026-02-04T12:24:07+0300,https://hh.ru/vacancy/130162370,DevOps
130160587,Middle DevOps инженер,100000,140000,RUR,between1And3,fullDay,full,Челябинск,Управляющая Компания Луч,DevOps-инженер,,2026-02-04T11:53:45+0300,https://hh.ru/vacancy/130160587,DevOps
130159239,Middle DevOps specialist,,,,between1And3,remote,full,Москва,СберМаркетинг,DevOps-инженер,,2026-02-04T11:29:39+0300,https://hh.ru/vacancy/130159239,DevOps
129637146,MLops инженер (DevOps),,,,between1And3,remote,full,Томск,Koronatech,DevOps-инженер,"Kubernetes,Linux",2026-02-04T08:19:10+0300,https://hh.ru/vacancy/129637146,DevOps
130103286,DevOps Engineer,4000,,EUR,between3And6,remote,full,Москва,Finstar Financial Group,DevOps-инженер,"AWS,DevOps,Kubernetes,SQL,CI/CD",2026-02-02T17:45:35+0300,https://hh.ru/vacancy/130103286,DevOps
130102377,DevOps-инженер,120000,,RUR,between3And6,remote,project,Калуга,Expert Solutions,DevOps-инженер,"Linux,Python,Деловая коммуникация,Big Data,Zabbix,Unix,PowerShell,VMware,OSI,DNS,SSH,MS SQL,MS SQL Server,Ubuntu,Мониторинг,Atlassian Jira,Виртуализация",2026-02-02T17:17:13+0300,https://hh.ru/vacancy/130102377,DevOps
129903454,DevOps-инженер,,,,between3And6,fullDay,full,Москва,РОМИР,DevOps-инженер,"Системное мышление,Аналитическое мышление,Ответственность за результат,Самостоятельность,Инициативность,Умение работать в команде,Ориентация на результат,Ориентация на качество",2026-02-02T15:17:50+0300,https://hh.ru/vacancy/129903454,DevOps
129784770,Руководитель группы разработки (Ведущий Fullstack Developer PHP/JS + DevOps),,,,between3And6,remote,full,Екатеринбург,Т Плюс,Руководитель группы разработки,,2026-02-07T09:43:07+0300,https://hh.ru/vacancy/129784770,DevOps
130090709,DevOps-инженер,,324000,RUR,between3And6,remote,full,Москва,Цифровой семейный офис,DevOps-инженер,"Linux,Kubernetes,DevOps,Ansible,PostgreSQL,ELK,Gitlab,GitLab CI,RabbitMQ,Kafka,Nginx,Prometheus,Zabbix,Администрирование серверов Linux",2026-02-02T13:54:24+0300,https://hh.ru/vacancy/130090709,DevOps
126369004,DevOps-инженер,,,,between3And6,remote,full,Санкт-Петербург,KASSIR.RU,DevOps-инженер,"Kubernetes,CI/CD,PostgreSQL",2026-02-02T12:23:46+0300,https://hh.ru/vacancy/126369004,DevOps
130242018,DevOps-инженер с фокусом на AI/ML,,,,between3And6,remote,full,Москва,Innovative People,DevOps-инженер,,2026-02-06T13:49:33+0300,https://hh.ru/vacancy/130242018,DevOps
130082031,DevOps-инженер,,250000,RUR,between3And6,remote,full,Пермь,Lexica,DevOps-инженер,"Docker,Linux,PostgreSQL,Jenkins,CI/CD",2026-02-02T11:45:09+0300,https://hh.ru/vacancy/130082031,DevOps
130241725,DevOps инженер в Security Operations Center (SOC),,,,between1And3,fullDay,full,Москва,SberTech,DevOps-инженер,,2026-02-06T13:41:50+0300,https://hh.ru/vacancy/130241725,DevOps
129393857,DevOps Engineer,375000,,RUR,between3And6,fullDay,full,Самара,"Алабуга, ОЭЗ ППТ",DevOps-инженер,,2026-02-02T11:19:59+0300,https://hh.ru/vacancy/129393857,DevOps
129393855,DevOps Engineer,375000,,RUR,between3And6,fullDay,full,Санкт-Петербург,"Алабуга, ОЭЗ ППТ",DevOps-инженер,,2026-02-02T11:19:39+0300,https://hh.ru/vacancy/129393855,DevOps
129393854,DevOps Engineer,375000,,RUR,between3And6,fullDay,full,Москва,"Алабуга, ОЭЗ ППТ",DevOps-инженер,,2026-02-02T11:19:20+0300,https://hh.ru/vacancy/129393854,DevOps
127541488,Senior DevOps Engineer(в Тбилиси),,,,between3And6,fullDay,full,Москва,TRADINGVIEW GEORGIA,DevOps-инженер,"Docker,Kubernetes,Terraform,Linux,Bash,AWS,Python",2026-02-05T12:21:28+0300,https://hh.ru/vacancy/127541488,DevOps
130198705,Middle DevOps Engineer (PaaS App.Farm),,,,between3And6,remote,full,Москва,РСХБ-Интех,DevOps-инженер,"Kubernetes,Elasticsearch,Docker,Linux,DevOps,Git,Go,Grafana,Kafka,GitLab CI,RabbitMQ",2026-02-05T11:17:56+0300,https://hh.ru/vacancy/130198705,DevOps
130198602,Middle DevOps Engineer (PaaS App.Farm),,,,between1And3,remote,full,Новосибирск,РСХБ-Интех,DevOps-инженер,"Kubernetes,Elasticsearch,Docker,Linux,DevOps,Git,Go,Grafana,Kafka,GitLab CI,RabbitMQ",2026-02-05T11:15:44+0300,https://hh.ru/vacancy/130198602,DevOps
130247519,DevOps инженер в команду CI/CD R&D,,,,between3And6,remote,full,Москва,WILDBERRIES,DevOps-инженер,,2026-02-06T15:52:03+0300,https://hh.ru/vacancy/130247519,DevOps
130141104,Старший разработчик (DevOps),,,,between3And6,fullDay,full,Санкт-Петербург,Газпром информ,DevOps-инженер,,2026-02-03T17:32:48+0300,https://hh.ru/vacancy/130141104,DevOps
130177692,DevOps (Platform V Print),,,,between3And6,fullDay,full,Москва,SberTech,Специалист технической поддержки,,2026-02-04T17:41:40+0300,https://hh.ru/vacancy/130177692,DevOps
129075774,DevOps engineer [Middle],,,,between3And6,remote,full,Омск,Диплей,DevOps-инженер,,2026-02-03T15:07:06+0300,https://hh.ru/vacancy/129075774,DevOps
129075713,DevOps engineer [Middle],,,,between3And6,remote,full,Новосибирск,Диплей,DevOps-инженер,,2026-02-03T15:06:59+0300,https://hh.ru/vacancy/129075713,DevOps
130133429,Главный Инженер DevOps,,,,between3And6,remote,full,Москва,АФЛТ-Системс,DevOps-инженер,"Ansible,CI/CD,Kubernetes,Коммуникабельность,СУБД",2026-02-03T14:59:51+0300,https://hh.ru/vacancy/130133429,DevOps
130130991,Senior DevOps-инженер,250000,300000,RUR,moreThan6,remote,project,Москва,Live Typing,DevOps-инженер,"Linux,CI/CD,Kubernetes,HAProxy",2026-02-03T14:14:35+0300,https://hh.ru/vacancy/130130991,DevOps
130129870,DevOps/ DBA инженер,,,,between3And6,fullDay,full,Санкт-Петербург,SKL Group,DevOps-инженер,"Docker,MS SQL,Kubernetes,GitLab CI,MS SQL Server,MySQL",2026-02-03T13:57:13+0300,https://hh.ru/vacancy/130129870,DevOps
130128643,DevOps инженер (стажер),70000,80000,RUR,noExperience,remote,full,Санкт-Петербург,Aston,DevOps-инженер,"Linux,IaC,CI/CD,NETWORK,Jenkins,Администрирование серверов Linux,ORACLE,MS SQL,DevOps,Azure,CircleCI,Администрирование,Настройка серверов,Настройка ПО,Настройка сетевых подключений,Локальные сети,Администрирование сетевого оборудования,Сборка ПК,Ответственность,Внимательность,Docker,Bash,Python,Git",2026-02-03T13:33:14+0300,https://hh.ru/vacancy/130128643,DevOps
130128844,DevOps инженер (ученик),70000,80000,RUR,noExperience,remote,full,Ростов-на-Дону,Aston,DevOps-инженер,"Linux,IaC,CI/CD,NETWORK,Jenkins,Администрирование серверов Linux,ORACLE,MS SQL,DevOps,Azure,CircleCI,Администрирование,Настройка серверов,Настройка ПО,Настройка сетевых подключений,Локальные сети,Администрирование сетевого оборудования,Сборка ПК,Ответственность,Внимательность,Docker,Bash,Python,Git,Пользователь ПК,Деловое общение,Обучение,Информационные технологии",2026-02-03T13:37:26+0300,https://hh.ru/vacancy/130128844,DevOps
130126256,DevOps Engineer (MDR),,,,between3And6,remote,full,Москва,Лаборатория Касперского,DevOps-инженер,,2026-02-03T12:51:14+0300,https://hh.ru/vacancy/130126256,DevOps
130126636,DevOps specialist (Кибербезопасность),,,,moreThan6,remote,full,Москва,Cloud.ru,DevOps-инженер,,2026-02-03T12:59:42+0300,https://hh.ru/vacancy/130126636,DevOps
128152022,"DevOps Engineer (IoT), г.Новосибирск",150000,,RUR,between1And3,fullDay,full,Новосибирск,LEDsi Smart Innovations,DevOps-инженер,"Git,Linux,DNS,HTTP,CI/CD,Python,Ruby,Zabbix,Redis,Terraform,Debian,Ubuntu,CentOS,FIrewall,Docker,Docker-compose",2026-02-04T13:46:11+0300,https://hh.ru/vacancy/128152022,DevOps
130120019,Senior DevOps-инженер,,,,between3And6,remote,full,Москва,Innovative People,DevOps-инженер,,2026-02-03T11:06:43+0300,https://hh.ru/vacancy/130120019,DevOps
130158830,"Devops: DevOps / Platform Engineer (Kubernetes, Terraform, Yandex Cloud)",,,,between1And3,remote,project,Москва,ТПС Недвижимость,DevOps-инженер,,2026-02-04T11:23:55+0300,https://hh.ru/vacancy/130158830,DevOps
130063931,DevOps Engineer,,,,moreThan6,remote,full,Москва,ВАЙБ ГЕЙМС,DevOps-инженер,"Docker,Linux,Git,MySQL",2026-02-01T10:10:40+0300,https://hh.ru/vacancy/130063931,DevOps
130222204,Senior DevOps инженер в команду GenAI. Setup,,,,between3And6,fullDay,full,Москва,СБЕР,"Программист, разработчик",,2026-02-05T19:51:34+0300,https://hh.ru/vacancy/130222204,DevOps
129935551,Devops,,,,between3And6,fullDay,full,Москва,СБЕР,DevOps-инженер,,2026-01-27T21:09:16+0300,https://hh.ru/vacancy/129935551,DevOps
130178595,"Серверный системный администратор (железо, DevOps)",,,,between3And6,fullDay,full,Москва,ГЕТ ЭКСПЕРТС РЕКРУТМЕНТ,Системный администратор,,2026-02-04T17:47:05+0300,https://hh.ru/vacancy/130178595,DevOps
129910573,DevOps,,,,moreThan6,fullDay,full,Москва,Платформа Трим,DevOps-инженер,"Kubernetes,Ansible,Zabbix,Linux,Docker,Prometheus",2026-01-27T11:17:00+0300,https://hh.ru/vacancy/129910573,DevOps
125877867,DevOps-инженер Middle,,,,between3And6,remote,full,Москва,"РОЛЬФ, группа компаний",DevOps-инженер,"Linux,PostgreSQL,DevOps,Grafana,Prometheus,MySQL,Обучение и развитие,Bash,Python,Kubernetes,Docker",2026-02-02T09:24:08+0300,https://hh.ru/vacancy/125877867,DevOps
130199198,Senior / Lead DevOps-инженер (продуктовая ИТ-компания),,,,moreThan6,remote,full,Санкт-Петербург,Первая Форма,DevOps-инженер,,2026-02-05T11:26:11+0300,https://hh.ru/vacancy/130199198,DevOps
130124072,Middle+ / Senior DevOps-инженер,200000,,RUR,moreThan6,remote,full,Санкт-Петербург,RedLab,DevOps-инженер,"PostgreSQL,SQL,DevOps,Kubernetes,Apache Kafka,RabbitMQ,Docker,Redis,Grafana",2026-02-03T12:10:16+0300,https://hh.ru/vacancy/130124072,DevOps
130193696,Программист Отдела сопровождения систем интеграции (junior DevOps),,,,noExperience,fullDay,full,Краснодар,"Кубань Кредит, КБ",DevOps-инженер,,2026-02-05T09:44:57+0300,https://hh.ru/vacancy/130193696,DevOps
130059304,DevOps-инженер,200000,300000,RUR,between1And3,fullDay,full,Москва,МСН Телеком,DevOps-инженер,"Linux,Docker,Kubernetes,PostgreSQL,Kafka,Ansible,GitLab CI,DevOps,ELK,Prometheus,CentOS,Terraform,Apache Kafka,DWH,SQL",2026-01-31T01:05:34+0300,https://hh.ru/vacancy/130059304,DevOps
130058151,DevOps-инженер,,,,between3And6,fullDay,full,Москва,Лига Цифровой Экономики,DevOps-инженер,,2026-01-30T19:15:38+0300,https://hh.ru/vacancy/130058151,DevOps
130053215,DevOps-инженер,,,,between3And6,remote,full,Москва,"ЗащитаИнфоТранс, ФГУП",DevOps-инженер,,2026-01-30T16:28:50+0300,https://hh.ru/vacancy/130053215,DevOps
130051540,DevOps engineer,4500,,USD,between3And6,remote,full,Москва,Соколова Анна Александровна,DevOps-инженер,"Docker,Linux,DevOps,MongoDB,AWS,Clickhouse",2026-01-30T16:04:29+0300,https://hh.ru/vacancy/130051540,DevOps
130053211,DevOps-инженер,,,,between3And6,remote,full,Москва,Московская Биржа,DevOps-инженер,,2026-01-30T16:28:44+0300,https://hh.ru/vacancy/130053211,DevOps
130049178,DevOps-инженер,,,,between1And3,fullDay,full,Санкт-Петербург,Diasoft,DevOps-инженер,,2026-01-30T15:20:21+0300,https://hh.ru/vacancy/130049178,DevOps
130048127,DevOps-инженер,,,,between3And6,fullDay,full,Москва,Инфосистемы Джет,DevOps-инженер,,2026-01-30T14:59:21+0300,https://hh.ru/vacancy/130048127,DevOps
130050353,DevOps Engineer,,,,between3And6,fullDay,full,Москва,Positive Technologies,DevOps-инженер,"Linux,Kubernetes,GitLab CI,Fuzzing,Bash",2026-01-30T15:43:44+0300,https://hh.ru/vacancy/130050353,DevOps
127909835,DevOps - инженер,,,,between3And6,fullDay,full,Москва,СберЛизинг,Специалист технической поддержки,,2026-01-30T14:55:50+0300,https://hh.ru/vacancy/127909835,DevOps
130042243,DevOps инженер,,,,moreThan6,fullDay,full,Москва,СБЕР,DevOps-инженер,,2026-01-30T12:55:10+0300,https://hh.ru/vacancy/130042243,DevOps
130036574,DevOps-инженер,,180000,RUR,between1And3,fullDay,full,Самара,Techno Diasoft,DevOps-инженер,,2026-01-30T11:03:52+0300,https://hh.ru/vacancy/130036574,DevOps
130036575,DevOps-инженер,,180000,RUR,between1And3,fullDay,full,Екатеринбург,Techno Diasoft,DevOps-инженер,,2026-01-30T11:03:52+0300,https://hh.ru/vacancy/130036575,DevOps
130142261,DevOps-инженер в Travel Tech,,,,between3And6,fullDay,full,Санкт-Петербург,Sputnik8,DevOps-инженер,,2026-02-03T18:14:29+0300,https://hh.ru/vacancy/130142261,DevOps
130034712,DevOps Engineer,,150000,RUR,between1And3,fullDay,full,Казань,ТатАИСЭнерго,DevOps-инженер,,2026-01-30T10:31:46+0300,https://hh.ru/vacancy/130034712,DevOps
129718160,DevOps-инженер (Команда баз данных),,,,between3And6,remote,full,Москва,X5 Digital,DevOps-инженер,"Linux,Ansible,Prometheus,PostgreSQL,Clickhouse,Elasticsearch",2026-02-03T16:47:31+0300,https://hh.ru/vacancy/129718160,DevOps
130141957,DevOps-инженер (Трайб Customer tech),,,,between3And6,remote,full,Москва,АО «ОТП Банк» (JSC «OTP Bank»),DevOps-инженер,,2026-02-03T18:02:44+0300,https://hh.ru/vacancy/130141957,DevOps
130131044,Senior DevOps Engineer (AWS) | Инженер,,,,between3And6,remote,full,Москва,Social Quantum,DevOps-инженер,"Amazon Web Services,Terraform,terragrunt,Docker,TeamCity,Linux,Git,AWS",2026-02-03T14:15:41+0300,https://hh.ru/vacancy/130131044,DevOps
130010055,DevOps-инженер,,,,between3And6,remote,full,Москва,НТЦ ИТ РОСА,DevOps-инженер,"DevOps,CI/CD,Linux,TCP/IP,DNS,Ansible,Terraform,Docker,Kubernetes,Prometheus,Grafana,Python,Bash,Git,KVM,PostgreSQL,MySQL",2026-01-29T15:16:11+0300,https://hh.ru/vacancy/130010055,DevOps
130005155,Senior Devops,,,,moreThan6,remote,full,Москва,Devhunt,DevOps-инженер,,2026-01-29T14:11:50+0300,https://hh.ru/vacancy/130005155,DevOps
130005686,DevOps-инженер,,290000,RUR,between1And3,remote,full,Москва,Кадровое агентство Аспект,DevOps-инженер,,2026-01-29T14:18:55+0300,https://hh.ru/vacancy/130005686,DevOps
129995675,DevOps-инженер,,,,between3And6,fullDay,full,Санкт-Петербург,Garage Eight,DevOps-инженер,"Linux,Docker,Kubernetes,PostgreSQL,Ansible,Nginx,Terraform,RabbitMQ,Zabbix,Grafana,Prometheus,DevOps,ELK,AWS",2026-01-29T11:36:16+0300,https://hh.ru/vacancy/129995675,DevOps
129990166,DevOps engineer,,,,between1And3,fullDay,full,Санкт-Петербург,ИСТ,DevOps-инженер,"Git,Linux,Bash,Python",2026-01-29T10:10:57+0300,https://hh.ru/vacancy/129990166,DevOps
129984472,DevOps-инженер,91000,,RUR,between1And3,fullDay,full,Салехард,ГКУ Ресурсы Ямала,DevOps-инженер,"Linux,TCP/IP,DNS,HTTP,Python,Zabbix,Docker,Git,Nginx",2026-01-29T08:20:04+0300,https://hh.ru/vacancy/129984472,DevOps
125105590,Ментор DevOps,,,,moreThan6,remote,project,Москва,МФК Саммит,DevOps-инженер,,2026-01-29T07:21:49+0300,https://hh.ru/vacancy/125105590,DevOps
127523766,DevOps инженер на проект TeC (Черногория),,,,between3And6,fullDay,full,Москва,Tungsten Montenegro DOO Podgorica,DevOps-инженер,"Terraform,Kubernetes,CI/CD,Bash,Python,Linux,PowerShell,Perforce",2026-02-03T15:39:14+0300,https://hh.ru/vacancy/127523766,DevOps
130104419,DevOps Site Reliability Engineer / SRE,,,,between3And6,remote,full,Москва,Росгосстрах,DevOps-инженер,"Docker,DevOps,PostgreSQL,Bash,CI/CD,GitLab CI,Kubernetes",2026-02-02T18:35:19+0300,https://hh.ru/vacancy/130104419,DevOps
130126234,DevOps-инженер в команду BPA Ops,,,,between3And6,remote,full,Москва,АВИТО ТЕХ,DevOps-инженер,"Linux,Администрирование серверов Linux,Python,PostgreSQL",2026-02-03T12:50:29+0300,https://hh.ru/vacancy/130126234,DevOps
129976639,DevOps-инженер,,,,between1And3,fullDay,full,Москва,ГКУ Инфогород,DevOps-инженер,"Linux,Docker,Prometheus,CI/CD,Ansible,Kubernetes,Gitlab",2026-01-28T19:26:01+0300,https://hh.ru/vacancy/129976639,DevOps
129976113,DevOps-инженер,,,,between3And6,fullDay,full,Москва,Федеральная пассажирская компания (АО ФПК),DevOps-инженер,"Linux,Docker,ORACLE",2026-01-28T18:47:10+0300,https://hh.ru/vacancy/129976113,DevOps
129973993,DevOps-инженер,,,,between1And3,fullDay,full,Москва,Фогейм,DevOps-инженер,,2026-01-28T17:25:01+0300,https://hh.ru/vacancy/129973993,DevOps
129275371,DevOps / Platform Engineer (Middle/Senior),,,,between3And6,remote,full,Москва,Drivee,DevOps-инженер,"Kubernetes,Linux,Terraform,Ansible,CI/CD",2026-02-02T15:52:47+0300,https://hh.ru/vacancy/129275371,DevOps
130154259,Руководитель Группы сопровождения инфраструктуры разработки [DevOps] (MWS AI),,,,between3And6,remote,full,Москва,МТС,DevOps-инженер,"Terraform,Ansible,DevOps,Docker,PostgreSQL,Gitlab",2026-02-04T10:09:46+0300,https://hh.ru/vacancy/130154259,DevOps
129972780,DevOps инженер,,240000,RUR,between3And6,remote,full,Москва,Data World,DevOps-инженер,,2026-01-28T17:01:37+0300,https://hh.ru/vacancy/129972780,DevOps
129967639,DevOps-инженер,,,,between3And6,fullDay,full,Москва,QTECH,DevOps-инженер,"Linux,Docker,Python,DevOps",2026-01-28T15:29:52+0300,https://hh.ru/vacancy/129967639,DevOps
129575464,DevOps-инженер,,,,between3And6,remote,full,Москва,AVON,DevOps-инженер,"CI/CD,DevOps,Gitlab,Docker,Kubernetes,Vault",2026-01-28T13:36:28+0300,https://hh.ru/vacancy/129575464,DevOps
129959397,DevOps/ MLOps,,,,between3And6,fullDay,full,Москва,Т1,DevOps-инженер,,2026-01-28T13:08:31+0300,https://hh.ru/vacancy/129959397,DevOps
129955561,DevOps-инженер,191400,273400,RUR,between3And6,fullDay,full,Москва,Московский фонд реновации жилой застройки,DevOps-инженер,,2026-01-28T12:08:50+0300,https://hh.ru/vacancy/129955561,DevOps
129949065,DevOps-инженер,,,,between3And6,fullDay,full,Москва,РСХБ Факторинг,DevOps-инженер,,2026-01-28T10:33:36+0300,https://hh.ru/vacancy/129949065,DevOps
129942739,DevOps-инженер,,,,between1And3,remote,part,Калининград,Jeni Zinovieva,DevOps-инженер,"DevOps,Wordpress,CI/CD",2026-01-28T08:46:45+0300,https://hh.ru/vacancy/129942739,DevOps
129745565,DevOps,,,,between3And6,fullDay,full,Москва,Группа Компаний РУСАГРО,DevOps-инженер,"Zabbix,PowerShell,Bash,DevOps,Nginx,MySQL,Docker,PostgreSQL,Kubernetes,Python",2026-01-22T10:45:04+0300,https://hh.ru/vacancy/129745565,DevOps
130057242,Senior DevOps Engineer,,,,moreThan6,remote,full,Москва,Employcity,DevOps-инженер,"Kubernetes,Docker,ArgoCD,GitLab CI",2026-01-30T18:08:16+0300,https://hh.ru/vacancy/130057242,DevOps
130006477,Главный эксперт (DevOps),,,,between3And6,remote,full,Самара,Т Плюс,DevOps-инженер,,2026-01-30T14:41:51+0300,https://hh.ru/vacancy/130006477,DevOps
129934914,DevOps-инженер,,,,between1And3,remote,full,Казань,Торговый Дом Лотос,DevOps-инженер,,2026-01-27T20:02:54+0300,https://hh.ru/vacancy/129934914,DevOps
130037427,DevOps системный инженер,,,,between1And3,fullDay,full,Новосибирск,Бинго-Софт,DevOps-инженер,"Gitlab,Ansible,Docker,CI/CD",2026-01-30T11:18:27+0300,https://hh.ru/vacancy/130037427,DevOps
129932640,DevOps-инженер,,,,between1And3,fullDay,full,Москва,Лига Цифровой Экономики,DevOps-инженер,,2026-01-27T17:43:46+0300,https://hh.ru/vacancy/129932640,DevOps
130285387,Инженер компьютерного зрения / Machine Learning Engineer (для гидравлических роботов),150000,,RUR,between1And3,fullDay,full,Воронеж,"ИНТЕХРОС, Межрегиональная группа компаний","Программист, разработчик","Python,YOLO,GitHub,OpenCV,Nvidia Jetson,ROS",2026-02-09T13:42:40+0300,https://hh.ru/vacancy/130285387,machine learning инженер
130270815,Data Scientist / Machine Learning Engineer (специалист по машинному обучению и большим данным),,,,moreThan6,fullDay,full,Москва,РНГ,Дата-сайентист,"Python,SQL,Big Data,pandas,TensorFlow,PyTorch,Computer Vision",2026-02-09T09:38:24+0300,https://hh.ru/vacancy/130270815,machine learning инженер
130293319,Middle/Senior Data Scientist (Deep Learning),,,,between3And6,fullDay,full,Москва,СБЕР,Аналитик,,2026-02-09T16:09:50+0300,https://hh.ru/vacancy/130293319,machine learning инженер
128548139,Senior Machine Learning Engineer (Predictive & Prescriptive Modeling),,,,between3And6,fullDay,full,Санкт-Петербург,ЯСП,Дата-сайентист,"Английский язык,Artificial Intelligence,Machine learning,Анализ данных,Деловое общение,Data Analysis,Умение работать в коллективе,Организаторские навыки,Python",2026-02-07T20:01:36+0300,https://hh.ru/vacancy/128548139,machine learning инженер
128539097,"Machine Learning Engineer (RecSys, E-com)",,,,between1And3,remote,full,Москва,GRI,Дата-сайентист,,2026-02-05T15:55:24+0300,https://hh.ru/vacancy/128539097,machine learning инженер
130168772,Data Scientist / Machine Learning Engineer,,,,between3And6,remote,full,Москва,Innovative People,Дата-сайентист,,2026-02-04T14:37:28+0300,https://hh.ru/vacancy/130168772,machine learning инженер
129588246,ML-инженер,200000,350000,RUR,between3And6,remote,full,Москва,МФК Фордевинд,Дата-сайентист,"Numpy,pandas,Matplotlib,LightGBM,CatBoost,Machine Learning,Data Science,Математическая статистика,Математический анализ",2026-02-09T11:53:44+0300,https://hh.ru/vacancy/129588246,machine learning инженер
130093095,Senior/Lead Machine Learning Engineer,,,,moreThan6,fullDay,full,Москва,Лаборатория Касперского,Дата-сайентист,"Matplotlib,Python,pandas,Numpy,Clickhouse,Apache Kafka,CatBoost",2026-02-02T14:28:28+0300,https://hh.ru/vacancy/130093095,machine learning инженер
129497932,ML-инженер / Data Scientist,,,,between1And3,fullDay,full,Москва,Строительный Двор,Дата-сайентист,"Python,Machine Learning,pandas,SQL,Numpy,Big Data,NLP,Computer Vision,PyTorch,Deep Learning,Vertica,TensorFlow,ETL,Hadoop",2026-02-09T12:33:18+0300,https://hh.ru/vacancy/129497932,machine learning инженер
130197448,Deep Learning Engineer в команду ML Planning,,,,moreThan6,fullDay,full,Москва,Navio,"Программист, разработчик","Python,PyTorch,Transformer,Machine Learning,Теория вероятностей,Cuda,TensorFlow,C++,ROS,Reinforcement Learning",2026-02-05T10:55:08+0300,https://hh.ru/vacancy/130197448,machine learning инженер
128658744,ML engineer / Data Scientist,,,,between3And6,remote,full,Москва,WILDBERRIES,Дата-сайентист,"Python,Docker,Apache Airflow,Clickhouse,Greenplum,Deep Learning,Reinforcement Learning,Machine Learning,PySpark,динамическое ценообразование",2026-02-09T10:09:36+0300,https://hh.ru/vacancy/128658744,machine learning инженер
129461566,Инженер машинного обучения,230000,290000,RUR,between1And3,fullDay,full,Москва,ГК ВессоЛинк,Другое,"Python,PostgreSQL,MySQL,machine learning enineer,компьютерное зрение,программирование,code review,разработка модулей",2026-02-08T11:30:55+0300,https://hh.ru/vacancy/129461566,machine learning инженер
129725571,Machine Learning Engineer,250000,,RUR,between3And6,remote,full,Екатеринбург,Винные аналитические системы,Дата-сайентист,"Machine Learning,Deep Learning,LLM,Python,PyTorch,TensorFlow,MLOps,Data Pipelines,RAG,Embeddings",2026-01-21T17:51:12+0300,https://hh.ru/vacancy/129725571,machine learning инженер
130240754,ML-инженер,,,,between3And6,fullDay,full,Москва,СберМобайл,Дата-сайентист,"Python,ML,NLP,LLM",2026-02-06T13:18:43+0300,https://hh.ru/vacancy/130240754,machine learning инженер
129721877,Robotics Software Engineer (команда Манипуляция),,,,between3And6,fullDay,full,Москва,ТехВилл,"Программист, разработчик","Git,Python,Linux",2026-02-08T16:26:45+0300,https://hh.ru/vacancy/129721877,machine learning инженер
129641703,Junior Machine learning engineer (Новосибирск),,,,between1And3,remote,full,Новосибирск,Shkulev Holding,Дата-сайентист,"Python,NLP,Docker,pandas",2026-01-20T11:26:11+0300,https://hh.ru/vacancy/129641703,machine learning инженер
126470284,Machine Learning Engineer / Инженер по Машинному Обучению (в офис),170000,200000,RUR,between1And3,fullDay,full,Тольятти,Айкью Групп,"Программист, разработчик","PyTorch,Keras,pandas,Numpy,Scikit-learn,Python,TensorFlow",2026-01-21T13:48:52+0300,https://hh.ru/vacancy/126470284,machine learning инженер
129341356,Middle Machine Learning инженер (NLP),,,,between3And6,fullDay,full,Санкт-Петербург,"ЭВРИКА, Санкт-Петербург",Дата-сайентист,"Python,ML,Deep Learning,Big Data,Machine Learning",2026-01-13T10:23:01+0300,https://hh.ru/vacancy/129341356,machine learning инженер
129410386,Machine Learning Operations Engineer (MLOps),300000,400000,RUR,between3And6,remote,full,Москва,Sminex,DevOps-инженер,"MLflow,Kubernetes,Ollama,Keycloak,Docker,SonarQube,ML,Машинное обучение,MySQL,Machine Learning,CI/CD,ArgoCD,Prometheus,Grafana",2026-01-14T11:46:04+0300,https://hh.ru/vacancy/129410386,machine learning инженер
129676746,Data Scientist / Machine Learning Engineer в Управление стратегии и развития корпоративного бизнеса,,,,between3And6,fullDay,full,Москва,АО «ОТП Банк» (JSC «OTP Bank»),Дата-сайентист,,2026-01-20T20:05:08+0300,https://hh.ru/vacancy/129676746,machine learning инженер
129395597,Senior Machine Learning Engineer (Real-Time Audio Processing),,,,moreThan6,remote,full,Москва,Интеграция Дистрибуция Проекты,"Программист, разработчик","PyTorch,TensorFlow,Python,ML,Machine Learning,Deep Learning,TensorRT,ONNX,Triton Inference Server,Librosa,Speech Processing,Audio Processing,Speech Enhancement,Real-Time Systems,Digital Signal Processing,CUDA,Streaming Audio",2026-01-14T09:02:19+0300,https://hh.ru/vacancy/129395597,machine learning инженер
130162479,ML/NLP Инженер (Менторство),,,,between3And6,remote,part,Москва,Миргалеев Марк Робертович,Дата-сайентист,"Python,NLP,SQL,Git,Машинное обучение,Linux,PyTorch,CatBoost,ML,Numpy,Data Science,pandas,Теория вероятностей,Математическая статистика,Machine Learning,Docker",2026-02-04T12:26:30+0300,https://hh.ru/vacancy/130162479,machine learning инженер
129349280,Machine Learning Team Lead (Тбилиси/Лимасол),,,,moreThan6,fullDay,full,Москва,TRADINGVIEW GEORGIA,Руководитель группы разработки,"llm,nlp,Менеджмент,Управление командой",2026-01-13T11:28:40+0300,https://hh.ru/vacancy/129349280,machine learning инженер
128656003,"Специалист по машинному обучению (ML-engineer, Data Scientist)",,270000,RUR,between3And6,fullDay,full,Щербинка (Московская область),МПК,Дата-сайентист,"OCR,BERT,NER,TensorFlow,PostgreSQL,NLP,Tesseract,Python,Machine Learning",2026-02-07T09:17:28+0300,https://hh.ru/vacancy/128656003,machine learning инженер
130124266,Middle+ / Senior ML-инженер,260000,,RUR,moreThan6,remote,full,Санкт-Петербург,RedLab,Дата-сайентист,"Машинное обучение,PostgreSQL,Python,SQL,Numpy,Linux,Git,Clickhouse",2026-02-03T12:13:58+0300,https://hh.ru/vacancy/130124266,machine learning инженер
128423388,Machine Learning Engineer в группу контекстных рекомендаций в VK Видео,,,,between3And6,fullDay,full,Москва,VK,Дата-сайентист,"Машинное обучение,Machine Learning",2026-01-12T18:46:32+0300,https://hh.ru/vacancy/128423388,machine learning инженер
129479493,Data Engineer,,,,between3And6,remote,full,Санкт-Петербург,Петрович-Тех,Дата-сайентист,"SQL,ETL,Clickhouse,Apache Kafka,DWH,Python",2026-02-02T17:08:34+0300,https://hh.ru/vacancy/129479493,machine learning инженер
130104658,Инженер технической поддержки 1С:УТ,,,,between1And3,remote,full,Санкт-Петербург,Петрович-Тех,Специалист технической поддержки,,2026-02-02T18:53:18+0300,https://hh.ru/vacancy/130104658,machine learning инженер
128086185,R&D-инженер (middle),,,,between1And3,fullDay,full,Москва,Актив,"Программист, разработчик",,2026-01-30T11:33:40+0300,https://hh.ru/vacancy/128086185,machine learning инженер
130010611,AI Engineer,,,,between3And6,remote,full,Санкт-Петербург,Just AI,"Программист, разработчик",,2026-01-29T15:23:55+0300,https://hh.ru/vacancy/130010611,machine learning инженер
130040588,Python/ML Engineer,,,,between3And6,remote,full,Москва,ICVR,"Программист, разработчик",,2026-01-30T12:17:46+0300,https://hh.ru/vacancy/130040588,machine learning инженер
130100623,Middle/Senior ML Engineer (Развитие клиентского опыта),,,,between3And6,fullDay,full,Москва,СБЕР,Аналитик,,2026-02-02T16:46:05+0300,https://hh.ru/vacancy/130100623,machine learning инженер
129536541,Senior / Lead Technical Project Manager,,,,between3And6,fullDay,full,Москва,EKSLi,Менеджер продукта,"Планирование бюджета,Scrum,Agile,Roadmap,Анализ рисков,Деловая коммуникация,Онбординг,Основы управления проектами",2026-02-09T18:27:11+0300,https://hh.ru/vacancy/129536541,machine learning инженер
130261963,Fullstack-разработчик,,,,between1And3,fullDay,full,Подольск (Московская область),АКРОН ХОЛДИНГ,"Программист, разработчик","JavaScript,PHP,Python,React,Git",2026-02-08T19:52:42+0300,https://hh.ru/vacancy/130261963,machine learning инженер
129611136,Senior Data Scientist – Renewable Energy Trading,5000,7000,USD,moreThan6,remote,full,Москва,Trading Integral Solutions,Дата-сайентист,"Python,regression,ensemble learning,time series forecasting,Scikit-learn,XGBoost,,TensorFlow,PyTorch,CGP,Kubernetes,Terraform,CI/CD",2026-02-09T16:46:05+0300,https://hh.ru/vacancy/129611136,machine learning инженер
129886386,Data Scientist,,,,between3And6,fullDay,full,Москва,Леста Игры,Дата-сайентист,"SQL,Python,Deep Learning,Machine Learning",2026-02-07T16:28:26+0300,https://hh.ru/vacancy/129886386,machine learning инженер
129661922,Senior MLOps инженер,,,,moreThan6,fullDay,full,Санкт-Петербург,Selectel,DevOps-инженер,"Python,Kubernetes,Docker,AI,ML",2026-01-20T15:14:31+0300,https://hh.ru/vacancy/129661922,machine learning инженер
129596498,ML-инженер (LLM),,,,between3And6,fullDay,full,Ижевск,ЭДС,Дата-сайентист,"Machine Learning,LLM,Написание промптов,Разработка RAG-пайплайнов,NLP,Классические NLP-методы",2026-01-19T13:33:35+0300,https://hh.ru/vacancy/129596498,machine learning инженер
129432701,ML-инженер,,,,between3And6,remote,full,Санкт-Петербург,Петрович-Тех,Другое,,2026-01-14T16:27:11+0300,https://hh.ru/vacancy/129432701,machine learning инженер
129723226,Middle+ / Senior ML-инженер,260000,,RUR,moreThan6,remote,full,Екатеринбург,RedLab,Дата-сайентист,"Машинное обучение,PostgreSQL,Python,SQL,Numpy,Linux,Git,Clickhouse",2026-01-21T16:52:22+0300,https://hh.ru/vacancy/129723226,machine learning инженер
129723227,Middle+ / Senior ML-инженер,260000,,RUR,moreThan6,remote,full,Краснодар,RedLab,Дата-сайентист,"Машинное обучение,PostgreSQL,Python,SQL,Numpy,Linux,Git,Clickhouse",2026-01-21T16:52:22+0300,https://hh.ru/vacancy/129723227,machine learning инженер
129799081,Senior ML Engineer,,,,moreThan6,remote,project,Ростов-на-Дону,Табор,"Программист, разработчик","Машинное обучение,Python,PyTorch,SQL,Docker,MLflow,Apache Airflow",2026-01-23T13:29:51+0300,https://hh.ru/vacancy/129799081,machine learning инженер
129319155,ML-инженер,,,,between3And6,fullDay,full,Санкт-Петербург,Специальный Технологический Центр (ООО СТЦ),Дата-сайентист,"Python,PyTorch,Linux,Git,Computer Vision,MLOps,Machine Learning,ML,Математическая статистика,Алгоритмы и структуры данных,SQL,Машинное обучение,Deep Learning,Нейронные сети,Bash,Docker,MLflow",2026-01-12T18:04:09+0300,https://hh.ru/vacancy/129319155,machine learning инженер
129749466,Инженер центра управления и мониторинга,85000,,RUR,between3And6,remote,full,Владивосток,Динамический весовой контроль,Специалист технической поддержки,"Администрирование серверов Linux,Пуско-наладочные работы,Системы мониторинга сетей,Техническая поддержка",2026-01-22T11:40:19+0300,https://hh.ru/vacancy/129749466,machine learning инженер
129749084,Инженер центра управления и мониторинга,85000,,RUR,between3And6,remote,full,Красноярск,Динамический весовой контроль,Специалист технической поддержки,"Администрирование серверов Linux,Пуско-наладочные работы,Системы мониторинга сетей,Техническая поддержка",2026-01-22T11:36:13+0300,https://hh.ru/vacancy/129749084,machine learning инженер
129673637,Data Science / ML Engineer / NLP Engineer,,,,between3And6,remote,full,Москва,Сбер Бизнес Софт,Дата-сайентист,"Python,Git,PyTorch,Deep Learning,ML",2026-01-20T18:19:02+0300,https://hh.ru/vacancy/129673637,machine learning инженер
129504333,Инженер машинного обучения (ML),2000,,USD,between1And3,remote,full,Севастополь,Alfa Algorithms Cyprus,Дата-сайентист,"Английский язык,Machine Learning",2026-01-16T09:37:39+0300,https://hh.ru/vacancy/129504333,machine learning инженер
129514706,ML и MLL инженер,,,,between3And6,fullDay,full,Москва,VELES.FINANCE,Дата-сайентист,,2026-01-16T12:05:29+0300,https://hh.ru/vacancy/129514706,machine learning инженер
129637621,Автор курса «ML-инженер» в Практикум,,,,between3And6,remote,part,Москва,Яндекс,Другое,,2026-01-20T10:40:37+0300,https://hh.ru/vacancy/129637621,machine learning инженер
129745467,ML Engineer в команду anti-DDoS,,,,between3And6,remote,full,Москва,VK,Дата-сайентист,"Python,Алгоритмы и структуры данных,PyTorch,TensorFlow,Scikit-learn",2026-01-22T11:37:39+0300,https://hh.ru/vacancy/129745467,machine learning инженер
129527597,AI/LLM Engineer в GenAI Evaluation,,,,between3And6,remote,full,Москва,HeadHunter,"Программист, разработчик","Python,machine learning,data science,nlp,genai,langchain,vllm,oss models,rag,asyncio,FastAPI,quadrant,milvus,pgvector,highload,llm api,deepeval,langfuse",2026-01-20T12:54:19+0300,https://hh.ru/vacancy/129527597,machine learning инженер
129476215,ML Engineer (RecSys & GenAI),,,,between1And3,fullDay,full,Ростов-на-Дону,Softezza,Дата-сайентист,"Machine Learning,Python,PyTorch,PySpark,Clickhouse,Redis,PostgreSQL,MySQL,Apache Airflow,MLflow,Kubernetes,Docker,FastAPI,Apache Kafka",2026-01-15T14:59:30+0300,https://hh.ru/vacancy/129476215,machine learning инженер
128355951,Аналитик,,,,between1And3,fullDay,full,Новосибирск,True Engineering,Аналитик,"Бизнес-анализ,Системный анализ,UML,MS Visio,MS Project,Анализ требований заказчика,Техническая документация",2026-02-01T07:38:38+0300,https://hh.ru/vacancy/128355951,machine learning инженер
129370191,Data Scientist / ML-инженер (алгоритмы и оптимизация),350000,,RUR,between3And6,remote,full,Москва,Rubbles,Дата-сайентист,"Python,Spark,SQL,Machine Learning,pandas,Машинное обучение,Data Science,Big Data,PySpark,Hive,Анализ данных,Data Analysis,ML,Hadoop",2026-01-13T15:17:29+0300,https://hh.ru/vacancy/129370191,machine learning инженер
129429508,AI/LLM Engineer в AI Lab,,,,between3And6,remote,full,Москва,HeadHunter,Дата-сайентист,"Python,machine learning,data science,nlp,genai,langchain,langgraph,vllm,oss models,prompt engineering,rag,system design,FastAPI,asyncio,quadrant,mulvus,pgvector,highload,llm api",2026-01-14T15:43:31+0300,https://hh.ru/vacancy/129429508,machine learning инженер
129355447,"Senior Java Engineer (JavaSE, algorithms, optimization)",5000,,USD,moreThan6,remote,full,Москва,BrainShells,"Программист, разработчик","Java,Java SE,MySQL,Статистический анализ,Многопоточность,Алгоритмы и структуры данных,Оптимизация кода",2026-01-13T12:31:10+0300,https://hh.ru/vacancy/129355447,machine learning инженер
129673765,Azure Data Architect,,,,moreThan6,remote,full,Москва,ОнТаргет ЛАБС,"BI-аналитик, аналитик данных","Azure Databricks,Microsoft Fabric,Azure Synapse Analytics,PySpark,DP-203,AZ-305",2026-02-07T18:23:08+0300,https://hh.ru/vacancy/129673765,machine learning инженер
129354443,ML Engineer / Data Science Developer (Python) / Дата-сайентист,230000,310000,RUR,between3And6,remote,full,Москва,Rubbles,"Программист, разработчик","Big Data,Data Science,Machine Learning,Python,ML,Машинное обучение,Высокие коммуникативные навыки,Управление командой,Scikit-learn,pandas,CI/CD,Алгоритмы,Лидерство,Коммуникабельность,Управленческие навыки,Мотивация персонала,Организаторские навыки",2026-01-13T12:20:00+0300,https://hh.ru/vacancy/129354443,machine learning инженер
129456546,"Senior ML Engineer [Human Digital Twin, МТС Веб Сервисы]",,,,between3And6,remote,full,Москва,МТС,Дата-сайентист,"TensorFlow,PyTorch,Deep Learning,NLP,Spark,Natural Language Processing,ML,Docker,SQL,PostgreSQL,Machine Learning",2026-01-15T10:30:14+0300,https://hh.ru/vacancy/129456546,machine learning инженер
130132093,Fullstack-разработчик,,,,between1And3,fullDay,full,Самара,АКРОН ХОЛДИНГ,"Программист, разработчик","JavaScript,Python,React,Git",2026-02-03T14:37:27+0300,https://hh.ru/vacancy/130132093,machine learning инженер
130182438,ML/AI Architect,,,,moreThan6,remote,full,Москва,КОРУС Консалтинг,Руководитель группы разработки,"GenAI,RAG,AI-ассистенты,LLM,ML,Embeddings,Prompt engineering",2026-02-04T20:22:56+0300,https://hh.ru/vacancy/130182438,machine learning инженер
130043408,"Researcher [LLM, VLM, and Omni-Model Training] (MWS AI)",,,,between3And6,remote,full,Москва,МТС,"Научный специалист, исследователь",Research And Development,2026-01-30T13:20:04+0300,https://hh.ru/vacancy/130043408,machine learning инженер
130174459,Руководитель проектов (Generative AI & Recommendation Systems),,,,between1And3,remote,full,Москва,БУРГЕР КИНГ РОССИЯ,Руководитель группы разработки,,2026-02-04T16:35:45+0300,https://hh.ru/vacancy/130174459,machine learning инженер
129378345,IT Project manager,90000,150000,RUR,between1And3,fullDay,full,Ростов-на-Дону,ФГАНУ НИИ Спецвузавтоматика,Руководитель проектов,"Agile Project Management,Управление интернет-проектами,Управление проектами",2026-02-02T13:00:47+0300,https://hh.ru/vacancy/129378345,machine learning инженер
129160815,Тренер технологического обучения (Nexign Academy),,,,between3And6,fullDay,full,Санкт-Петербург,Nexign (АО Нэксайн),Бизнес-тренер,,2026-01-29T11:59:05+0300,https://hh.ru/vacancy/129160815,machine learning инженер
129953090,Team Lead ML / Data Science,,,,between3And6,fullDay,full,Москва,"МАГНИТ, Розничная сеть",Дата-сайентист,,2026-01-28T11:33:21+0300,https://hh.ru/vacancy/129953090,machine learning инженер
126993736,Data Scientist,,,,between3And6,fullDay,full,Москва,Овербест Рус,Дата-сайентист,"Python,Numpy,pandas,Scikit-learn,PyTorch,TensorFlow",2026-01-20T17:02:32+0300,https://hh.ru/vacancy/126993736,machine learning инженер
129930024,Архитектор решений (Искусственный интеллект),,,,between3And6,remote,full,Москва,Т1,Архитектор,"Machine Learning,ML,Python,Enterprise-архитектура",2026-01-27T16:51:25+0300,https://hh.ru/vacancy/129930024,machine learning инженер
129940973,Специалист по цифровым технологиям аудита,,,,between1And3,fullDay,full,Екатеринбург,СБЕР,"BI-аналитик, аналитик данных",,2026-01-28T08:04:38+0300,https://hh.ru/vacancy/129940973,machine learning инженер
129909337,Data Scientist,,,,between1And3,remote,full,Москва,MoneyCat,Дата-сайентист,,2026-01-27T11:00:35+0300,https://hh.ru/vacancy/129909337,machine learning инженер
130048908,Data Scientist (NLP),,,,between3And6,remote,full,Москва,Ингосстрах,Дата-сайентист,"Data Science,Machine Learning,NLP",2026-01-30T15:12:20+0300,https://hh.ru/vacancy/130048908,machine learning инженер
130008506,Senior Data Scientist,,,,between3And6,fullDay,full,Москва,СБЕР,Финансовый контролер,,2026-01-29T14:59:30+0300,https://hh.ru/vacancy/130008506,machine learning инженер
129581123,"Data Scientist Team Lead (ML, NLP, LLM)",,,,moreThan6,fullDay,full,Москва,Эйлер Аналитические Технологии,Дата-сайентист,"Scikit-learn,LLM,ML,Python,Teamleading",2026-01-19T10:45:21+0300,https://hh.ru/vacancy/129581123,machine learning инженер
129725660,"Data Scientist Mid+/Sen (кредитный скоринг, CRM)",,,,between3And6,remote,full,Москва,Spice IT,"BI-аналитик, аналитик данных","Python,SQL,pandas,Numpy,XGBoost,CatBoost,Scikit-learn,ООП,Hadoop,Greenplum,LightGBM",2026-01-21T17:54:01+0300,https://hh.ru/vacancy/129725660,machine learning инженер
128098666,Tech Lead — LLM Train,,,,between3And6,remote,full,Москва,HeadHunter,Дата-сайентист,"machine learning,data science,nlp,PyTorch,genai,llm train,llm fine-tuning,sft,peft,rlhf,ppo,dpo,grpo,lora,langchain,langgraph,trl,transformers,accelerate,vllm,oss models,prompt engineering,rag,system design",2026-01-22T15:30:20+0300,https://hh.ru/vacancy/128098666,machine learning инженер
129476621,"Старший разработчик Go, Рантайм рекомендаций",,,,between3And6,remote,full,Москва,Ozon,"Программист, разработчик","Разработка поисковых технологий,IT,Go,Golang,Python,Java,C++,С#",2026-01-15T15:04:20+0300,https://hh.ru/vacancy/129476621,machine learning инженер
129515507,Senior Data Scientist (Центр розничного риск-моделирования),,,,between3And6,fullDay,full,Москва,СБЕР,Аналитик,,2026-01-16T12:17:10+0300,https://hh.ru/vacancy/129515507,machine learning инженер
129311081,Director of Product Marketing & Enterprise Presales for IoT/IIoT Platform,,,,between3And6,fullDay,full,Москва,Tibbo Systems,Менеджер продукта,,2026-01-12T16:09:42+0300,https://hh.ru/vacancy/129311081,machine learning инженер
129736801,Senior Data Scientist (NLP),,,,moreThan6,fullDay,full,Москва,СБЕР,Аналитик,,2026-01-22T08:30:44+0300,https://hh.ru/vacancy/129736801,machine learning инженер
126992704,Quantitative Researcher,,,,between3And6,fullDay,full,Москва,Овербест Рус,Дата-сайентист,"Python,pandas,Numpy,SciPy,Business English",2026-01-12T15:21:53+0300,https://hh.ru/vacancy/126992704,machine learning инженер
129500834,"Solution owner (VoIP, VAS, Telco)",,,,between3And6,fullDay,full,Москва,Sifox,Руководитель группы разработки,"Project management,Product Development,VAS,VoIP,SIP,ASR,Machine Learning,TTS,STT,Linux",2026-01-16T08:38:01+0300,https://hh.ru/vacancy/129500834,machine learning инженер
128285903,Руководитель AI-инфраструктуры,,,,between3And6,fullDay,full,Москва,СБЕР,Специалист технической поддержки,"AI,ML,HPC,GPU,Kubernetes,LLM,SLURM,ЦОД,Руководство коллективом,СХД,MLOps",2026-01-12T10:51:30+0300,https://hh.ru/vacancy/128285903,machine learning инженер
129264623,ИТ-специалист (стажер),,,,noExperience,fullDay,full,Пермь,IBS,Аналитик,"SQL,MS Excel",2026-01-12T09:04:34+0300,https://hh.ru/vacancy/129264623,machine learning инженер
129264541,ИТ-специалист (стажер),,,,noExperience,fullDay,full,Ульяновск,IBS,Аналитик,"SQL,MS Excel",2026-01-12T09:03:33+0300,https://hh.ru/vacancy/129264541,machine learning инженер
129264164,ИТ-специалист (стажер),,,,noExperience,fullDay,full,Волгоград,IBS,Аналитик,"SQL,MS Excel",2026-01-12T08:59:25+0300,https://hh.ru/vacancy/129264164,machine learning инженер
127957960,Middle+ / Senior ML-инженер,260000,,RUR,moreThan6,remote,full,Москва,RedLab,Дата-сайентист,"Машинное обучение,PostgreSQL,Python,SQL,Numpy,Linux,Git,Clickhouse",2026-01-20T16:04:35+0300,https://hh.ru/vacancy/127957960,machine learning инженер
129264165,ИТ-специалист (стажер),,,,noExperience,fullDay,full,Пенза,IBS,Аналитик,"SQL,MS Excel",2026-01-12T08:59:25+0300,https://hh.ru/vacancy/129264165,machine learning инженер
129278708,Data Scientist,,,,between3And6,fullDay,full,Санкт-Петербург,Специальный Технологический Центр (ООО СТЦ),Дата-сайентист,,2026-02-09T11:53:46+0300,https://hh.ru/vacancy/129278708,data scientist
128735176,Senior Data Scientist,,,,between3And6,remote,full,Москва,Электронная торговая площадка Газпромбанка,Дата-сайентист,,2026-02-09T17:02:35+0300,https://hh.ru/vacancy/128735176,data scientist
123530141,Data Scientist (RAG),,,,between3And6,remote,full,Москва,Ростелеком Информационные Технологии,Дата-сайентист,,2026-02-09T10:31:47+0300,https://hh.ru/vacancy/123530141,data scientist
128519683,Data Scientist (NLP),,,,between1And3,remote,full,Москва,Ростелеком Информационные Технологии,Дата-сайентист,,2026-02-09T10:31:43+0300,https://hh.ru/vacancy/128519683,data scientist
129431924,Data Scientist (Speech),,,,between1And3,remote,full,Москва,Ростелеком Информационные Технологии,Дата-сайентист,,2026-02-09T10:31:50+0300,https://hh.ru/vacancy/129431924,data scientist
129598785,Middle+ Data Scientist LLM,,,,between3And6,remote,full,Москва,билайн,Дата-сайентист,"Python,PyTorch,NLP,LLM",2026-02-09T14:03:11+0300,https://hh.ru/vacancy/129598785,data scientist
121370571,Data Scientist / ML Engineer,,,,between1And3,fullDay,full,Москва,АПТЕКИ ВАША № 1,Дата-сайентист,"Python,SQL,Clickhouse,CatBoost,XGBoost",2026-02-09T09:55:07+0300,https://hh.ru/vacancy/121370571,data scientist
130287200,Data Scientist (риски беззалогового кредитования),,,,between1And3,fullDay,full,Москва,СБЕР,Дата-сайентист,"SQL,Python,Анализ данных",2026-02-09T14:13:21+0300,https://hh.ru/vacancy/130287200,data scientist
127654614,Data Scientist в команду вертикального поиска,,,,between3And6,fullDay,part,Москва,АВИТО ТЕХ,Дата-сайентист,,2026-02-09T16:57:44+0300,https://hh.ru/vacancy/127654614,data scientist
123528201,Senior Data Scientist в Товарные рекомендации,,,,between3And6,remote,full,Москва,WILDBERRIES,Дата-сайентист,"Python,PyTorch,PySpark",2026-02-09T16:33:30+0300,https://hh.ru/vacancy/123528201,data scientist
130080897,Data Scientist,90000,115000,RUR,noExperience,fullDay,full,Москва,ЕМЕ,"BI-аналитик, аналитик данных","Математическая статистика,Математическое моделирование,ML,Математический анализ,Data Science,Машинное обучение,Machine Learning,Numpy,Docker",2026-02-08T11:25:16+0300,https://hh.ru/vacancy/130080897,data scientist
130297458,Ведущий разработчик искусственного интеллекта/Middle Data scientist,180000,180000,RUR,between1And3,remote,full,Москва,Геномед,Дата-сайентист,,2026-02-09T17:36:42+0300,https://hh.ru/vacancy/130297458,data scientist
129613835,Middle Data Scientist (СV) / Computer Vision Engineer,,,,between3And6,remote,full,Москва,MillionAgents,Дата-сайентист,,2026-02-09T17:19:13+0300,https://hh.ru/vacancy/129613835,data scientist
127871241,Senior Data Scientist в Центр моделирования (Риски),,,,between3And6,fullDay,full,Москва,АО «ОТП Банк» (JSC «OTP Bank»),Дата-сайентист,"Python,Greenplum,Hadoop,PySpark,Airflow",2026-02-09T17:12:52+0300,https://hh.ru/vacancy/127871241,data scientist
128840817,Data Scientist в команду рисков МСФО,,,,between3And6,remote,full,Москва,Газпромбанк,Дата-сайентист,,2026-02-09T13:00:04+0300,https://hh.ru/vacancy/128840817,data scientist
129933041,Data Scientist (GameDev),,,,between3And6,remote,full,Москва,Студия Кефир,Дата-сайентист,"BigQuery,Apache Airflow,Python,Power BI",2026-02-08T18:00:11+0300,https://hh.ru/vacancy/129933041,data scientist
129493468,Аналитик данных (дата инженер/data scientist),,,,between3And6,fullDay,full,Москва,Diamond Personnel R&C,Дата-сайентист,"Python,SQL,Английский язык,Визуализация данных,MS PowerPoint",2026-02-09T10:38:24+0300,https://hh.ru/vacancy/129493468,data scientist
129001493,Data Scientist (команда перспективных алгоритмов машинного обучения),,,,between1And3,fullDay,full,Москва,Банк ВТБ (ПАО),Дата-сайентист,"Python,Spark,ML,SQL,PyTorch,Computer Vision,Математическая статистика",2026-02-09T13:28:26+0300,https://hh.ru/vacancy/129001493,data scientist
129313107,Data Scientist (Анализ цены),,,,between1And3,remote,full,Москва,Домклик,Дата-сайентист,"SQL,Алгоритмы и структуры данных,Python",2026-02-08T16:30:49+0300,https://hh.ru/vacancy/129313107,data scientist
130303026,Data-инженер (риски потребительских кредитов и кредитных карт),,,,between1And3,fullDay,full,Москва,СБЕР,Аналитик,,2026-02-10T06:38:20+0300,https://hh.ru/vacancy/130303026,data scientist
130257881,Senior Data Scientist,,,,between3And6,fullDay,full,Москва,СБЕР,Аналитик,,2026-02-07T17:54:00+0300,https://hh.ru/vacancy/130257881,data scientist
129426267,Data Scientist (Junior),,100000,RUR,noExperience,fullDay,full,Москва,BND LLC,Дата-сайентист,"Computer Vision,Python,OpenCV,NamPy,pandas,ML,SQL,TensorPT",2026-02-07T15:00:40+0300,https://hh.ru/vacancy/129426267,data scientist
129271878,Senior Data Scientist (Medical CV),300000,500000,RUR,moreThan6,remote,full,Москва,Simplenight,Дата-сайентист,,2026-02-08T10:08:56+0300,https://hh.ru/vacancy/129271878,data scientist
127843549,Главный специалист/Руководитель направления Группы валидации моделей ПВР и ВПОДК (Data Scientist ),,,,between1And3,fullDay,full,Москва,Московский Кредитный Банк,Дата-сайентист,,2026-02-09T10:27:56+0300,https://hh.ru/vacancy/127843549,data scientist
129469452,Senior Data scientist в команду Персонализации,,,,between3And6,remote,full,Москва,Бьюти-ретейлер Золотое Яблоко,Дата-сайентист,"Python,MS Visual Studio,pandas,Машинное обучение",2026-02-08T13:18:10+0300,https://hh.ru/vacancy/129469452,data scientist
129701968,Специалист по искусственному интеллекту (Middle Data Scientist),,,,between1And3,remote,full,Челябинск,Фианит-ломбард,Дата-сайентист,,2026-02-08T12:07:06+0300,https://hh.ru/vacancy/129701968,data scientist
130199205,Data Scientist (Специалист по науке о данных),,,,between3And6,fullDay,full,Москва,Лемана ПРО,Дата-сайентист,"Python,SQL,Uplift,Church Prediction,Retention,Математическая статистика,Customer Lifetime Value,Personalization & Recommender Systems",2026-02-08T11:26:20+0300,https://hh.ru/vacancy/130199205,data scientist
130248034,Lead Data Scientist,,,,between3And6,fullDay,full,Москва,Кадровое Агентство ОК Консалт,Дата-сайентист,,2026-02-06T16:02:21+0300,https://hh.ru/vacancy/130248034,data scientist
129649717,Senior ML Engineer / Data Scientist,250000,350000,RUR,between3And6,remote,full,Москва,Про.Потолок,Дата-сайентист,"ML/DL/CV,FastAPI,TensorFlow,PyTorch,Transformers,OpenCV,Numpy,LangChain,YOLO,Linux,Ubuntu",2026-02-07T12:58:02+0300,https://hh.ru/vacancy/129649717,data scientist
130234832,Data Scientist (Senior),,,,between3And6,fullDay,full,Москва,Вкусно — и точка,Дата-сайентист,"Python,ML,CI\CD,СУБД,Linux",2026-02-06T11:12:57+0300,https://hh.ru/vacancy/130234832,data scientist
125227794,Senior Data Scientist / Инженер машинного обучения в команду моделей для логистики,,,,between3And6,remote,full,Москва,WILDBERRIES,Дата-сайентист,"Python,PySpark",2026-02-08T14:07:20+0300,https://hh.ru/vacancy/125227794,data scientist
130250029,Data Scientist / ML Engineer,70000,100000,RUR,noExperience,fullDay,full,Владивосток,Мазурёнок Андрей Александрович,Дата-сайентист,"Python,Research,Алгоритмы и структуры данных,Математическая статистика,Машинное обучение,Big Data,Оптимизация маркетинговых кампаний,Numpy,SciPy,Управление портфелем продуктов,Эконометрика,Математическое моделирование",2026-02-06T16:44:54+0300,https://hh.ru/vacancy/130250029,data scientist
130168653,Data Scientist,,,,between3And6,remote,full,Москва,Softline,Дата-сайентист,,2026-02-04T14:34:37+0300,https://hh.ru/vacancy/130168653,data scientist
129762695,Senior Data Scientist,,,,between3And6,fullDay,full,Москва,СБЕР,Аналитик,,2026-02-05T18:09:05+0300,https://hh.ru/vacancy/129762695,data scientist
129652351,Ведущий специалист отдела математического моделирования/Data Scientist,,,,between1And3,remote,full,Нижний Новгород,Eqvanta,Другое,,2026-02-07T13:28:15+0300,https://hh.ru/vacancy/129652351,data scientist
130285154,Data-инженер (риски потребительских кредитов и кредитных карт),,,,between3And6,fullDay,full,Москва,СБЕР,Аналитик,,2026-02-09T13:38:10+0300,https://hh.ru/vacancy/130285154,data scientist
130079446,Руководитель Data Science команды (Анализ спроса в маркетплейсе),,,,moreThan6,remote,full,Москва,Ozon,Дата-сайентист,"IT,Торговая площадка,PyTorch,MS SQL,pandas,Python,transformers,Apache Airflow,Deep Learning,Classic ML",2026-02-09T13:31:53+0300,https://hh.ru/vacancy/130079446,data scientist
130143277,Data scientist,,,,between1And3,fullDay,full,Москва,ФИНАМ,Дата-сайентист,"SQL,Python,ML,Коммуникабельность,Математическая статистика,Деловая коммуникация,CatBoost,pandas,Scikit-learn,LightGBM,Big Data",2026-02-03T19:19:54+0300,https://hh.ru/vacancy/130143277,data scientist
130140129,Data Scientist,,,,between1And3,remote,full,Москва,"МАГНИТ, Розничная сеть",Дата-сайентист,"Python,SQL,Математический анализ,Математическая статистика,Алгоритмы и структуры данных,Исследовательский анализ данных",2026-02-03T17:08:16+0300,https://hh.ru/vacancy/130140129,data scientist
130114483,Data Scientist,174000,175000,RUR,between1And3,remote,full,Москва,РостДжоб,Дата-сайентист,"Экспертное владение Python-библиотеками для AI/ML,Docker,LangFuse",2026-02-03T09:37:22+0300,https://hh.ru/vacancy/130114483,data scientist
130238310,"Senior Data Scientist (LLM Agents, Блок Финансы)",,,,between3And6,fullDay,full,Москва,СБЕР,Аналитик,,2026-02-06T12:25:00+0300,https://hh.ru/vacancy/130238310,data scientist
130077335,Data Scientist,,,,between3And6,remote,full,Санкт-Петербург,2ГИС,"Программист, разработчик","Python,SQL,ML,A/B тесты,Unit Testing,CI/CD",2026-02-02T10:31:16+0300,https://hh.ru/vacancy/130077335,data scientist
130077336,Data Scientist,,,,between3And6,remote,full,Новосибирск,2ГИС,"Программист, разработчик","Python,SQL,ML,A/B тесты,Unit Testing,CI/CD",2026-02-02T10:31:16+0300,https://hh.ru/vacancy/130077336,data scientist
120855552,Data Scientist middle/senior,,,,between3And6,remote,full,Москва,X5 Tech,Дата-сайентист,"Python,Hadoop,Big Data,Machine Learning",2026-02-04T19:25:19+0300,https://hh.ru/vacancy/120855552,data scientist
127921686,Senior Data scientist / Старший эконометрист,,,,between3And6,remote,full,Москва,Okkam,Дата-сайентист,"Эконометрика,Marketing mix modeling,Математическое моделирование",2026-02-05T09:51:24+0300,https://hh.ru/vacancy/127921686,data scientist
130134625,Data Scientist (marketing),,,,between1And3,remote,full,Москва,М.Видео-Эльдорадо,Дата-сайентист,,2026-02-03T15:18:56+0300,https://hh.ru/vacancy/130134625,data scientist
130172110,"Data Scientist, Опыт покупателя",,,,between3And6,remote,full,Москва,Ozon,Дата-сайентист,"IT,Торговая площадка,ML,Python",2026-02-04T15:46:38+0300,https://hh.ru/vacancy/130172110,data scientist
130159628,Data Scientist / Дата-сайентист,270000,290000,RUR,between3And6,remote,full,Москва,В Кадре,Дата-сайентист,,2026-02-04T11:36:13+0300,https://hh.ru/vacancy/130159628,data scientist
130196395,Специалист по анализу данных (Data Scientist),,,,between3And6,remote,full,Москва,Аврора,Дата-сайентист,,2026-02-05T10:34:33+0300,https://hh.ru/vacancy/130196395,data scientist
130075413,Data Scientist (NLP),,,,between1And3,fullDay,full,Самара,СимбирСофт,Дата-сайентист,,2026-02-02T10:01:58+0300,https://hh.ru/vacancy/130075413,data scientist
130127550,Data scientist / CV Engineer,,,,moreThan6,fullDay,full,Москва,ИЦ АЙ-ТЕКО,Дата-сайентист,,2026-02-03T13:13:14+0300,https://hh.ru/vacancy/130127550,data scientist
130116650,Data scientist / CV Engineer,,,,moreThan6,remote,full,Москва,ИЦ АЙ-ТЕКО,Дата-сайентист,,2026-02-03T10:11:21+0300,https://hh.ru/vacancy/130116650,data scientist
130116310,Data Scientist / CV Engineer,,,,between3And6,remote,full,Москва,ИЦ АЙ-ТЕКО,Дата-сайентист,"Python,Git,CV,PostgreSQL,Clickhouse,Linux,Docker,C++",2026-02-03T10:05:26+0300,https://hh.ru/vacancy/130116310,data scientist
130115416,Data scientist / CV Engineer,,,,moreThan6,remote,full,Москва,ИЦ АЙ-ТЕКО,Дата-сайентист,,2026-02-03T09:53:16+0300,https://hh.ru/vacancy/130115416,data scientist
130114411,Data scientist / CV Engineer,,300000,RUR,moreThan6,remote,full,Москва,ИЦ АЙ-ТЕКО,Дата-сайентист,,2026-02-03T09:36:13+0300,https://hh.ru/vacancy/130114411,data scientist
130257937,Руководитель команды RnD Data Science,,,,between3And6,fullDay,full,Москва,СБЕР,Аналитик,,2026-02-07T18:14:30+0300,https://hh.ru/vacancy/130257937,data scientist
130207726,Senior Data Scientist / Deep Learning Engineer (рекомендательные системы),,,,between3And6,fullDay,full,Нижний Новгород,СБЕР,Аналитик,,2026-02-05T14:14:40+0300,https://hh.ru/vacancy/130207726,data scientist
130207142,Senior Data Scientist / Deep Learning Engineer (рекомендательные системы),,,,between3And6,fullDay,full,Москва,СБЕР,Аналитик,,2026-02-05T14:03:20+0300,https://hh.ru/vacancy/130207142,data scientist
130051709,Data Scientist,,,,between1And3,fullDay,full,Москва,НПФ Будущее,Дата-сайентист,"text2speech,speech2text,Optical Character Recognition,Рекомендательные системы,Промпт-инжиниринг",2026-01-30T16:07:51+0300,https://hh.ru/vacancy/130051709,data scientist
130039134,Data Scientist,,,,between3And6,remote,full,Москва,IEK GROUP,Аналитик,"SQL,Python,Olap (online analytical processing),Аналитическое мышление,MS SQL,Git,CI/CD,Docker",2026-01-30T11:50:48+0300,https://hh.ru/vacancy/130039134,data scientist
130039420,Data Scientist,,,,between1And3,fullDay,full,Санкт-Петербург,Банк Санкт-Петербург,Дата-сайентист,"Python,SQL,Анализ данных,Hadoop,pandas,PyTorch",2026-01-30T11:56:36+0300,https://hh.ru/vacancy/130039420,data scientist
130205102,Senior Data Scientist (Команда Цифровой Аватар B2C),,,,between3And6,fullDay,full,Москва,СБЕР,Аналитик,,2026-02-05T13:19:00+0300,https://hh.ru/vacancy/130205102,data scientist
130098946,Data Scientist Audio (Антидипфейк),,,,between3And6,fullDay,full,Москва,СБЕР,Аналитик,,2026-02-02T16:12:40+0300,https://hh.ru/vacancy/130098946,data scientist
130203507,Data Engineer,,,,between1And3,remote,full,Москва,ПИК-специализированный застройщик,Дата-сайентист,"ETL,PostgreSQL,Python",2026-02-05T12:47:05+0300,https://hh.ru/vacancy/130203507,data scientist
130079205,Team Lead Risk Data Scientist в Антифрод,,,,between3And6,fullDay,full,Москва,Т-Банк,Дата-сайентист,,2026-02-04T16:13:24+0300,https://hh.ru/vacancy/130079205,data scientist
130115393,Senior Data scientist / CV Engineer,,300000,RUR,between3And6,remote,full,Москва,ИЦ АЙ-ТЕКО,Дата-сайентист,,2026-02-03T09:53:00+0300,https://hh.ru/vacancy/130115393,data scientist
130083230,Senior Data Scientist (Search),,,,between3And6,fullDay,full,Москва,СБЕР,Аналитик,,2026-02-02T12:05:21+0300,https://hh.ru/vacancy/130083230,data scientist
130110629,"Data Scientist в RecSys, middle+",,,,between3And6,remote,full,Санкт-Петербург,Контур,Дата-сайентист,"SASRec,CatBoost,CTR,collaborative filtering",2026-02-03T08:20:46+0300,https://hh.ru/vacancy/130110629,data scientist
130110630,"Data Scientist в RecSys, middle+",,,,between3And6,remote,full,Казань,Контур,Дата-сайентист,"SASRec,CatBoost,CTR,collaborative filtering",2026-02-03T08:20:46+0300,https://hh.ru/vacancy/130110630,data scientist
130142876,Senior Data Scientist (Recsys + NLP),,,,between3And6,fullDay,full,Москва,СБЕР,Аналитик,,2026-02-03T18:55:30+0300,https://hh.ru/vacancy/130142876,data scientist
124190794,Data scientist (команда CRM и модели оптимизации),,,,between1And3,remote,full,Москва,Банк ВТБ (ПАО),Дата-сайентист,"Python,Hadoop,ML,DL,PySpark",2026-02-04T10:18:05+0300,https://hh.ru/vacancy/124190794,data scientist
121123758,Data Scientist/ ML Engineer на Интеллектуальную платформу коммуникации,,,,between3And6,fullDay,full,Москва,X5 Tech,Дата-сайентист,"Python,LLM",2026-02-04T19:25:07+0300,https://hh.ru/vacancy/121123758,data scientist
124688054,Data Scientist,,,,between3And6,remote,full,Казань,МФК Саммит,Дата-сайентист,"Python,PostgreSQL,Numpy,OpenCV,FastAPI,Apache Airflow,CI/CD,Docker",2026-01-29T07:21:36+0300,https://hh.ru/vacancy/124688054,data scientist
130137267,Data Scientist / ML Engineer (широкий профиль),,,,moreThan6,fullDay,full,Москва,Один из лидеров ресторанной индустрии,Дата-сайентист,,2026-02-03T16:09:44+0300,https://hh.ru/vacancy/130137267,data scientist
130105499,Middle/Senior NLP Data Scientist,,,,between3And6,fullDay,full,Москва,СБЕР,Аналитик,,2026-02-02T20:09:56+0300,https://hh.ru/vacancy/130105499,data scientist
128483349,Lead Data Scientist (LLM) / Ведущий специалист по данным,,,,moreThan6,remote,full,Санкт-Петербург,WaveAccess,Дата-сайентист,"Python,SQL,LLM,Standard NLP stack,Standard ML stack",2026-02-04T15:29:24+0300,https://hh.ru/vacancy/128483349,data scientist
130207265,Data Scientist / RPA Developer / AI Implementation Specialist Специалист по обработке данных,150000,,RUR,between3And6,remote,part,Москва,ПраймКит,Дата-сайентист,"Python,SQL,PostgreSQL,Agile,Big Data,NoSQL,Cursor,Vibe Coding",2026-02-05T14:05:05+0300,https://hh.ru/vacancy/130207265,data scientist
130131487,Data Scientist в команду AI-агенты,,,,between3And6,remote,full,Москва,2ГИС,Дата-сайентист,"Python,LLM,AI",2026-02-03T14:25:28+0300,https://hh.ru/vacancy/130131487,data scientist
130098705,Data Scientist Senior (Центр инноваций),,,,between3And6,fullDay,full,Москва,СБЕР,Аналитик,"PyTorch,Python,NLP",2026-02-02T16:08:20+0300,https://hh.ru/vacancy/130098705,data scientist
126852879,Senior Data Scientist/Дата-сайентист (скоринг),,,,moreThan6,remote,full,Москва,Мокка,Дата-сайентист,,2026-02-03T11:16:20+0300,https://hh.ru/vacancy/126852879,data scientist
130108319,Data Scientist в Центр AI-маркетинга,,,,between3And6,fullDay,full,Москва,СБЕР,Аналитик,,2026-02-03T06:48:10+0300,https://hh.ru/vacancy/130108319,data scientist
128135467,Data Scientist,,,,between3And6,remote,full,Москва,2ГИС,"Программист, разработчик","Python,SQL,ML,A/B тесты,Unit Testing,CI/CD",2026-01-28T09:37:51+0300,https://hh.ru/vacancy/128135467,data scientist
130166717,"Senior Data Scientist, Дипфейки и аномалии, CV, Озон Банк",,,,between3And6,remote,full,Москва,Ozon,Дата-сайентист,Data Science,2026-02-04T13:56:30+0300,https://hh.ru/vacancy/130166717,data scientist
130175872,"Senior Data Scientist (моделирование продуктов B2B, Ozon Банк)",,,,between3And6,remote,full,Москва,Ozon,Дата-сайентист,Data Science,2026-02-04T17:05:41+0300,https://hh.ru/vacancy/130175872,data scientist
129914741,Data Scientist,,,,between3And6,fullDay,full,Москва,СК Сбербанк страхование жизни,Аналитик,,2026-01-27T12:20:21+0300,https://hh.ru/vacancy/129914741,data scientist
126743751,Junior + \ Middle Data Scientist в команду моделирования розничного бизнеса,,,,between1And3,fullDay,full,Москва,Банк ВТБ (ПАО),Дата-сайентист,"Python,SQL,PySpark",2026-02-04T10:18:10+0300,https://hh.ru/vacancy/126743751,data scientist
130130923,Middle Data Scientist (Команда Цифровой Аватар B2C),,,,between3And6,fullDay,full,Москва,СБЕР,Аналитик,,2026-02-03T14:13:20+0300,https://hh.ru/vacancy/130130923,data scientist
130127326,Middle Data Scientist (команда Персонализации коммуникаций от потребности клиента),,,,between1And3,fullDay,full,Москва,СБЕР,Аналитик,,2026-02-03T13:09:10+0300,https://hh.ru/vacancy/130127326,data scientist
129967550,Senior Data Scientist,,,,between3And6,fullDay,full,Москва,СБЕР,Аналитик,,2026-01-28T15:28:20+0300,https://hh.ru/vacancy/129967550,data scientist
129967402,Data Scientist (LLM),,,,between3And6,remote,full,Москва,YADRO,Дата-сайентист,Python,2026-01-28T15:26:07+0300,https://hh.ru/vacancy/129967402,data scientist
129963709,Senior Data Scientist,,350000,RUR,between3And6,remote,full,Москва,Selecty,Дата-сайентист,,2026-01-28T14:22:38+0300,https://hh.ru/vacancy/129963709,data scientist
129961945,"Data Scientist, Антибот",,,,between3And6,remote,full,Москва,Ozon,Дата-сайентист,"IT,Торговая площадка,Numpy,Deep Learning,SQL,Теория вероятностей,Python,pandas,Matplotlib,CatBoost,XGBoost,Математическая статистика",2026-01-28T13:52:24+0300,https://hh.ru/vacancy/129961945,data scientist
129956918,Data scientist (ML),,,,between3And6,fullDay,full,Москва,ANCOR,Дата-сайентист,"Python,SQL,MLflow,Рекомендательные системы,Прогнозирование спроса",2026-01-28T12:31:57+0300,https://hh.ru/vacancy/129956918,data scientist
129289593,Senior Data Scientist / ML Engineer (B2B AI-продукты),,,,moreThan6,remote,full,Москва,Финфрейм,Дата-сайентист,,2026-02-03T15:07:41+0300,https://hh.ru/vacancy/129289593,data scientist
130010921,Senior Data Scientist (Графы+RL),,,,between3And6,remote,full,Москва,USETECH,Дата-сайентист,"ReinforcementLearning,ML,DeepLearning,PyTorch,pandas,Matplotlib,HDFS,Spark",2026-01-29T15:27:40+0300,https://hh.ru/vacancy/130010921,data scientist
128037563,Data Scientist,,,,between3And6,fullDay,full,Екатеринбург,Навигатор инновационных решений,Дата-сайентист,,2026-01-24T10:25:56+0300,https://hh.ru/vacancy/128037563,data scientist
130101785,Middle/Senior Data Scientist LLM (команда B2C),,,,between3And6,fullDay,full,Москва,СБЕР,Аналитик,,2026-02-02T17:05:00+0300,https://hh.ru/vacancy/130101785,data scientist
130055660,Data Scientist (аудит/валидация моделей),160000,,RUR,between1And3,fullDay,full,Санкт-Петербург,СБЕР,Дата-сайентист,"Python,LLM,Spark,RAG,Нейронные сети",2026-01-30T17:18:57+0300,https://hh.ru/vacancy/130055660,data scientist
129879020,Senior Data Scientist,,,,between1And3,remote,full,Москва,"МАГНИТ, Розничная сеть",Дата-сайентист,"SQL,Python,A/B тесты,Машинное обучение",2026-01-26T14:38:10+0300,https://hh.ru/vacancy/129879020,data scientist
129967109,Chief Data Scientist (CDS),,,,between3And6,fullDay,full,Москва,Управляющая компания Первая,Аналитик,,2026-01-28T15:21:40+0300,https://hh.ru/vacancy/129967109,data scientist
129752013,Data Scientist,,,,between1And3,fullDay,full,Москва,СБЕР,Аналитик,,2026-01-22T12:15:10+0300,https://hh.ru/vacancy/129752013,data scientist
129752864,Data Scientist,,,,between3And6,fullDay,full,Москва,Абсолют Страхование,Дата-сайентист,"Python,SQL,Анализ данных",2026-01-22T12:29:53+0300,https://hh.ru/vacancy/129752864,data scientist
128984414,Data Scientist,,,,between1And3,fullDay,full,Москва,СберЛизинг,Дата-сайентист,,2026-01-21T16:47:40+0300,https://hh.ru/vacancy/128984414,data scientist
129976486,"Senior NLP, LLM Data Scientist",,,,between3And6,remote,full,Москва,СБЕР,Дата-сайентист,,2026-01-28T19:11:00+0300,https://hh.ru/vacancy/129976486,data scientist
129969110,"Стажер - Data Scientist, Ozon Банк",,,,noExperience,fullDay,full,Санкт-Петербург,Ozon,Дата-сайентист,Data Science,2026-01-28T15:58:13+0300,https://hh.ru/vacancy/129969110,data scientist
129666463,Data Scientist,,,,between3And6,fullDay,full,Москва,Центральный банк Российской Федерации (Банк России),Дата-сайентист,,2026-01-20T16:08:39+0300,https://hh.ru/vacancy/129666463,data scientist
130006676,"Senior Data Scientist (ДИТ ""Финансы""/CLTV)",250000,400000,RUR,between1And3,fullDay,full,Москва,СБЕР,"Программист, разработчик",,2026-01-29T14:32:50+0300,https://hh.ru/vacancy/130006676,data scientist
129945350,Middle+ Data Scientist (Модуль отклонений),,,,between1And3,fullDay,full,Москва,СБЕР,Аналитик,,2026-01-28T09:38:00+0300,https://hh.ru/vacancy/129945350,data scientist
130001168,Middle/Senior Data Scientist (команда Лояльность),,,,between3And6,fullDay,full,Москва,СБЕР,Аналитик,,2026-01-29T13:10:40+0300,https://hh.ru/vacancy/130001168,data scientist
128473664,Data scientist (AI-агенты),,,,between3And6,fullDay,full,Москва,СБЕРКОРУС,Дата-сайентист,"Data scientist,AI-агенты,RAG,LangChain,GigaChain",2026-01-26T12:42:57+0300,https://hh.ru/vacancy/128473664,data scientist
130139567,Инженер данных/Data Engineer,,,,between1And3,fullDay,full,Краснодар,ГК ТОЧНО,Дата-сайентист,,2026-02-03T16:54:46+0300,https://hh.ru/vacancy/130139567,data scientist
129926272,Data Scientist / LLM Engineer (middle),,,,between3And6,fullDay,full,Москва,СБЕР,Аналитик,,2026-01-27T15:39:29+0300,https://hh.ru/vacancy/129926272,data scientist
129768640,Data Scientist (Big Data),,,,between3And6,remote,full,Москва,Медиапоинт,Дата-сайентист,,2026-01-22T16:55:40+0300,https://hh.ru/vacancy/129768640,data scientist
129902973,Data Scientist Junior+/Middle (антифрод),,,,between1And3,fullDay,full,Москва,Банк ВТБ (ПАО),Дата-сайентист,SQL,2026-01-27T13:07:29+0300,https://hh.ru/vacancy/129902973,data scientist
128938244,Data Scientist,,,,between3And6,fullDay,full,Москва,Банки.ру,Дата-сайентист,"Python,SQL,TensorFlow,PyTorch,Keras,PySpark,Ad Hoc Analysis",2026-01-18T19:59:14+0300,https://hh.ru/vacancy/128938244,data scientist
129978171,Аналитик данных / Data-аналитик / Data Scientist / Продуктовый аналитик (Python),,,,between3And6,fullDay,full,Москва,Яндекс,Аналитик,"Python,Математическая статистика,Анализ данных,Алгоритмы и структуры данных",2026-01-28T21:34:35+0300,https://hh.ru/vacancy/129978171,data scientist
129762553,Data Scientist (Sberspace),,,,between3And6,fullDay,full,Москва,SberTech,Аналитик,,2026-01-22T15:07:20+0300,https://hh.ru/vacancy/129762553,data scientist
129763237,Data Scientist Middle,,,,between1And3,remote,full,Санкт-Петербург,Koronatech,Дата-сайентист,,2026-01-22T15:15:29+0300,https://hh.ru/vacancy/129763237,data scientist
129749598,Lead Data Scientist,,,,noExperience,fullDay,full,Москва,СБЕР,Аналитик,,2026-01-22T11:42:30+0300,https://hh.ru/vacancy/129749598,data scientist
129749498,Senior Data scientist,,,,between3And6,remote,full,Москва,AMarkets,Дата-сайентист,,2026-01-22T11:40:51+0300,https://hh.ru/vacancy/129749498,data scientist
130044103,Data Engineer,,,,between1And3,remote,full,Москва,Газпромбанк,Дата-сайентист,"SQL,Python,Git",2026-01-30T13:34:08+0300,https://hh.ru/vacancy/130044103,data scientist
129877071,Data Scientist в команду рисков,,,,between3And6,remote,full,Москва,Газпромбанк,Дата-сайентист,,2026-01-26T14:13:18+0300,https://hh.ru/vacancy/129877071,data scientist
122620503,Data Scientist в команду антифрода,,,,between3And6,fullDay,full,Москва,АВИТО ТЕХ,Дата-сайентист,,2026-01-26T11:43:12+0300,https://hh.ru/vacancy/122620503,data scientist
129708994,Senior Data Scientist,,,,between3And6,fullDay,full,Москва,СБЕР,Аналитик,,2026-01-21T13:37:50+0300,https://hh.ru/vacancy/129708994,data scientist
129998976,"Старший Data Scientist, Рекламный аукцион и управление ставками",,,,between3And6,remote,full,Москва,Ozon,Дата-сайентист,"IT,Разработка поисковых технологий,PyTorch,PostgreSQL,Python,data science",2026-01-29T12:30:17+0300,https://hh.ru/vacancy/129998976,data scientist
123534526,Senior Data Scientist (NLP) в Автоматизацию коммуникаций,,,,between3And6,fullDay,full,Москва,WILDBERRIES,Дата-сайентист,"Python,PyTorch,Deep Learning",2026-01-28T17:00:17+0300,https://hh.ru/vacancy/123534526,data scientist
129946876,Middle Data Scientist LLM (команда AI Phygital),,,,between1And3,fullDay,full,Москва,СБЕР,Аналитик,,2026-01-28T10:02:50+0300,https://hh.ru/vacancy/129946876,data scientist
130173641,"Руководитель группы разработки, Data Science, Опыт покупателя",,,,moreThan6,remote,full,Москва,Ozon,Руководитель группы разработки,"IT,Торговая площадка,Python,ML,NLP",2026-02-04T16:16:07+0300,https://hh.ru/vacancy/130173641,data scientist
129529108,Data Scientist,,,,between3And6,remote,full,Москва,Bell Integrator,Дата-сайентист,"MLflow,CI/CD,RAG,LLM,AI",2026-01-16T16:04:01+0300,https://hh.ru/vacancy/129529108,data scientist
129946398,Data Scientist Senior на проект в банк,230000,305000,RUR,moreThan6,remote,full,Москва,WIT recruitment,Дата-сайентист,"Deep Learning,MLflow,PyTorch,Numpy,Apache Spark",2026-01-28T09:55:30+0300,https://hh.ru/vacancy/129946398,data scientist
129680918,Data Scientist (senior),200000,400000,RUR,between3And6,remote,full,Москва,Бюро судебного взыскания,Дата-сайентист,"Python,SQL,pandas,MySQL,MS SQL Server,Redash,PostgreSQL,Визуализация данных,Numpy,CatBoost,Deep Learning,Clickhouse",2026-01-21T05:28:01+0300,https://hh.ru/vacancy/129680918,data scientist
127527754,Data Scientist,,,,between1And3,fullDay,full,Москва,Московский Кредитный Банк,Дата-сайентист,,2026-01-16T09:51:46+0300,https://hh.ru/vacancy/127527754,data scientist
127023409,"Старший Data Scientist, Формирование лент",,,,between3And6,remote,full,Москва,Ozon,Дата-сайентист,"IT,Разработка поисковых технологий,data science",2026-01-25T17:29:22+0300,https://hh.ru/vacancy/127023409,data scientist
129812606,Middle Data Scientist (LLM),,,,between1And3,fullDay,full,Москва,Банк ВТБ (ПАО),Дата-сайентист,"LLM,PyTorch,NLP",2026-01-23T17:23:40+0300,https://hh.ru/vacancy/129812606,data scientist
129809221,Data Scientist / ML Engineer,,,,between3And6,remote,full,Москва,Лучи,Дата-сайентист,"ML,Numpy,pandas,Scikit-learn,MLflow,Git,Машинное обучение,NLP,LLM",2026-01-23T16:10:26+0300,https://hh.ru/vacancy/129809221,data scientist
129667624,Lead Data Scientist,,,,between1And3,fullDay,full,Москва,СБЕР,Аналитик,,2026-01-20T16:22:32+0300,https://hh.ru/vacancy/129667624,data scientist
129937815,Senior Data Scientist в команду NLP Search,,,,between3And6,remote,full,Санкт-Петербург,2ГИС,Дата-сайентист,,2026-01-28T05:09:48+0300,https://hh.ru/vacancy/129937815,data scientist
129482452,Data Scientist,,,,between3And6,fullDay,full,Москва,TrafficStars,Дата-сайентист,,2026-01-15T16:35:00+0300,https://hh.ru/vacancy/129482452,data scientist
129882089,Data scientist (автоматический анализа текстовых документов),,,,between1And3,fullDay,full,Москва,Альфа-Банк,Дата-сайентист,,2026-01-26T15:20:04+0300,https://hh.ru/vacancy/129882089,data scientist
129775186,Junior ML/Data Scientist,100000,150000,RUR,between1And3,remote,full,Москва,Codemate Team (ИП Дегтярев Михаил Алексеевич),Дата-сайентист,"Python,Машинное обучение,SQL,pandas,Numpy,Scikit-learn,Git,Statistics,Data Analysis,Matplotlib,PostgreSQL,Jupyter Notebook,PyTorch,TensorFlow,Deep Learning,Мотивация",2026-01-22T23:28:19+0300,https://hh.ru/vacancy/129775186,data scientist
129875655,Middle+/Senior Data Scientist (блок Финансы),,,,between3And6,fullDay,full,Москва,СБЕР,Аналитик,,2026-01-26T13:58:50+0300,https://hh.ru/vacancy/129875655,data scientist
129863776,"Data Scientist (разработка нейронных сетей, банк)",,435000,RUR,between3And6,remote,full,Москва,Outlines Technologies,"BI-аналитик, аналитик данных",,2026-01-26T11:29:56+0300,https://hh.ru/vacancy/129863776,data scientist
129903465,Data Scientist (Управление процессных и финансовых моделей),,,,between1And3,fullDay,full,Москва,Банк ВТБ (ПАО),Дата-сайентист,"Python,SQL",2026-01-27T13:08:58+0300,https://hh.ru/vacancy/129903465,data scientist
129914986,Middle Data Scientist (Департамент «Занять и сберегать»),,,,between1And3,fullDay,full,Москва,СБЕР,Аналитик,,2026-01-27T12:24:01+0300,https://hh.ru/vacancy/129914986,data scientist
129592000,Middle Data Scientist,,,,between3And6,fullDay,full,Москва,СБЕР,Аналитик,,2026-01-19T12:37:10+0300,https://hh.ru/vacancy/129592000,data scientist
129586320,Senior Data Scientist,,,,between3And6,fullDay,full,Москва,Яков и Партнёры,Дата-сайентист,"SQL,Python,Soft skills,English,Data Analysis,ML,Statistics,Data Science,Big Data",2026-01-19T11:34:36+0300,https://hh.ru/vacancy/129586320,data scientist
129976282,"Middle Data Scientist в команду ""Разработка AI-решений БСР""",,,,between1And3,remote,full,Москва,СБЕР,Дата-сайентист,,2026-01-28T19:00:51+0300,https://hh.ru/vacancy/129976282,data scientist
129771946,Data Scientist / ML engineer / Data science,,270000,RUR,between1And3,remote,full,Москва,Selecty,Дата-сайентист,"Python,SQL,LLM,ML,RAG",2026-01-22T18:21:32+0300,https://hh.ru/vacancy/129771946,data scientist
129369736,Data Scientist,,,,between3And6,remote,full,Москва,"Лента, федеральная розничная сеть",Аналитик,"Python,SQL,CatBoost,Spark",2026-01-13T15:11:30+0300,https://hh.ru/vacancy/129369736,data scientist
129365979,Data Scientist,,,,between3And6,fullDay,full,Москва,Группа страховых компаний Югория,Дата-сайентист,"Python,ML,MS SQL,DWH,PostgreSQL",2026-01-13T14:27:36+0300,https://hh.ru/vacancy/129365979,data scientist
128954268,Senior Data Scientist (LLM),,,,between3And6,remote,full,Москва,Lamoda Tech,Дата-сайентист,"Big Data,Hadoop,PySpark,Apache Hive,Python,Apache Airflow,SQL,PyTorch",2026-01-21T15:22:46+0300,https://hh.ru/vacancy/128954268,data scientist
129795660,"Старший Data Scientist, Отбор кандидатов",,,,between3And6,remote,full,Москва,Ozon,Дата-сайентист,"IT,Разработка поисковых технологий,ML,data science",2026-01-23T12:36:36+0300,https://hh.ru/vacancy/129795660,data scientist
127363501,Data Scientist,,,,between3And6,remote,full,Самара,Диплей,Дата-сайентист,Python,2026-01-12T15:53:58+0300,https://hh.ru/vacancy/127363501,data scientist
129316395,Data Scientist,,,,between3And6,remote,full,Москва,АДВ,Дата-сайентист,,2026-01-12T17:13:11+0300,https://hh.ru/vacancy/129316395,data scientist
129884672,"Junior Data Scientist в Отложенный платеж [Big Data, МТС Веб Сервисы]",,,,between1And3,fullDay,full,Москва,МТС,Дата-сайентист,"Python,Spark,Hadoop,SQL,Apache Airflow",2026-01-26T16:03:31+0300,https://hh.ru/vacancy/129884672,data scientist
122625450,Team Lead Data Scientist,,,,moreThan6,fullDay,full,Москва,Rambler&Co,Дата-сайентист,"Big Data,Qlik Sense",2026-01-20T11:53:48+0300,https://hh.ru/vacancy/122625450,data scientist
124220128,Senior Data Scientist (NLP/LLM),,,,between3And6,remote,full,Москва,Циан,Дата-сайентист,"Python,SQL,NLP,LLM,Big Data,ML,DS",2026-01-22T15:38:52+0300,https://hh.ru/vacancy/124220128,data scientist
129760877,Data Scientist в команду Пополнения,,,,noExperience,remote,full,Москва,X5 Tech,Дата-сайентист,,2026-01-22T14:39:52+0300,https://hh.ru/vacancy/129760877,data scientist
129609207,Data Engineer,,250000,RUR,between3And6,fullDay,full,Москва,ИЦ АЙ-ТЕКО,Дата-сайентист,,2026-01-27T10:28:51+0300,https://hh.ru/vacancy/129609207,data scientist
129886473,Senior Data Scientist (Управление моделирования и исследования данных),,,,between3And6,fullDay,full,Москва,СБЕР,Аналитик,,2026-01-26T16:30:00+0300,https://hh.ru/vacancy/129886473,data scientist
129762497,Data Scientist в команду Teleoperations,,,,moreThan6,fullDay,full,Москва,Navio,Дата-сайентист,,2026-01-22T15:06:41+0300,https://hh.ru/vacancy/129762497,data scientist
129751772,Middle+/senior MLE Data Scientist,,,,between3And6,fullDay,full,Москва,СБЕР,Аналитик,,2026-01-22T12:11:54+0300,https://hh.ru/vacancy/129751772,data scientist
129673886,Начинающий специалист / Data Analyst / Data Scientist,,,,noExperience,fullDay,full,Москва,Kept (Кэпт),Дата-сайентист,"Python,pandas,Numpy,ООП,Алгоритмы и структуры данных,Git,MS SQL,Big Data,VBA,PyTorch",2026-01-20T18:27:31+0300,https://hh.ru/vacancy/129673886,data scientist
129751723,Senior Data Scientist (ML/NLP),,,,between3And6,remote,full,Санкт-Петербург,WILDBERRIES,Дата-сайентист,"NLP,ML,SQL,NoSQL,Data Science",2026-01-22T12:11:17+0300,https://hh.ru/vacancy/129751723,data scientist
129521148,Data Scientist (SberWorks),,,,between1And3,fullDay,full,Москва,SberTech,Аналитик,,2026-01-16T13:57:50+0300,https://hh.ru/vacancy/129521148,data scientist
129809871,Senior Data Scientist (Pricing & Promo Personalization),400000,500000,RUR,between3And6,fullDay,full,Москва,Mindbox,Дата-сайентист,"Python,SQL",2026-01-23T16:22:43+0300,https://hh.ru/vacancy/129809871,data scientist
126775568,Data Scientist в Маркет,,,,between3And6,fullDay,full,Москва,Яндекс,Дата-сайентист,,2026-01-19T12:44:15+0300,https://hh.ru/vacancy/126775568,data scientist
129588965,ML engineer/Data Scientist,,,,between3And6,fullDay,full,Москва,Полюс,Дата-сайентист,,2026-01-19T12:02:07+0300,https://hh.ru/vacancy/129588965,data scientist
128954721,Data Scientist (Deep Learning / RecSys),,,,between3And6,remote,full,Москва,Lamoda Tech,Дата-сайентист,"Big Data,Hadoop,PySpark,Python,CatBoost,XGBoost",2026-01-21T15:35:40+0300,https://hh.ru/vacancy/128954721,data scientist
129795870,Data Scientist в команду Search Quality,,,,between3And6,remote,full,Москва,АВИТО ТЕХ,Дата-сайентист,,2026-01-23T12:38:57+0300,https://hh.ru/vacancy/129795870,data scientist
129470731,Data Scientist (Senior),,,,between3And6,fullDay,full,Москва,Employcity,Дата-сайентист,"Python,SQL",2026-01-15T13:39:20+0300,https://hh.ru/vacancy/129470731,data scientist
129480282,Senior Data Scientist,,,,between3And6,fullDay,full,Санкт-Петербург,ATI.SU,Дата-сайентист,,2026-01-15T16:00:12+0300,https://hh.ru/vacancy/129480282,data scientist
129707033,Data Scientist (Agentic AI / LLM),,,,between3And6,fullDay,full,Москва,LETO,Дата-сайентист,"Python,LLM,Agentic AI,LangGraph",2026-01-21T13:07:02+0300,https://hh.ru/vacancy/129707033,data scientist
129558171,Middle/Senior Data Scientist,,,,between3And6,fullDay,full,Москва,СБЕР,Аналитик,,2026-01-18T22:02:50+0300,https://hh.ru/vacancy/129558171,data scientist
129902609,Data Scientist Junior+/Middle (Управление моделирования партнерств и ИТ-процессов),,,,between1And3,fullDay,full,Москва,Банк ВТБ (ПАО),"BI-аналитик, аналитик данных",SQL,2026-01-27T13:06:21+0300,https://hh.ru/vacancy/129902609,data scientist
129887110,Специалист по машинному обучению и аналитике данных/Data Scientist,,,,between3And6,fullDay,full,Москва,Марс,Дата-сайентист,,2026-01-26T16:41:29+0300,https://hh.ru/vacancy/129887110,data scientist
129653732,Data Scientist NLP (портал gosuslugi.ru),,,,between3And6,fullDay,full,Москва,РТЛабс,Дата-сайентист,,2026-01-20T13:45:05+0300,https://hh.ru/vacancy/129653732,data scientist
128954578,Data Scientist/Аналитик данных (Москва),,,,between1And3,fullDay,full,Москва,"Бристоль, сеть магазинов",Дата-сайентист,"Python,SQL,Анализ данных,Clickhouse",2026-01-20T09:02:13+0300,https://hh.ru/vacancy/128954578,data scientist
129382148,Senior Data Scientist,,,,moreThan6,fullDay,full,Москва,Страховая компания Сбербанк страхование,Аналитик,,2026-01-13T18:16:30+0300,https://hh.ru/vacancy/129382148,data scientist
129788950,"Middle+ Data Scientist (Time series, блок ""Финансы"")",,,,between1And3,fullDay,full,Москва,СБЕР,Аналитик,,2026-01-23T10:50:05+0300,https://hh.ru/vacancy/129788950,data scientist
129796076,Data Scientist в команду Horizontal ML Technologies,,,,between3And6,remote,full,Москва,АВИТО ТЕХ,Дата-сайентист,,2026-01-23T12:41:41+0300,https://hh.ru/vacancy/129796076,data scientist
129611475,Senior NLP / RecSys Data Scientist,,,,between3And6,remote,full,Москва,HeadHunter,Дата-сайентист,,2026-01-19T16:50:18+0300,https://hh.ru/vacancy/129611475,data scientist
128880394,Senior Data Scientist (Data Management Platform),,,,between3And6,remote,full,Москва,Lamoda Tech,Дата-сайентист,"Big Data,Hadoop,PySpark,Apache Hive,Python,Apache Airflow,CatBoost,SQL",2026-01-17T18:08:50+0300,https://hh.ru/vacancy/128880394,data scientist
129716409,Middle/Senior Data Scientist (команда Сегменты),,,,between3And6,fullDay,full,Москва,СБЕР,Аналитик,,2026-01-21T15:12:50+0300,https://hh.ru/vacancy/129716409,data scientist
115496430,"Старший Data Scientist, Эффективность рекламы",,,,between3And6,fullDay,full,Москва,Ozon,Дата-сайентист,"IT,поиск,Python,ML,Hadoop,Spark,Yarn,Hive,HDFS,MLflow,Разработка поисковых технологий,Data Science",2026-01-19T11:09:20+0300,https://hh.ru/vacancy/115496430,data scientist
128912084,Senior Data Scientist (ЦУНДО),,,,between3And6,fullDay,full,Москва,СБЕР,Аналитик,,2026-01-16T16:15:00+0300,https://hh.ru/vacancy/128912084,data scientist
129510667,Data Scientist middle (GenAI),,,,between1And3,fullDay,full,Санкт-Петербург,СБЕР,Дата-сайентист,"Python,LLM,LangGraph,PyTorch",2026-01-16T11:12:40+0300,https://hh.ru/vacancy/129510667,data scientist
129301001,Data scientist - стажер,,,,between1And3,fullDay,full,Москва,РТЛабс,"BI-аналитик, аналитик данных",,2026-01-12T14:26:21+0300,https://hh.ru/vacancy/129301001,data scientist
129309363,Data Scientist (CV),,,,between1And3,remote,full,Москва,Государственное казенное учреждение Московской Области «Центр Компетенций Госуправления»,Дата-сайентист,,2026-01-12T15:51:22+0300,https://hh.ru/vacancy/129309363,data scientist
129286290,Junior Data Scientist,,,,noExperience,fullDay,full,Москва,АДВ,Дата-сайентист,Python,2026-01-12T12:03:06+0300,https://hh.ru/vacancy/129286290,data scientist
129769763,"Data Scientist, Диалоговый ИИ и ML сервисы",,,,between3And6,remote,full,Москва,Ozon,Дата-сайентист,"Python,IT,Торговая площадка",2026-01-22T17:25:41+0300,https://hh.ru/vacancy/129769763,data scientist
128551819,Lead Data Scientist (Сахалин),280000,300000,RUR,moreThan6,fullDay,full,Казань,Сахалин - Остров Возможностей,Дата-сайентист,,2026-01-16T09:15:48+0300,https://hh.ru/vacancy/128551819,data scientist
128551820,Lead Data Scientist (Сахалин),280000,300000,RUR,moreThan6,fullDay,full,Новосибирск,Сахалин - Остров Возможностей,Дата-сайентист,,2026-01-16T09:15:48+0300,https://hh.ru/vacancy/128551820,data scientist
128551817,Lead Data Scientist (Сахалин),280000,300000,RUR,moreThan6,fullDay,full,Москва,Сахалин - Остров Возможностей,Дата-сайентист,,2026-01-16T09:15:47+0300,https://hh.ru/vacancy/128551817,data scientist
129510415,Data Scientist (Classic ML),,,,between3And6,remote,full,Москва,МегаФон,Дата-сайентист,"Python,A/B тесты,Статистика,MLflow,Airflow,PySpark",2026-01-16T11:08:49+0300,https://hh.ru/vacancy/129510415,data scientist
129589388,Ведущий аналитик CLTV,,,,between3And6,remote,full,Москва,билайн,Продуктовый аналитик,"CLTV,A/A тесты,Продуктовые метрики,Аналитика данных",2026-02-09T12:07:32+0300,https://hh.ru/vacancy/129589388,data scientist
128959875,"Data Scientist (Проектное финансирование, корпоративное кредитование)",,,,between3And6,fullDay,full,Москва,Банк ДОМ.РФ,Другое,"LGD,PD,EAD,Аналитическое мышление,Python,SQL",2026-01-20T09:15:24+0300,https://hh.ru/vacancy/128959875,data scientist
129441018,"Data Scientist, Оптимизация коммуникаций",,,,between1And3,remote,full,Москва,Ozon,Дата-сайентист,"Python,PyTorch,PostgreSQL,IT,Разработка поисковых технологий,ML",2026-01-14T21:19:13+0300,https://hh.ru/vacancy/129441018,data scientist
129609332,"Senior Data Scientist, Реклама, Ozon Банк",,,,moreThan6,fullDay,full,Москва,Ozon,Дата-сайентист,Data Science,2026-01-19T16:25:47+0300,https://hh.ru/vacancy/129609332,data scientist
128998312,Старший аналитик (data analyst / data scientist)в управление планирования и прогнозирования,,,,between3And6,fullDay,full,Москва,"Бристоль, сеть магазинов",Аналитик,"Анализ данных,Аналитическое мышление,Статистический анализ,SQL,Python,MS Excel,Olap (online analytical processing)",2026-01-22T11:33:08+0300,https://hh.ru/vacancy/128998312,data scientist
129582790,"Middle/Senior NLP Data Scientist, Quant",,,,between3And6,fullDay,full,Москва,СБЕР,Аналитик,,2026-01-19T11:03:32+0300,https://hh.ru/vacancy/129582790,data scientist
129609412,"Middle Data Scientist, NLP, Ozon Банк",,,,between1And3,remote,full,Москва,Ozon,Дата-сайентист,Data Science,2026-01-19T16:27:10+0300,https://hh.ru/vacancy/129609412,data scientist
129891027,Data Scientist_Senior (банк),,,,between3And6,remote,full,Москва,DZ Systems,Дата-сайентист,"pandas,ETL,Numpy,Matplotlib,Нейронные сети,Deep Learning,Spark",2026-01-26T18:11:20+0300,https://hh.ru/vacancy/129891027,data scientist
129656089,Junior/Middle Data Scientist (Classic ML / LLM),,,,between1And3,fullDay,full,Москва,СБЕР,Аналитик,,2026-01-20T14:09:40+0300,https://hh.ru/vacancy/129656089,data scientist
129645876,Middle Data Scientist (Центр портфельного риск-моделирования),,,,between1And3,fullDay,full,Москва,СБЕР,Аналитик,,2026-01-20T12:12:51+0300,https://hh.ru/vacancy/129645876,data scientist
129514273,Главный разработчик моделей (Data Scientist),,,,between3And6,fullDay,full,Москва,Московский Кредитный Банк,Дата-сайентист,,2026-01-16T12:00:16+0300,https://hh.ru/vacancy/129514273,data scientist
129767458,Middle +/ Senior Data Scientist (Центр розничного риск-моделирования),,,,between3And6,fullDay,full,Москва,СБЕР,Аналитик,,2026-01-22T16:29:30+0300,https://hh.ru/vacancy/129767458,data scientist
123149461,Data Scientist риск-модели,,,,between1And3,fullDay,full,Москва,Центральный банк Российской Федерации (Банк России),Дата-сайентист,,2026-01-12T16:46:17+0300,https://hh.ru/vacancy/123149461,data scientist
129670993,Junior / Middle Data Scientist в стрим моделирования R'n'D,,,,between1And3,fullDay,full,Москва,Банк ВТБ (ПАО),Дата-сайентист,"PySpark,LLM,NLP",2026-01-23T14:19:30+0300,https://hh.ru/vacancy/129670993,data scientist
129281809,Senior Data Scientist (ML),,,,between3And6,fullDay,full,Москва,РУСАЛ,Дата-сайентист,"Scikit-learn,XGBoost,CatBoost,Python,pandas,HDFS,MLflow,SQL",2026-01-12T11:26:35+0300,https://hh.ru/vacancy/129281809,data scientist
129292251,Data Scientist / ML-инженер,,,,between3And6,remote,full,Москва,Медиалогия,Дата-сайентист,"Python,ML,NLP,Deep Learning,Машинное обучение,pandas,Numpy,Hadoop,Spark,sklearn,CatBoost,CV",2026-01-12T13:00:15+0300,https://hh.ru/vacancy/129292251,data scientist
129282214,Data Scientist Middle+/Senior,300000,500000,RUR,between3And6,remote,full,Москва,НЕЙРОВИЖН,Дата-сайентист,"Python,PyTorch,TensorFlow,Self-Supervised Learning",2026-01-12T11:30:13+0300,https://hh.ru/vacancy/129282214,data scientist
128947798,Junior ML Engineer / Data Scientist (младший специалист),,,,between1And3,fullDay,full,Москва,Инфосистемы Джет,Дата-сайентист,,2026-01-19T13:15:23+0300,https://hh.ru/vacancy/128947798,data scientist
129590426,Senior Data Scientist (Центр портфельного риск-моделирования),,,,between3And6,fullDay,full,Москва,СБЕР,Аналитик,,2026-01-19T12:18:40+0300,https://hh.ru/vacancy/129590426,data scientist
129639079,"Middle+/Senior Data Scientist в Защитник [Big Data, МТС Веб Сервисы]",,,,between3And6,fullDay,full,Москва,МТС,Другое,"Python,CatBoost,PyTorch,ONNX,PySpark,Clickhouse,pandas,Numpy",2026-01-20T10:57:07+0300,https://hh.ru/vacancy/129639079,data scientist
129438965,Senior Data Scientist / AI Researcher,,,,between3And6,fullDay,full,Москва,СБЕР,Аналитик,,2026-01-14T18:43:10+0300,https://hh.ru/vacancy/129438965,data scientist
129441033,"Старший Data Scientist, Рекомендательные алгоритмы",,,,between3And6,remote,full,Москва,Ozon,Дата-сайентист,"IT,Разработка поисковых технологий,data science,Python,ML",2026-01-14T21:20:25+0300,https://hh.ru/vacancy/129441033,data scientist
129643438,Senior NLP / RecSys Data Scientist (команда рекомендаций соискателям),,,,between3And6,remote,full,Москва,HeadHunter,Дата-сайентист,,2026-01-20T11:46:31+0300,https://hh.ru/vacancy/129643438,data scientist
129726895,Data Scientist в AI-стартап Middle/Middle+ (Part-time),,,,between3And6,remote,project,Москва,Alteasy,Дата-сайентист,"LLM,RAG,TTS,STT,data science",2026-01-21T18:29:45+0300,https://hh.ru/vacancy/129726895,data scientist
128525575,Старший Data Scientist/AI поисковый ассистент,,,,between3And6,remote,full,Москва,Ozon,Дата-сайентист,"Разработка поисковых технологий,IT,ML,LLM,RAG,AI",2026-01-17T11:34:12+0300,https://hh.ru/vacancy/128525575,data scientist
129428330,Аналитик больших данных/Data Scientist,,,,between3And6,remote,full,Москва,А ДЕНЬГИ,Дата-сайентист,,2026-01-14T15:27:26+0300,https://hh.ru/vacancy/129428330,data scientist
129392634,Data Scientist в команду Compliance,,,,between3And6,fullDay,full,Москва,Т-Банк,Дата-сайентист,,2026-01-14T08:04:08+0300,https://hh.ru/vacancy/129392634,data scientist
129404758,Data scientist Marketing (Middle/Middle+),,,,between1And3,remote,full,Москва,Альфа-Банк,"BI-аналитик, аналитик данных",,2026-01-14T10:44:34+0300,https://hh.ru/vacancy/129404758,data scientist
126767119,Data scientist рисковые модели РБ,,,,between1And3,fullDay,full,Москва,Альфа-Банк,Дата-сайентист,,2026-01-14T10:43:42+0300,https://hh.ru/vacancy/126767119,data scientist
129399223,ML Engineer / Data Scientist (С++),200000,350000,RUR,between3And6,fullDay,full,Москва,НЭПТ,Дата-сайентист,"C++,Qt,Python,OpenCV,Computer Vision,TensorFlow,Yolo,MMDetection",2026-01-14T09:44:54+0300,https://hh.ru/vacancy/129399223,data scientist
129527518,"Junior Data Scientist (Antifraud), г. Якутск",,,,between1And3,fullDay,full,Якутск,Drivee,Дата-сайентист,"Python,SQL,Математическая статистика,Математический анализ,Машинное обучение",2026-01-16T15:38:19+0300,https://hh.ru/vacancy/129527518,data scientist
129610956,Middle+/Senior Data Scientist в команду NLP Core,,,,between3And6,remote,full,Москва,2ГИС,Дата-сайентист,"LLM,NLP,Python,ML,PyTorch,HF Transformers,BERT,T5",2026-01-19T16:44:19+0300,https://hh.ru/vacancy/129610956,data scientist
129351208,Senior Data Scientist (Блок Финансы),,,,between3And6,fullDay,full,Москва,СБЕР,Аналитик,,2026-01-13T11:48:54+0300,https://hh.ru/vacancy/129351208,data scientist
129343012,NLP Data Scientist (ИИ-агенты),,,,between1And3,fullDay,full,Москва,СБЕР,Аналитик,,2026-01-13T10:39:30+0300,https://hh.ru/vacancy/129343012,data scientist
129484795,Главный специалист Data Scientist/Риск-менеджер,,,,between1And3,fullDay,full,Москва,РЕАЛИСТ БАНК,Другое,,2026-01-15T17:15:26+0300,https://hh.ru/vacancy/129484795,data scientist
129478666,Data Scientist (Предиктивная аналитика: инвестиционное направление),,,,between3And6,remote,full,Москва,Ростелеком Информационные Технологии,Дата-сайентист,"Python,SQL,Анализ данных",2026-01-15T15:34:41+0300,https://hh.ru/vacancy/129478666,data scientist
119961233,Senior Data Scientist (Rec. system),,,,between3And6,fullDay,full,Санкт-Петербург,Okko,Дата-сайентист,"Python,SQL,Deep Learning,ML",2026-01-12T14:29:11+0300,https://hh.ru/vacancy/119961233,data scientist
119961214,Senior Data Scientist (Rec. system),,,,between3And6,fullDay,full,Москва,Okko,Дата-сайентист,"Python,SQL,Deep Learning,ML",2026-01-12T14:27:17+0300,https://hh.ru/vacancy/119961214,data scientist
129378167,Инженер данных/ Data engineer/ Data Scientist/ Data Analyst/ Аналитик данных,,,,between1And3,fullDay,full,Москва,СтандартПроект,Дата-сайентист,"Python,PostgreSQL,Grafana,Elasticsearch,Clickhouse,Linux,SQL",2026-01-13T17:01:11+0300,https://hh.ru/vacancy/129378167,data scientist
125616769,Специалист по валидации моделей (Junior Data Scientist) Управления модельных рисков и валидации,,,,between1And3,remote,full,Москва,Банк ВТБ (ПАО),Дата-сайентист,"Математическое моделирование,Анализ данных,Статистический анализ,Валидация моделей,Модельный риск,SQL",2026-01-22T19:57:44+0300,https://hh.ru/vacancy/125616769,data scientist
129537269,Data Scientist / ML Researcher (Мультиагентный ИИ Ассистент),,,,between1And3,fullDay,full,Москва,СБЕР,"Программист, разработчик",,2026-01-16T18:52:20+0300,https://hh.ru/vacancy/129537269,data scientist
128905442,Senior Data Scientist/ML Engineer в направление RecSys,,,,moreThan6,fullDay,full,Москва,X5 Tech,Дата-сайентист,"Python,Рекомендательные системы,Машинное обучение",2026-01-18T09:56:38+0300,https://hh.ru/vacancy/128905442,data scientist
129518355,Data Scientist в команду Интегрированного бизнес-планирования,,,,between3And6,remote,full,Москва,X5 Tech,Дата-сайентист,"Python,Big Data,Data Analysis",2026-01-16T13:07:35+0300,https://hh.ru/vacancy/129518355,data scientist
126820121,Data Scientist Управления модельных рисков и валидации,,,,between1And3,remote,full,Москва,Банк ВТБ (ПАО),Дата-сайентист,"Математическое моделирование,Анализ данных,Статистический анализ,Валидация моделей,Модельный риск",2026-01-16T14:29:25+0300,https://hh.ru/vacancy/126820121,data scientist
129413563,Ведущий Data scientist (Agent Systems Architect),,,,moreThan6,fullDay,full,Москва,СБЕР,"Программист, разработчик",,2026-01-14T12:21:20+0300,https://hh.ru/vacancy/129413563,data scientist
128878068,Data scientist middle на проект AutoML,,,,between3And6,fullDay,full,Москва,Альфа-Банк,Дата-сайентист,,2026-01-14T10:43:43+0300,https://hh.ru/vacancy/128878068,data scientist
129565303,Middle Data scientist (валидация GenAI решений/моделей классического ML),,,,between3And6,fullDay,full,Москва,СБЕР,Дата-сайентист,,2026-01-19T08:00:50+0300,https://hh.ru/vacancy/129565303,data scientist
129142850,"Руководитель группы Data Science, Рекомендации видео",,,,moreThan6,remote,full,Москва,Ozon,Руководитель группы разработки,"IT,Разработка поисковых технологий,data science,ML,Python,recsys",2026-01-28T12:55:09+0300,https://hh.ru/vacancy/129142850,data scientist
129463959,Middle Data Scientist LLM (команда Пенсионный помощник),,,,between3And6,fullDay,full,Москва,СБЕР,Аналитик,,2026-01-15T12:02:01+0300,https://hh.ru/vacancy/129463959,data scientist
129609467,"Senior Data Scientist, Моделирование продуктов B2C, Ozon Bank",,,,between1And3,remote,full,Москва,Ozon,Дата-сайентист,"Data Science,Python,ML",2026-01-19T16:27:58+0300,https://hh.ru/vacancy/129609467,data scientist
129609435,"Senior Data Scientist, моделирование продуктов B2B, Ozon Банк",,,,between3And6,remote,full,Москва,Ozon,Дата-сайентист,Data Science,2026-01-19T16:27:30+0300,https://hh.ru/vacancy/129609435,data scientist
129439284,Специалист по исследованию данных (Junior Data Scientist),,,,between1And3,fullDay,full,Москва,СБЕР,Аналитик,,2026-01-14T19:00:25+0300,https://hh.ru/vacancy/129439284,data scientist
129416108,Data Scientist в команду Прогноза промо-продаж,,,,between1And3,remote,full,Москва,X5 Tech,Дата-сайентист,,2026-01-14T12:52:31+0300,https://hh.ru/vacancy/129416108,data scientist
129869481,Data engineer (Риски розничного бизнеса),,,,between1And3,fullDay,full,Москва,СБЕР,Аналитик,,2026-01-26T12:32:50+0300,https://hh.ru/vacancy/129869481,data scientist
126767073,Senior Data Scientist в Хаб Юридических Лиц,,,,between3And6,fullDay,full,Москва,Альфа-Банк,Дата-сайентист,,2026-01-14T10:43:42+0300,https://hh.ru/vacancy/126767073,data scientist
129392459,Data Scientist в отдел разработки скоринговых моделей,,,,between1And3,fullDay,full,Москва,Т-Банк,Дата-сайентист,,2026-01-14T08:01:17+0300,https://hh.ru/vacancy/129392459,data scientist
129417607,Senior ML Engineer/Data Scientist (команда Чековой аналитики),,,,between3And6,remote,full,Москва,X5 Tech,Дата-сайентист,,2026-01-14T13:09:07+0300,https://hh.ru/vacancy/129417607,data scientist
129478394,"AI ML Research Scientist - Synthetic Data Generation (Senior, AI RnD команда)",,,,between3And6,remote,full,Москва,Финфрейм,Дата-сайентист,"PyTorch,TensorFlow,Time Series,Генеративные модели,Оценка реализма синтетических данных",2026-01-15T15:29:22+0300,https://hh.ru/vacancy/129478394,data scientist
129299043,Senior Data Scientist (нейронные сети) | Deep Learning engineer | AI Engineer,300000,,RUR,between3And6,remote,full,Москва,Spice IT,Дата-сайентист,"PyTorch,Keras,Python,SQL,TensorFlow,pandas,Numpy,XGBoost,CatBoost,Deep Learning,neural networks,NLP,scoring,Нейронные сети,скоринг,Hadoop,Greenplum,RNN,LSTM,GRU,Transformers",2026-01-12T14:06:43+0300,https://hh.ru/vacancy/129299043,data scientist
128147364,Исследователь/Research Scientist,,,,between1And3,fullDay,full,Москва,Криптонит,"Научный специалист, исследователь","Computer Science,Научные исследования,Научная деятельность",2026-01-12T10:50:09+0300,https://hh.ru/vacancy/128147364,data scientist
128736058,Senior MLOps,,,,between3And6,fullDay,full,Москва,Электронная торговая площадка Газпромбанка,DevOps-инженер,,2026-02-09T17:02:35+0300,https://hh.ru/vacancy/128736058,data scientist
129470931,Data analyst (BigData),,,,between3And6,remote,full,Москва,МегаФон,"BI-аналитик, аналитик данных","Python,SQL,Математическая статистика,Big Data,AB-тестирование,Airflow,Bi",2026-01-15T13:41:59+0300,https://hh.ru/vacancy/129470931,data scientist
129406414,Senior Python разработчик (Команда Моделирования и исследования данных),,,,moreThan6,fullDay,full,Москва,СБЕР,"Программист, разработчик",,2026-02-09T22:12:50+0300,https://hh.ru/vacancy/129406414,data scientist
129753992,Аналитик данных (SQL),180000,206000,RUR,between1And3,fullDay,full,Москва,Платформа ОФД,Аналитик,"SQL,Анализ данных,MS Excel",2026-02-09T12:48:47+0300,https://hh.ru/vacancy/129753992,data scientist
129728975,Data Science Lead / ML & AI Architect,,,,between3And6,fullDay,full,Москва,Техноинтеллект,Дата-сайентист,"создание MVP агентов,Python,HuggingFace Transformers,vvoice-боты,MLOps,API,AI,ML,CRM/ERP,RAG,LoRA,Data Scientist,OpenCV",2026-01-21T21:06:48+0300,https://hh.ru/vacancy/129728975,data scientist
129644507,"Middle Data Scietist (Финансы, Система триггеров)",,,,between1And3,fullDay,full,Москва,СБЕР,Аналитик,,2026-01-20T11:59:35+0300,https://hh.ru/vacancy/129644507,data scientist
129475070,"Data Engineer (Москва, офис, финтех)",,,,between3And6,fullDay,full,Москва,ИЦ АЙ-ТЕКО,Дата-сайентист,,2026-01-15T14:41:45+0300,https://hh.ru/vacancy/129475070,data scientist
130113287,Fullstack Analyst в R&D,,,,moreThan6,remote,full,Москва,Продамус,Другое,,2026-02-09T09:16:04+0300,https://hh.ru/vacancy/130113287,data scientist
129442436,Middle Data Analyst (ML) / Аналитик данных,,,,between3And6,remote,full,Москва,Арнест ЮниРусь,"BI-аналитик, аналитик данных",,2026-01-15T03:27:33+0300,https://hh.ru/vacancy/129442436,data scientist
130267117,Руководитель направления прогнозирования и аналитики (e-com),,,,between3And6,fullDay,full,Нижний Новгород,Компания ИТЛ,"BI-аналитик, аналитик данных","Аналитическое мышление,Работа с большим объемом информации,Аналитические исследования,Планирование закупок,Статистический анализ,Работа с базами данных,Power BI,Управление товарными запасами,Анализ данных,Планирование,Планирование запасов",2026-02-09T08:24:26+0300,https://hh.ru/vacancy/130267117,data scientist
129597687,Lead AI Engineer / Ведущий AI-инженер,,,,between3And6,fullDay,full,Москва,Тривио,Руководитель группы разработки,,2026-02-09T13:49:14+0300,https://hh.ru/vacancy/129597687,data scientist
129437164,Автор курса «Специалист по Data Science» в Практикум,,,,between3And6,remote,project,Москва,Яндекс,Методолог,,2026-01-14T17:41:50+0300,https://hh.ru/vacancy/129437164,data scientist
125165114,Аналитик маркетинга / Marketing Analyst (в составе Data Team),,,,between3And6,fullDay,full,Москва,АПТЕКИ ВАША № 1,Маркетолог-аналитик,"Сквозная аналитика,WEB аналитика,Событийная аналитика,RFM-анализ,Когортный анализ,SQL,E-Commerce",2026-01-13T09:43:45+0300,https://hh.ru/vacancy/125165114,data scientist
130261218,Senior Product Manager,,,,between3And6,fullDay,full,Москва,Зигмунд Онлайн,Менеджер продукта,"Product Management,Управление проектами,Продуктовая стратегия,Product-market fit,Стратегический менеджмент,Продуктовые метрики,Управление изменениями,Управление ресурсами",2026-02-08T16:49:12+0300,https://hh.ru/vacancy/130261218,data scientist
129482349,Аналитик,,,,noExperience,remote,full,Самара,КСК-Эйч Ар,"BI-аналитик, аналитик данных",,2026-02-08T16:32:50+0300,https://hh.ru/vacancy/129482349,data scientist
130240118,Продуктовый аналитик (Sber.DS),,,,noExperience,fullDay,full,Москва,СБЕР,Аналитик,,2026-02-06T13:07:00+0300,https://hh.ru/vacancy/130240118,data scientist
130049937,Эксперт по цифровым технологиям аудита,,,,noExperience,fullDay,full,Самара,СБЕР,Аудитор,,2026-01-30T15:35:00+0300,https://hh.ru/vacancy/130049937,data scientist
128525776,"Java разработчик, Поисковая платформа",,,,between3And6,remote,full,Москва,Ozon,"Программист, разработчик","IT,Разработка поисковых технологий,Java,Apache Kafka,Redis",2026-02-06T11:37:30+0300,https://hh.ru/vacancy/128525776,data scientist
129886330,AI Engineer,,,,between3And6,fullDay,full,Москва,Леста Игры,Дата-сайентист,"LLM,PyTorch,TensorFlow,Numpy,pandas,NLP,RAG",2026-02-07T16:27:34+0300,https://hh.ru/vacancy/129886330,data scientist
130183595,Бизнес аналитик (Лаборатория ИИ),,,,between3And6,fullDay,full,Москва,РСХБ-Интех,"BI-аналитик, аналитик данных","Бизнес-анализ,Оптимизация бизнес-процессов,Python,ROI,Data Analysis,EDA,Big Data,BPMN",2026-02-04T21:16:06+0300,https://hh.ru/vacancy/130183595,data scientist
130221686,Практикант IT CaseWriter / Практикант-аналитик по написанию IT-кейсов,,,,noExperience,remote,part,Москва,Changellenge,Бизнес-аналитик,,2026-02-05T18:46:26+0300,https://hh.ru/vacancy/130221686,data scientist
130187495,Эксперт дисциплины “Дискретная математика”,,,,between3And6,remote,full,Томск,Национальный исследовательский Томский государственный университет,Другое,"Python,Numpy,Jupyter Notebook,Деловая коммуникация,Организаторские навыки,Умение работать в коллективе,Точность и внимательность к деталям",2026-02-05T06:53:26+0300,https://hh.ru/vacancy/130187495,data scientist
130144393,Владелец ИИ-продуктового контура (международный проект),,,,between3And6,remote,full,Москва,БКС Банк,Менеджер продукта,Английский язык,2026-02-03T22:23:02+0300,https://hh.ru/vacancy/130144393,data scientist
