ps_code,name,area,activity_type,reg_number,order_date,responsible_org
01.001,"Педагог (педагогическая деятельность в сфере дошкольного, начального общего, основного общего, среднего общего образования) (воспитатель, учитель)",Образование и наука,Дошкольное образование Начальное общее образование Основное общее образование Среднее общее образованиДошкольное образование Начальное общее образование Основное общее образование Среднее общее образо,1,2013-10-18,Совет по профессиональным квалификациям в сфере образования
40.001,Специалист по патентоведению,Сквозные виды профессиональной деятельности,Охрана и защита интеллектуальной собственности и введение в оборот прав на нее,2,2013-10-22,"Совет по профессиональным квалификациям торговой, внешнеторговой и по отдельным видам предпринимательской и экономической деятельности"
03.001,Специалист по социальной работе,Социальное обслуживание,"Деятельность по планированию, организации, контролю и предоставлению социальных услуг, мер социальной поддержки и государственной социальной помощи",3,2013-10-22,"Совет по профессиональным квалификациям в сфере безопасности труда, социальной защиты и занятости населения"
06.001,Программист,"Связь, информационные и коммуникационные технологии",Разработка компьютерного программного обеспечения,4,2013-11-18,Совет по профессиональным квалификациям в области информационных технологий
25.001,Специалист по проектированию и конструированию космических аппаратов и систем,Ракетно-космическая промышленность,"Проектирование и конструирование космических аппаратов, космических систем и их составных частей",5,2013-11-28,Совет по профессиональным квалификациям в области ракетной техники и космической деятельности
03.002,Социальный работник,Социальное обслуживание,Предоставление социальных услуг получателям социальных услуг,6,2013-11-18,"Совет по профессиональным квалификациям в сфере безопасности труда, социальной защиты и занятости населения"
03.003,Руководитель организации социального обслуживания,Социальное обслуживание,Управление организацией социального обслуживания,7,2013-11-18,"Совет по профессиональным квалификациям в сфере безопасности труда, социальной защиты и занятости населения"
03.004,Руководитель учреждения медико-социальной экспертизы,Социальное обслуживание,Управление бюро медико-социальной экспертизы,8,2013-12-05,"Совет по профессиональным квалификациям в сфере безопасности труда, социальной защиты и занятости населения"
03.005,Специалист по медико-социальной экспертизе,Социальное обслуживание,Проведение медико-социальной экспертизы,9,2013-12-05,"Совет по профессиональным квалификациям в сфере безопасности труда, социальной защиты и занятости населения"
03.006,Специалист органа опеки и попечительства в отношении несовершеннолетних,Социальное обслуживание,"Содействие обеспечению и защите прав и законных интересов детей, социальных, государственных гарантий детям-сиротам, детям, оставшимся без попечения родителей, лицам из числа детей-сирот, детей оставш",10,2013-11-18,"Совет по профессиональным квалификациям в сфере безопасности труда, социальной защиты и занятости населения"
03.007,Специалист по реабилитационной работе в социальной сфере,Социальное обслуживание,Социальная реабилитация и абилитация детей и взрослых,11,2013-11-18,"Совет по профессиональным квалификациям в сфере безопасности труда, социальной защиты и занятости населения"
03.008,Психолог в социальной сфере,Социальное обслуживание,Оказание социально-психологического сопровождения и психологической помощи населению,12,2013-11-18,"Совет по профессиональным квалификациям в сфере безопасности труда, социальной защиты и занятости населения"
03.009,Специалист по работе с семьей,Социальное обслуживание,"Предоставление социальных услуг и осуществление социального сопровождения граждан, семей, семей с детьми, а также восстановление семейного и детского благополучия, профилактика безнадзорности и правон",13,2013-11-18,"Совет по профессиональным квалификациям в сфере безопасности труда, социальной защиты и занятости населения"
40.002,Сварщик,Сквозные виды профессиональной деятельности,Ручная и частично механизированная сварка (наплавка),14,2013-11-28,Совет по профессиональным квалификациям в области сварки
16.001,Специалист по оценке соответствия лифтов требованиям безопасности Специалист по оценке соответствия лифтов требованиям безопасности Специалист по оценке соответствия лифтов требованиям безопасности Специалист по оценке соответствия лифтов требованиям безопасности Специалист по оценке соответствия лифтов требованиям безопасности Специалист по оценке соответствия лифтов требованиям безопасности Специалист по оценке соответствия лифтов требованиям безопасности Специалист по оценке соответствия лифтов требованиям безопасности Специалист по оценке соответствия лифтов требованиям безопасности Специалист по оценке соответствия лифтов требованиям безопасности Специалист по оценке соответствия лифтов требованиям безопасности Специалист по оценке соответствия лифтов требованиям безопасности Специалист по оценке соответствия лифтов требованиям безопасности,Строительство и ЖКХ,Оценка соответствия лифтов и устройств безопасности лифтов требованиям безопасности,15,2013-12-20,"Совет по профессиональным квалификациям в лифтовой отрасли, сфере подъемных сооружений и вертикального транспорта"
16.002,Специалист технического заказчика,Строительство и ЖКХ,Управление инвестиционно-строительным проектом на всех стадиях жизненного цикла объекта капитального строительства и линейных объектов,16,2021-10-05,Совет по профессиональным квалификациям в строительстве
16.003,Специалист по организации сбора и накопления твердых коммунальных отходов,Строительство и ЖКХ,Деятельность по организации сбора и накопления твердых коммунальных отходов,17,2023-04-27,Совет по профессиональным квалификациям в жилищно-коммунальном хозяйстве
25.002,"Слесарь-сборщик изделий точной механики (гироскопы, акселерометры) в ракетно-космической промышленности Слесарь-сборщик изделий точной механики (гироскопы, акселерометры) в ракетно-космической промышленности Слесарь-сборщик изделий точной механики (гироскопы, акселерометры) в ракетно-космической промышленности Слесарь-сборщик изделий точной механики (гироскопы, акселерометры) в ракетно-космической промышленности Слесарь-сборщик изделий точной механики (гироскопы, акселерометры) в ракетно-космической промышленности Слесарь-сборщик изделий точной механики (гироскопы, акселерометры) в ракетно-космической промышленности Слесарь-сборщик изделий точной механики (гироскопы, акселерометры) в ракетно-космической промышленности Слесарь-сборщик изделий точной механики (гироскопы, акселерометры) в ракетно-космической промышленности Слесарь-сборщик изделий точной механики (гироскопы, акселерометры) в ракетно-космической промышленности Слесарь-сборщик изделий точной механики (гироскопы, акселерометры) в ракетно-космической промышленности Слесарь-сборщик изделий точной механики (гироскопы, акселерометры) в ракетно-космической промышленности Слесарь-сборщик изделий точной механики (гироскопы, акселерометры) в ракетно-космической промышленности Слесарь-сборщик изделий точной механики (гироскопы, акселерометры) в ракетно-космической промышленности",Ракетно-космическая промышленность,"Слесарная сборка изделий точной механики (гироскопы, акселерометры) и их составных частей в ракетно-космической промышленности",18,2013-12-20,Совет по профессиональным квалификациям в области ракетной техники и космической деятельности
25.003,"Инженер по приборам ориентации, навигации и стабилизации летательных аппаратов в ракетно-космической промышленности Инженер по приборам ориентации, навигации и стабилизации летательных аппаратов в ракетно-космической промышленности Инженер по приборам ориентации, навигации и стабилизации летательных аппаратов в ракетно-космической промышленности Инженер по приборам ориентации, навигации и стабилизации летательных аппаратов в ракетно-космической промышленности Инженер по приборам ориентации, навигации и стабилизации летательных аппаратов в ракетно-космической промышленности Инженер по приборам ориентации, навигации и стабилизации летательных аппаратов в ракетно-космической промышленности Инженер по приборам ориентации, навигации и стабилизации летательных аппаратов в ракетно-космической промышленности Инженер по приборам ориентации, навигации и стабилизации летательных аппаратов в ракетно-космической промышленности Инженер по приборам ориентации, навигации и стабилизации летательных аппаратов в ракетно-космической промышленности Инженер по приборам ориентации, навигации и стабилизации летательных аппаратов в ракетно-космической промышленности Инженер по приборам ориентации, навигации и стабилизации летательных аппаратов в ракетно-космической промышленности Инженер по приборам ориентации, навигации и стабилизации летательных аппаратов в ракетно-космической промышленности Инженер по приборам ориентации, навигации и стабилизации летательных аппаратов в ракетно-космической промышленности",Ракетно-космическая промышленность,"Разработка и конструкторское сопровождение производства приборов ориентации, навигации и стабилизации летательных аппаратов и их составных частей в ракетно-космической промышленности",19,2013-12-20,Совет по профессиональным квалификациям в области ракетной техники и космической деятельности
16.004,Работник кремационного комплекса,Строительство и ЖКХ,"Кремация тел (останков) умерших (погибших), обработка праха",20,2024-09-04,nan
40.003,Инженер-конструктор в области производства наногетероструктурных СВЧ-монолитных интегральных схем Инженер-конструктор в области производства наногетероструктурных СВЧ-монолитных интегральных схем Инженер-конструктор в области производства наногетероструктурных СВЧ-монолитных интегральных схем Инженер-конструктор в области производства наногетероструктурных СВЧ-монолитных интегральных схем Инженер-конструктор в области производства наногетероструктурных СВЧ-монолитных интегральных схем Инженер-конструктор в области производства наногетероструктурных СВЧ-монолитных интегральных схем Инженер-конструктор в области производства наногетероструктурных СВЧ-монолитных интегральных схем Инженер-конструктор в области производства наногетероструктурных СВЧ-монолитных интегральных схем Инженер-конструктор в области производства наногетероструктурных СВЧ-монолитных интегральных схем Инженер-конструктор в области производства наногетероструктурных СВЧ-монолитных интегральных схем Инженер-конструктор в области производства наногетероструктурных СВЧ-монолитных интегральных схем Инженер-конструктор в области производства наногетероструктурных СВЧ-монолитных интегральных схем Инженер-конструктор в области производства наногетероструктурных СВЧ-монолитных интегральных схем,Сквозные виды профессиональной деятельности,"Производство интегральных схем, микросборок и микромодулей",21,2014-02-03,Совет по профессиональным квалификациям в сфере нанотехнологий и микроэлектроники
40.004,"Специалист в области технологического обеспечения полного цикла производства объемных нанометаллов, сплавов, композитов на их основе и изделий из них Специалист в области технологического обеспечения полного цикла производства объемных нанометаллов, сплавов, композитов на их основе и изделий из них Специалист в области технологического обеспечения полного цикла производства объемных нанометаллов, сплавов, композитов на их основе и изделий из них Специалист в области технологического обеспечения полного цикла производства объемных нанометаллов, сплавов, композитов на их основе и изделий из них Специалист в области технологического обеспечения полного цикла производства объемных нанометаллов, сплавов, композитов на их основе и изделий из них Специалист в области технологического обеспечения полного цикла производства объемных нанометаллов, сплавов, композитов на их основе и изделий из них Специалист в области технологического обеспечения полного цикла производства объемных нанометаллов, сплавов, композитов на их основе и изделий из них Специалист в области технологического обеспечения полного цикла производства объемных нанометаллов, сплавов, композитов на их основе и изделий из них Специалист в области технологического обеспечения полного цикла производства объемных нанометаллов, сплавов, композитов на их основе и изделий из них Специалист в области технологического обеспечения полного цикла производства объемных нанометаллов, сплавов, композитов на их основе и изделий из них Специалист в области технологического обеспечения полного цикла производства объемных нанометаллов, сплавов, композитов на их основе и изделий из них Специалист в области технологического обеспечения полного цикла производства объемных нанометаллов, сплавов, композитов на их основе и изделий из них Специалист в области технологического обеспечения полного цикла производства объемных нанометаллов, сплавов, композитов на их основе и изделий из них",Сквозные виды профессиональной деятельности,"Производство объемных нанометаллов, сплавов, композитов на их основе и изделий из них",22,2014-02-03,Совет по профессиональным квалификациям в сфере нанотехнологий и микроэлектроники
40.005,"Специалист в области материаловедческого обеспечения технологического цикла производства объемных нанометаллов, сплавов, композитов на их основе и изделий из них Специалист в области материаловедческого обеспечения технологического цикла производства объемных нанометаллов, сплавов, композитов на их основе и изделий из них Специалист в области материаловедческого обеспечения технологического цикла производства объемных нанометаллов, сплавов, композитов на их основе и изделий из них Специалист в области материаловедческого обеспечения технологического цикла производства объемных нанометаллов, сплавов, композитов на их основе и изделий из них Специалист в области материаловедческого обеспечения технологического цикла производства объемных нанометаллов, сплавов, композитов на их основе и изделий из них Специалист в области материаловедческого обеспечения технологического цикла производства объемных нанометаллов, сплавов, композитов на их основе и изделий из них Специалист в области материаловедческого обеспечения технологического цикла производства объемных нанометаллов, сплавов, композитов на их основе и изделий из них Специалист в области материаловедческого обеспечения технологического цикла производства объемных нанометаллов, сплавов, композитов на их основе и изделий из них Специалист в области материаловедческого обеспечения технологического цикла производства объемных нанометаллов, сплавов, композитов на их основе и изделий из них Специалист в области материаловедческого обеспечения технологического цикла производства объемных нанометаллов, сплавов, композитов на их основе и изделий из них Специалист в области материаловедческого обеспечения технологического цикла производства объемных нанометаллов, сплавов, композитов на их основе и изделий из них Специалист в области материаловедческого обеспечения технологического цикла производства объемных нанометаллов, сплавов, композитов на их основе и изделий из них Специалист в области материаловедческого обеспечения технологического цикла производства объемных нанометаллов, сплавов, композитов на их основе и изделий из них",Сквозные виды профессиональной деятельности,"Производство объемных нанометаллов, сплавов, композитов на их основе и изделий из них",23,2014-02-03,Совет по профессиональным квалификациям в сфере нанотехнологий и микроэлектроники
40.006,Инженер-технолог в области производства наноразмерных полупроводниковых приборов и интегральных схем Инженер-технолог в области производства наноразмерных полупроводниковых приборов и интегральных схем Инженер-технолог в области производства наноразмерных полупроводниковых приборов и интегральных схем Инженер-технолог в области производства наноразмерных полупроводниковых приборов и интегральных схем Инженер-технолог в области производства наноразмерных полупроводниковых приборов и интегральных схем Инженер-технолог в области производства наноразмерных полупроводниковых приборов и интегральных схем Инженер-технолог в области производства наноразмерных полупроводниковых приборов и интегральных схем Инженер-технолог в области производства наноразмерных полупроводниковых приборов и интегральных схем Инженер-технолог в области производства наноразмерных полупроводниковых приборов и интегральных схем Инженер-технолог в области производства наноразмерных полупроводниковых приборов и интегральных схем Инженер-технолог в области производства наноразмерных полупроводниковых приборов и интегральных схем Инженер-технолог в области производства наноразмерных полупроводниковых приборов и интегральных схем Инженер-технолог в области производства наноразмерных полупроводниковых приборов и интегральных схем,Сквозные виды профессиональной деятельности,"Разработка, сопровождение и интеграция технологических процессов производства полупроводников с использованием нанотехнологий",24,2014-02-03,Совет по профессиональным квалификациям в сфере нанотехнологий и микроэлектроники
25.004,"Специалист по менеджменту космических продуктов, услуг и технологий Специалист по менеджменту космических продуктов, услуг и технологий Специалист по менеджменту космических продуктов, услуг и технологий Специалист по менеджменту космических продуктов, услуг и технологий Специалист по менеджменту космических продуктов, услуг и технологий Специалист по менеджменту космических продуктов, услуг и технологий Специалист по менеджменту космических продуктов, услуг и технологий Специалист по менеджменту космических продуктов, услуг и технологий Специалист по менеджменту космических продуктов, услуг и технологий Специалист по менеджменту космических продуктов, услуг и технологий Специалист по менеджменту космических продуктов, услуг и технологий Специалист по менеджменту космических продуктов, услуг и технологий Специалист по менеджменту космических продуктов, услуг и технологий",Ракетно-космическая промышленность,"Менеджмент космических продуктов, услуг и технологий",25,2014-02-03,Совет по профессиональным квалификациям в области ракетной техники и космической деятельности
40.007,Инженер-технолог в области производства наногетероструктурных СВЧ-монолитных интегральных схем Инженер-технолог в области производства наногетероструктурных СВЧ-монолитных интегральных схем Инженер-технолог в области производства наногетероструктурных СВЧ-монолитных интегральных схем Инженер-технолог в области производства наногетероструктурных СВЧ-монолитных интегральных схем Инженер-технолог в области производства наногетероструктурных СВЧ-монолитных интегральных схем Инженер-технолог в области производства наногетероструктурных СВЧ-монолитных интегральных схем Инженер-технолог в области производства наногетероструктурных СВЧ-монолитных интегральных схем Инженер-технолог в области производства наногетероструктурных СВЧ-монолитных интегральных схем Инженер-технолог в области производства наногетероструктурных СВЧ-монолитных интегральных схем Инженер-технолог в области производства наногетероструктурных СВЧ-монолитных интегральных схем Инженер-технолог в области производства наногетероструктурных СВЧ-монолитных интегральных схем Инженер-технолог в области производства наногетероструктурных СВЧ-монолитных интегральных схем Инженер-технолог в области производства наногетероструктурных СВЧ-монолитных интегральных схем,Сквозные виды профессиональной деятельности,"Производство интегральных схем, микросборок и микромодулей",26,2014-02-03,Совет по профессиональным квалификациям в сфере нанотехнологий и микроэлектроники
25.005,Инженер-программист оборудования прецизионной металлообработки с программным управлением Инженер-программист оборудования прецизионной металлообработки с программным управлением Инженер-программист оборудования прецизионной металлообработки с программным управлением Инженер-программист оборудования прецизионной металлообработки с программным управлением Инженер-программист оборудования прецизионной металлообработки с программным управлением Инженер-программист оборудования прецизионной металлообработки с программным управлением Инженер-программист оборудования прецизионной металлообработки с программным управлением Инженер-программист оборудования прецизионной металлообработки с программным управлением Инженер-программист оборудования прецизионной металлообработки с программным управлением Инженер-программист оборудования прецизионной металлообработки с программным управлением Инженер-программист оборудования прецизионной металлообработки с программным управлением Инженер-программист оборудования прецизионной металлообработки с программным управлением Инженер-программист оборудования прецизионной металлообработки с программным управлением,Ракетно-космическая промышленность,"Технологическая подготовка производства в части, касающейся подготовки управляющих программ (далее – УП) для оборудования прецизионной металлообработки с программным управлением",27,2014-02-11,Совет по профессиональным квалификациям в области ракетной техники и космической деятельности
40.008,Специалист по организации и управлению научно-исследовательскими и опытно-конструкторскими работами Специалист по организации и управлению научно-исследовательскими и опытно-конструкторскими работами Специалист по организации и управлению научно-исследовательскими и опытно-конструкторскими работами Специалист по организации и управлению научно-исследовательскими и опытно-конструкторскими работами Специалист по организации и управлению научно-исследовательскими и опытно-конструкторскими работами Специалист по организации и управлению научно-исследовательскими и опытно-конструкторскими работами Специалист по организации и управлению научно-исследовательскими и опытно-конструкторскими работами Специалист по организации и управлению научно-исследовательскими и опытно-конструкторскими работами Специалист по организации и управлению научно-исследовательскими и опытно-конструкторскими работами Специалист по организации и управлению научно-исследовательскими и опытно-конструкторскими работами Специалист по организации и управлению научно-исследовательскими и опытно-конструкторскими работами Специалист по организации и управлению научно-исследовательскими и опытно-конструкторскими работами Специалист по организации и управлению научно-исследовательскими и опытно-конструкторскими работами,Сквозные виды профессиональной деятельности,Организация и управление научно-исследовательскими и опытно-конструкторскими разработками (НИОКР),28,2014-02-11,Совет по профессиональным квалификациям в сфере управления и права
40.009,Слесарь-сборщик радиоэлектронных средств,Сквозные виды профессиональной деятельности,Слесарная обработка и сборка механической части радиоэлектронных средств,29,2014-03-04,Совет по профессиональным квалификациям в области промышленной электроники и приборостроения
24.001,Переработчик радиоактивных отходов,Атомная промышленность,Переработка радиоактивных отходов,30,2014-04-07,Совет по профессиональным квалификациям в сфере атомной энергии
40.010,Специалист по техническому контролю качества продукции,Сквозные виды профессиональной деятельности,Технический контроль качества и управление качеством продукции,31,04.03.2014,Совет по профессиональным квалификациям в машиностроении
40.011,Специалист по научно-исследовательским и опытно-конструкторским разработкам Специалист по научно-исследовательским и опытно-конструкторским разработкам Специалист по научно-исследовательским и опытно-конструкторским разработкам Специалист по научно-исследовательским и опытно-конструкторским разработкам Специалист по научно-исследовательским и опытно-конструкторским разработкам Специалист по научно-исследовательским и опытно-конструкторским разработкам Специалист по научно-исследовательским и опытно-конструкторским разработкам Специалист по научно-исследовательским и опытно-конструкторским разработкам Специалист по научно-исследовательским и опытно-конструкторским разработкам Специалист по научно-исследовательским и опытно-конструкторским разработкам Специалист по научно-исследовательским и опытно-конструкторским разработкам Специалист по научно-исследовательским и опытно-конструкторским разработкам,Сквозные виды профессиональной деятельности,Проведение научно-исследовательских и опытно-конструкторских разработок,32,2014-03-04,Совет по профессиональным квалификациям в сфере управления и права
40.012,Специалист по метрологии,Сквозные виды профессиональной деятельности,Метрологическое обеспечение измерений,33,2014-03-04,Совет по профессиональным квалификациям в машиностроении
05.001,Спортсмен,Физическая культура и спорт,Деятельность в области спорта,34,2014-04-07,Совет по профессиональным квалификациям в сфере физической культуры и спорта
15.001,Специалист по техническому обеспечению рыболовства и рыбоводства,Рыбоводство и рыболовство,Техническое обеспечение добычи (вылова) водных биологических ресурсов и аквакультуры,35,2014-04-07,Совет по профессиональным квалификациям агропромышленного комплекса
16.009,Специалист по обслуживанию средств автоматизации управления гражданскими зданиями,Строительство и ЖКХ,Организация внедрения и проведение технической эксплуатации средств автоматизации управления гражданскими зданиями,36,2014-04-11,Совет по профессиональным квалификациям в жилищно-коммунальном хозяйстве
17.001,"Осмотрщик-ремонтник вагонов, осмотрщик вагонов",Транспорт,Техническое обслуживание и ремонт вагонов и контейнеров (всех наименований) для перевозки грузов железнодорожным транспортом при эксплуатации,37,2014-04-07,Совет по профессиональным квалификациям на железнодорожном транспорте
24.002,Слесарь по обслуживанию оборудования атомных электростанций,Атомная промышленность,Обслуживание и ремонт основного и вспомогательного оборудования атомных электростанций,38,2014-04-07,Совет по профессиональным квалификациям в сфере атомной энергии
24.003,Специалист судоремонтного производства в области атомного флота,Атомная промышленность,Ремонт судов атомного флота,39,2014-04-07,Совет по профессиональным квалификациям в сфере атомной энергии
24.004,Слесарь по ремонту реакторно-турбинного оборудования,Атомная промышленность,Ремонт основного и вспомогательного реакторно-турбинного оборудования (РТО),40,2014-04-07,Совет по профессиональным квалификациям в сфере атомной энергии
24.005,Специалист по управлению проектами и программами в области атомного флота,Атомная промышленность,Управление проектами и программами в области атомного флота,41,2014-04-07,Совет по профессиональным квалификациям в сфере атомной энергии
06.002,Работник почтовой связи,"Связь, информационные и коммуникационные технологии",Организация и предоставление услуг почтовой связи,42,2014-04-07,"Совет по профессиональным квалификациям в области телекоммуникаций, почтовой связи и радиотехники"
24.006,Оператор хранилища жидких радиоактивных отходов,Атомная промышленность,Эксплуатация хранилища жидких радиоактивных отходов,44,2014-04-07,Совет по профессиональным квалификациям в сфере атомной энергии
24.007,Оператор хранилища отработанного ядерного топлива,Атомная промышленность,Ведение технологических процессов хранения отработанного ядерного топлива (ОЯТ),45,2014-04-07,Совет по профессиональным квалификациям в сфере атомной энергии
24.008,Оператор реакторного отделения,Атомная промышленность,Эксплуатационное обслуживание оборудования и трубопроводов систем реакторного отделения,46,2014-04-07,Совет по профессиональным квалификациям в сфере атомной энергии
24.009,Специалист по управлению проектами и программами в области производства электроэнергии атомными электростанциями,Атомная промышленность,Управление проектами в области производства электроэнергии атомными электростанциями,47,2014-04-07,Совет по профессиональным квалификациям в сфере атомной энергии
05.003,Тренер,Физическая культура и спорт,Руководство спортивной подготовкой спортсменов и их коллективов и проведение спортивных мероприятий со спортсменами и их коллективами (спортивными командами),48,2014-04-07,Совет по профессиональным квалификациям в сфере физической культуры и спорта
15.003,Специалист по добыче (вылову) и обработке водных биологических ресурсов на судах рыбопромыслового флота,Рыбоводство и рыболовство,Вылов и обработка рыбы и морепродуктов на судах рыбопромыслового флота,49,2014-04-07,Совет по профессиональным квалификациям агропромышленного комплекса
15.004,Специалист по водным биоресурсам и аквакультуре,Рыбоводство и рыболовство,"Мониторинг водных биологических ресурсов и среды их обитания и управление ими, производство продукции товарной аквакультуры и искусственное воспроизводство водных биологических ресурсов",50,2014-04-07,Совет по профессиональным квалификациям агропромышленного комплекса
24.010,Руководитель плавкрана (кранмейстер) в области атомного флота,Атомная промышленность,Эксплуатация самоходного судна-плавкрана,53,2014-04-07,Совет по профессиональным квалификациям в сфере атомной энергии
24.011,Машинист двигателей внутреннего сгорания в атомной энергетике,Атомная промышленность,Эксплуатационное обслуживание двигателей внутреннего сгорания атомных электростанций,54,2014-04-07,Совет по профессиональным квалификациям в сфере атомной энергии
24.012,"Электромеханик судов с ядерной энергетической установкой, судов атомного технологического обслуживания (всех категорий)",Атомная промышленность,Техническая эксплуатация электрооборудования судов с ядерной энергетической установкой (ЯЭУ) и судов атомного технологического обслуживания (АТО),55,2014-04-07,Совет по профессиональным квалификациям в сфере атомной энергии
11.001,Наладчик полиграфического оборудования,"Средства массовой информации, издательство и полиграфия",Наладка полиграфического оборудования,57,2014-04-07,"Совет по профессиональным квалификациям в области издательского дела, полиграфического производства и распространения печатной продукции"
25.006,"Специалист по надежности и безопасности пилотируемых космических кораблей, станций и обитаемых сооружений, располагаемых на небесных телах Специалист по надежности и безопасности пилотируемых космических кораблей, станций и обитаемых сооружений, располагаемых на небесных телах Специалист по надежности и безопасности пилотируемых космических кораблей, станций и обитаемых сооружений, располагаемых на небесных телах Специалист по надежности и безопасности пилотируемых космических кораблей, станций и обитаемых сооружений, располагаемых на небесных телах Специалист по надежности и безопасности пилотируемых космических кораблей, станций и обитаемых сооружений, располагаемых на небесных телах Специалист по надежности и безопасности пилотируемых космических кораблей, станций и обитаемых сооружений, располагаемых на небесных телах Специалист по надежности и безопасности пилотируемых космических кораблей, станций и обитаемых сооружений, располагаемых на небесных телах Специалист по надежности и безопасности пилотируемых космических кораблей, станций и обитаемых сооружений, располагаемых на небесных телах Специалист по надежности и безопасности пилотируемых космических кораблей, станций и обитаемых сооружений, располагаемых на небесных телах Специалист по надежности и безопасности пилотируемых космических кораблей, станций и обитаемых сооружений, располагаемых на небесных телах Специалист по надежности и безопасности пилотируемых космических кораблей, станций и обитаемых сооружений, располагаемых на небесных телах",Ракетно-космическая промышленность,"Организация работ по обеспечению надежности и безопасности разрабатываемых и эксплуатируемых пилотируемых космических кораблей, станций и обитаемых сооружений, располагаемых на небесных телах",58,2014-04-07,Совет по профессиональным квалификациям в области ракетной техники и космической деятельности
25.007,Специалист-эксперт ведомственной приемки в ракетно-космической промышленности,Ракетно-космическая промышленность,Осуществление ведомственной приемки в ракетно-космической промышленности,59,2014-04-07,Совет по профессиональным квалификациям в области ракетной техники и космической деятельности
24.014,"Специалист по организации технической эксплуатации (атомных паропроизводящих установок, ядерных энергетических установок, электромеханической службы) всех специальностей",Атомная промышленность,Организация технической эксплуатации судов атомного флота,60,2014-04-07,Совет по профессиональным квалификациям в сфере атомной энергии
40.013,Специалист по разработке технологий и программ для металлорежущих станков с числовым программным управлением,Сквозные виды профессиональной деятельности,Разработка технологий и программ для станков с числовым программным управлением,61,2014-04-11,Совет по профессиональным квалификациям в машиностроении
16.005,"Специалист по эксплуатации котлов, работающих на твердом топливе",Строительство и ЖКХ,"Техническое обслуживание и ремонт котельных, работающих на твердом топливе Техническое обслуживание и ремонт котельных, работающих на твердом топливе Техническое обслуживание и ремонт котельных, работ",62,2014-04-07,Совет по профессиональным квалификациям в жилищно-коммунальном хозяйстве
16.006,Работник в области обращения с отходами,Строительство и ЖКХ,"Формирование эффективной системы сбора, накопления, транспортирования, обработки, утилизации, обезвреживания, размещения отходов производства и потребления",63,2014-04-07,Совет по профессиональным квалификациям в жилищно-коммунальном хозяйстве
25.008,Специалист по испытаниям ракетных двигателей,Ракетно-космическая промышленность,"Испытания ракетных двигателей, их узлов и агрегатов",64,2014-04-07,Совет по профессиональным квалификациям в области ракетной техники и космической деятельности
24.015,Монтажник оборудования атомных электростанций,Атомная промышленность,Монтаж оборудования атомных электростанций,65,2014-04-11,Совет по профессиональным квалификациям в сфере атомной энергии
16.007,Специалист по эксплуатации станций водоподготовки,Строительство и ЖКХ,Техническое обслуживание и ремонт технологического и вспомогательного оборудования станций водоподготовки,66,2014-04-11,Совет по профессиональным квалификациям в жилищно-коммунальном хозяйстве
06.003,Архитектор программого обеспечения,"Связь, информационные и коммуникационные технологии","Проектирование, сопровождение и развитие архитектуры программного обеспечения",67,2014-04-11,Совет по профессиональным квалификациям в области информационных технологий
06.004,Специалист по тестированию в области информационных технологий,"Связь, информационные и коммуникационные технологии",Верификация и тестирование программного обеспечения,68,2014-04-11,Совет по профессиональным квалификациям в области информационных технологий
40.014,Специалист по обеспечению механосборочного производства заготовками,Сквозные виды профессиональной деятельности,"Обеспечение механосборочного производства изделиями, полученными преимущественно методами литья, обработки давлением, сварки, порошковой металлургии, аддитивными технологиями",69,2014-04-11,Совет по профессиональным квалификациям в машиностроении
24.016,Специалист лаборатории психофизиологического обеспечения атомной станции,Атомная промышленность,Психологическое и психофизиологическое сопровождение деятельности персонала атомной станции,70,2024-10-09,Совет по профессиональным квалификациям в сфере атомной энергии
24.017,Специалист плавдока (докмейстер всех категорий) в области атомного флота,Атомная промышленность,Обеспечение докового ремонта судов атомного флота,72,2014-04-11,Совет по профессиональным квалификациям в сфере атомной энергии
24.018,"Моторист судов с ядерными энергетическими установками, судов атомно-технологического обслуживания (всех категорий)",Атомная промышленность,Техническая эксплуатация судового оборудования судов с ядерными энергетическими установками (ЯЭУ) и судов атомно-технологического обслуживания (АТО),73,2014-04-11,Совет по профессиональным квалификациям в сфере атомной энергии
16.010,Специалист по эксплуатации газового оборудования жилых и общественных зданий,Строительство и ЖКХ,Эксплуатация газового оборудования жилых и общественных зданий,74,2014-04-11,Совет по профессиональным квалификациям в нефтегазовом комплексе
16.011,Специалист по эксплуатации гражданских зданий,Строительство и ЖКХ,Организация технической эксплуатации гражданских зданий,75,2014-04-11,Совет по профессиональным квалификациям в жилищно-коммунальном хозяйстве
16.012,"Специалист по эксплуатации тепловых пунктов и котлов на газообразном, жидком топливе и электронагреве",Строительство и ЖКХ,"Эксплуатация тепловых пунктов и котлов на газообразном, жидком топливе и электронагреве",76,2014-04-11,Совет по профессиональным квалификациям в жилищно-коммунальном хозяйстве
16.013,Специалист по эксплуатации насосных станций водопровода,Строительство и ЖКХ,"Техническое обслуживание и ремонт сооружений, оборудования и автоматики насосных станций водопровода",77,2014-04-11,Совет по профессиональным квалификациям в жилищно-коммунальном хозяйстве
16.014,Специалист по организации эксплуатации систем коммунального теплоснабжения,Строительство и ЖКХ,Организация и обеспечение обслуживания трубопроводов и оборудования коммунального теплоснабжения,78,2014-04-11,Совет по профессиональным квалификациям в жилищно-коммунальном хозяйстве
16.015,Специалист по эксплуатации водозаборных сооружений,Строительство и ЖКХ,Техническое обслуживание и ремонт гидротехнических сооружений и оборудования водозабора,79,2014-04-11,Совет по профессиональным квалификациям в жилищно-коммунальном хозяйстве
16.016,Специалист по эксплуатации очистных сооружений водоотведения,Строительство и ЖКХ,"Организация сбора, очистки сточныход городов и населенных мест и отвода очищенных вод в водные объекты через системы водоотведения, обработка осадка сточных вод",80,2014-04-11,Совет по профессиональным квалификациям в жилищно-коммунальном хозяйстве
25.009,Специалист по использованию результатов космической деятельности,Ракетно-космическая промышленность,Создание инфраструктуры и использование результатов космической деятельности,81,2014-04-11,Совет по профессиональным квалификациям в области ракетной техники и космической деятельности
25.010,Инженер-технолог по изготовлению космических аппаратов и систем,Ракетно-космическая промышленность,Технологическая подготовка и сопровождение производства космических аппаратов и систем,82,2014-04-11,Совет по профессиональным квалификациям в области ракетной техники и космической деятельности
40.015,"Инженер по метрологии в области метрологического обеспечения разработки, производства и испытаний нанотехнологической продукции",Сквозные виды профессиональной деятельности,"Метрологическое обеспечение разработки, производства и испытаний нанотехнологической продукции",84,2014-04-11,Совет по профессиональным квалификациям в сфере нанотехнологий и микроэлектроники
40.016,Инженер в области проектирования и сопровождения интегральных схем и систем на кристалле,Сквозные виды профессиональной деятельности,"Проектирование устройств, приборов и систем электронной техники с учетом заданных требований; разработка проектно-конструкторской документации в соответствии с методическими и нормативными требованиям",85,2014-04-11,Совет по профессиональным квалификациям в сфере нанотехнологий и микроэлектроники
40.017,"Специалист в области материаловедческого обеспечения технологического цикла производства объемных нанокерамик, соединений, композитов на их основе и изделий из них",Сквозные виды профессиональной деятельности,"Производство объемных нанокерамик, соединений, композитов на их основе и изделий из них",86,2014-04-11,Совет по профессиональным квалификациям в сфере нанотехнологий и микроэлектроники
40.018,Специалист в области технологического обеспечения полного цикла производства изделий с наноструктурированными керамическими покрытиями,Сквозные виды профессиональной деятельности,Нанесение наноструктурированных керамических покрытий. Производство изделий с наноструктурированным керамическим покрытием,87,2014-04-11,Совет по профессиональным квалификациям в сфере нанотехнологий и микроэлектроники
16.017,Специалист по абонентскому обслуживанию потребителей,Строительство и ЖКХ,Организация эффективных методов предоставления коммунальных ресурсов потребителям,88,2014-04-11,Совет по профессиональным квалификациям в жилищно-коммунальном хозяйстве
16.018,Специалист по управлению многоквартирными домами,Строительство и ЖКХ,Управление многоквартирными домами,89,2014-04-11,Совет по профессиональным квалификациям в жилищно-коммунальном хозяйстве
40.019,Специалист по функциональной верификации и разработке тестов функционального контроля наноразмерных интегральных схем,Сквозные виды профессиональной деятельности,Функциональная верификация и разработка тестов функционального контроля наноразмерных интегральных схем (ИС),90,2014-04-11,Совет по профессиональным квалификациям в сфере нанотехнологий и микроэлектроники
40.020,"Специалист в области технологического обеспечения полного цикла производства объемных нанокерамик, соединений, композитов на их основе и изделий из них",Сквозные виды профессиональной деятельности,"Производство объемных нанокерамик, соединений, композитов на их основе и изделий из них",91,2014-04-11,Совет по профессиональным квалификациям в сфере нанотехнологий и микроэлектроники
17.002,Дежурный по переезду,Транспорт,Обслуживание железнодорожных переездов,92,2014-05-14,Совет по профессиональным квалификациям на железнодорожном транспорте
17.003,"Оператор поста централизации, оператор сортировочной горки",Транспорт,"Перевод централизованных стрелок на железнодорожных путях общего и необщего пользования, управление сигналами и роспуском железнодорожных подвижных составов на сортировочных горках железнодорожных ста",93,2014-04-11,Совет по профессиональным квалификациям на железнодорожном транспорте
40.021,Фрезеровщик,Сквозные виды профессиональной деятельности,Изготовление деталей машин на фрезерных станках с ручным управлением,94,2014-04-17,Совет по профессиональным квалификациям в машиностроении
17.004,Дежурный стрелочного поста,Транспорт,Обслуживание стрелочных переводов нецентрализованного управления на железнодорожных путях общего и необщего пользования,95,2014-05-14,Совет по профессиональным квалификациям на железнодорожном транспорте
17.005,Работник по управлению и обслуживанию железнодорожно-строительной машины (несамоходной) Работник по управлению и обслуживанию железнодорожно-строительной машины (несамоходной) Работник по управлению и обслуживанию железнодорожно-строительной машины (несамоходной) Работник по управлению и обслуживанию железнодорожно-строительной машины (несамоходной) Работник по управлению и обслуживанию железнодорожно-строительной машины (несамоходной) Работник по управлению и обслуживанию железнодорожно-строительной машины (несамоходной) Работник по управлению и обслуживанию железнодорожно-строительной машины (несамоходной) Работник по управлению и обслуживанию железнодорожно-строительной машины (несамоходной) Работник по управлению и обслуживанию железнодорожно-строительной машины (несамоходной),Транспорт,"Управление несамоходной железнодорожно-строительной машиной, ее обслуживание и руководство работой железнодорожно-строительной машины (комплекса)",96,2014-04-17,Совет по профессиональным квалификациям на железнодорожном транспорте
16.019,Специалист по эксплуатации трансформаторных подстанций и распределительных пунктов и управлению режимами работы муниципальных электрических сетей,Строительство и ЖКХ,"Техническое обслуживание и ремонт электротехнических устройств, оборудования и установок",97,2014-04-17,Совет по профессиональным квалификациям в жилищно-коммунальном хозяйстве
17.006,Работник по управлению и обслуживанию моторвагонного подвижного состава,Транспорт,Управление моторвагонным подвижным составом и обслуживание моторвагонного подвижного состава,99,2014-05-14,Совет по профессиональным квалификациям на железнодорожном транспорте
17.007,Работник по контролю за состоянием железнодорожного пути и искусственных сооружений железнодорожного транспорта,Транспорт,Контроль состояния железнодорожного пути и искусственных сооружений железнодорожного транспорта,100,2014-05-14,Совет по профессиональным квалификациям на железнодорожном транспорте
25.011,Специалист по входному контролю покупных комплектующих изделий в ракетно-космической промышленностиСпециалист по входному контролю покупных комплектующих изделий в ракетно-космической промышленностиСпециалист по входному контролю покупных комплектующих изделий в ракетно-космической промышленностиСпециалист по входному контролю покупных комплектующих изделий в ракетно-космической промышленностиСпециалист по входному контролю покупных комплектующих изделий в ракетно-космической промышленностиСпециалист по входному контролю покупных комплектующих изделий в ракетно-космической промышленностиСпециалист по входному контролю покупных комплектующих изделий в ракетно-космической промышленностиСпециалист по входному контролю покупных комплектующих изделий в ракетно-космической промышленности,Ракетно-космическая промышленность,Входной контроль покупных комплектующих изделий в ракетно-космической промышленности,101,2014-05-19,Совет по профессиональным квалификациям в области ракетной техники и космической деятельности
06.005,Специалист по техническому обслуживанию и ремонту радиоэлектронных средств,"Связь, информационные и коммуникационные технологии",Техническое обслуживание и ремонт радиоэлектронных средств различного функционального назначения,102,2014-05-19,Совет по профессиональным квалификациям в области промышленной электроники и приборостроения
25.012,Специалист по баллистическому обеспечению испытаний космических средств,Ракетно-космическая промышленность,"Баллистическое обеспечение испытаний космических средств (средств выведения, орбитальных средств)",103,2014-05-19,Совет по профессиональным квалификациям в области ракетной техники и космической деятельности
11.002,"Контролер печатной продукции, полуфабрикатов и материалов","Средства массовой информации, издательство и полиграфия","Контроль качества материалов, полуфабрикатов полиграфического производства и печатной продукции",104,2014-05-19,"Совет по профессиональным квалификациям в области издательского дела, полиграфического производства и распространения печатной продукции"
11.003,Корреспондент средств массовой информации,"Средства массовой информации, издательство и полиграфия","Корреспондент (репортер) в мультимедийных, печатных, теле- и радиовещательных средствах массовой информации (СМИ)",105,2014-05-21,"Совет по профессиональным квалификациям в области издательского дела, полиграфического производства и распространения печатной продукции"
06.006,Инженер по технической эксплуатации станционного оборудования связи,"Связь, информационные и коммуникационные технологии",Техническая эксплуатация станционного оборудования связи,106,2014-05-19,"Совет по профессиональным квалификациям в области телекоммуникаций, почтовой связи и радиотехники"
06.007,Инженер-проектировщик в области связи (телекоммуникаций),"Связь, информационные и коммуникационные технологии",Проектирование систем связи (телекоммуникаций),107,2014-05-19,"Совет по профессиональным квалификациям в области телекоммуникаций, почтовой связи и радиотехники"
17.008,Наладчик железнодорожно-строительных машин и механизмов,Транспорт,Обслуживание и ремонт железнодорожно-строительных машин и механизмов железнодорожного транспорта,108,2014-05-19,Совет по профессиональным квалификациям на железнодорожном транспорте
06.008,Специалист по производству продукции сетевых изданий и информационных агентств,"Связь, информационные и коммуникационные технологии",Организация подготовки к выпуску продукции сетевых изданий и информационных агентств,109,2014-05-21,Совет по профессиональным квалификациям в сфере коммуникационной индустрии
13.001,Специалист в области механизации сельского хозяйства,Сельское хозяйство,Техническое сопровождение производственных процессов в сельском хозяйстве,110,2014-05-21,Совет по профессиональным квалификациям агропромышленного комплекса
24.020,Специалист по радиационному контролю атомной отрасли,Атомная промышленность,Контроль радиационной обстановки в организации атомной отрасли и в районе ее размещения,111,2014-10-31,Совет по профессиональным квалификациям в сфере атомной энергии
06.009,Специалист по продвижению и распространению продукции средств массовой информации,"Связь, информационные и коммуникационные технологии","Организация продвижения и распространения продукции средств массовой информации (СМИ), включая печатные издания, телевизионные и радиопрограммы, сетевые издания",112,2014-08-04,Совет по профессиональным квалификациям в сфере коммуникационной индустрии
11.004,Ведущий телевизионной программы,"Средства массовой информации, издательство и полиграфия",Ведение телепрограмм различной направленности,113,2014-08-04,Совет по профессиональным квалификациям в сфере коммуникационной индустрии
06.010,Специалист по технической поддержке клиентов оператора связи,"Связь, информационные и коммуникационные технологии",Обеспечение качества предоставления услуг клиентам оператора связи,114,2014-05-19,"Совет по профессиональным квалификациям в области телекоммуникаций, почтовой связи и радиотехники"
17.009,Работник по управлению и обслуживанию специального железнодорожного подвижного состава (самоходного),Транспорт,"Управление специальным железнодорожным подвижным составом (самоходным), его обслуживание",115,2014-05-19,Совет по профессиональным квалификациям на железнодорожном транспорте
17.010,Работник по управлению и обслуживанию локомотива,Транспорт,Управление локомотивами (группы локомотивов) и обслуживание локомотивов,116,2014-05-19,Совет по профессиональным квалификациям на железнодорожном транспорте
13.002,Птицевод,Сельское хозяйство,Производство продукции птицеводства,117,2014-05-21,Совет по профессиональным квалификациям агропромышленного комплекса
13.003,Животновод,Сельское хозяйство,Производство продукции животноводства,118,2014-05-19,Совет по профессиональным квалификациям агропромышленного комплекса
13.004,Оператор машинного доения,Сельское хозяйство,Выполнение доильных работ и первичной обработки молока животных с использованием специализированного оборудования,119,2014-05-19,Совет по профессиональным квалификациям агропромышленного комплекса
11.005,Специалист по производству продукции телерадиовещательных средств массовой информации,"Средства массовой информации, издательство и полиграфия",Производство продукции телерадиовещательных средств массовой информации (СМИ),120,2014-10-28,Совет по профессиональным квалификациям в сфере коммуникационной индустрии
13.005,Специалист по агромелиорации,Сельское хозяйство,Мелиорация земель сельскохозяйственного назначения,121,2014-05-21,Совет по профессиональным квалификациям агропромышленного комплекса
11.006,Редактор средств массовой информации,"Средства массовой информации, издательство и полиграфия",Редактирование и подготовка материалов к публикации в средствах массовой информации (СМИ),122,2014-08-04,"Совет по профессиональным квалификациям в области издательского дела, полиграфического производства и распространения печатной продукции"
13.006,Тракторист-машинист сельскохозяйственного производства,Сельское хозяйство,"Эксплуатация тракторов, комбайнов и сельскохозяйственных машин в условиях сельскохозяйственного производства",123,2014-06-04,Совет по профессиональным квалификациям агропромышленного комплекса
40.022,Работник по электрохимической защите от коррозии линейных сооружений и объектов,Сквозные виды профессиональной деятельности,Электрохимическая защита от коррозии линейных сооружений и объектов,124,2014-09-08,Совет по профессиональным квалификациям в нефтегазовом комплексе
40.023,Монтажник гидравлических и пневматических систем,Сквозные виды профессиональной деятельности,"Производство, эксплуатация, техническое обслуживание и ремонт гидравлических и пневматических систем и агрегатов",125,2014-05-29,ФГБУ «Всероссийский научно-исследовательский институт труда»
24.021,Специалист атомно-механической службы судов с ядерными энергетическими установками (кроме плавучих энергоблоков),Атомная промышленность,"Эксплуатация судовой ядерной энергетической установки, обращение с ядерным топливом",127,2014-08-04,Совет по профессиональным квалификациям в сфере атомной энергии
40.024,Наладчик шлифовальных станков,Сквозные виды профессиональной деятельности,Наладка шлифовальных станков – автоматов и полуавтоматов,128,2014-06-04,Совет по профессиональным квалификациям в машиностроении
40.025,Наладчик электрохимических станков,Сквозные виды профессиональной деятельности,Наладка электрохимических станков,129,2014-08-04,Совет по профессиональным квалификациям в машиностроении
24.022,Машинист-обходчик турбинного оборудования,Атомная промышленность,Эксплуатационное обслуживание турбинного оборудования объектов использования атомной энергии,130,2014-08-04,Совет по профессиональным квалификациям в сфере атомной энергии
40.026,Наладчик металлорежущих станков с числовым программным управлением,Сквозные виды профессиональной деятельности,Наладка металлорежущих станков с числовым программным управлением,131,2014-08-04,Совет по профессиональным квалификациям в машиностроении
13.008,Специалист по фитосанитарному мониторингу и контролю качества семян,Сельское хозяйство,"Мониторинг фитосанитарного состояния агроэкосистем, качества семян, управление фитосанитарным состоянием агроэкосистем, качеством семян",132,2020-06-02,Совет по профессиональным квалификациям агропромышленного комплекса
13.009,Мастер растениеводства,Сельское хозяйство,"Производство, первичная обработка и хранение продукции растениеводства",133,2014-08-04,Совет по профессиональным квалификациям агропромышленного комплекса
24.023,Машинист котлов в атомной энергетике,Атомная промышленность,Эксплуатационное обслуживание котлов в атомной энергетике,134,2014-06-04,Совет по профессиональным квалификациям в сфере атомной энергии
05.002,Тренер по адаптивной физической культуре и адаптивному спорту,Физическая культура и спорт,"Проведение физкультурных и спортивных мероприятий с детьми-инвалидами, инвалидами и лицами с ограниченными возможностями здоровья",136,2014-08-04,Совет по профессиональным квалификациям в сфере физической культуры и спорта
40.027,Машинист компрессорных установок,Сквозные виды профессиональной деятельности,"Эксплуатация стационарных компрессоров, турбокомпрессоров и автоматизированных компрессорных станций",137,2020-07-22,Совет по профессиональным квалификациям в отрасли судостроения и морской техники
13.010,Оператор животноводческих комплексов и механизированных ферм,Сельское хозяйство,Эксплуатация машин и оборудования животноводческих комплексов и механизированных ферм для выращивания крупного рогатого скота,138,2014-08-04,Совет по профессиональным квалификациям агропромышленного комплекса
11.007,Оператор средств массовой информации,"Средства массовой информации, издательство и полиграфия",Оператор в сфере средств массовой информации (СМИ),139,2014-06-04,"Совет по профессиональным квалификациям в области издательского дела, полиграфического производства и распространения печатной продукции"
13.011,Обработчик шкур,Сельское хозяйство,Обработка шкур,140,2014-08-04,Совет по профессиональным квалификациям агропромышленного комплекса
13.012,Работник в области ветеринарии,Сельское хозяйство,Обеспечение ветеринарного благополучия животных и человека,141,2014-08-04,Совет по профессиональным квалификациям агропромышленного комплекса
13.013,Специалист по зоотехнии,Сельское хозяйство,Организация производства продукции животноводства,142,2020-07-14,Совет по профессиональным квалификациям агропромышленного комплекса
04.001,Продюсер в области кинематографии,"Культура, искусство",Организация кинопроизводства,143,2014-09-08,Совет по профессиональным квалификациям в сфере культуры
24.024,"Специалист по организации спецпроизводства в области атомного флота (всех специальностей, всех категорий)",Атомная промышленность,Обращение с ядерным топливом (ЯТ) и радиоактивными отходами (РО),144,2014-09-08,Совет по профессиональным квалификациям в сфере атомной энергии
04.002,Специалист по техническим процессам художественной деятельности,"Культура, искусство",Художественная деятельность,145,2014-09-08,Совет по профессиональным квалификациям в сфере производства социально-значимых товаров
06.011,Администратор баз данных,"Связь, информационные и коммуникационные технологии",Администрирование баз данных,146,2014-09-17,Совет по профессиональным квалификациям в области информационных технологий
06.012,Менеджер продуктов в области информационных технологий,"Связь, информационные и коммуникационные технологии",Предпринимательская деятельность в области информационных технологий,147,2014-11-20,Совет по профессиональным квалификациям в области информационных технологий
06.013,Специалист по информационным ресурсам,"Связь, информационные и коммуникационные технологии",Создание информационных ресурсов в информационно-телекоммуникационной сети «Интернет» и управление ими,148,2014-09-08,Совет по профессиональным квалификациям в области информационных технологий
06.014,Менеджер по информационным технологиям,"Связь, информационные и коммуникационные технологии",Управление информационными технологиями в экономике и государственном управлении,149,2014-10-13,Совет по профессиональным квалификациям в области информационных технологий
40.028,Слесарь-инструментальщик,Сквозные виды профессиональной деятельности,Изготовление и ремонт инструментов и приспособлений,151,2014-10-13,Совет по профессиональным квалификациям в машиностроении
13.014,Пчеловод,Сельское хозяйство,Организация и выполнение работ по производству продукции пчеловодства,152,2014-09-08,Совет по профессиональным квалификациям агропромышленного комплекса
06.015,Специалист по информационным системам,"Связь, информационные и коммуникационные технологии",Создание и поддержка информационных систем в экономике,153,2014-11-18,Совет по профессиональным квалификациям в области информационных технологий
06.016,Руководитель проектов в области информационных технологий,"Связь, информационные и коммуникационные технологии",Менеджмент проектов в области информационных технологий,154,2014-11-18,Совет по профессиональным квалификациям в области информационных технологий
04.003,Хранитель музейных ценностей,"Культура, искусство",Деятельность по хранению музейных предметов и музейных коллекций в музеях всех видов,155,2014-08-04,Совет по профессиональным квалификациям в сфере культуры
04.004,Специалист по учету музейных предметов,"Культура, искусство",Деятельность по учету музейных предметов в музеях всех видов,156,2014-08-04,Совет по профессиональным квалификациям в сфере культуры
05.004,Инструктор-методист по адаптивной физической культуре и адаптивному спорту,Физическая культура и спорт,Организационно-методическая деятельность в области адаптивной физической культуры и адаптивного спорта,157,2014-08-04,Совет по профессиональным квалификациям в сфере физической культуры и спорта
05.005,Специалист по инструкторской и методической работе в области физической культуры и спорта,Физическая культура и спорт,Инструкторско-методическая деятельность в области физической культуры и спорта,158,2014-09-08,Совет по профессиональным квалификациям в сфере физической культуры и спорта
40.029,Слесарь-сборщик металлоконструкций,Сквозные виды профессиональной деятельности,"Сборка металлоконструкций из листового, сортового и фасонного проката",159,2014-08-04,Совет по профессиональным квалификациям в машиностроении
11.008,Специалист по производству продукции печатных средств массовой информации,"Средства массовой информации, издательство и полиграфия",Организация технологического процесса подготовки к выпуску продукции печатных средств массовой информации (СМИ),161,2014-08-04,"Совет по профессиональным квалификациям в области издательского дела, полиграфического производства и распространения печатной продукции"
04.005,Экскурсовод (гид),"Культура, искусство",Предоставление экскурсионных услуг,162,2014-08-04,Совет по профессиональным квалификациям в сфере гостеприимства
40.030,Регулировщик и настройщик радиоэлектронных средств,Сквозные виды профессиональной деятельности,"Регулировка, настройка и электротестирование радиоэлектронных средств",163,2014-08-04,Совет по профессиональным квалификациям в области промышленной электроники и приборостроения
40.031,Специалист по технологиям механосборочного производства в машиностроении,Сквозные виды профессиональной деятельности,Технологическая подготовка производства машиностроительных изделий,164,2014-09-08,Совет по профессиональным квалификациям в машиностроении
40.032,Наладчик электроэрозионных проволочно-вырезных станков,Сквозные виды профессиональной деятельности,Наладка электроэрозионных проволочно-вырезных станков,165,2014-09-08,Совет по профессиональным квалификациям в машиностроении
40.033,Специалист по оперативному управлению механосборочным производством,Сквозные виды профессиональной деятельности,Оперативное управление механосборочным производством,166,2014-09-08,Совет по профессиональным квалификациям в машиностроении
16.020,Специалист по организации эксплуатации воздушных и кабельных муниципальных линий электропередачи,Строительство и ЖКХ,Техническое обслуживание и ремонт воздушных и кабельных муниципальных линий электропередачи,167,2014-09-08,Совет по профессиональным квалификациям в жилищно-коммунальном хозяйстве
40.034,Специалист по проектному управлению в области разработки и постановки производства полупроводниковых приборов и систем с использованием нанотехнологий,Сквозные виды профессиональной деятельности,Управление в области разработки и постановки производства полупроводниковых приборов и систем с использованием нанотехнологий,168,2014-09-25,Совет по профессиональным квалификациям в сфере нанотехнологий и микроэлектроники
21.001,Дизайнер детской игровой среды и продукции,Легкая и текстильная промышленность,Промышленный дизайн детской игровой среды и продукции,169,2014-11-18,Совет по профессиональным квалификациям в сфере производства социально-значимых товаров
11.009,Режиссер средств массовой информации,"Средства массовой информации, издательство и полиграфия",Подготовка медиапродуктов средств массовой информации (СМИ) к выпуску,171,2014-09-08,ФГБУ «Всероссийский научно-исследовательский институт труда»
40.035,Инженер-конструктор аналоговых сложнофункциональных блоков,Сквозные виды профессиональной деятельности,"Проектирование устройств, приборов и систем аналоговой электронной техники",172,2014-07-10,Совет по профессиональным квалификациям в сфере нанотехнологий и микроэлектроники
40.036,Специалист в области разработки волоконных лазеров,Сквозные виды профессиональной деятельности,Разработка волоконных лазеров,173,2014-07-10,Совет по профессиональным квалификациям в сфере нанотехнологий и микроэлектроники
40.037,Специалист по разработке технологии производства приборов квантовой электроники и фотоники,Сквозные виды профессиональной деятельности,"Разработка технологии производства полупроводниковых элементов, приборов, включая фоточувствительные и оптоэлектронные",174,2014-07-10,Совет по профессиональным квалификациям в сфере нанотехнологий и микроэлектроники
40.038,Специалист в области производства специально легированных оптических волокон,Сквозные виды профессиональной деятельности,"Производство легированных редкоземельными ионами оптических волокон, включающее в себя производство заготовок, вытяжку активного оптического волокна и его тестирование",175,2014-07-10,Совет по профессиональным квалификациям в сфере нанотехнологий и микроэлектроники
40.039,Специалист в области разработки полупроводниковых лазеров,Сквозные виды профессиональной деятельности,Разработка полупроводниковых лазеров,176,2014-07-10,Совет по профессиональным квалификациям в сфере нанотехнологий и микроэлектроники
40.040,Инженер в области разработки цифровых библиотек стандартных ячеек и сложнофункциональных блоков,Сквозные виды профессиональной деятельности,"Проектирование устройств, приборов и систем электронной техники с учетом заданных требований; разработка проектно-конструкторской документации в соответствии с методическими и нормативными требованиям",177,2014-07-10,Совет по профессиональным квалификациям в сфере нанотехнологий и микроэлектроники
40.041,Специалист в области производства волоконно-оптических кабелей,Сквозные виды профессиональной деятельности,Разработка конструкции и технологии производства волоконно-оптических кабелей,178,2014-07-10,Совет по профессиональным квалификациям в сфере нанотехнологий и микроэлектроники
40.042,Специалист технического обеспечения процесса производства полимерных наноструктурированных пленок,Сквозные виды профессиональной деятельности,Техническое обеспечение производства полимерных наноструктурированных пленок,179,2014-07-10,Совет по профессиональным квалификациям в сфере нанотехнологий и микроэлектроники
40.043,Специалист по внедрению и управлению производством полимерных наноструктурированных пленок,Сквозные виды профессиональной деятельности,Технологическое и организационно-управленческое сопровождение производства полимерных наноструктурированных пленок,180,2014-07-10,Совет по профессиональным квалификациям в сфере нанотехнологий и микроэлектроники
40.044,Специалист по научно-техническим разработкам и испытаниям полимерных наноструктурированных пленок,Сквозные виды профессиональной деятельности,Разработка и испытание полимерных наноструктурированных пленок,181,2014-07-10,Совет по профессиональным квалификациям в сфере нанотехнологий и микроэлектроники
40.045,Инженер-проектировщик фотошаблонов для производства наносистем (включая наносенсорику и интегральные схемы),Сквозные виды профессиональной деятельности,Проектирование фотошаблонов и подготовка управляющей информации для их изготовления,182,2014-07-10,Совет по профессиональным квалификациям в сфере нанотехнологий и микроэлектроники
40.046,Специалист производства наноструктурированных сырьевых керамических масс,Сквозные виды профессиональной деятельности,Производство наноструктурированных сырьевых керамических масс,183,2014-07-10,Совет по профессиональным квалификациям в сфере нанотехнологий и микроэлектроники
40.047,Штамповщик,Сквозные виды профессиональной деятельности,"Холодная штамповка листоштампованных изделий из сталей, сплавов и неметаллических материалов на прессах",184,2014-09-08,Совет по профессиональным квалификациям в машиностроении
40.048,Слесарь - электрик,Сквозные виды профессиональной деятельности,Техническое обслуживание и ремонт цехового электрооборудования и электроустановок,185,2014-09-17,Совет по профессиональным квалификациям в машиностроении
40.049,Специалист по логистике на транспорте,Сквозные виды профессиональной деятельности,Логистическая деятельность по перевозке грузов в цепи поставок,186,2014-09-08,nan
40.050,Литейщик металлов и сплавов,Сквозные виды профессиональной деятельности,Заливка литейных форм расплавом металлов и сплавов,187,2014-09-08,Совет по профессиональным квалификациям в машиностроении
40.051,"Рабочий по нанесению защитных покрытий (эмалированию, металлизации и окрашиванию)",Сквозные виды профессиональной деятельности,"Нанесение защитных покрытий: лакокрасочных, эмалевых и металлических покрытий",188,2014-09-08,ФГБУ «Всероссийский научно-исследовательский институт труда»
40.052,Специалист по проектированию технологической оснастки механосборочного производства,Сквозные виды профессиональной деятельности,Проектирование технологической оснастки механосборочного производства,189,2014-09-25,Совет по профессиональным квалификациям в машиностроении
06.017,Руководитель разработки программного обеспечения,"Связь, информационные и коммуникационные технологии",Руководство разработкой компьютерного программного обеспечения,190,2014-09-17,Совет по профессиональным квалификациям в области информационных технологий
40.053,Специалист по организации постпродажного обслуживания и сервиса,Сквозные виды профессиональной деятельности,Организация постпродажного обслуживания и сервиса,191,2014-10-31,Совет по профессиональным квалификациям в машиностроении
40.054,Специалист в области охраны труда,Сквозные виды профессиональной деятельности,"Деятельность по планированию, организации, контролю и совершенствованию системы управления охраной труда",192,2014-08-04,"Совет по профессиональным квалификациям в сфере безопасности труда, социальной защиты и занятости населения"
13.015,Специалист в области декоративного садоводства,Сельское хозяйство,Производственно-технологическая деятельность в области декоративного садоводства,193,2014-09-08,Совет по профессиональным квалификациям агропромышленного комплекса
25.013,Специалист по надежности ракетно-космической техники,Ракетно-космическая промышленность,Организация работ по обеспечению надежности ракетно-космической техники,194,2014-09-30,Совет по профессиональным квалификациям в области ракетной техники и космической деятельности
06.018,Инженер по технической эксплуатации линий связи,"Связь, информационные и коммуникационные технологии",Техническая эксплуатация линий связи,195,2014-10-31,"Совет по профессиональным квалификациям в области телекоммуникаций, почтовой связи и радиотехники"
40.055,Специалист по системам защитных покрытий поверхности зданий и сооружений опасных производственных объектов,Сквозные виды профессиональной деятельности,Защита от коррозии поверхности зданий и сооружений опасных производственных объектов с использованием покрытий,196,2014-10-13,Совет по профессиональным квалификациям в нефтегазовом комплексе
06.019,Технический писатель (специалист по технической документации в области информационных технологий),"Связь, информационные и коммуникационные технологии",Разработка технической документации и методического обеспечения продукции в сфере информационных технологий,197,2014-09-08,Совет по профессиональным квалификациям в области информационных технологий
30.001,Специалист по проектированию и конструированию в судостроении,Судостроение,"Проектирование и конструирование судов, плавучих конструкций и их составных частей",198,2014-09-08,Совет по профессиональным квалификациям в отрасли судостроения и морской техники
31.001,Специалист промышленного инжиниринга в автомобилестроении,Автомобилестроение,Управление производственной системой и ее развитие в производстве транспортных средств и оборудования,200,2014-10-13,Совет по профессиональным квалификациям в автомобилестроении
40.056,"Специалист по технико-экономическому сопровождению полного жизненного цикла изделий из полимерных материалов и композитов, в том числе наноструктурированных",Сквозные виды профессиональной деятельности,"Осуществление технической, технологической, маркетинговой и экономической деятельности организации для обеспечения полного жизненного цикла продукции из полимерных материалов и композитов, в том числе",201,17.10.2022,Совет по профессиональным квалификациям в сфере нанотехнологий и микроэлектроники
31.002,Работник по мехатронике в автомобилестроении,Автомобилестроение,"Монтаж, техническое обслуживание и ремонт мехатронных систем производственного оборудования в автомобилестроении",202,2014-10-28,Совет по профессиональным квалификациям в автомобилестроении
31.003,Работник по инструментальной оснастке в автомобилестроении,Автомобилестроение,Производство инструментальной оснастки для изготовления автотранспортных средств и их компонентов,203,2014-10-13,Совет по профессиональным квалификациям в автомобилестроении
31.004,Специалист по техническому обслуживанию и ремонту мехатронных систем автотранспортных средств и их компонентов в автомобилестроении,Автомобилестроение,Ремонт и обслуживание мехатронных систем автотранспортных средств в автомобилестроении,204,2014-10-13,Совет по профессиональным квалификациям в автомобилестроении
30.002,Маляр судовой,Судостроение,Малярные работы при постройке и ремонте судов и плавучих сооружений,205,2014-10-09,Совет по профессиональным квалификациям в отрасли судостроения и морской техники
06.020,Кабельщик-спайщик,"Связь, информационные и коммуникационные технологии",Эксплуатационно-техническое обслуживание линейно-кабельных сооружений связи,206,2014-10-10,"Совет по профессиональным квалификациям в области телекоммуникаций, почтовой связи и радиотехники"
06.021,Антенщик-мачтовик,"Связь, информационные и коммуникационные технологии","Монтаж, эксплуатация и техническое обслуживание антенно-мачтовых сооружений",207,2014-10-10,"Совет по профессиональным квалификациям в области телекоммуникаций, почтовой связи и радиотехники"
31.005,Работник окрасочного производства в автомобилестроении,Автомобилестроение,Окраска при производстве автотранспортных средств и их компонентов,208,2014-10-20,Совет по профессиональным квалификациям в автомобилестроении
31.006,Дизайнер автомобилестроения,Автомобилестроение,Разработка дизайн-проектов для производства транспортных средств,209,2014-10-28,Совет по профессиональным квалификациям в автомобилестроении
31.007,Специалист по сборке автотранспортных средств и их компонентов,Автомобилестроение,Сборка автотранспортных средств и их компонентов,210,2014-11-11,Совет по профессиональным квалификациям в автомобилестроении
25.014,Специалист по дефектации изделий ракетной и космической техники,Ракетно-космическая промышленность,Дефектация изделий ракетной и космической техники,211,2014-10-09,Совет по профессиональным квалификациям в области ракетной техники и космической деятельности
40.057,Специалист по автоматизированным системам управления машиностроительным предприятием,Сквозные виды профессиональной деятельности,"Разработка, внедрение и эксплуатация автоматизированных систем управления предприятием (далее – АСУП) в машиностроении",212,2014-10-13,Совет по профессиональным квалификациям в машиностроении
31.008,Химик-технолог в автомобилестроении,Автомобилестроение,Проведение химико-физических анализов по исследованию свойств материалов при производстве транспортных средств,213,2014-10-10,Совет по профессиональным квалификациям в автомобилестроении
31.009,Работник литейного производства в автомобилестроении,Автомобилестроение,Литейное производство деталей для изготовления автотранспортных средств и их компонентов,214,2014-10-13,Совет по профессиональным квалификациям в автомобилестроении
31.010,Конструктор в автомобилестроении,Автомобилестроение,Проектирование и конструирование автотранспортных средств и их компонентов,215,2014-10-10,Совет по профессиональным квалификациям в автомобилестроении
30.003,"Контролер судокорпусных, судомонтажных и трубопроводных работ",Судостроение,"Контроль технологии и качества выполнения судокорпусных, судомонтажных и трубопроводных работ в ходе постройки, ремонта, испытаний судов, плавучих сооружений и их составных частей",216,2014-10-09,Совет по профессиональным квалификациям в отрасли судостроения и морской техники
31.011,Специалист по продажам в автомобилестроении,Автомобилестроение,Осуществление продаж транспортных средств и оборудования,217,2014-10-09,Совет по профессиональным квалификациям в автомобилестроении
31.012,Специалист по исследованию и анализу рынка автомобилестроения,Автомобилестроение,Исследование рынка автотранспортных средств и их компонентов,218,2014-10-13,Совет по профессиональным квалификациям в автомобилестроении
30.004,Гибщик судовой,Судостроение,"Гибка и правка деталей листового и профильного проката в заводских условиях при строительстве и ремонте судов, плавучих сооружений и их составных частей",219,2014-12-08,Совет по профессиональным квалификациям в отрасли судостроения и морской техники
31.013,Специалист по термообработке в автомобилестроении,Автомобилестроение,Термическая обработка деталей при производстве транспортных средств,220,2014-10-13,Совет по профессиональным квалификациям в автомобилестроении
31.014,Технолог в автомобилестроении,Автомобилестроение,Технологическая подготовка и сопровождение производства автотранспортных средств (АТС),221,2014-11-18,Совет по профессиональным квалификациям в автомобилестроении
31.015,Специалист технологической подготовки производства в автомобилестроении,Автомобилестроение,Технологическая подготовка производства транспортных средств и оборудования,222,2014-10-14,Совет по профессиональным квалификациям в автомобилестроении
31.016,Работник по прессовым работам в автомобилестроении,Автомобилестроение,Кузнечно-прессовые работы при производстве компонентов автотранспортных средств,223,2014-10-20,Совет по профессиональным квалификациям в автомобилестроении
31.017,Работник по монтажным и пусконалодочным работам в автомобилестроении,Автомобилестроение,"Обеспечение монтажа, подключения, запуска и сопровождения оборудования при производстве автотранспортных средств и их компонентов",224,2014-10-28,Совет по профессиональным квалификациям в автомобилестроении
31.018,Логист автомобилестроения,Автомобилестроение,Управление поставками при производстве транспортных средств и оборудования,225,2014-10-14,Совет по профессиональным квалификациям в автомобилестроении
31.019,Работник металлообрабатывающего производства в автомобилестроении,Автомобилестроение,Производство изделий методами металлообработки методами при изготовлении компонентов автотранспортных средств,226,2014-11-21,Совет по профессиональным квалификациям в автомобилестроении
31.020,Специалист по металлоконструкциям в автомобилестроении,Автомобилестроение,Производство металлических конструкций для производства транспортных средств,227,2014-11-21,Совет по профессиональным квалификациям в автомобилестроении
30.005,Столяр судовой,Судостроение,"Столярные работы при постройке и ремонте судов, плавучих сооружений",228,2014-12-22,Совет по профессиональным квалификациям в отрасли судостроения и морской техники
30.006,Такелажник судовой,Судостроение,Такелажные работы в судостроении,229,2014-12-08,Совет по профессиональным квалификациям в отрасли судостроения и морской техники
30.007,Трубопроводчик судовой,Судостроение,"Изготовление, ремонт, монтаж и демонтаж судовых трубопроводов",230,2014-10-22,Совет по профессиональным квалификациям в отрасли судостроения и морской техники
30.008,Слесарь-судоремонтник,Судостроение,"Слесарно-ремонтные работы при постройке и ремонте судов, плавучих сооружений и их составных частей",231,2014-12-08,Совет по профессиональным квалификациям в отрасли судостроения и морской техники
30.009,Изолировщик судовой,Судостроение,"Нанесение и восстановление изоляционных материалов при постройке и ремонте судов, плавучих сооружений и их составных частей",232,2014-10-30,Совет по профессиональным квалификациям в отрасли судостроения и морской техники
06.022,Системный аналитик,"Связь, информационные и коммуникационные технологии",Исследования и проектирование для координации создания информационно-технологических систем и продуктов и управления ими,233,2014-10-28,Совет по профессиональным квалификациям в области информационных технологий
13.017,Агроном,Сельское хозяйство,Организация и выполнение работ по производству продукции растениеводства,234,2014-11-11,Совет по профессиональным квалификациям агропромышленного комплекса
30.010,Технолог судостроения,Судостроение,"Технологическая подготовка производства верфи для строительства, ремонта, переоборудования, модернизации, сервисного обслуживания, утилизации судов, плавучих сооружений и их составных частей",235,2014-11-11,Совет по профессиональным квалификациям в отрасли судостроения и морской техники
30.011,Сборщик-достройщик судовой,Судостроение,Сборочные и монтажно-достроечные работы при постройке и ремонте судов и плавучих сооружений,236,2014-10-22,Совет по профессиональным квалификациям в отрасли судостроения и морской техники
30.012,Сборщик корпусов металлических судов,Судостроение,Сборка и ремонт корпусов металлических судов,237,2014-11-18,Совет по профессиональным квалификациям в отрасли судостроения и морской техники
30.013,Слесарь-монтажник судовой,Судостроение,"Слесарно-монтажные работы при постройке и ремонте судов, плавучих сооружений и их составных частей",238,2014-12-08,Совет по профессиональным квалификациям в отрасли судостроения и морской техники
24.025,Оператор транспортно-технологического оборудования реакторного отделения,Атомная промышленность,Эксплуатация и техническое обслуживание транспортно-технологического оборудования реакторного отделения (ТТО ТО) реакторной установки (РУ),239,2014-11-11,Совет по профессиональным квалификациям в сфере атомной энергии
16.021,Кровельщик,Строительство и ЖКХ,Выполнение кровельных и теплоизоляционных работ,240,2014-10-31,Совет по профессиональным квалификациям в строительстве
16.022,Машинист автогрейдера,Строительство и ЖКХ,Выполнение механизированных работ с применением автогрейдера,241,2014-11-21,Совет по профессиональным квалификациям в строительстве
16.023,Асфальтобетонщик,Строительство и ЖКХ,"Выполнение ремонтных работ, подсобных и вспомогательных работ при устройстве асфальтобетонных покрытий автомобильных дорог",242,2014-12-22,Совет по профессиональным квалификациям в строительстве
16.024,Машинист асфальтоукладчика,Строительство и ЖКХ,Выполнение механизированных работ с применением асфальтоукладчиков различной производительности,243,2014-12-04,Совет по профессиональным квалификациям в строительстве
16.025,Специалист по организации строительства,Строительство и ЖКХ,"Организация строительства, реконструкции, капитального ремонта, сноса объектов капитального строительства",244,2014-11-21,Совет по профессиональным квалификациям в строительстве
40.058,Инженер-технолог по производству радиоэлектронных средств,Сквозные виды профессиональной деятельности,Технологическая подготовка производства и проектирование технологческих процессов изготовления радиоэлектронных средств,245,2014-10-31,Совет по профессиональным квалификациям в области промышленной электроники и приборостроения
40.059,Промышленный дизайнер,Сквозные виды профессиональной деятельности,Деятельность в области дизайна и проектирования промышленно изготовляемой продукции,246,2014-11-18,"Совет по профессиональным квалификациям торговой, внешнеторговой и по отдельным видам предпринимательской и экономической деятельности"
40.060,Специалист по сертификации и подтверждению соответствия,Сквозные виды профессиональной деятельности,"Профессиональная деятельность в области сертификации и подтверждения соответствия продукции, процессов проектирования (включая изыскания), производства, строительства, монтажа, наладки, эксплуатации, ",247,2014-10-31,"Совет по профессиональным квалификациям торговой, внешнеторговой и по отдельным видам предпринимательской и экономической деятельности"
40.061,Оператор автоматических и полуавтоматических станков и линий станков,Сквозные виды профессиональной деятельности,Изготовление деталей на металлорежущих автоматических и полуавтоматических станках и линиях станков,248,2014-11-06,Совет по профессиональным квалификациям в машиностроении
09.001,Следователь-криминалист,Юриспруденция,Криминалистическое сопровождение предварительного расследования предступлений,249,2015-03-23,Совет по профессиональным квалификациям в сфере управления и права
40.062,Специалист по качеству,Сквозные виды профессиональной деятельности,"Профессиональная деятельность в области качества продукции (работ, услуг)",250,2014-10-31,"Совет по профессиональным квалификациям торговой, внешнеторговой и по отдельным видам предпринимательской и экономической деятельности"
22.001,Оператор тепловых/холодильных установок,"Пищевая промышленность, включая производство напитков и табака",Управление работой тепловых и холодильных установок при термической обработке пищевых продуктов,251,2014-12-25,Совет по профессиональным квалификациям агропромышленного комплекса
19.001,Слесарь технологических установок нефтегазовой отрасли,"Добыча, переработка, транспортировка нефти и газа",Обслуживание и ремонт технологических установок нефтегазовой отрасли,252,2014-11-27,Совет по профессиональным квалификациям в нефтегазовом комплексе
19.002,"Специалист по химической переработке нефти, газа и химического сырья","Добыча, переработка, транспортировка нефти и газа","Переработка нефти, газа и химического сырья",253,2014-11-21,Совет по профессиональным квалификациям в нефтегазовом комплексе
19.003,Специалист по обслуживанию и ремонту нефтезаводского оборудования,"Добыча, переработка, транспортировка нефти и газа",Обслуживание и ремонт технологического оборудования организаций переработки нефти и газа,254,2014-11-21,Совет по профессиональным квалификациям в нефтегазовом комплексе
19.004,"Оператор по добыче нефти, газа и газового конденсата","Добыча, переработка, транспортировка нефти и газа","Добыча нефти, газа и газового конденсата",255,2014-11-18,Совет по профессиональным квалификациям в нефтегазовом комплексе
19.005,Буровой супервайзер в нефтегазовой отрасли,"Добыча, переработка, транспортировка нефти и газа","Технологический контроль строительства нефтяных и газовых скважин, зарезки боковых стволов",256,2014-11-27,Совет по профессиональным квалификациям в нефтегазовом комплексе
40.063,Оператор инжекционно-литьевой машины (термопластавтомата),Сквозные виды профессиональной деятельности,Ведение процесса производства деталей и изделий из полимеров на инжекционно-литьевой машине (термопластавтомате),257,2014-11-18,ФГБУ «Всероссийский научно-исследовательский институт труда»
40.064,Наладчик инжекционно-литьевой машины (термопластавтомата),Сквозные виды профессиональной деятельности,Наладка инжекционно-литьевой машины (термопластавтомата) для производства деталей и изделий из полимеров (пластмасс),258,2014-11-06,ФГБУ «Всероссийский научно-исследовательский институт труда»
40.065,"Контролер малярных работ по нанесению лакокрасочных покрытий на детали, изделия и конструкции",Сквозные виды профессиональной деятельности,Контроль и приемка работ по нанесению лакокрасочных покрытий,259,2014-12-15,ФГБУ «Всероссийский научно-исследовательский институт труда»
16.026,Арматурщик,Строительство и ЖКХ,Выполнение работ при изготовлении и монтаже армоконструкций,260,2014-12-22,Совет по профессиональным квалификациям в строительстве
16.027,Машинист бульдозера,Строительство и ЖКХ,Выполнение механизированных работ с применением бульдозера,261,2014-12-08,Совет по профессиональным квалификациям в строительстве
16.028,Машинист экскаватора,Строительство и ЖКХ,Выполнение механизированных работ с применением экскаватора,262,2014-11-21,Совет по профессиональным квалификациям в строительстве
16.029,"Монтажник систем вентиляции, кондиционирования воздуха, пневмотранспорта и аспирации",Строительство и ЖКХ,"Монтаж систем вентиляции, кондиционирования воздуха, пневмотранспорта и аспирации",263,2014-11-28,Совет по профессиональным квалификациям в строительстве
16.030,Монтажник оборудования котельных,Строительство и ЖКХ,Монтаж оборудования котельных,264,2014-11-21,Совет по профессиональным квалификациям в строительстве
16.031,Специалист в области обеспечения строительного производства строительными машинами и механизмами Специалист в области обеспечения строительного производства строительными машинами и механизмами,Строительство и ЖКХ,Обеспечение строительного производства строительными машинами и механизмами,265,2014-12-04,Совет по профессиональным квалификациям в строительстве
16.032,Специалист в области производственно-технического и технологического обеспечения строительного производстваСпециалист в области производственно-технического и технологического обеспечения строительного производства,Строительство и ЖКХ,Организационно-техническое и технологическое обеспечение процесса строительного производства,266,2014-11-27,Совет по профессиональным квалификациям в строительстве
16.033,Специалист в области планово-экономического обеспечения строительного производства Специалист в области планово-экономического обеспечения строительного производства,Строительство и ЖКХ,Планово-экономическое обеспечение строительного производства,267,2014-12-08,Совет по профессиональным квалификациям в строительстве
16.034,Специалист в области обеспечения строительного производства материалами и конструкциями Специалист в области обеспечения строительного производства материалами и конструкциями,Строительство и ЖКХ,"Обеспечение производственной деятельности строительной организации строительными материалами, изделиями, конструкциями и оборудованием",268,2014-12-04,Совет по профессиональным квалификациям в строительстве
32.001,Специалист по разработке и модернизации бортового радиоэлектронного оборудования летательных аппаратов Специалист по разработке и модернизации бортового радиоэлектронного оборудования летательных аппаратов,Авиастроение,"Разработка и модернизация бортового радиоэлектронного оборудования самолетов, вертолетов и беспилотных летательных аппаратов",269,2014-12-15,Совет по профессиональным квалификациям в авиастроении
32.002,Специалист по проектированию и конструированию авиационной техники,Авиастроение,Проектирование и конструирование авиационной техники,270,2014-12-08,Совет по профессиональным квалификациям в авиастроении
32.003,"Специалист по проектированию и конструированию механических конструкций, узлов и агрегатов систем летательных аппаратов Специалист по проектированию и конструированию механических конструкций, узлов и агрегатов систем летательных аппаратов",Авиастроение,"Проектирование и конструирование механических конструкций, узлов и агрегатов систем летательных аппаратов",271,2014-12-08,Совет по профессиональным квалификациям в авиастроении
32.004,Специалист по прочностным расчетам авиационных конструкций,Авиастроение,Обеспечение прочности авиационных конструкций,272,2014-12-11,Совет по профессиональным квалификациям в авиастроении
21.002,Дизайнер (конструктор) детской одежды и обуви,Легкая и текстильная промышленность,Дизайн детской одежды и обуви,273,2014-12-04,Совет по профессиональным квалификациям в сфере производства социально-значимых товаров
40.066,Слесарь-доводчик-притирщик,Сквозные виды профессиональной деятельности,Ручная доводка и притирка поверхностей машиностроительных деталей,274,2023-04-27,Совет по профессиональным квалификациям в машиностроении
40.067,Слесарь по контрольно-измерительным приборам и автоматике,Сквозные виды профессиональной деятельности,Ремонт и обслуживание контрольно-измерительных приборов и аппаратуры автоматического регулирования и управления,275,2014-12-25,Совет по профессиональным квалификациям в машиностроении
08.001,Специалист в области национальной платежной системы,Финансы и экономика,"Деятельность по организации, эксплуатации и развитию платежных систем",276,2015-03-31,Совет по профессиональным квалификациям финансового рынка
27.001,Разливщик стали,Металлургическое производство,Разливка стали в изложницы и на машине непрерывного литья заготовок,277,2014-12-11,Совет по профессиональным квалификациям в горно-металлургическом комплексе
40.068,Специалист по наладке и испытаниям технологического оборудования термического производства,Сквозные виды профессиональной деятельности,Введение в эксплуатацию и техническое обслуживание термического оборудования,278,2014-12-11,Совет по профессиональным квалификациям в машиностроении
27.002,Вальцовщик по сборке и перевалке клетей,Металлургическое производство,"Сборка-разборка, комплектование, наладка и перевалка клетей (валков) на прокатных станах, профилегибочных агрегатах и роликовых правильных машинах",279,2014-12-11,Совет по профессиональным квалификациям в горно-металлургическом комплексе
27.003,Вальцовщик стана холодной прокатки,Металлургическое производство,Производство холоднокатаного листового проката,280,2014-12-11,Совет по профессиональным квалификациям в горно-металлургическом комплексе
27.004,Вальцовщик стана горячей прокатки,Металлургическое производство,Производство проката на станах горячей прокатки,281,2014-12-11,Совет по профессиональным квалификациям в горно-металлургическом комплексе
27.005,Оператор поста управления стана холодной прокатки,Металлургическое производство,Управление процессом получения листового проката на станах холодной прокатки,282,2014-12-22,Совет по профессиональным квалификациям в горно-металлургическом комплексе
27.006,Оператор поста управления стана горячей прокатки,Металлургическое производство,Управление технологическим процессом горячей прокатки,283,2014-12-11,Совет по профессиональным квалификациям в горно-металлургическом комплексе
27.007,Горновой доменной печи,Металлургическое производство,Выполнение работ на литейном дворе и в фурменной зоне доменной печи по выпуску чугуна и шлака,284,2014-12-22,Совет по профессиональным квалификациям в горно-металлургическом комплексе
27.008,Машинист шихтоподачи,Металлургическое производство,Управление загрузкой доменной печи шихтовыми материалами,285,2014-12-22,Совет по профессиональным квалификациям в горно-металлургическом комплексе
25.015,Специалист по разработке системы управления полетами ракет-носителей и космических аппаратов,Ракетно-космическая промышленность,Разработка системы управления полетами ракет-носителей (далее - РН) и космических аппаратов (далее - КА),286,2014-12-22,Совет по профессиональным квалификациям в области ракетной техники и космической деятельности
25.016,"Специалист по эксплуатации комплексов и систем заправки ракет носителей, разгонных блоков и космических аппаратов компонентами ракетного топлива",Ракетно-космическая промышленность,"Эксплуатация комплексов и систем заправки ракет-носителей, разгонных блоков и космических аппаратовкомпонентами ракетного топлива",287,2015-01-16,Совет по профессиональным квалификациям в области ракетной техники и космической деятельности
27.009,Водопроводчик доменной печи,Металлургическое производство,Управление работой систем охлаждения и энергообеспечения доменной печи,288,2014-12-15,Совет по профессиональным квалификациям в горно-металлургическом комплексе
27.010,Резчик холодного металла,Металлургическое производство,Резка металлопроката в холодном состоянии,289,2014-12-11,Совет по профессиональным квалификациям в горно-металлургическом комплексе
23.001,Аппаратчик приготовления химических растворов,"Деревообрабатывающая и целлюлозно-бумажная промышленность, мебельное производство",Приготовление химических растворов в открытых и закрытых аппаратах различных типов,290,2014-12-11,"Совет по профессиональным квалификациям в целлюлозно-бумажной, мебельной и деревообрабатывающей промышленности"
40.069,Специалист по наладке и испытаниям технологического оборудования механосборочного производства,Сквозные виды профессиональной деятельности,Наладка и испытание технологического оборудования механосборочного производства,291,2014-12-11,Совет по профессиональным квалификациям в машиностроении
20.001,Работник по оперативно-технологическому управлению объектами тепловой электростанции,Электроэнергетика,Организация работы смены ТЭС,292,2014-12-15,Совет по профессиональным квалификациям в электроэнергетике
15.011,Специалист по технологии продуктов питания из водных биоресурсов и объектов аквакультуры,Рыбоводство и рыболовство,Производство продуктов питания из водных биоресурсов и объектов аквакультуры,293,2014-12-22,Совет по профессиональным квалификациям агропромышленного комплекса
40.070,Специалист по диагностике технологических комплексов кузнечно-штамповочного производства,Сквозные виды профессиональной деятельности,Диагностика технологических комплексов кузнечно-штамповочного производства,294,2014-12-22,Совет по профессиональным квалификациям в машиностроении
27.011,Газовщик доменной печи,Металлургическое производство,Управление технологическим процессом доменной плавки,295,2014-12-11,Совет по профессиональным квалификациям в горно-металлургическом комплексе
40.071,Специалист по анализу и диагностике технологических комплексов литейного производства,Сквозные виды профессиональной деятельности,Анализ и диагностика технологических комплексов литейного производства,296,2014-12-11,Совет по профессиональным квалификациям в машиностроении
27.012,Термист проката и труб,Металлургическое производство,Термическая обработка проката и труб,297,2014-12-11,Совет по профессиональным квалификациям в горно-металлургическом комплексе
40.072,Специалист по наладке и испытаниям технологического оборудования кузнечно-штамповочного производства,Сквозные виды профессиональной деятельности,"Наладка, регулировка и испытания кузнечно-штамповочного и вспомогательного оборудования в кузнечно-штамповочном производстве",298,2014-12-11,Совет по профессиональным квалификациям в машиностроении
40.073,Специалист по проектированию технологического оборудования литейного производства,Сквозные виды профессиональной деятельности,Проектирование нестандартного оборудования литейного производства,299,2014-12-15,Совет по профессиональным квалификациям в машиностроении
27.013,Оператор машины непрерывного литья заготовок,Металлургическое производство,Управление машиной непрерывной разливки стали,300,2014-12-11,Совет по профессиональным квалификациям в горно-металлургическом комплексе
27.014,Вальцовщик стана холодного проката труб,Металлургическое производство,Производство труб и профилей на станах холодного проката,301,2014-12-11,Совет по профессиональным квалификациям в горно-металлургическом комплексе
27.015,Вальцовщик стана горячего проката труб,Металлургическое производство,Производство труб и профилей на станах горячего проката,302,2014-12-11,Совет по профессиональным квалификациям в горно-металлургическом комплексе
27.016,Сталевар установки внепечной обработки стали,Металлургическое производство,Обработка стали на установках внепечной обработки,303,2014-12-11,Совет по профессиональным квалификациям в горно-металлургическом комплексе
27.017,Сталевар конвертера,Металлургическое производство,Производство стали в конвертере,304,2014-12-11,Совет по профессиональным квалификациям в горно-металлургическом комплексе
27.018,Газовщик коксовых печей,Металлургическое производство,Управление режимами обогрева коксовых печей,305,2014-12-11,Совет по профессиональным квалификациям в горно-металлургическом комплексе
27.019,Агломератчик,Металлургическое производство,"Спекание шихты из руд и концентратов черных и цветных металлов на агломерационных машинах, в печах спекания",306,2014-12-11,Совет по профессиональным квалификациям в горно-металлургическом комплексе
07.001,Специалист в области медиации (медиатор),Административно-управленческая и офисная деятельность,Медиация (урегулирование споров с помощью процедуры медиации),307,2014-12-15,"Совет по профессиональным квалификациям торговой, внешнеторговой и по отдельным видам предпринимательской и экономической деятельности"
27.020,Сталевар электропечи,Металлургическое производство,Выплавка стали в электропечах,308,2014-12-11,Совет по профессиональным квалификациям в горно-металлургическом комплексе
08.002,Бухгалтер,Финансы и экономика,Деятельность в области бухгалтерского учета,309,2014-12-22,Совет по профессиональным квалификациям финансового рынка
16.035,Паркетчик,Строительство и ЖКХ,Настилка и ремонт паркетных полов,312,2014-12-22,Совет по профессиональным квалификациям в строительстве
16.036,Изолировщик на подземных работах в строительстве,Строительство и ЖКХ,Гидроизоляция подземных конструкций и сооружений,313,2014-12-22,Совет по профессиональным квалификациям в строительстве
23.002,Машинист лесозаготовительной машины,"Деревообрабатывающая и целлюлозно-бумажная промышленность, мебельное производство",Эксплуатация и техническое обслуживание лесозаготовительных машин при проведении лесозаготовительных работ,315,2014-12-22,"Совет по профессиональным квалификациям в целлюлозно-бумажной, мебельной и деревообрабатывающей промышленности"
23.003,Машинист гофрировального агрегата,"Деревообрабатывающая и целлюлозно-бумажная промышленность, мебельное производство",Управление гофрировальным аппаратом,316,2014-12-22,"Совет по профессиональным квалификациям в целлюлозно-бумажной, мебельной и деревообрабатывающей промышленности"
23.004,Машинист трелевочной машины,"Деревообрабатывающая и целлюлозно-бумажная промышленность, мебельное производство",Эксплуатация и техническое обслуживание трелевочных машин при проведении трелевочных работ,317,2014-12-22,"Совет по профессиональным квалификациям в целлюлозно-бумажной, мебельной и деревообрабатывающей промышленности"
23.005,Машинист рубительной машины в лесопромышленном комплексе,"Деревообрабатывающая и целлюлозно-бумажная промышленность, мебельное производство",Управление работой рубительной машины,318,2014-12-22,"Совет по профессиональным квалификациям в целлюлозно-бумажной, мебельной и деревообрабатывающей промышленности"
23.006,Слесарь по ремонту лесозаготовительного оборудования,"Деревообрабатывающая и целлюлозно-бумажная промышленность, мебельное производство",Техническое обслуживание и ремонт лесозаготовительных машин и оборудования,319,2014-12-22,"Совет по профессиональным квалификациям в целлюлозно-бумажной, мебельной и деревообрабатывающей промышленности"
40.074,Специалист по внедрению новой техники и технологий кузнечно-штамповочного производства,Сквозные виды профессиональной деятельности,Обеспечение внедрения новых техники и технологий в кузнечно-штамповочное производство,321,2014-12-22,Совет по профессиональным квалификациям в машиностроении
16.038,Руководитель строительной организации,Строительство и ЖКХ,Руководство строительной организацией,322,2014-12-26,Совет по профессиональным квалификациям в строительстве
23.007,Оператор установок по нанесению покрытия на бумажное полотно,"Деревообрабатывающая и целлюлозно-бумажная промышленность, мебельное производство",Выполнение работ по нанесению разных видов покрытия на бумажное полотно,323,2014-12-25,"Совет по профессиональным квалификациям в целлюлозно-бумажной, мебельной и деревообрабатывающей промышленности"
40.075,Специалист по технологической оснастке литейного производства,Сквозные виды профессиональной деятельности,Проектирование технологической оснастки для литейного производства,324,2014-12-25,Совет по профессиональным квалификациям в машиностроении
21.003,Специалист в области маркетинга детских товаров,Легкая и текстильная промышленность,Планирование и исполнение маркетинговых мероприятий в области детских товаров,325,2014-12-26,Совет по профессиональным квалификациям в сфере производства социально-значимых товаров
23.008,Аппаратчик производства двуокиси хлора,"Деревообрабатывающая и целлюлозно-бумажная промышленность, мебельное производство",Производство двуокиси хлора,326,2014-12-26,"Совет по профессиональным квалификациям в целлюлозно-бумажной, мебельной и деревообрабатывающей промышленности"
23.009,Аппаратчик талловой установки,"Деревообрабатывающая и целлюлозно-бумажная промышленность, мебельное производство",Управление работой талловой установки,327,2014-12-22,"Совет по профессиональным квалификациям в целлюлозно-бумажной, мебельной и деревообрабатывающей промышленности"
11.010,Фотограф,"Средства массовой информации, издательство и полиграфия",Деятельность по созданию фотографического изображения с помощью специальных технических средств,329,2014-12-22,Совет по профессиональным квалификациям в сфере коммуникационной индустрии
16.039,Стекольщик,Строительство и ЖКХ,Выполнение работ при остеклении,330,2014-12-22,Совет по профессиональным квалификациям в строительстве
16.040,Оператор комплекса горизонтально направленного бурения в строительстве,Строительство и ЖКХ,Бестраншейная прокладка подземных инженерных коммуникаций при помощи специализированных мобильных буровых установок горизонтального направленного бурения,331,2014-12-22,Совет по профессиональным квалификациям в строительстве
16.041,Оператор по управлению микротоннельным проходческим комплексом в строительстве,Строительство и ЖКХ,Управление микротоннельным проходческим комплексом в строительстве,332,2014-12-22,Совет по профессиональным квалификациям в строительстве
16.042,Мостовщик,Строительство и ЖКХ,"Выполнение работ при устройстве и ремонте мостовых, берегоукрепительных и выправительных сооружений всех типов",333,2014-12-22,Совет по профессиональным квалификациям в строительстве
33.001,Специалист по предоставлению визажных услуг,"Сервис, оказание услуг населению (торговля, техническое обслуживание, ремонт, предоставление персональных услуг, услуги гостеприимства, общественное питание и пр.)",Предоставление визажных услуг,334,2014-12-22,Совет по профессиональным квалификациям в индустрии красоты
16.043,Дорожный рабочий,Строительство и ЖКХ,"Выполнение вспомогательных и основных работ при устройстве, ремонте и содержании автомобильных дорог, искуственных сооружений на них и тротуаров",335,2014-12-22,Совет по профессиональным квалификациям в строительстве
33.002,Специалист по предоставлению бытовых косметических услуг,"Сервис, оказание услуг населению (торговля, техническое обслуживание, ремонт, предоставление персональных услуг, услуги гостеприимства, общественное питание и пр.)",Предоставление бытовых косметических услуг,336,2014-12-22,Совет по профессиональным квалификациям в индустрии красоты
19.006,Работник в области каротажа скважин,"Добыча, переработка, транспортировка нефти и газа","Выполнение работ по каротажу, пневмообработке и прострелочно-взрывных работ с использованием каротажной станции",337,2019-07-18,Совет по профессиональным квалификациям в нефтегазовом комплексе
20.002,Работник по эксплуатации оборудования автоматизированных систем управления технологическими процессами гидроэлектростанции/ гидроаккумулирующей электростанции,Электроэнергетика,Эксплуатация оборудования автоматизированных систем управления технологическими процессами гидроэлектростанции/гидроаккумулирующей электростанции,338,2014-12-25,Совет по профессиональным квалификациям в электроэнергетике
23.010,Оператор лесопильных линий,"Деревообрабатывающая и целлюлозно-бумажная промышленность, мебельное производство",Управление работой линий в лесопильном производстве,339,2014-12-22,"Совет по профессиональным квалификациям в целлюлозно-бумажной, мебельной и деревообрабатывающей промышленности"
23.011,Оператор сушильных установок для древесины,"Деревообрабатывающая и целлюлозно-бумажная промышленность, мебельное производство",Управление работой сушильных установок для древесины,340,2014-12-22,"Совет по профессиональным квалификациям в целлюлозно-бумажной, мебельной и деревообрабатывающей промышленности"
23.012,Специалист по контролю качества в деревообрабатывающем производстве,"Деревообрабатывающая и целлюлозно-бумажная промышленность, мебельное производство",Технический контроль качества и управление качеством продукции деревообрабатывающих производств,341,2014-12-22,"Совет по профессиональным квалификациям в целлюлозно-бумажной, мебельной и деревообрабатывающей промышленности"
23.013,Оператор линий облицовывания деталей мебельного производства,"Деревообрабатывающая и целлюлозно-бумажная промышленность, мебельное производство",Управление работой линий облицовывания деталей мебельного производства,342,2014-12-22,"Совет по профессиональным квалификациям в целлюлозно-бумажной, мебельной и деревообрабатывающей промышленности"
23.014,Оператор линий по отделке деталей и изделий мебели и деревообработки,"Деревообрабатывающая и целлюлозно-бумажная промышленность, мебельное производство",Управление работой линий по отделке деталей и изделий из древесины и древесных материалов,343,2014-12-22,"Совет по профессиональным квалификациям в целлюлозно-бумажной, мебельной и деревообрабатывающей промышленности"
23.015,Оператор линий по производству плит из древесных материалов,"Деревообрабатывающая и целлюлозно-бумажная промышленность, мебельное производство",Управление работой линий по производству плит из древесных материалов,344,2014-12-22,"Совет по профессиональным квалификациям в целлюлозно-бумажной, мебельной и деревообрабатывающей промышленности"
16.044,Бетонщик,Строительство и ЖКХ,Бетонные работы,345,2015-02-10,Совет по профессиональным квалификациям в строительстве
16.045,Слесарь строительный,Строительство и ЖКХ,Выполнение слесарных работ на строительной площадке,346,2014-12-25,Совет по профессиональным квалификациям в строительстве
16.046,Маляр строительный,Строительство и ЖКХ,Производство малярных работ,347,2014-12-25,Совет по профессиональным квалификациям в строительстве
16.047,Монтажник бетонных и металлических конструкций,Строительство и ЖКХ,Монтаж бетонных и металлических конструкций,348,2015-03-23,Совет по профессиональным квалификациям в строительстве
19.007,"Специалист по добыче нефти, газа и газового конденсата","Добыча, переработка, транспортировка нефти и газа","Добыча нефти, газа и газового конденсата",349,2014-12-25,Совет по профессиональным квалификациям в нефтегазовом комплексе
16.048,Каменщик,Строительство и ЖКХ,Каменные работы,350,2014-12-25,Совет по профессиональным квалификациям в строительстве
24.026,Слесарь по контрольно-измерительным приборам и автоматике в атомной энергетике,Атомная промышленность,Техническое обслуживание контрольно-измерительных приборов и автоматики (далее – КИПиА) на объектах использования атомной энергии,351,2014-12-25,Совет по профессиональным квалификациям в сфере атомной энергии
20.003,Работник по эксплуатации устройств и комплексов релейной защиты и автоматики гидроэлектростанций/ гидроаккумулирующих электростанций,Электроэнергетика,Эксплуатация устройств и комплексов релейной защиты и автоматики гидроэлектростанции / гидроаккумулирующей электростанции,352,2014-12-26,Совет по профессиональным квалификациям в электроэнергетике
40.076,Шлифовщик,Сквозные виды профессиональной деятельности,Выполнение шлифовальных работ,353,2015-03-12,Совет по профессиональным квалификациям в машиностроении
20.004,Работник по эксплуатации средств измерений и информационно-измерительных систем электростанции,Электроэнергетика,Эксплуатация средств измерений и информационно-измерительных систем электростанции,354,2015-01-16,Совет по профессиональным квалификациям в электроэнергетике
20.005,Работник по проектированию интеллектуальных систем управления в электроэнергетике,Электроэнергетика,Проектирование интеллектуальных систем управления в электроэнергетике,355,2023-08-11,Совет по профессиональным квалификациям в электроэнергетике
20.006,Работник по оперативному управлению малыми гидроэлектростанциями,Электроэнергетика,Оперативное управление гидроэнергетическими объектами – малыми гидроэлектростанциями с установленной мощностью менее 50 МВт,356,2023-08-10,Совет по профессиональным квалификациям в электроэнергетике
33.003,Специалист по предоставлению маникюрных и педикюрных услуг,"Сервис, оказание услуг населению (торговля, техническое обслуживание, ремонт, предоставление персональных услуг, услуги гостеприимства, общественное питание и пр.)",Предоставление маникюрных и педикюрных услуг,357,2014-12-25,Совет по профессиональным квалификациям в индустрии красоты
33.004,Специалист по предоставлению парикмахерских услуг,"Сервис, оказание услуг населению (торговля, техническое обслуживание, ремонт, предоставление персональных услуг, услуги гостеприимства, общественное питание и пр.)",Предоставление парикмахерских услуг,358,2014-12-25,Совет по профессиональным квалификациям в индустрии красоты
40.077,Слесарь-ремонтник промышленного оборудования,Сквозные виды профессиональной деятельности,"Ремонт оборудования, агрегатов, машин и (или) их составных частей",359,2014-12-26,Совет по профессиональным квалификациям в машиностроении
16.050,"Электромеханик по эксплуатации, техническому обслуживанию и ремонту поэтажных эскалаторов и пассажирских конвейеров Электромеханик по эксплуатации, техническому обслуживанию и ремонту поэтажных эскалаторов и пассажирских конвейеров Электромеханик по эксплуатации, техническому обслуживанию и ремонту поэтажных эскалаторов и пассажирских конвейеров Электромеханик по эксплуатации, техническому обслуживанию и ремонту поэтажных эскалаторов и пассажирских конвейеров Электромеханик по эксплуатации, техническому обслуживанию и ремонту поэтажных эскалаторов и пассажирских конвейеров Электромеханик по эксплуатации, техническому обслуживанию и ремонту поэтажных эскалаторов и пассажирских конвейеров Электромеханик по эксплуатации, техническому обслуживанию и ремонту поэтажных эскалаторов и пассажирских конвейеров Электромеханик по эксплуатации, техническому обслуживанию и ремонту поэтажных эскалаторов и пассажирских конвейеров Электромеханик по эксплуатации, техническому обслуживанию и ремонту поэтажных эскалаторов и пассажирских конвейеров Электромеханик по эксплуатации, техническому обслуживанию и ремонту поэтажных эскалаторов и пассажирских конвейеров Электромеханик по эксплуатации, техническому обслуживанию и ремонту поэтажных эскалаторов и пассажирских конвейеров Электромеханик по эксплуатации, техническому обслуживанию и ремонту поэтажных эскалаторов и пассажирских конвейеров Электромеханик по эксплуатации, техническому обслуживанию и ремонту поэтажных эскалаторов и пассажирских конвейеров Электромеханик по эксплуатации, техническому обслуживанию и ремонту поэтажных эскалаторов и пассажирских конвейеров Электромеханик по эксплуатации, техническому обслуживанию и ремонту поэтажных эскалаторов и пассажирских конвейеров Электромеханик по эксплуатации, техническому обслуживанию и ремонту поэтажных эскалаторов и пассажирских конвейеров",Строительство и ЖКХ,Техническое обслуживание и ремонт поэтажных эскалаторов (пассажирских конвейеров),361,2014-12-26,"Совет по профессиональным квалификациям в лифтовой отрасли, сфере подъемных сооружений и вертикального транспорта"
23.016,Кислотчик,"Деревообрабатывающая и целлюлозно-бумажная промышленность, мебельное производство",Ведение процесса приготовления кислоты и растворимого основания для производства целлюлозы и полуцеллюлозы,363,2014-12-25,"Совет по профессиональным квалификациям в целлюлозно-бумажной, мебельной и деревообрабатывающей промышленности"
23.017,Контролер качества продукции лесопильного производства и сушки древесины,"Деревообрабатывающая и целлюлозно-бумажная промышленность, мебельное производство",Контроль качества продукции лесопильного производства и сушки древесины,364,2014-12-25,"Совет по профессиональным квалификациям в целлюлозно-бумажной, мебельной и деревообрабатывающей промышленности"
23.018,Варщик целлюлозы,"Деревообрабатывающая и целлюлозно-бумажная промышленность, мебельное производство",Ведение технологического процесса варки целлюлозы,365,2014-12-26,"Совет по профессиональным квалификациям в целлюлозно-бумажной, мебельной и деревообрабатывающей промышленности"
23.019,Выпарщик щелоков,"Деревообрабатывающая и целлюлозно-бумажная промышленность, мебельное производство",Управление установкой по выпарке щелоков и барды,366,2014-12-26,"Совет по профессиональным квалификациям в целлюлозно-бумажной, мебельной и деревообрабатывающей промышленности"
23.020,Оператор линий и машин по производству шпона и фанеры,"Деревообрабатывающая и целлюлозно-бумажная промышленность, мебельное производство","Управление работой линий, машин и механизмов по производству шпона и фанеры",367,2014-12-25,"Совет по профессиональным квалификациям в целлюлозно-бумажной, мебельной и деревообрабатывающей промышленности"
23.021,Машинист обоепечатной машины,"Деревообрабатывающая и целлюлозно-бумажная промышленность, мебельное производство",Изготовление обоев на обоепечатной машине,368,2014-12-26,"Совет по профессиональным квалификациям в целлюлозно-бумажной, мебельной и деревообрабатывающей промышленности"
23.022,Машинист пергаментной машины,"Деревообрабатывающая и целлюлозно-бумажная промышленность, мебельное производство",Управление работой пергаментной машины,369,2014-12-26,"Совет по профессиональным квалификациям в целлюлозно-бумажной, мебельной и деревообрабатывающей промышленности"
23.023,Машинист печатно-высекального агрегата,"Деревообрабатывающая и целлюлозно-бумажная промышленность, мебельное производство",Управление работой печатно-высекального агрегата,370,2014-12-25,"Совет по профессиональным квалификациям в целлюлозно-бумажной, мебельной и деревообрабатывающей промышленности"
23.024,"Машинист пресспата (сеточник), бумагоделательной и картонноделательной машин","Деревообрабатывающая и целлюлозно-бумажная промышленность, мебельное производство","Управление работой пресспата, бумагоделательной и картоноделательной машин",371,2014-12-25,"Совет по профессиональным квалификациям в целлюлозно-бумажной, мебельной и деревообрабатывающей промышленности"
23.025,Оператор автоматических линий по резке и упаковке листовых бумаг,"Деревообрабатывающая и целлюлозно-бумажная промышленность, мебельное производство",Резка рулонной бумаги на листы с последующей их упаковкой на автоматической линии,372,2014-12-25,"Совет по профессиональным квалификациям в целлюлозно-бумажной, мебельной и деревообрабатывающей промышленности"
23.026,Контролер качества продукции деревообрабатывающих производств,"Деревообрабатывающая и целлюлозно-бумажная промышленность, мебельное производство",Контроль качества продукции в деревообрабатывающем производстве,373,2014-12-25,"Совет по профессиональным квалификациям в целлюлозно-бумажной, мебельной и деревообрабатывающей промышленности"
13.018,Специалист по эксплуатации мелиоративных систем,Сельское хозяйство,Эксплуатация мелиоративных систем,374,2014-12-25,Совет по профессиональным квалификациям агропромышленного комплекса
23.027,Отбельщик целлюлозы,"Деревообрабатывающая и целлюлозно-бумажная промышленность, мебельное производство",Проведение технологического процесса отбелки целлюлозы,375,2014-12-26,"Совет по профессиональным квалификациям в целлюлозно-бумажной, мебельной и деревообрабатывающей промышленности"
23.028,"Сушильщик пресспата, бумагоделательной и картоноделательной машины","Деревообрабатывающая и целлюлозно-бумажная промышленность, мебельное производство","Сушка целлюлозы, бумаги и картона на пресспате, бумагоделательной и картоноделательной машинах",376,2014-12-25,"Совет по профессиональным квалификациям в целлюлозно-бумажной, мебельной и деревообрабатывающей промышленности"
23.029,Оператор производства древесной массы и щепы,"Деревообрабатывающая и целлюлозно-бумажная промышленность, мебельное производство",Управление работой оборудования для производства древесной массы из щепы,377,2014-12-25,"Совет по профессиональным квалификациям в целлюлозно-бумажной, мебельной и деревообрабатывающей промышленности"
23.030,"Резчик бумаги, картона, целлюлозы, гофрокартона","Деревообрабатывающая и целлюлозно-бумажная промышленность, мебельное производство","Разрезание бумаги, картона и целлюлозы на резательном оборудовании различного типа",378,2014-12-25,"Совет по профессиональным квалификациям в целлюлозно-бумажной, мебельной и деревообрабатывающей промышленности"
23.031,Содовщик,"Деревообрабатывающая и целлюлозно-бумажная промышленность, мебельное производство",Сжигание черного щелока в содорегенерационных агрегатах и содовых печах,379,2014-12-25,"Совет по профессиональным квалификациям в целлюлозно-бумажной, мебельной и деревообрабатывающей промышленности"
23.032,Оператор линий по производству клееных конструкций из древесины,"Деревообрабатывающая и целлюлозно-бумажная промышленность, мебельное производство",Управление работой линий по производству клееных конструкций из древесины,380,2014-12-26,"Совет по профессиональным квалификациям в целлюлозно-бумажной, мебельной и деревообрабатывающей промышленности"
23.033,"Заточник по подготовке станочного дереворежущего инструмента для деревообрабатывающих, мебельных и лесопильных производств","Деревообрабатывающая и целлюлозно-бумажная промышленность, мебельное производство","Выполнение комплекса работ по заточке дереворежущего инструмента для деревообрабатывающих, мебельных и лесопильных производств",381,2014-12-26,"Совет по профессиональным квалификациям в целлюлозно-бумажной, мебельной и деревообрабатывающей промышленности"
40.078,Токарь,Сквозные виды профессиональной деятельности,Обработка заготовок на универсальных токарных станках с ручным управлением,382,2014-12-25,Совет по профессиональным квалификациям в машиностроении
23.034,Станочник деревообрабатывающих станков,"Деревообрабатывающая и целлюлозно-бумажная промышленность, мебельное производство","Управление работой универсальных, специализированных, специальных и многокоординатных деревообрабатывающих станков, деревообрабатывающих центров при производстве изделий из древесины и древесных матер",383,2014-12-26,"Совет по профессиональным квалификациям в целлюлозно-бумажной, мебельной и деревообрабатывающей промышленности"
23.036,Сборщик изделий мебели из древесины и древесных материалов,"Деревообрабатывающая и целлюлозно-бумажная промышленность, мебельное производство",Сборка изделий мебели из древесины и древесных материалов на производстве и в интерьере,385,2014-12-26,"Совет по профессиональным квалификациям в целлюлозно-бумажной, мебельной и деревообрабатывающей промышленности"
40.079,Специалист по автоматизации и механизации технологических процессов термического производства,Сквозные виды профессиональной деятельности,Интенсификация производства продукции с оптимальными технико-экономическими показателями путем применения средств автоматизации и механизации,386,2014-12-25,Совет по профессиональным квалификациям в машиностроении
23.037,Контролер качества изделий в производстве мебели,"Деревообрабатывающая и целлюлозно-бумажная промышленность, мебельное производство",Контроль качества изделий в мебельном производстве,387,2014-12-26,"Совет по профессиональным квалификациям в целлюлозно-бумажной, мебельной и деревообрабатывающей промышленности"
40.080,Специалист по анализу и диагностике технологических комплексов термического производства,Сквозные виды профессиональной деятельности,Диагностика и оптимизация параметров работы технологических комплексов термического производства в режиме реального времени,388,2014-12-25,Совет по профессиональным квалификациям в машиностроении
23.038,Специалист по технологии лесозаготовительного производств,"Деревообрабатывающая и целлюлозно-бумажная промышленность, мебельное производство","Разработка, сопровождение технологических процессов лесозаготовительного производства и управление ими",389,2015-04-07,"Совет по профессиональным квалификациям в целлюлозно-бумажной, мебельной и деревообрабатывающей промышленности"
40.081,Специалист по анализу и диагностике технологических комплексов механосборочного производства Специалист по анализу и диагностике технологических комплексов механосборочного производства Специалист по анализу и диагностике технологических комплексов механосборочного производства Специалист по анализу и диагностике технологических комплексов механосборочного производства Специалист по анализу и диагностике технологических комплексов механосборочного производства Специалист по анализу и диагностике технологических комплексов механосборочного производства Специалист по анализу и диагностике технологических комплексов механосборочного производства Специалист по анализу и диагностике технологических комплексов механосборочного производства Специалист по анализу и диагностике технологических комплексов механосборочного производства Специалист по анализу и диагностике технологических комплексов механосборочного производства Специалист по анализу и диагностике технологических комплексов механосборочного производства Специалист по анализу и диагностике технологических комплексов механосборочного производства Специалист по анализу и диагностике технологических комплексов механосборочного производства Специалист по анализу и диагностике технологических комплексов механосборочного производства,Сквозные виды профессиональной деятельности,Анализ и диагностика технологических комплексов механосборочного производства,390,2014-12-26,Совет по профессиональным квалификациям в машиностроении
40.082,Специалист по внедрению новой техники и технологий в литейном производстве,Сквозные виды профессиональной деятельности,Внедрение новой техники и технологий в литейном производстве,391,2014-12-26,Совет по профессиональным квалификациям в машиностроении
40.083,Специалист по проектированию технологических процессов автоматизированного производства,Сквозные виды профессиональной деятельности,Проектирование технологических процессов автоматизированного изготовления машиностроительных изделий,392,2014-12-26,Совет по профессиональным квалификациям в машиностроении
40.084,Специалист по организации сетей поставок машиностроительных организаций,Сквозные виды профессиональной деятельности,Организация сетей поставок машиностроительных организаций,393,2014-12-25,Совет по профессиональным квалификациям в машиностроении
23.039,Специалист по технологии мебельного производства,"Деревообрабатывающая и целлюлозно-бумажная промышленность, мебельное производство","Разработка, сопровождение технологических процессов мебельного производства и управление ими",394,2014-12-26,"Совет по профессиональным квалификациям в целлюлозно-бумажной, мебельной и деревообрабатывающей промышленности"
23.040,Специалист по контролю качества в мебельном производстве,"Деревообрабатывающая и целлюлозно-бумажная промышленность, мебельное производство","Контроль качества мебельной продукции, изделий и деталей в мебельном производстве",395,2014-12-25,"Совет по профессиональным квалификациям в целлюлозно-бумажной, мебельной и деревообрабатывающей промышленности"
19.008,Специалист по диспетчерско-технологическому управлению нефтегазовой отрасли,"Добыча, переработка, транспортировка нефти и газа",Диспетчерско-технологическое управление технологическими объектами нефтегазовой отрасли,396,2014-12-26,Совет по профессиональным квалификациям в нефтегазовом комплексе
40.085,Специалист по качеству термического производства,Сквозные виды профессиональной деятельности,Обеспечение качества в термическом производстве,397,2014-12-25,Совет по профессиональным квалификациям в машиностроении
40.086,Специалист по внедрению новой техники и технологий в термическом производстве,Сквозные виды профессиональной деятельности,Обеспечение внедрения новой техники и технологий в термическом производстве,398,2014-12-25,Совет по профессиональным квалификациям в машиностроении
40.087,Специалист по инструментальному обеспечению термического производства Специалист по инструментальному обеспечению термического производства Специалист по инструментальному обеспечению термического производства Специалист по инструментальному обеспечению термического производства Специалист по инструментальному обеспечению термического производства Специалист по инструментальному обеспечению термического производства Специалист по инструментальному обеспечению термического производства Специалист по инструментальному обеспечению термического производства Специалист по инструментальному обеспечению термического производства Специалист по инструментальному обеспечению термического производства Специалист по инструментальному обеспечению термического производства Специалист по инструментальному обеспечению термического производства Специалист по инструментальному обеспечению термического производства,Сквозные виды профессиональной деятельности,"Обеспечение термического производства средствами измерения, технологической оснасткой и инструментами",399,2014-12-25,Совет по профессиональным квалификациям в машиностроении
40.088,Специалист по инструментальному обеспечению кузнечно-штамповочного производства,Сквозные виды профессиональной деятельности,Обеспечение кузнечно-штамповочного производства штамповой оснасткой и инструментами,400,2014-12-25,Совет по профессиональным квалификациям в машиностроении
40.090,Специалист по качеству механосборочного производства Специалист по качеству механосборочного производства Специалист по качеству механосборочного производства Специалист по качеству механосборочного производства Специалист по качеству механосборочного производства Специалист по качеству механосборочного производства Специалист по качеству механосборочного производства Специалист по качеству механосборочного производства Специалист по качеству механосборочного производства Специалист по качеству механосборочного производства Специалист по качеству механосборочного производства Специалист по качеству механосборочного производства Специалист по качеству механосборочного производства,Сквозные виды профессиональной деятельности,Обеспечение качества изделий механосборочного производства,402,2014-12-25,Совет по профессиональным квалификациям в машиностроении
19.009,Специалист – геолог подземных хранилищ газа,"Добыча, переработка, транспортировка нефти и газа",Геологическое обеспечение подземного хранения газа,404,2014-12-26,Совет по профессиональным квалификациям в нефтегазовом комплексе
19.010,Специалист по эксплуатации трубопроводов газовой отрасли,"Добыча, переработка, транспортировка нефти и газа",Эксплуатация трубопроводов газовой отрасли,405,2014-12-26,Совет по профессиональным квалификациям в нефтегазовом комплексе
19.011,Специалист по управлению балансами и поставками газа,"Добыча, переработка, транспортировка нефти и газа","Управление балансами и поставками газа, газового конденсата и продуктов их переработки",406,2014-12-25,Совет по профессиональным квалификациям в нефтегазовом комплексе
19.012,Специалист по оперативно-диспетчерскому управлению нефтегазовой отрасли,"Добыча, переработка, транспортировка нефти и газа",Оперативно-диспетчерское управление технологическими объектами нефтегазовой отрасли,407,2014-12-26,Совет по профессиональным квалификациям в нефтегазовом комплексе
19.013,Специалист по эксплуатации систем компримирования и охлаждения газа газовой отрасли,"Добыча, переработка, транспортировка нефти и газа",Эксплуатация оборудования и сооружений системы компримирования и охлаждения газа,408,2014-12-26,Совет по профессиональным квалификациям в нефтегазовом комплексе
20.007,Работник по планированию режимов гидроэлектростанций/ гидроаккумулирующих электростанций,Электроэнергетика,"Планирование водно-энергетических, электроэнергетических и гидрологических режимов работы гидроэлектростанций / гидроаккумулирующих электростанций",409,2015-03-19,Совет по профессиональным квалификациям в электроэнергетике
16.053,Монтажник опалубочных систем,Строительство и ЖКХ,Опалубочные работы в строительстве,410,2015-01-16,Совет по профессиональным квалификациям в строительстве
19.014,Специалист-технолог подземных хранилищ газа,"Добыча, переработка, транспортировка нефти и газа",Технологическое сопровождение подземного хранения газа,411,2014-12-26,Совет по профессиональным квалификациям в нефтегазовом комплексе
19.015,Специалист по эксплуатации оборудования подземных хранилищ газа,"Добыча, переработка, транспортировка нефти и газа",Эксплуатация оборудования подземных хранилищ газа,412,2014-12-26,Совет по профессиональным квалификациям в нефтегазовом комплексе
19.016,Специалист по диагностике трубопроводов и технологического оборудования газовой отрасли Специалист по диагностике трубопроводов и технологического оборудования газовой отрасли Специалист по диагностике трубопроводов и технологического оборудования газовой отрасли Специалист по диагностике трубопроводов и технологического оборудования газовой отрасли Специалист по диагностике трубопроводов и технологического оборудования газовой отрасли Специалист по диагностике трубопроводов и технологического оборудования газовой отрасли Специалист по диагностике трубопроводов и технологического оборудования газовой отрасли Специалист по диагностике трубопроводов и технологического оборудования газовой отрасли Специалист по диагностике трубопроводов и технологического оборудования газовой отрасли Специалист по диагностике трубопроводов и технологического оборудования газовой отрасли Специалист по диагностике трубопроводов и технологического оборудования газовой отрасли Специалист по диагностике трубопроводов и технологического оборудования газовой отрасли Специалист по диагностике трубопроводов и технологического оборудования газовой отрасли,"Добыча, переработка, транспортировка нефти и газа",Диагностирование объектов линейной части магистральных газопроводов,413,2014-12-26,Совет по профессиональным квалификациям в нефтегазовом комплексе
19.017,Бурильщик капитального ремонта скважин,"Добыча, переработка, транспортировка нефти и газа",Капитальный ремонт нефтяных и газовых скважин,414,2015-03-10,Совет по профессиональным квалификациям в нефтегазовом комплексе
19.018,Руководитель нефтебазы,"Добыча, переработка, транспортировка нефти и газа",Обеспечение деятельности нефтебазы,415,2015-02-24,Совет по профессиональным квалификациям в нефтегазовом комплексе
19.019,Оператор обезвоживающей и обессоливающей установки,"Добыча, переработка, транспортировка нефти и газа","Эксплуатация обезвоживающих, в том числе установок предварительного сброса воды, обессоливающих, электрообессоливающих и стабилизационных установок",416,2015-03-10,Совет по профессиональным квалификациям в нефтегазовом комплексе
16.054,Монтажник каркасно-обшивных конструкций,Строительство и ЖКХ,Монтаж каркасно-обшивных конструкций,417,2015-03-10,Совет по профессиональным квалификациям в строительстве
16.055,Штукатур,Строительство и ЖКХ,"Оштукатуривание внутренних и наружных поверхностей зданий и сооружений, устройство наливных стяжек пола и монтаж систем фасадных теплоизоляционных композиционных (далее – СФТК) с нанесением составов в",418,2015-03-10,Совет по профессиональным квалификациям в строительстве
23.041,Специалист по технологии целлюлозно-бумажного производства,"Деревообрабатывающая и целлюлозно-бумажная промышленность, мебельное производство","Разработка, сопровождение технологических процессов целлюлозно-бумажного производства и управление ими",419,2015-02-24,"Совет по профессиональным квалификациям в целлюлозно-бумажной, мебельной и деревообрабатывающей промышленности"
19.020,Оператор по поддержанию пластового давления,"Добыча, переработка, транспортировка нефти и газа","Обслуживание нагнетательных скважин, распределительных устройств и водоводов",420,2015-03-10,Совет по профессиональным квалификациям в нефтегазовом комплексе
19.021,"Специалист-геолог в добыче нефти, газа и газового конденсата","Добыча, переработка, транспортировка нефти и газа","Специалист-геолог в добыче нефти, газа и газового конденсата",421,2015-03-10,Совет по профессиональным квалификациям в нефтегазовом комплексе
02.001,Врач – судебно-медицинский эксперт,Здравоохранение,Врачебная практика в области судебно-медицинской экспертизы,423,2018-03-14,Совет по профессиональным квалификациям в здравоохранении
24.027,Инженер наземных и гидротехнических сооружений плавучих атомных станций,Атомная промышленность,Контроль за состоянием наземных и гидротехнических сооружений плавучих атомных станций,422,2015-03-10,Совет по профессиональным квалификациям в сфере атомной энергии
19.022,"Специалист по приему, хранению и отгрузке нефти и нефтепродуктов","Добыча, переработка, транспортировка нефти и газа","Управление технологическими процессами приема, хранения и отгрузки нефти и нефтепродуктов",424,2015-03-19,Совет по профессиональным квалификациям в нефтегазовом комплексе
17.011,Работник по ремонту и текущему содержанию железнодорожного пути,Транспорт,Ремонт и текущее содержание железнодорожного пути,425,2015-02-24,Совет по профессиональным квалификациям на железнодорожном транспорте
17.012,"Составитель поездов, кондуктор грузовых поездов",Транспорт,"Выполнение маневровой работы по расформированию (формированию) составов (групп вагонов, специального железнодорожного подвижного состава), по подаче вагонов на места их погрузки и выгрузки, отстоя, уб",426,2015-03-19,Совет по профессиональным квалификациям на железнодорожном транспорте
19.023,Специалист по маркшейдерским работам в нефтегазовой отрасли,"Добыча, переработка, транспортировка нефти и газа",Маркшейдерские работы в нефтегазовой отрасли,427,2024-09-23,Совет по профессиональным квалификациям в нефтегазовом комплексе
19.024,"Специалист по контролю качества нефти, газа, газового конденсата и продуктов их переработки","Добыча, переработка, транспортировка нефти и газа","Контроль качества нефти, газа, газового конденсата и продуктов их переработки",428,2015-03-12,Совет по профессиональным квалификациям в нефтегазовом комплексе
24.028,Специалист ядерно-физической лаборатории в области атомной энергетики,Атомная промышленность,"Организация и проведение работ по обеспечению ядерной, радиационной, технической, пожарной безопасности и охраны труда при работе со свежим и отработавшим ядерным топливом в процессе эксплуатации атом",429,2015-03-12,Совет по профессиональным квалификациям в сфере атомной энергии
08.003,Специалист по микрофинансовым операциям,Финансы и экономика,Обеспечение проведения микрофинансовых операций,430,2015-04-22,Совет по профессиональным квалификациям финансового рынка
19.025,Оператор товарный,"Добыча, переработка, транспортировка нефти и газа","Обслуживание оборудования при приеме, размещении, хранении, перекачке, отпуске нефти, газа, газового конденсата и продуктов их переработки, реагентов и других продуктов",431,2015-03-23,Совет по профессиональным квалификациям в нефтегазовом комплексе
08.004,Специалист рынка ценных бумаг,Финансы и экономика,Предоставление услуг на рынке ценных бумаг и производных финансовых инструментов,432,2015-03-23,Совет по профессиональным квалификациям финансового рынка
08.005,Страховой брокер,Финансы и экономика,Брокерская деятельность в сфере страхования (перестрахования),433,2015-03-10,Совет по профессиональным квалификациям финансового рынка
08.006,Специалист по внутреннему контролю (внутренний контролер),Финансы и экономика,Деятельность по осуществлению внутреннего контроля в экономических субъектах,434,2015-04-22,Совет по профессиональным квалификациям финансового рынка
08.007,Специалист казначейства банка,Финансы и экономика,Обеспечение проведения казначейских операций банка,435,2015-07-29,Совет по профессиональным квалификациям финансового рынка
19.026,Специалист по техническому контролю и диагностированию объектов и сооружений нефтегазового комплекса,"Добыча, переработка, транспортировка нефти и газа","Контроль технического состояния, техническое диагностирование объектов и сооружений нефтегазового комплекса",436,2015-03-10,Совет по профессиональным квалификациям в нефтегазовом комплексе
20.008,Работник по оперативному управлению гидроэлектростанциями/ гидроаккумулирующими электростанциями,Электроэнергетика,Оперативно-технологическое управление гидроэнергетическими объектами –гидроэлектростанциями / гидроаккумулирующими электростанциями,437,2015-04-13,Совет по профессиональным квалификациям в электроэнергетике
16.056,Специалист по эксплуатации водозаборных сооружений и городских фонтанов,Строительство и ЖКХ,Эксплуатация водозаборных сооружений и контроль подачи воды в водозаборные сооружения,438,2015-03-12,Совет по профессиональным квалификациям в жилищно-коммунальном хозяйстве
08.008,Специалист по финансовому консультированию,Финансы и экономика,Финансовое консультирование,439,2015-03-19,Совет по профессиональным квалификациям финансового рынка
08.009,Специалист по факторинговым операциям,Финансы и экономика,Предоставление услуг по факторингу,440,2015-03-19,Совет по профессиональным квалификациям финансового рынка
08.010,Внутренний аудитор,Финансы и экономика,Внутренний аудит,441,2015-06-24,Совет по профессиональным квалификациям финансового рынка
08.011,Специалист по ипотечным кредитам и займам,Финансы и экономика,Предоставление юридическим и (или) физическим лицам долгосрочных кредитов или займов под залог недвижимого имущества,442,2015-03-19,Совет по профессиональным квалификациям финансового рынка
24.029,Наладчик станков и манипуляторов в атомной промышленности,Атомная промышленность,Наладка и регулировка оборудования с программным управлением для производства изделий в атомной промышленности,443,2015-03-10,Совет по профессиональным квалификациям в сфере атомной энергии
08.012,Специалист по страхованию,Финансы и экономика,Страхование (перестрахование),444,2015-03-23,Совет по профессиональным квалификациям финансового рынка
08.013,Специалист по операциям на межбанковском рынке,Финансы и экономика,Операции на межбанковском рынке,445,2016-11-14,Совет по профессиональным квалификациям финансового рынка
08.014,Специалист по работе с просроченной задолженностью,Финансы и экономика,Организация и проведение деятельности по взясканию задолженностей,446,2015-09-07,Совет по профессиональным квалификациям финансового рынка
07.002,Специалист по организационному и документационному обеспечению управления организацией,Административно-управленческая и офисная деятельность,Организационное и документационное обеспечение управления организациями любых организационно-правовых форм,447,2015-05-06,Совет по профессиональным квалификациям в области документационного и административно-хозяйственного обеспечения деятельности организации
08.015,Специалист по корпоративному кредитованию,Финансы и экономика,Предоставление кредитов юридическим лицам и индивидуальным предпринимателям,448,2015-03-19,Совет по профессиональным квалификациям финансового рынка
08.016,Специалист по кредитному брокериджу,Финансы и экономика,Посредническая деятельность между кредитной организацией и заемщиком,449,2015-03-19,Совет по профессиональным квалификациям финансового рынка
08.017,Специалист по операциям с драгоценными металлами,Финансы и экономика,Банковские операции с драгоценными металлами,450,2016-11-14,Совет по профессиональным квалификациям финансового рынка
16.057,Специалист службы мониторинга и планирования деятельности организаций водоснабжения и водоотведения муниципальных образований,Строительство и ЖКХ,Эксплуатация автоматизированных систем контроля и регулирования подачи воды в системы хозяйственно-питьевого водоснабжения,451,2015-03-19,Совет по профессиональным квалификациям в жилищно-коммунальном хозяйстве
08.018,Специалист по управлению рисками,Финансы и экономика,Управление рисками (риск-менеджмент) организации,452,2015-09-07,Совет по профессиональным квалификациям финансового рынка
08.019,Специалист по потребительскому кредитованию,Финансы и экономика,Предоставление потребительских кредитов,454,2016-11-14,Совет по профессиональным квалификациям финансового рынка
08.020,Специалист по работе с залогами,Финансы и экономика,Выполнение операций с залоговым имуществом,455,2015-03-19,Совет по профессиональным квалификациям финансового рынка
08.021,"Специалист по финансовому мониторингу (в сфере противодействия легализации доходов, полученных преступным путем, и финансированию терроризма)",Финансы и экономика,"Финансовый мониторинг в целях противодействия легализации (отмыванию) доходов, полученных преступным путем, и финансированию терроризма (ПОД/ТФ)",456,2015-07-24,Совет по профессиональным квалификациям финансового рынка
16.058,Машинист трубоукладчика,Строительство и ЖКХ,Выполнение механизированных работ на трубоукладчиках с двигателями различной мощности,457,2015-03-31,Совет по профессиональным квалификациям в строительстве
16.059,Гидротехник в строительстве,Строительство и ЖКХ,"Выполнение общестроительных работ, эксплуатация, обслуживание гидротехнических сооружений и мелиоративных систем, выполнение ремонта на них",458,2015-04-22,Совет по профессиональным квалификациям в строительстве
08.022,Статистик,Финансы и экономика,Статистическая деятельность,459,2015-09-08,Совет по профессиональным квалификациям финансового рынка
24.030,Специалист по экологической и радиационной безопасности плавучих атомных станций,Атомная промышленность,Обеспечение радиационной и экологической безопасности при эксплуатации плавучих атомных станций,460,2015-03-31,Совет по профессиональным квалификациям в сфере атомной энергии
33.005,Специалист по техническому диагностированию и контролю технического состояния автотранспортных средств при периодическом техническом осмотре,"Сервис, оказание услуг населению (торговля, техническое обслуживание, ремонт, предоставление персональных услуг, услуги гостеприимства, общественное питание и пр.)",Техническая диагностика и контроль технического состояния колесных ТС,461,2015-03-23,Совет по профессиональным квалификациям в автомобилестроении
06.023,"Работник по предоставлению услуг телефонной, телеграфной и радиосвязи","Связь, информационные и коммуникационные технологии","Предоставление услуг телефонной, телеграфной, радиосвязи и информационно-справочного и сервисного обслуживания",462,2015-05-06,"Совет по профессиональным квалификациям в области телекоммуникаций, почтовой связи и радиотехники"
24.031,Специалист в области учета и контроля ядерных материалов в области атомной энергетики,Атомная промышленность,"Организация и проведение работ по обеспечению ядерной безопасности в процессе эксплуатации АС, связанных с учетом и контролем ядерных материалов",463,2015-05-14,Совет по профессиональным квалификациям в сфере атомной энергии
24.032,Специалист в области теплоэнергетики (реакторное отделение),Атомная промышленность,Инженерное обеспечение работы оборудования и систем реакторного отделения атомной электростанции (АЭС) для выработки тепловой и электрической энергии,464,2015-05-07,Совет по профессиональным квалификациям в сфере атомной энергии
33.006,Сомелье/кавист,"Сервис, оказание услуг населению (торговля, техническое обслуживание, ремонт, предоставление персональных услуг, услуги гостеприимства, общественное питание и пр.)","Организация обслуживания гостей вином, прочими напитками",465,2015-05-07,Совет по профессиональным квалификациям в сфере гостеприимства
40.091,Машинист насосных установок,Сквозные виды профессиональной деятельности,"Эксплуатация, обслуживание и ремонт насосного оборудования, регулирующей аппаратуры и трубопроводов",466,2015-07-06,Совет по профессиональным квалификациям в отрасли судостроения и морской техники
33.007,Руководитель/управляющий гостиничного комплекса/сети гостиниц,"Сервис, оказание услуг населению (торговля, техническое обслуживание, ремонт, предоставление персональных услуг, услуги гостеприимства, общественное питание и пр.)",Управление гостиничным комплексом и иными средствами размещения,467,2015-05-07,Совет по профессиональным квалификациям в сфере гостеприимства
33.008,Руководитель предприятия питания,"Сервис, оказание услуг населению (торговля, техническое обслуживание, ремонт, предоставление персональных услуг, услуги гостеприимства, общественное питание и пр.)",Управление предприятием питания,468,2015-05-07,Совет по профессиональным квалификациям в сфере гостеприимства
12.002,Специалист по приему и обработке экстренных вызовов,Обеспечение безопасности,"Прием и обработка экстренных вызовов (сообщений о происшествиях), поступающих в центр обработки экстренных вызовов",469,2015-09-09,Совет по профессиональным квалификациям в области обеспечения безопасности в чрезвычайных ситуациях
40.092,Станочник широкого профиля,Сквозные виды профессиональной деятельности,"Обработка заготовок, деталей, изделий из различных материалов на металлорежущих станках",470,2015-04-22,Совет по профессиональным квалификациям в машиностроении
20.009,Работник по эксплуатации оборудования связи и телекоммуникаций гидроэлектростанций/гидроаккумулирующих электростанций Работник по эксплуатации оборудования связи и телекоммуникаций гидроэлектростанций/гидроаккумулирующих электростанций Работник по эксплуатации оборудования связи и телекоммуникаций гидроэлектростанций/гидроаккумулирующих электростанций Работник по эксплуатации оборудования связи и телекоммуникаций гидроэлектростанций/гидроаккумулирующих электростанций Работник по эксплуатации оборудования связи и телекоммуникаций гидроэлектростанций/гидроаккумулирующих электростанций Работник по эксплуатации оборудования связи и телекоммуникаций гидроэлектростанций/гидроаккумулирующих электростанций Работник по эксплуатации оборудования связи и телекоммуникаций гидроэлектростанций/гидроаккумулирующих электростанций Работник по эксплуатации оборудования связи и телекоммуникаций гидроэлектростанций/гидроаккумулирующих электростанций Работник по эксплуатации оборудования связи и телекоммуникаций гидроэлектростанций/гидроаккумулирующих электростанций,Электроэнергетика,Эксплуатация оборудования связи и телекоммуникаций гидроэлектростанций / гидроаккумулирующих электростанций,471,2015-06-08,Совет по профессиональным квалификациям в электроэнергетике
24.033,Специалист в области контрольно-измерительных приборов и автоматики атомной станцииСпециалист в области контрольно-измерительных приборов и автоматики атомной станцииСпециалист в области контрольно-измерительных приборов и автоматики атомной станцииСпециалист в области контрольно-измерительных приборов и автоматики атомной станцииСпециалист в области контрольно-измерительных приборов и автоматики атомной станцииСпециалист в области контрольно-измерительных приборов и автоматики атомной станцииСпециалист в области контрольно-измерительных приборов и автоматики атомной станцииСпециалист в области контрольно-измерительных приборов и автоматики атомной станцииСпециалист в области контрольно-измерительных приборов и автоматики атомной станции,Атомная промышленность,Поддержание функционирования систем контроля и управления технологическими процессами на объектах атомной энергетики,473,2015-05-29,Совет по профессиональным квалификациям в сфере атомной энергии
16.060,Специалист в области ценообразования и тарифного регулирования в жилищно- коммунальном хозяйстве,Строительство и ЖКХ,Формирование цен и тарифов на работы и услуги в жилищно-коммунальном хозяйстве,474,2015-06-08,Совет по профессиональным квалификациям в жилищно-коммунальном хозяйстве
24.034,Техник по документации плавучей атомной станции,Атомная промышленность,Организация технической эксплуатации плавучих атомных станций (ПАТЭС),475,2015-05-07,Совет по профессиональным квалификациям в сфере атомной энергии
24.035,Руководитель управляющей организации в атомной отрасли,Атомная промышленность,"Управление организацией, функционирующей в области использования атомной энергии",476,2015-07-27,Совет по профессиональным квалификациям в сфере атомной энергии
24.036,Специалист в области профессионального обучения в атомной энергетике,Атомная промышленность,Профессиональное обучение персонала атомных электрических станций (АЭС),477,2015-05-29,Совет по профессиональным квалификациям в сфере атомной энергии
17.013,Проводник пассажирского вагона,Транспорт,Обслуживание пассажиров и обеспечение их безопасности в пути следования пассажирского поезда,478,2015-05-14,Совет по профессиональным квалификациям на железнодорожном транспорте
17.014,Агент транспортного обслуживания железнодорожного транспорта,Транспорт,Предоставление комплекса услуг по транспортному обслуживанию грузоотправителей и грузополучателей железнодорожного транспорта,479,2015-04-23,Совет по профессиональным квалификациям на железнодорожном транспорте
25.017,Специалист по оказанию космических услуг на основе использования данных дистанционного зондирования Земли из космоса,Ракетно-космическая промышленность,Создание космических продуктов и оказание космических услуг на основе использования данных дистанционного зондирования Земли из космоса,480,2015-05-29,Совет по профессиональным квалификациям в области ракетной техники и космической деятельности
25.018,Специалист по оказанию космических услуг на основе использования глобальных навигационных спутниковых систем,Ракетно-космическая промышленность,Создание космических продуктов и оказание космических услуг на основе использования глобальных навигационных спутниковых систем,481,2015-05-13,Совет по профессиональным квалификациям в области ракетной техники и космической деятельности
33.009,Работник в области похоронного дела,"Сервис, оказание услуг населению (торговля, техническое обслуживание, ремонт, предоставление персональных услуг, услуги гостеприимства, общественное питание и пр.)",Организация похорон и предоставление связанных с ними услуг,482,2015-05-07,Совет по профессиональным квалификациям в жилищно-коммунальном хозяйстве
24.037,Специалист по обслуживанию и ремонту механического оборудования атомных станций,Атомная промышленность,Техническое обслуживание и ремонт механического оборудования атомных станций (АС),483,2015-05-29,Совет по профессиональным квалификациям в сфере атомной энергии
11.011,Специалист по видеомонтажу,"Средства массовой информации, издательство и полиграфия","Производство кинофильмов, телефильмов, видеофильмов и телевизионных программ, деятельность в области телевизионного вещания",484,2015-05-29,Совет по профессиональным квалификациям в сфере коммуникационной индустрии
16.061,Монтажник наружных трубопроводов инженерных сетей,Строительство и ЖКХ,Монтаж наружных трубопроводов инженерных сетей,485,2015-04-27,Совет по профессиональным квалификациям в строительстве
16.062,Монтажник турбоустановок,Строительство и ЖКХ,Работы при монтаже турбоустановок,486,2015-04-27,Совет по профессиональным квалификациям в строительстве
19.027,Работник технологических установок (аппаратов) нефтяной отрасли,"Добыча, переработка, транспортировка нефти и газа","Подготовка, переработка нефти и химического сырья",487,2015-07-06,Совет по профессиональным квалификациям в нефтегазовом комплексе
24.038,Специалист по эксплуатации систем и оборудования плавучих атомных станций,Атомная промышленность,Эксплуатация систем и оборудования плавучих атомных электростанций,488,2015-09-15,Совет по профессиональным квалификациям в сфере атомной энергии
24.040,Специалист в области производственно-технологической комплектации на атомных станциях,Атомная промышленность,"Контроль качества и приемка оборудования, запчастей, комплектующих изделий на атомных станциях",490,2015-09-14,Совет по профессиональным квалификациям в сфере атомной энергии
19.028,Работник по текущему (подземному) ремонту скважин,"Добыча, переработка, транспортировка нефти и газа",Текущий (подземный) ремонт скважин по добыче углеводородного сырья,491,2015-05-19,Совет по профессиональным квалификациям в нефтегазовом комплексе
40.093,Сверловщик,Сквозные виды профессиональной деятельности,Обработка отверстий на станках сверлильной группы,492,2015-07-01,Совет по профессиональным квалификациям в машиностроении
20.010,Работник по эксплуатации аккумуляторного оборудования тепловой электростанции,Электроэнергетика,Оперативная эксплуатация и обслуживание аккумуляторного оборудования тепловой электростанции,493,2015-07-14,Совет по профессиональным квалификациям в электроэнергетике
20.011,Работник по эксплуатации электролизных установок тепловой электростанции,Электроэнергетика,Оперативная эксплуатация и обслуживание электролизных установок тепловой электростанции,494,2015-07-14,Совет по профессиональным квалификациям в электроэнергетике
20.012,Работник по организации эксплуатации электротехнического оборудования тепловой электростанции,Электроэнергетика,Организационное и техническое обеспечение эксплуатации электротехнического оборудования тепловой электростанции,495,2015-07-06,Совет по профессиональным квалификациям в электроэнергетике
28.001,"Специалист по проектированию, техническому перевооружению, реконструкции и модернизации технологических комплексов механосборочного производства",Производство машин и оборудования,Проектирование технологических комплексов механосборочных производств,496,2015-06-17,Совет по профессиональным квалификациям в машиностроении
25.019,Специалист по техническим средствам подготовки космонавтов,Ракетно-космическая промышленность,"Создание, модернизация, испытания и эксплуатация технических средств подготовки космонавтов",497,2015-07-01,Совет по профессиональным квалификациям в области ракетной техники и космической деятельности
25.020,Космонавт-испытатель,Ракетно-космическая промышленность,Испытания и эксплуатация пилотируемых космических комплексов,498,2015-09-08,Совет по профессиональным квалификациям в области ракетной техники и космической деятельности
25.021,Специалист по подготовке космонавтов,Ракетно-космическая промышленность,"Подготовка космонавтов к внекорабельной деятельности (ВКД), специальная парашютная подготовка, подготовка к действиям после посадки в различных климатогеографических зонах (КГЗ), в условиях невесомост",499,2015-07-02,Совет по профессиональным квалификациям в области ракетной техники и космической деятельности
40.094,Гальваник (оператор-гальваник),Сквозные виды профессиональной деятельности,"Нанесение на детали и изделия защитных, защитно-декоративных и специальных покрытий химическим и электрохимическим способами и изготовление деталей методом гальваники",500,2015-07-14,Совет по профессиональным квалификациям в отрасли судостроения и морской техники
30.014,Судокорпусник-ремонтник,Судостроение,"Корпусные ремонтные работы на судах, плавучих сооружениях и аппаратах",501,2015-07-14,Совет по профессиональным квалификациям в отрасли судостроения и морской техники
30.015,Медник по изготовлению судовых изделий,Судостроение,"Медницкие работы при постройке и ремонте судов, плавучих сооружений",502,2015-06-14,Совет по профессиональным квалификациям в отрасли судостроения и морской техники
30.016,Машинист сухих доковых установок,Судостроение,"Эксплуатация, обслуживание и ремонт оборудования и механизмов сухих доковых установок",503,2015-07-14,Совет по профессиональным квалификациям в отрасли судостроения и морской техники
40.095,Обрубщик,Сквозные виды профессиональной деятельности,"Обрубка, вырубка, опиливание, очистка и шлифовка отливок и деталей, исправление дефектов литья",504,2015-07-14,Совет по профессиональным квалификациям в отрасли судостроения и морской техники
40.096,Оцинковщик горячим способом,Сквозные виды профессиональной деятельности,Нанесение на детали и изделия защитных покрытий методом оцинковки горячим способом,505,2015-07-14,Совет по профессиональным квалификациям в отрасли судостроения и морской техники
40.097,Зуборезчик,Сквозные виды профессиональной деятельности,Обработка резанием металлических изделий на зубообрабатывающих станках,506,2015-07-14,Совет по профессиональным квалификациям в отрасли судостроения и морской техники
40.098,Травильщик,Сквозные виды профессиональной деятельности,Удаление поверхностного слоя материалов травлением,507,2015-07-14,Совет по профессиональным квалификациям в отрасли судостроения и морской техники
02.002,Специалист в области медико-профилактического дела,Здравоохранение,Медико-профилактическая деятельность,508,2015-06-25,Совет по профессиональным квалификациям в здравоохранении
01.002,Педагог-психолог (психолог в сфере образования),Образование и наука,Деятельность по психолого-педагогическому сопровождению образовательного процесса,509,2015-07-24,Совет по профессиональным квалификациям в сфере образования
40.099,Специалист по качеству кузнечно-штамповочного производства,Сквозные виды профессиональной деятельности,Обеспечение качества продукции кузнечно-штамповочного производства,510,2015-07-27,Совет по профессиональным квалификациям в машиностроении
40.100,Специалист по обеспечению механосборочного производства технологической остнасткой,Сквозные виды профессиональной деятельности,Обеспечение производства изделий машиностроения технологической оснасткой,511,2015-07-24,Совет по профессиональным квалификациям в машиностроении
40.101,Машинист на молотах и прессах,Сквозные виды профессиональной деятельности,Управление ковочными молотами и прессами при ковке поковок,512,2015-09-07,Совет по профессиональным квалификациям в машиностроении
01.003,Педагог дополнительного образования детей и взрослых,Образование и наука,Педагогическая деятельность в дополнительном образовании детей и взрослых,513,2015-09-08,Совет по профессиональным квалификациям в сфере образования
17.015,Судоводитель-механик,Транспорт,"Судовождение с правом эксплуатации оборудования и механизмов на борту судов внутреннего плавания, портового и служебно-вспомогательного флота",516,2015-09-08,Совет по профессиональным квалификациям на морском и внутреннем водном транспорте
08.023,Аудитор,Финансы и экономика,Аудиторская деятельность,531,2015-10-19,Совет по профессиональным квалификациям финансового рынка
40.102,"Чистильщик металла, отливок, изделий и деталей",Сквозные виды профессиональной деятельности,"Очистка и уплотнение поверхностного слоя металла, отливок, изделий и деталей",532,2015-09-28,Совет по профессиональным квалификациям в отрасли судостроения и морской техники
14.001,Работник парашютно-десантной пожарной службы,"Лесное хозяйство, охота","Охрана лесов от пожаров путем выполнения работ по предупреждению, обнаружению и тушению лесных (природных) пожаров с использованием авиационных сил и средств",533,2015-09-30,Совет по профессиональным квалификациям в области обеспечения безопасности в чрезвычайных ситуациях
14.002,Вальщик леса,"Лесное хозяйство, охота",Выполнение лесозаготовительных работ по валке леса с применением инструментов различного типа,534,2015-09-08,"Совет по профессиональным квалификациям в целлюлозно-бумажной, мебельной и деревообрабатывающей промышленности"
20.013,Работник по эксплуатации компрессорных установок тепловой электростанции,Электроэнергетика,Оперативная эксплуатация и обслуживание компрессорного оборудования тепловой электростанции,535,2015-09-09,Совет по профессиональным квалификациям в электроэнергетике
26.001,Специалист по обеспечению комплексного контроля производства наноструктурированных композиционных материалов,"Химическое, химико-технологическое производство",Обеспечение комплексного контроля производства наноструктурированных композиционных материалов,536,2015-09-07,Совет по профессиональным квалификациям в сфере нанотехнологий и микроэлектроники
26.002,Специалист по подготовке и эксплуатации оборудования по производству наноструктурированных полимерных материалов,"Химическое, химико-технологическое производство",Производство наноструктурированных полимерных материалов,537,2015-09-14,Совет по профессиональным квалификациям в сфере нанотехнологий и микроэлектроники
29.001,Специалист по проектированию и обслуживанию чистых производственных помещений для микро- и наноэлектронных производств,"Производство электрооборудования, электронного и оптического оборудования",Проектирование и обслуживание чистых производственных помещений для микро- и наноэлектронных производств,538,2015-09-07,Совет по профессиональным квалификациям в сфере нанотехнологий и микроэлектроники
26.003,Специалист по проектированию изделий из наноструктурированных композиционных материалов,"Химическое, химико-технологическое производство",Проектирование изделий из наноструктурированных композиционных материалов,539,2015-09-14,Совет по профессиональным квалификациям в сфере нанотехнологий и микроэлектроники
26.004,Специалист по производству волокнистых наноструктурированных композиционных материалов,"Химическое, химико-технологическое производство",Производство волокнистых наноструктурированных композиционных материалов,540,2015-09-07,Совет по профессиональным квалификациям в сфере нанотехнологий и микроэлектроники
26.005,Специалист по производству наноструктурированных полимерных материалов,"Химическое, химико-технологическое производство",Производство наноструктурированных полимерных материалов,541,2015-09-07,Совет по профессиональным квалификациям в сфере нанотехнологий и микроэлектроники
26.006,Специалист по разработке наноструктурированных композиционных материалов,"Химическое, химико-технологическое производство",Производство новых наноструктурированных композиционных материалов,542,2015-09-08,Совет по профессиональным квалификациям в сфере нанотехнологий и микроэлектроники
29.002,Специалист технического обеспечения технологических процессов производства приборов квантовой электроники и фотоники,"Производство электрооборудования, электронного и оптического оборудования","Техническое обеспечение технологии производства полупроводниковых элементов, приборов, включая фоточувствительные и оптоэлектронные",543,2015-09-07,Совет по профессиональным квалификациям в сфере нанотехнологий и микроэлектроники
40.103,Специалист формообразования изделий из наноструктурированных керамических масс,Сквозные виды профессиональной деятельности,Формообразование изделий из наноструктурированных керамических масс,544,2015-09-15,Совет по профессиональным квалификациям в сфере нанотехнологий и микроэлектроники
40.104,Специалист по измерению параметров и модификации свойств наноматериалов и наноструктур,Сквозные виды профессиональной деятельности,Проведение модификации свойств и измерений параметров наноматериалов и наноструктур,545,2015-09-07,Совет по профессиональным квалификациям в сфере нанотехнологий и микроэлектроники
40.105,Оператор электроэрозионных копировально-прошивочных станков,Сквозные виды профессиональной деятельности,Обработка заготовок на электроэрозионных копировально-прошивочных станках,546,2023-04-27,Совет по профессиональным квалификациям в машиностроении
28.002,Специалист по контроллингу машиностроительных организаций,Производство машин и оборудования,Контроллинг,"547
547
547
547
547
547",2015-09-07,Совет по профессиональным квалификациям в машиностроении
20.014,Работник по организации эксплуатации тепломеханического оборудования тепловой электростанции,Электроэнергетика,Организационное и техническое обеспечение эксплуатации тепломеханического оборудования тепловой электростанции,548,2015-09-08,Совет по профессиональным квалификациям в электроэнергетике
33.010,Кондитер,"Сервис, оказание услуг населению (торговля, техническое обслуживание, ремонт, предоставление персональных услуг, услуги гостеприимства, общественное питание и пр.)",Производство кондитерской и шоколадной продукции в организациях питания,549,2015-09-07,Совет по профессиональным квалификациям в сфере гостеприимства
28.003,Специалист по автоматизации и механизации механосборочного производства,Производство машин и оборудования,Автоматизация и механизация механосборочного производства,550,2015-09-08,Совет по профессиональным квалификациям в машиностроении
20.015,Работник по эксплуатации тепломеханического оборудования тепловой электростанции,Электроэнергетика,Эксплуатация тепломеханического оборудования тепловой электростанции,551,2015-09-14,Совет по профессиональным квалификациям в электроэнергетике
08.024,Эксперт в сфере закупок,Финансы и экономика,"Экспертиза и консультирование при осуществлении закупок для обеспечения государственных, муниципальных и корпоративных нужд",552,2015-09-10,"Совет по профессиональным квалификациям торговой, внешнеторговой и по отдельным видам предпринимательской и экономической деятельности"
08.025,Специалист в оценочной деятельности,Финансы и экономика,"Деятельность по определению стоимостей (цен), оценка объектов гражданских прав, обязательств",553,2015-08-04,Совет по профессиональным квалификациям финансового рынка
10.001,Специалист в сфере кадастрового учета и государственной регистрации прав,"Архитектура, проектирование, геодезия, топография и дизайн",Деятельность в сфере государственного кадастрового учета и государственной регистрации прав на объекты недвижимости,554,2015-09-29,"Совет по профессиональным квалификациям торговой, внешнеторговой и по отдельным видам предпринимательской и экономической деятельности"
16.063,"Специалист по химическому анализу воды в системах водоснабжения, водоотведения, теплоснабжения",Строительство и ЖКХ,"Осуществление химико-бактериологического анализа воды в системах водоснабжения, водоотведения и теплоснабжения",555,2015-09-15,Совет по профессиональным квалификациям в жилищно-коммунальном хозяйстве
33.011,Повар,"Сервис, оказание услуг населению (торговля, техническое обслуживание, ремонт, предоставление персональных услуг, услуги гостеприимства, общественное питание и пр.)","Производство блюд, напитков и кулинарных изделий в организациях питания",557,2015-09-08,Совет по профессиональным квалификациям в сфере гостеприимства
08.026,Специалист в сфере закупок,Финансы и экономика,"Деятельность по осуществлению, контролю и управлению закупками для обеспечения государственных, муниципальных и корпоративных нужд",558,2015-09-10,"Совет по профессиональным квалификациям торговой, внешнеторговой и по отдельным видам предпринимательской и экономической деятельности"
07.003,Специалист по управлению персоналом,Административно-управленческая и офисная деятельность,Управление персоналом организации,559,2015-10-06,Совет по профессиональным квалификациям в области управления персоналом
20.016,Работник по эксплуатации электротехнического оборудования тепловой электростанции,Электроэнергетика,Оперативная эксплуатация электротехнического оборудования тепловой электростанции,560,2015-10-05,Совет по профессиональным квалификациям в электроэнергетике
15.018,Капитан судна рыбопромыслового флота,Рыбоводство и рыболовство,Промышленное рыболовство,561,2015-10-19,Совет по профессиональным квалификациям агропромышленного комплекса
06.024,Специалист по технической поддержке информационно-коммуникационных систем,"Связь, информационные и коммуникационные технологии",Техническая поддержка пользователей информационно-коммуникационных (инфокоммуникационных) систем и (или) их составляющих,562,2015-10-05,Совет по профессиональным квалификациям в области информационных технологий
06.025,Специалист по дизайну графических и пользовательских интерфейсов,"Связь, информационные и коммуникационные технологии",Разработка структуры и дизайна графических пользовательских интерфейсов,563,2015-10-05,Совет по профессиональным квалификациям в области информационных технологий
06.026,Системный администратор информационно-коммуникационных систем,"Связь, информационные и коммуникационные технологии",Администрирование информационно-коммуникационных (инфокоммуникационных) систем,564,2015-10-05,Совет по профессиональным квалификациям в области информационных технологий
06.027,Специалист по администрированию сетевых устройств информационно-коммуникационных систем,"Связь, информационные и коммуникационные технологии",Администрирование сетевых устройств информационно-коммуникационной (инфокоммуникационной) системы,565,2015-10-05,Совет по профессиональным квалификациям в области информационных технологий
06.028,Системный программист,"Связь, информационные и коммуникационные технологии",Создание системного программного обеспечения,566,2015-10-05,Совет по профессиональным квалификациям в области информационных технологий
24.057,Специалист в области информационных технологий на атомных станциях (разработка и сопровождение программного обеспечения),Атомная промышленность,Деятельность по обеспечению работоспособности информационно-технологических систем и сервисов атомных электростанций,567,2015-10-27,Совет по профессиональным квалификациям в сфере атомной энергии
06.029,Менеджер по продажам информационно-коммуникационных систем,"Связь, информационные и коммуникационные технологии",Осуществление и координация продаж инфокоммуникационных систем и (или) их составляющих,568,2015-10-05,Совет по профессиональным квалификациям в области информационных технологий
40.106,"Работник по эксплуатации оборудования, работающего под избыточным давлением, котлов и трубопроводов пара",Сквозные виды профессиональной деятельности,Эксплуатация оборудования котельных,569,2015-12-24,Совет по профессиональным квалификациям в электроэнергетике
33.012,Специалист по подбору персонала (рекрутер),"Сервис, оказание услуг населению (торговля, техническое обслуживание, ремонт, предоставление персональных услуг, услуги гостеприимства, общественное питание и пр.)",Оказание услуг по подбору персонала для юридических лиц,570,2015-10-09,Совет по профессиональным квалификациям в области управления персоналом
01.005,Специалист в области воспитания,Образование и наука,Педагогическая деятельность в области воспитания обучающихся,571,2017-01-10,Совет по профессиональным квалификациям в сфере образования
11.012,Технолог полиграфического производства,"Средства массовой информации, издательство и полиграфия",Технологическое сопровождение процессов полиграфического производства,572,2017-01-10,"Совет по профессиональным квалификациям в области издательского дела, полиграфического производства и распространения печатной продукции"
11.013,Графический дизайнер,"Средства массовой информации, издательство и полиграфия","Дизайн объектов и систем визуальной информации, идентификации и коммуникации",573,2017-01-17,"Совет по профессиональным квалификациям в области издательского дела, полиграфического производства и распространения печатной продукции"
31.021,Специалист по испытаниям и исследованиям в автомобилестроении Специалист по испытаниям и исследованиям в автомобилестроении Специалист по испытаниям и исследованиям в автомобилестроении Специалист по испытаниям и исследованиям в автомобилестроении,Автомобилестроение,Испытания и исследования автотранспортных средств и их компонентов,574,2017-03-01,Совет по профессиональным квалификациям в автомобилестроении
25.022,Специалист по проектированию разгонных блоков транспортных систем в ракетно-космической промышленности,Ракетно-космическая промышленность,Проектирование разгонных блоков транспортных систем средств выведения ракетно-космических комплексов,575,2015-10-23,Совет по профессиональным квалификациям в области ракетной техники и космической деятельности
25.023,"Специалист по проектированию систем жизнеобеспечения, терморегулирования, агрегатов пневмогидравлических систем пилотируемых космических кораблей, станций, комплексов и обитаемых сооружений, располагаемых на небесных телах Специалист по проектированию систем жизнеобеспечения, терморегулирования, агрегатов пневмогидравлических систем пилотируемых космических кораблей, станций, комплексов и обитаемых сооружений, располагаемых на небесных телах Специалист по проектированию систем жизнеобеспечения, терморегулирования, агрегатов пневмогидравлических систем пилотируемых космических кораблей, станций, комплексов и обитаемых сооружений, располагаемых на небесных телах Специалист по проектированию систем жизнеобеспечения, терморегулирования, агрегатов пневмогидравлических систем пилотируемых космических кораблей, станций, комплексов и обитаемых сооружений, располагаемых на небесных телах",Ракетно-космическая промышленность,"Проектирование систем жизнеобеспечения, терморегулирования, агрегатов пневмогидравлических систем пилотируемых космических кораблей, станций, комплексов и обитаемых сооружений, располагаемых на небесн",576,2015-10-27,Совет по профессиональным квалификациям в области ракетной техники и космической деятельности
05.006,"Сопровождающий инвалидов, лиц с ограниченными возможностями здоровья, несовершеннолетних лиц на спортивные мероприятия",Физическая культура и спорт,"Сопровождение инвалидов, лиц с ограниченными возможностями здоровья и несовершеннолетних лиц в процессах физкультурно-оздоровительной, тренировочной и соревновательной деятельности",577,2015-11-16,Совет по профессиональным квалификациям в сфере физической культуры и спорта
05.007,Спортивный судья,Физическая культура и спорт,Судейство спортивного соревнования,578,2015-10-23,Совет по профессиональным квалификациям в сфере физической культуры и спорта
25.024,Специалист по автоматизации электромонтажных работ в ракетно‑космической промышленности,Ракетно-космическая промышленность,Технологическое обеспечение автоматизированных электромонтажных работ в ракетно-космической промышленности,579,2015-10-23,Совет по профессиональным квалификациям в области ракетной техники и космической деятельности
25.025,Слесарь-сборщик ракетно-космической техники,Ракетно-космическая промышленность,Сборка изделий и их составных частей в ракетно-космической промышленности,580,2015-10-28,Совет по профессиональным квалификациям в области ракетной техники и космической деятельности
05.008,"Руководитель организации (подразделения организации), осуществляющей деятельность в области физической культуры и спорта",Физическая культура и спорт,"Управление деятельностью и развитием организации (подразделения организации), входящей в систему спортивной подготовки",581,2015-10-29,Совет по профессиональным квалификациям в сфере физической культуры и спорта
25.026,Специалист по сборке датчиковой аппаратуры в ракетно-космической промышленности,Ракетно-космическая промышленность,Технологическое обеспечение сборки датчиковой аппаратуры в ракетно-космической промышленности,582,2015-10-28,Совет по профессиональным квалификациям в области ракетной техники и космической деятельности
17.016,Водитель внедорожных автомототранспортных средств,Транспорт,"Управление, техническое обслуживание и перевозка грузов и людей внедорожным мототранспортным и автотранспортным средством в различных дорожных и метеорологических условиях",583,2015-11-02,ФГБУ «Всероссийский научно-исследовательский институт труда»
17.017,Работник по обслуживанию и ремонту устройств железнодорожной автоматики и телемеханики,Транспорт,"Техническое обслуживание, ремонт и мониторинг технического состояния устройств сигнализации, централизации и блокировки железнодорожной автоматики и телемеханики",584,2015-10-23,Совет по профессиональным квалификациям на железнодорожном транспорте
17.018,Работник по техническому обслуживанию и ремонту объектов железнодорожной электросвязи,Транспорт,Техническое обслуживание и ремонт объектов железнодорожной электросвязи,585,2015-12-03,Совет по профессиональным квалификациям на железнодорожном транспорте
17.019,Оператор по обслуживанию и ремонту вагонов и контейнеров,Транспорт,Деятельность по сопровождению технического обслуживания и ремонта вагонов и контейнеров,586,2015-12-03,Совет по профессиональным квалификациям на железнодорожном транспорте
17.020,Работник по техническому обслуживанию в пути следования пассажирских вагонов,Транспорт,Техническое обслуживание в пути следования пассажирских вагонов,587,2015-12-03,Совет по профессиональным квалификациям на железнодорожном транспорте
17.021,Работник по расшифровке параметров движения железнодорожного подвижного состава,Транспорт,Расшифровка параметров движения железнодорожного подвижного состава,588,2015-12-03,Совет по профессиональным квалификациям на железнодорожном транспорте
17.022,"Работник по техническому обслуживанию, ремонту и монтажу контактной сети и воздушных линий электропередачи железнодорожного транспорта",Транспорт,"Техническое обслуживание, ремонт и монтаж контактной сети постоянного и переменного тока, линий электропередачи, подвешенных на опорах контактной сети или на самостоятельных опорах",589,2015-12-02,Совет по профессиональным квалификациям на железнодорожном транспорте
17.023,"Специалист по организации управления движением поездов, производства маневровой работы на раздельных пунктах",Транспорт,"Руководство движением поездов, производством маневровой работы на раздельных пунктах",590,2015-12-03,Совет по профессиональным квалификациям на железнодорожном транспорте
25.027,Специалист по разработке аппаратуры бортовых космических систем,Ракетно-космическая промышленность,Разработка аппаратуры бортовых космических систем (БКС),591,2015-12-03,Совет по профессиональным квалификациям в области ракетной техники и космической деятельности
17.024,"Работник по техническому обслуживанию и ремонту железнодорожных тяговых и трансформаторных подстанций, линейных устройств системы тягового электроснабжения",Транспорт,"Техническое обслуживание, ремонт и контроль технического состояния оборудования железнодорожных тяговых и трансформаторных подстанций, линейных устройств системы тягового электроснабжения",592,2015-12-03,Совет по профессиональным квалификациям на железнодорожном транспорте
17.025,"Слесарь по осмотру, ремонту и техническому обслуживанию железнодорожного подвижного состава и перегрузочных машин",Транспорт,"Техническое обслуживание, ремонт и испытание железнодорожного подвижного состава и перегрузочных машин",593,2015-12-02,Совет по профессиональным квалификациям на железнодорожном транспорте
17.026,Специалист по оперативно-диспетчерскому управлению железнодорожными перевозками,Транспорт,Оперативно-диспетчерское управление железнодорожными перевозками,594,2015-12-03,Совет по профессиональным квалификациям на железнодорожном транспорте
24.058,Аппаратчик-гидрометаллург в атомной отрасли,Атомная промышленность,"Извлечение металлов из руд, концентратов и отходов различных производств при помощи водных растворов химических реагентов (выщелачивание) с последующим выделением металлов из растворов",595,2015-10-28,Совет по профессиональным квалификациям в сфере атомной энергии
24.059,Оператор установки дезактивации,Атомная промышленность,Ведение процесса дезактивации на атомной электрической станции,596,2015-10-27,Совет по профессиональным квалификациям в сфере атомной энергии
24.060,Оператор спецоборудования по переработке твердых радиоактивных отходов,Атомная промышленность,Эксплуатация спецоборудования по переработке твердых радиоактивных отходов (ТРО),597,2015-11-05,Совет по профессиональным квалификациям в сфере атомной энергии
24.061,Оператор спецоборудования по переработке жидких радиоактивных отходов,Атомная промышленность,Эксплуатация спецоборудования по переработке жидких радиоактивных отходов (ЖРО),598,2015-10-26,Совет по профессиональным квалификациям в сфере атомной энергии
24.062,Инженер-проектировщик по выводу из эксплуатации объектов использования атомной энергии,Атомная промышленность,Разработка проектно-технологической документации по выводу из эксплуатации объектов использования атомной энергии,599,2015-11-06,Совет по профессиональным квалификациям в сфере атомной энергии
24.063,Техник по промышленному строительству в области демонтажа радиационно-опасных объектов,Атомная промышленность,Разработка и сопровождение проектно-технологической документации по демонтажу радиационно-опасных объектов,600,2015-11-05,Совет по профессиональным квалификациям в сфере атомной энергии
24.064,Инженер строительно-монтажных работ по строительству объектов использования атомной энергии,Атомная промышленность,Организация строительно-монтажных работ при строительстве объектов использования атомной энергии,601,2015-11-06,Совет по профессиональным квалификациям в сфере атомной энергии
24.065,"Специалист по обеспечению качества в организациях, осуществляющих деятельность в области использования атомной энергии",Атомная промышленность,"Профессиональная деятельность в области внедрения и поддержания интегрированных систем менеджмента, включая систему менеджмента качества, в организациях, осуществляющих деятельность в области использо",602,2015-10-28,Совет по профессиональным квалификациям в сфере атомной энергии
24.066,Оператор геотехнологических скважин в атомной отрасли,Атомная промышленность,Применение геотехнологических методов добычи урана,603,2015-10-28,Совет по профессиональным квалификациям в сфере атомной энергии
24.067,Инженер по измерению и учету радиационных характеристик радиоактивных отходов,Атомная промышленность,Измерение радиационных характеристик радиоактивных отходов,604,2015-10-28,Совет по профессиональным квалификациям в сфере атомной энергии
24.068,Оператор систем дистанционного контроля работ в высоких радиационных полях,Атомная промышленность,Эксплуатация и техническое обслуживание систем дистанционного контроля работ в высоких радиационных полях,605,2015-10-29,Совет по профессиональным квалификациям в сфере атомной энергии
24.069,Специалист по строительному контролю качества строительно-монтажных работ на объектах использования атомной энергии,Атомная промышленность,Контроль качества строительно-монтажных работ на объектах использования атомной энергии,606,2015-11-16,Совет по профессиональным квалификациям в сфере атомной энергии
24.070,Оператор робототехнических комплексов для работ в радиационных полях,Атомная промышленность,Осуществление работ с применением робототехнических комплексов в радиационных полях и обеспечение безопасности их проведения,607,2015-10-29,Совет по профессиональным квалификациям в сфере атомной энергии
17.027,Энергодиспетчер железнодорожного транспорта,Транспорт,Оперативное управление работой устройств электроснабжения железнодорожного транспорта,608,2015-12-03,Совет по профессиональным квалификациям на железнодорожном транспорте
25.028,Инженер-технолог по сборочному производству в ракетно-космической промышленности,Ракетно-космическая промышленность,Технологическое обеспечение производства ракетно-космической техники в ракетно-космической промышленности,609,2015-12-03,Совет по профессиональным квалификациям в области ракетной техники и космической деятельности
25.029,Радиоинженер в ракетно-космической промышленности,Ракетно-космическая промышленность,"Разработка, изготовление и сопровождение радиотехнических систем (далее – РТС) и радиоэлектронных средств (далее – РЭС) Разработка, изготовление и сопровождение радиотехнических систем (далее – РТС) и",610,2015-12-03,Совет по профессиональным квалификациям в области ракетной техники и космической деятельности
25.030,Специалист по проектированию и разработке наземных автоматизированных систем управления космическими аппаратами,Ракетно-космическая промышленность,Проектирование и разработка наземных автоматизированных систем управления космическими аппаратами,611,2015-12-03,Совет по профессиональным квалификациям в области ракетной техники и космической деятельности
25.031,Слесарь-сборщик автоматических космических аппаратов,Ракетно-космическая промышленность,Слесарная сборка автоматических космических аппаратов (АКА) и их компонентов,612,2015-12-02,Совет по профессиональным квалификациям в области ракетной техники и космической деятельности
25.032,Специалист по автоматизированному управлению жизненным циклом продукции в ракетно-космической промышленности,Ракетно-космическая промышленность,"Создание, модификация и сопровождение информационных систем (ИС), автоматизирующих процессы конструкторско-технологической подготовки производства (КТПП) ракетно-космической промышленности (РКП)",613,2015-12-03,Совет по профессиональным квалификациям в области ракетной техники и космической деятельности
25.033,"Специалист по разработке и созданию квантово-оптических систем для решения задач навигации, связи и контроля космического пространства",Ракетно-космическая промышленность,"Разработка и создание квантово-оптических систем для решения задач навигации, связи и контроля космического пространства",614,2015-12-02,Совет по профессиональным квалификациям в области ракетной техники и космической деятельности
25.034,Специалист по проектированию антенно-фидерных устройств космических аппаратов,Ракетно-космическая промышленность,Проектирование антенно-фидерных устройств космических аппаратов,615,2015-12-02,Совет по профессиональным квалификациям в области ракетной техники и космической деятельности
25.035,Специалист по разработке специальных покрытий и технологий их изготовления методами осаждения в вакууме для внешних поверхностей космических аппаратов,Ракетно-космическая промышленность,Разработка специальных покрытий и технологий их изготовления методами осаждения в вакууме для внешних поверхностей космических аппаратов,616,2015-12-02,Совет по профессиональным квалификациям в области ракетной техники и космической деятельности
25.036,Специалист по электронике бортовых комплексов управления автоматических космических аппаратов,Ракетно-космическая промышленность,Создание и эксплуатация электронных средств и электронных систем бортовых комплексов управления автоматических космических аппаратов,617,2015-12-03,Совет по профессиональным квалификациям в области ракетной техники и космической деятельности
25.037,Специалист по управлению проектами и программами в ракетно-космической промышленности,Ракетно-космическая промышленность,Управление проектами и программами в ракетно-космической промышленности,618,2015-12-03,Совет по профессиональным квалификациям в области ракетной техники и космической деятельности
17.028,Бригадир (освобожденный) по текущему содержанию и ремонту пути и искусственных сооружений железнодорожного транспорта,Транспорт,Организация выполнения работ по текущему содержанию и ремонту железнодорожного пути и искусственных сооружений,619,2015-12-03,Совет по профессиональным квалификациям на железнодорожном транспорте
27.021,Машинист коксовых машин,Металлургическое производство,Управление коксовыми машинами,620,2015-12-01,Совет по профессиональным квалификациям в горно-металлургическом комплексе
27.022,Машинист установки сухого тушения кокса,Металлургическое производство,Ведение технологического процесса сухого тушения кокса,621,2015-12-03,Совет по профессиональным квалификациям в горно-металлургическом комплексе
27.023,Дозировщик агломерационной шихты,Металлургическое производство,Дозирование компонентов агломерационной шихты,622,2015-12-01,Совет по профессиональным квалификациям в горно-металлургическом комплексе
27.024,Резчик горячего металла,Металлургическое производство,Резка горячего металла на станах горячей прокатки,623,2015-12-01,Совет по профессиональным квалификациям в горно-металлургическом комплексе
27.025,Волочильщик,Металлургическое производство,"Волочение металлопроката, проволоки и труб из черных и цветных металлов",624,2015-12-01,Совет по профессиональным квалификациям в горно-металлургическом комплексе
27.026,Нагревальщик металла,Металлургическое производство,Нагрев металла перед пластической деформацией,625,2015-12-03,Совет по профессиональным квалификациям в горно-металлургическом комплексе
27.027,Плакировщик полимерных материалов на металл,Металлургическое производство,Плакирование полимерными материалами поверхности металла,626,2015-12-03,Совет по профессиональным квалификациям в горно-металлургическом комплексе
27.028,Оператор линии отделки рельсов,Металлургическое производство,Ведение процесса отделки железнодорожных рельсов на автоматизированных поточных линиях,627,2015-12-03,Совет по профессиональным квалификациям в горно-металлургическом комплексе
27.029,Резчик труб и заготовок,Металлургическое производство,"Резка стальных труб, трубных и муфтовых заготовок, сборка резьбовых соединений",628,2015-12-03,Совет по профессиональным квалификациям в горно-металлургическом комплексе
27.030,Плавильщик ферросплавов,Металлургическое производство,Выплавка ферросплавов,629,2015-12-03,Совет по профессиональным квалификациям в горно-металлургическом комплексе
27.031,Специалист по производству кокса,Металлургическое производство,Производство кокса,630,2015-12-03,Совет по профессиональным квалификациям в горно-металлургическом комплексе
27.032,Специалист по производству агломерата,Металлургическое производство,Организация технологических процессов производства железорудного агломерата,631,2015-12-03,Совет по профессиональным квалификациям в горно-металлургическом комплексе
27.033,Специалист по производству чугуна,Металлургическое производство,Организация производства чугуна,632,2015-12-01,Совет по профессиональным квалификациям в горно-металлургическом комплексе
27.034,Специалист по кислородно-конвертерному производству стали,Металлургическое производство,Организация производство стали кислородно-конвертерным способом,633,2015-12-02,Совет по профессиональным квалификациям в горно-металлургическом комплексе
27.035,Специалист по производству горячекатаного проката,Металлургическое производство,Организация производства горячекатаного проката,634,2015-12-02,Совет по профессиональным квалификациям в горно-металлургическом комплексе
27.036,Специалист по производству холоднокатаного листа,Металлургическое производство,Организация производства холоднокатаного листа,635,2015-12-02,Совет по профессиональным квалификациям в горно-металлургическом комплексе
27.037,Шихтовщик,Металлургическое производство,Шихтоподготовка,636,2015-12-02,Совет по профессиональным квалификациям в горно-металлургическом комплексе
27.038,Конвертерщик,Металлургическое производство,Конвертирование медных и медно-никелевых штейнов,637,2015-12-02,Совет по профессиональным квалификациям в горно-металлургическом комплексе
27.039,Печевой на вельцпечах,Металлургическое производство,Ведение процесса вельцевания полиметаллических промпродуктов и отходов металлургического производства,638,2015-12-02,Совет по профессиональным квалификациям в горно-металлургическом комплексе
27.040,Плавильщик цветных металлов и сплавов,Металлургическое производство,"Ведение процесса плавки руд, рудных концентратов, промпродуктов и оборотов цветных металлов и сплавов",639,2015-12-03,Совет по профессиональным квалификациям в горно-металлургическом комплексе
27.041,Чистильщик в металлургии,Металлургическое производство,"Ведение процесса чистки металлоизделий, машин, резервуаров, оборудования, технологических коммуникаций и емкостей в горно-металлургическом комплексе",640,2015-12-01,Совет по профессиональным квалификациям в горно-металлургическом комплексе
27.042,Аппаратчик-гидрометаллург производства тяжелых цветных металлов,Металлургическое производство,Ведение гидрометаллургических процессов в производстве тяжелых цветных металлов,641,2015-12-03,Совет по профессиональным квалификациям в горно-металлургическом комплексе
27.043,Катодчик,Металлургическое производство,Производство катодных основ методом электролиза в водных растворах,642,2015-12-03,Совет по профессиональным квалификациям в горно-металлургическом комплексе
27.044,Электролизник водных растворов,Металлургическое производство,Производство цветных металлов методом электролиза в водных растворах,643,2015-12-03,Совет по профессиональным квалификациям в горно-металлургическом комплексе
27.045,Прессовщик металлов и сплавов,Металлургическое производство,"Производство изделий из металлических порошков, металлов и сплавов способом прессования",644,2015-12-03,Совет по профессиональным квалификациям в горно-металлургическом комплексе
27.046,Специалист по гидрометаллургическому производству тяжелых цветных металлов,Металлургическое производство,Организация производства тяжелых цветных металлов гидрометаллургическим способом,645,2015-12-03,Совет по профессиональным квалификациям в горно-металлургическом комплексе
27.047,Специалист по пирометаллургическому производству тяжелых цветных металлов,Металлургическое производство,Пироометаллургическое производство тяжелых цветных металлов,646,2015-12-03,Совет по профессиональным квалификациям в горно-металлургическом комплексе
02.003,Младший медицинский персонал,Здравоохранение,Деятельность младшего медицинского персонала,647,2016-01-12,Совет по профессиональным квалификациям в здравоохранении
27.048,Машинист разливочной машины,Металлургическое производство,Ведение технологического процесса разливки чугуна и ферросплавов,648,2015-12-01,Совет по профессиональным квалификациям в горно-металлургическом комплексе
27.049,Горновой десульфурации чугуна,Металлургическое производство,Ведение технологического процесса десульфурации чугуна,649,2015-12-01,Совет по профессиональным квалификациям в горно-металлургическом комплексе
27.050,Грануляторщик доменного шлака,Металлургическое производство,Ведение технологического процесса грануляции доменного шлака,650,2015-12-01,Совет по профессиональным квалификациям в горно-металлургическом комплексе
27.051,Машинист дистрибутора,Металлургическое производство,Управление процессом выплавки стали в конвертере,651,2015-12-01,Совет по профессиональным квалификациям в горно-металлургическом комплексе
27.052,Обработчик поверхностных пороков металла,Металлургическое производство,Обработка поверхностных пороков металла,652,2015-12-01,Совет по профессиональным квалификациям в горно-металлургическом комплексе
27.053,Вальцовщик профилегибочного агрегата,Металлургическое производство,Ведение технологического процесса производства металлических профилей на профилегибочных агрегатах,653,2015-12-03,Совет по профессиональным квалификациям в горно-металлургическом комплексе
27.054,Специалист по производству электросварных труб,Металлургическое производство,Организация технологических процессов производства электросварных труб,654,2015-12-02,Совет по профессиональным квалификациям в горно-металлургическом комплексе
27.055,Специалист по производству холоднокатаных труб,Металлургическое производство,"Организация технологических процессов производства холоднокатаных, холоднодеформированных, холоднотянутых бесшовных стальных труб",655,2015-12-02,Совет по профессиональным квалификациям в горно-металлургическом комплексе
27.056,Специалист по производству горячекатаных труб,Металлургическое производство,Организация технологических процессов производства горячекатаных труб,656,2015-12-01,Совет по профессиональным квалификациям в горно-металлургическом комплексе
40.107,Контролер сварочных работ,Сквозные виды профессиональной деятельности,"Технический контроль качества сборки под сварку, работ по сварке и сварных соединений изделий, узлов, конструкций и оборудования",657,2015-12-01,Совет по профессиональным квалификациям в области сварки
40.108,Специалист по неразрушающему контролю,Сквозные виды профессиональной деятельности,Выполнение работ по неразрушающему контролю (НК) контролируемых объектов (материалов и сварных соединений),658,2015-12-03,Совет по профессиональным квалификациям в области сварки
27.057,Специалист по электросталеплавильному производству,Металлургическое производство,Организация производства стали в электросталеплавильных цехах,659,2015-12-03,Совет по профессиональным квалификациям в горно-металлургическом комплексе
25.038,Инженер-конструктор по электрике в ракетно-космической промышленности,Ракетно-космическая промышленность,"Разработка электронного, электромеханического, электрокоммутационного и электронно-информационного оборудования ракетно-космической техники",660,2015-12-01,Совет по профессиональным квалификациям в области ракетной техники и космической деятельности
25.039,Инженер-конструктор по динамике и прочности изделий в ракетно-космической промышленности,Ракетно-космическая промышленность,Проведение расчетной и экспериментальной отработки динамики и прочности конструкций изделий ракетно-космической техники,661,2015-12-01,Совет по профессиональным квалификациям в области ракетной техники и космической деятельности
25.040,Инженер по автоматизированным системам управления производством в ракетно-космической промышленности,Ракетно-космическая промышленность,Проектирование и эксплуатация информационных систем в ракетно-космической промышленности,662,2015-12-03,Совет по профессиональным квалификациям в области ракетной техники и космической деятельности
25.041,Инженер-конструктор по теплофизике в ракетно-космической промышленности,Ракетно-космическая промышленность,"Организация и проведение научно-исследовательских, проектных и экспериментальных исследований в области теплофизики при проектировании изделий ракетно-космической техники",663,2015-12-03,Совет по профессиональным квалификациям в области ракетной техники и космической деятельности
40.109,"Сварщик-оператор полностью механизированной, автоматической и роботизированной сварки",Сквозные виды профессиональной деятельности,"Выполнение полностью механизированной, автоматической и роботизированной сварки",664,2015-12-01,Совет по профессиональным квалификациям в области сварки
40.110,Лаборант по физико-механическим испытаниям металлических и полимерных материалов и сварных соединений,Сквозные виды профессиональной деятельности,Выполнение работ по физико-механическим испытаниям и анализу свойств сварных соединений и материалов деталей свариваемых конструкций,665,2015-12-01,Совет по профессиональным квалификациям в области сварки
20.017,Работник по химической водоподготовке котлов,Электроэнергетика,Осуществление процессов водоочистки и водоподготовки,666,2015-12-24,Совет по профессиональным квалификациям в электроэнергетике
40.111,Автоклавщик,Сквозные виды профессиональной деятельности,"Ведение технологических процессов при использовании сосудов, работающих при нагреве и под давлением",667,2015-12-24,ФГБУ «Всероссийский научно-исследовательский институт труда»
25.042,Инженер-конструктор по динамике полета и управлению летательным аппаратом в ракетно-космической промышленности,Ракетно-космическая промышленность,Разработка автоматизированных систем управления космического аппарата,668,2015-12-03,Совет по профессиональным квалификациям в области ракетной техники и космической деятельности
17.029,Специалист по летной эксплуатации беспилотных авиационных систем (внешний пилот) в составе с одним или несколькими беспилотными воздушными судами максимальной взлетной массой более 30 кг,Транспорт,Управление беспилотными воздушными судами с максимальной взлетной массой более 30 килограммов,672,2023-04-27,Совет по профессиональным квалификациям воздушного транспорта
40.112,Работник по монтажу и наладке грузоподъемных машин (подъемных сооружений),Сквозные виды профессиональной деятельности,Монтаж и наладка грузоподъемных машин (подъемных сооружений),673,2015-12-21,"Совет по профессиональным квалификациям в лифтовой отрасли, сфере подъемных сооружений и вертикального транспорта"
40.113,Работник по техническому обслуживанию и ремонту в процессе эксплуатации грузоподъемных машин (подъемных сооружений),Сквозные виды профессиональной деятельности,Техническое обслуживание и ремонт грузоподъемных машин (подъемных сооружений),674,2015-12-21,"Совет по профессиональным квалификациям в лифтовой отрасли, сфере подъемных сооружений и вертикального транспорта"
25.043,Инженер-технолог по сборке и монтажу приборов и кабелей в ракетно-космической промышленности,Ракетно-космическая промышленность,Технологическое обеспечение процесса сборки и монтажа приборов и кабелей в ракетно-космической промышленности,675,2015-12-01,Совет по профессиональным квалификациям в области ракетной техники и космической деятельности
40.114,Резчик термической резки металлов,Сквозные виды профессиональной деятельности,Термическая резка металлов,676,2015-12-03,Совет по профессиональным квалификациям в области сварки
40.115,Специалист сварочного производства,Сквозные виды профессиональной деятельности,"Организация и контроль производства (изготовления, монтажа, ремонта, реконструкции) конструкций (изделий, продукции) с применением сварки и родственных процессов",677,2015-12-03,Совет по профессиональным квалификациям в области сварки
25.044,Специалист по применению геоинформационных систем и технологий для решения задач государственного и муниципального уровня,Ракетно-космическая промышленность,"Деятельность по обеспечению организаций государственного и муниципального уровня информацией, содержащейся в геоинформационных системах, для решения задач социально-экономического, экологического и ге",678,2015-12-01,Совет по профессиональным квалификациям в области ракетной техники и космической деятельности
40.116,"Работник по осуществлению производственного контроля при использовании подъемных сооружений, пассажирских канатных дорог и фуникулеров",Сквозные виды профессиональной деятельности,Обеспечение требований промышленной безопасности в организации,679,2015-12-24,"Совет по профессиональным квалификациям в лифтовой отрасли, сфере подъемных сооружений и вертикального транспорта"
24.071,Инспектор в атомной энергетике,Атомная промышленность,Организация и проведение работ по контролю состояния и обеспечения безопасности эксплуатации атомной станции (АС),680,2015-12-24,Совет по профессиональным квалификациям в сфере атомной энергии
33.013,"Официант, бармен","Сервис, оказание услуг населению (торговля, техническое обслуживание, ремонт, предоставление персональных услуг, услуги гостеприимства, общественное питание и пр.)",Подача блюд и напитков в организациях питания,681,2015-12-01,Совет по профессиональным квалификациям в сфере гостеприимства
33.014,Пекарь,"Сервис, оказание услуг населению (торговля, техническое обслуживание, ремонт, предоставление персональных услуг, услуги гостеприимства, общественное питание и пр.)",Производство хлебобулочной продукции в организациях питания,682,2015-12-01,Совет по профессиональным квалификациям в сфере гостеприимства
12.003,Работник по обеспечению охраны образовательных организаций,Обеспечение безопасности,Обеспечение охраны образовательных организаций,683,2015-12-11,Совет по профессиональным квалификациям в негосударственной сфере безопасности
30.017,Проверщик судовой,Судостроение,Проверочные работы при постройке и ремонте судов и плавучих сооружений,684,2015-12-02,Совет по профессиональным квалификациям в отрасли судостроения и морской техники
30.018,Строитель кораблей,Судостроение,"Организация строительства, ремонта и технического обслуживания судов, плавучих сооружений и их составных частей",685,2015-12-02,Совет по профессиональным квалификациям в отрасли судостроения и морской техники
17.030,Наладчик контрольно-измерительных вагонов железнодорожного транспорта,Транспорт,Техническое обслуживание и ремонт оборудования контрольно-измерительных вагонов железнодорожного транспорта,686,2015-12-02,Совет по профессиональным квалификациям на железнодорожном транспорте
17.031,Гидротехник (водный транспорт),Транспорт,"Проектирование, строительство и эксплуатация внутренних водных путей, судоходных, портовых гидротехнических сооружений, объектов береговой инфраструктуры водного транспорта",687,2016-11-18,Совет по профессиональным квалификациям на морском и внутреннем водном транспорте
17.032,Специалист диспетчерского аппарата подразделения по обслуживанию сооружений и устройств инфраструктуры железнодорожного транспорта,Транспорт,"Оперативное руководство работой по техническому обслуживанию, ремонту сооружений и устройств инфраструктуры железнодорожного транспорта, текущему содержанию пути и управлению парком специального желез",688,2015-12-03,Совет по профессиональным квалификациям на железнодорожном транспорте
17.033,"Работник по коммерческому осмотру груза в вагонах (поездах), приему и выдаче груза и багажа",Транспорт,"Выполнение операций по приему и выдаче груза и багажа, выявлению несоответствий размещения и крепления груза в вагонах (поездах)",689,2015-12-02,Совет по профессиональным квалификациям на железнодорожном транспорте
17.034,Работник по ремонту и текущему содержанию искусственных сооружений железнодорожного транспорта,Транспорт,Выполнение работ по ремонту и текущему содержанию искусственных сооружений железнодорожного транспорта,690,2015-12-02,Совет по профессиональным квалификациям на железнодорожном транспорте
25.045,Инженер-конструктор по ракетостроению,Ракетно-космическая промышленность,Создание ракет-носителей и ракет космического назначения,691,2015-12-02,Совет по профессиональным квалификациям в области ракетной техники и космической деятельности
23.042,Отделочник изделий из древесины и древесных материалов,"Деревообрабатывающая и целлюлозно-бумажная промышленность, мебельное производство","Нанесение защитно-декоративных покрытий на детали, узлы и изделия из древесины и древесных материалов",692,2015-12-21,"Совет по профессиональным квалификациям в целлюлозно-бумажной, мебельной и деревообрабатывающей промышленности"
23.043,Специалист по технологии деревообрабатывающего производства,"Деревообрабатывающая и целлюлозно-бумажная промышленность, мебельное производство","Разработка, сопровождение технологических процессов деревообрабатывающего производства и управление ими",693,2015-12-21,"Совет по профессиональным квалификациям в целлюлозно-бумажной, мебельной и деревообрабатывающей промышленности"
23.044,Обойщик-набивщик мебельного производства,"Деревообрабатывающая и целлюлозно-бумажная промышленность, мебельное производство",Выполнение работ по обивке мягкой мебели,694,2015-12-21,"Совет по профессиональным квалификациям в целлюлозно-бумажной, мебельной и деревообрабатывающей промышленности"
23.045,Специалист систем автоматизированного проектирования мебели и конструкций из древесины и древесных материалов,"Деревообрабатывающая и целлюлозно-бумажная промышленность, мебельное производство",Проектирование мебели и конструкций из древесины и древесных материалов в специализированных системах автоматизированного проектирования,695,2015-12-21,"Совет по профессиональным квалификациям в целлюлозно-бумажной, мебельной и деревообрабатывающей промышленности"
30.019,Гуммировщик металлоизделий,Судостроение,Гуммировочные работы,696,2015-12-02,Совет по профессиональным квалификациям в отрасли судостроения и морской техники
30.020,Инженер по наладке и испытаниям в судостроении,Судостроение,"Наладка и испытания корабельного (судового) оборудования, устройств, приборов, комплексов и систем автоматики, навигации и связи",697,2015-12-02,Совет по профессиональным квалификациям в отрасли судостроения и морской техники
33.015,"Специалист по ремонту и индивидуальному пошиву швейных, трикотажных, меховых, кожаных изделий, головных уборов, изделий текстильной галантереи","Сервис, оказание услуг населению (торговля, техническое обслуживание, ремонт, предоставление персональных услуг, услуги гостеприимства, общественное питание и пр.)","Ремонт и индивидуальный пошив швейных, трикотажных, меховых, кожаных изделий, головных уборов, изделий текстильной галантереи",698,2015-12-21,Совет по профессиональным квалификациям в индустрии красоты
33.016,"Специалист по моделированию и конструированию швейных, трикотажных, меховых, кожаных изделий по индивидуальным заказам","Сервис, оказание услуг населению (торговля, техническое обслуживание, ремонт, предоставление персональных услуг, услуги гостеприимства, общественное питание и пр.)","Моделирование и конструирование швейных, трикотажных, меховых, кожаных изделий по индивидуальным заказам",699,2015-12-24,Совет по профессиональным квалификациям в индустрии красоты
33.017,Продавец оптики,"Сервис, оказание услуг населению (торговля, техническое обслуживание, ремонт, предоставление персональных услуг, услуги гостеприимства, общественное питание и пр.)",Продажа оптических средств коррекции зрения,700,2016-01-21,Совет по профессиональным квалификациям в здравоохранении
32.005,Специалист по управлению авиационными программами,Авиастроение,Управление программами в организациях авиастроительной отрасли,701,2015-12-21,Совет по профессиональным квалификациям в авиастроении
19.029,"Специалист по эксплуатации технологического оборудования газораспределительных станций, отдельно стоящих газорегуляторных пунктов, узлов учета и редуцирования газа","Добыча, переработка, транспортировка нефти и газа","Организация эксплуатации технологического оборудования газораспределительных станций, отдельно стоящих газорегуляторных пунктов, узлов учета и редуцирования газа",702,2015-12-21,Совет по профессиональным квалификациям в нефтегазовом комплексе
32.006,Специалист по послепродажному обслуживанию авиационной техники,Авиастроение,Организация процессов послепродажного обслуживания авиационной техники и сервисной поддержки потребителей и управление ими,703,2015-12-21,Совет по профессиональным квалификациям в авиастроении
32.007,Специалист по управлению цепью поставок в авиастроении,Авиастроение,Управление цепью поставок в авиастроении,704,2015-12-21,Совет по профессиональным квалификациям в авиастроении
19.030,Работник по эксплуатации оборудования компрессорных станций и станций охлаждения газа,"Добыча, переработка, транспортировка нефти и газа",Эксплуатация оборудования компрессорных станций и станций охлаждения газа,705,2015-12-21,Совет по профессиональным квалификациям в нефтегазовом комплексе
40.117,Специалист по экологической безопасности (в промышленности),Сквозные виды профессиональной деятельности,"Планирование, организация, контроль и совершенствование природоохранной деятельности в организациях отраслей промышленности",706,2016-10-31,Совет по профессиональным квалификациям в машиностроении
19.031,Работник по эксплуатации трубопроводов газовой отрасли,"Добыча, переработка, транспортировка нефти и газа",Эксплуатация трубопроводов газовой отрасли,707,2015-12-21,Совет по профессиональным квалификациям в нефтегазовом комплексе
40.118,Специалист по испытаниям инновационной продукции наноиндустрии,Сквозные виды профессиональной деятельности,Испытания инновационной продукции наноиндустрии,708,2016-09-15,Совет по профессиональным квалификациям в сфере нанотехнологий и микроэлектроники
40.119,Строгальщик,Сквозные виды профессиональной деятельности,Выполнение строгальных работ на универсальных строгальных станках,709,2015-12-24,Совет по профессиональным квалификациям в машиностроении
40.120,Механик по холодильной и вентиляционной технике,Сквозные виды профессиональной деятельности,"Эксплуатация, техническое обслуживание и ремонт систем кондиционирования воздуха, вентиляционных, теплонасосных и холодильных установок с хладагентами низкого уровня токсичности (группа А)",710,2017-01-10,Совет по профессиональным квалификациям в строительстве
40.121,Наладчик кузнечно-прессового оборудования,Сквозные виды профессиональной деятельности,"Наладка кузнечно-прессового и вспомогательного оборудования, штамповой оснастки",711,2017-02-01,Совет по профессиональным квалификациям в машиностроении
40.122,Полировщик,Сквозные виды профессиональной деятельности,Полирование поверхностей машиностроительных деталей,712,2015-12-24,Совет по профессиональным квалификациям в машиностроении
23.046,Оператор по производству обоев,"Деревообрабатывающая и целлюлозно-бумажная промышленность, мебельное производство",Производство различных видов обоев,713,2015-12-21,"Совет по профессиональным квалификациям в целлюлозно-бумажной, мебельной и деревообрабатывающей промышленности"
40.123,Специалист по складской логистике химической и биотехнологической продукции,Сквозные виды профессиональной деятельности,Хранение и складирование химической и биохимической продукции,714,2015-12-21,Совет по профессиональным квалификациям химического и биотехнического комплекса
40.124,Зубошлифовщик,Сквозные виды профессиональной деятельности,Шлифование зубьев и шлицев,715,2015-12-24,Совет по профессиональным квалификациям в машиностроении
16.064,Специалист по проектированию тепловых сетей,Строительство и ЖКХ,Проектирование тепловых сетей,717,2015-12-21,"Совет по профессиональным квалификациям в области инженерных изысканий, градостроительства, архитектурно-строительного проектирования"
16.065,"Специалист в области проектирования технологических решений котельных, центральных тепловых пунктов и малых теплоэлектроцентралей",Строительство и ЖКХ,"Проектирование технологических решений (тепломеханический раздел) котельных, центральных тепловых пунктов, малых теплоэлектроцентралей",718,2015-12-21,"Совет по профессиональным квалификациям в области инженерных изысканий, градостроительства, архитектурно-строительного проектирования"
16.066,Специалист в области проектирования насосных станций систем водоснабжения и водоотведения,Строительство и ЖКХ,Проектирование насосных станций систем водоснабжения и водоотведения,719,2015-12-21,"Совет по профессиональным квалификациям в области инженерных изысканий, градостроительства, архитектурно-строительного проектирования"
16.067,Специалист по проектированию сооружений очистки сточных вод и обработки осадков,Строительство и ЖКХ,Проектирование сооружений очистки сточных вод и обработки осадков,720,2015-12-21,"Совет по профессиональным квалификациям в области инженерных изысканий, градостроительства, архитектурно-строительного проектирования"
16.068,"Специалист в области проектирования газооборудования технологических установок, котельных и малых теплоэлектроцентралей",Строительство и ЖКХ,"Проектирование газооборудования технологических установок, котельных и малых теплоэлектроцентралей",721,2015-12-21,"Совет по профессиональным квалификациям в области инженерных изысканий, градостроительства, архитектурно-строительного проектирования"
13.020,Селекционер по племенному животноводству,Сельское хозяйство,Селекция в области племенного животноводства,722,2015-12-21,Совет по профессиональным квалификациям агропромышленного комплекса
40.125,Доводчик-притирщик на доводочно-притирочных станках,Сквозные виды профессиональной деятельности,Доводка и притирка поверхностей машиностроительных деталей на доводочно-притирочных станках,723,2015-12-24,Совет по профессиональным квалификациям в машиностроении
23.047,Оператор автоматических и полуавтоматических линий по выработке щепы,"Деревообрабатывающая и целлюлозно-бумажная промышленность, мебельное производство",Управление работой автоматических и полуавтоматических линий по производству щепы,724,2015-12-21,"Совет по профессиональным квалификациям в целлюлозно-бумажной, мебельной и деревообрабатывающей промышленности"
40.126,Заточник металлорежущих инструментов,Сквозные виды профессиональной деятельности,Заточка металлорежущих инструментов,725,2015-12-24,Совет по профессиональным квалификациям в машиностроении
23.048,Оператор установок по регенерации сульфатных щелоков,"Деревообрабатывающая и целлюлозно-бумажная промышленность, мебельное производство",Регенерация сульфатных щелоков и известкового шлама для целлюлозно-бумажного производства,726,2015-12-21,"Совет по профессиональным квалификациям в целлюлозно-бумажной, мебельной и деревообрабатывающей промышленности"
23.049,Оператор установок производства древесной массы на дефибрерах,"Деревообрабатывающая и целлюлозно-бумажная промышленность, мебельное производство",Управление работой оборудования для производства древесной массы на дефибрерных установках,727,2015-12-21,"Совет по профессиональным квалификациям в целлюлозно-бумажной, мебельной и деревообрабатывающей промышленности"
23.050,Оператор регенерации сернистой кислоты и выпаривания сульфитных щелоков,"Деревообрабатывающая и целлюлозно-бумажная промышленность, мебельное производство",Управление оборудованием и обслуживание оборудования установок регенерации сернистой кислоты и выпаривания сульфитных щелоков,728,2015-12-21,"Совет по профессиональным квалификациям в целлюлозно-бумажной, мебельной и деревообрабатывающей промышленности"
23.051,Диффузорщик целлюлозы,"Деревообрабатывающая и целлюлозно-бумажная промышленность, мебельное производство",Промывка целлюлозы в диффузорах,729,2015-12-21,"Совет по профессиональным квалификациям в целлюлозно-бумажной, мебельной и деревообрабатывающей промышленности"
23.052,Работник по подготовке массы для производства бумаги и картона,"Деревообрабатывающая и целлюлозно-бумажная промышленность, мебельное производство",Управление работой установок массоподготовки в производстве бумаги и картона,730,2015-12-21,"Совет по профессиональным квалификациям в целлюлозно-бумажной, мебельной и деревообрабатывающей промышленности"
23.053,Размольщик,"Деревообрабатывающая и целлюлозно-бумажная промышленность, мебельное производство","Управление оборудованием для роспуска и размола волокнистых материалов при производстве целлюлозы, древесной массы, бумаги и картона",731,2015-12-21,"Совет по профессиональным квалификациям в целлюлозно-бумажной, мебельной и деревообрабатывающей промышленности"
23.054,"Оператор бумагоделательных, картоноделательных машин","Деревообрабатывающая и целлюлозно-бумажная промышленность, мебельное производство",Изготовление бумаги и картона,732,2015-12-21,"Совет по профессиональным квалификациям в целлюлозно-бумажной, мебельной и деревообрабатывающей промышленности"
23.055,Машинист установок по производству изделий из бумаги и картона,"Деревообрабатывающая и целлюлозно-бумажная промышленность, мебельное производство",Ведение процесса изготовления изделий из бумаги и картона,733,2015-12-21,"Совет по профессиональным квалификациям в целлюлозно-бумажной, мебельной и деревообрабатывающей промышленности"
23.056,Оператор поточных линий и установок по производству бумажных мешков и упаковочной продукции,"Деревообрабатывающая и целлюлозно-бумажная промышленность, мебельное производство",Управление поточными линиями и установками по производству бумажных мешков и упаковочной продукции,734,2015-12-21,"Совет по профессиональным квалификациям в целлюлозно-бумажной, мебельной и деревообрабатывающей промышленности"
23.057,Оператор производства бумажных изделий хозяйственно-бытового и санитарно-гигиенического назначения,"Деревообрабатывающая и целлюлозно-бумажная промышленность, мебельное производство",Эксплуатация и обслуживание автоматических линий по производству бумажных изделий хозяйственно-бытового и санитарно-гигиенического назначения (ХБ и СГН)Эксплуатация и обслуживание автоматических линий,735,2015-12-21,"Совет по профессиональным квалификациям в целлюлозно-бумажной, мебельной и деревообрабатывающей промышленности"
23.058,Аппаратчик установок по производству лесохимической продукции,"Деревообрабатывающая и целлюлозно-бумажная промышленность, мебельное производство",Управление установками по получению побочной продукции переработки древесины,736,2015-12-21,"Совет по профессиональным квалификациям в целлюлозно-бумажной, мебельной и деревообрабатывающей промышленности"
40.127,Резьбофрезеровщик,Сквозные виды профессиональной деятельности,Обработка резьбы на резьбофрезерных станках,737,2015-12-24,Совет по профессиональным квалификациям в машиностроении
40.128,Токарь-карусельщик,Сквозные виды профессиональной деятельности,Изготовление деталей машин на токарно-карусельных станках,738,2015-12-28,Совет по профессиональным квалификациям в машиностроении
23.059,Контролер целлюлозно-бумажного производства,"Деревообрабатывающая и целлюлозно-бумажная промышленность, мебельное производство",Контроль параметров и качества процессов и продукции целлюлозно-бумажного производства,739,2015-12-21,"Совет по профессиональным квалификациям в целлюлозно-бумажной, мебельной и деревообрабатывающей промышленности"
40.129,Расточник,Сквозные виды профессиональной деятельности,Изготовление деталей машин на расточных станках,740,2015-12-24,Совет по профессиональным квалификациям в машиностроении
40.130,Шевинговальщик,Сквозные виды профессиональной деятельности,Изготовление деталей на шевинговальных и зубохонинговальных станках,741,2015-12-24,Совет по профессиональным квалификациям в машиностроении
40.131,Токарь-револьверщик,Сквозные виды профессиональной деятельности,Изготовление деталей машин на токарно-револьверных станках,742,2015-12-24,Совет по профессиональным квалификациям в машиностроении
05.009,Специалист по обслуживанию и ремонту спортивного инвентаря и оборудования,Физическая культура и спорт,Обеспечение эксплуатационного состояния спортивного инвентаря и оборудования,743,2015-12-17,Совет по профессиональным квалификациям в сфере физической культуры и спорта
29.003,Специалист по проектированию детской и образовательной робототехники,"Производство электрооборудования, электронного и оптического оборудования",Проектирование детской и образовательной робототехники,744,2016-01-14,Совет по профессиональным квалификациям в области промышленной электроники и приборостроения
14.003,Станочник лесообрабатывающего оборудования,"Лесное хозяйство, охота",Обработка и переработка древесного сырья на лесоперерабатывающем оборудовании,745,2015-12-21,"Совет по профессиональным квалификациям в целлюлозно-бумажной, мебельной и деревообрабатывающей промышленности"
14.004,Оператор раскряжевочной установки,"Лесное хозяйство, охота",Выработка круглых лесоматериалов,746,2015-12-21,"Совет по профессиональным квалификациям в целлюлозно-бумажной, мебельной и деревообрабатывающей промышленности"
14.005,Тракторист (машинист) лесного трактора со сменным рабочим оборудованием,"Лесное хозяйство, охота",Выполнение лесозаготовительных работ с применением лесных тракторов,747,2015-12-21,"Совет по профессиональным квалификациям в целлюлозно-бумажной, мебельной и деревообрабатывающей промышленности"
14.006,Машинист лесопогрузчика (лесопогрузочной машины),"Лесное хозяйство, охота","Выполнение работ по погрузке, разгрузке, штабелевке древесного сырья и лесоматериалов с применением лесопогрузчиков",748,2015-12-21,"Совет по профессиональным квалификациям в целлюлозно-бумажной, мебельной и деревообрабатывающей промышленности"
40.132,Работник по ремонту оборудования для обеззараживания (обезвреживания) медицинских и биологических отходов,Сквозные виды профессиональной деятельности,Техническое обслуживание и ремонт оборудования для обеззараживания (обезвреживания) медицинских и биологических отходов,749,2015-12-24,Совет по профессиональным квалификациям в жилищно-коммунальном хозяйстве
16.069,Работник по логистике в сфере обращения с отходами потребления,Строительство и ЖКХ,Логистическая деятельность в сфере обращения с отходами потребления,750,2015-12-24,Совет по профессиональным квалификациям в жилищно-коммунальном хозяйстве
16.070,Работник по эксплуатации полигона твердых коммунальных отходов,Строительство и ЖКХ,Размещение и обезвреживание твердых коммунальных отходов на полигонах,751,2015-12-24,Совет по профессиональным квалификациям в жилищно-коммунальном хозяйстве
26.007,Оператор оборудования для утилизации и обезвреживания медицинских и биологических отходов,"Химическое, химико-технологическое производство",Обеспечение экологически и санитарно-эпидемиологически безопасного обращения с отходами производства и потребления,752,2015-12-24,Совет по профессиональным квалификациям в жилищно-коммунальном хозяйстве
40.133,Контролер качества в производстве светопрозрачных конструкций,Сквозные виды профессиональной деятельности,Контроль качества в производстве светопрозрачных конструкций,753,2022-03-02,Совет по профессиональным квалификациям в строительстве
26.008,Специалист в области экологических биотехнологий,"Химическое, химико-технологическое производство",Защита окружающей среды и ликвидация последствий вредного на нее воздействия с использованием биотехнологических методов,754,2015-12-21,Совет по профессиональным квалификациям химического и биотехнического комплекса
26.009,Специалист по производству моющих и чистящих средств,"Химическое, химико-технологическое производство",Производство моющих и чистящих средств,755,2015-12-21,Совет по профессиональным квалификациям химического и биотехнического комплекса
26.010,Специалист в области биоэнергетических технологий,"Химическое, химико-технологическое производство",Производство энергоносителей биотехнологическим методом из возобновляемого сырья,756,2015-12-21,Совет по профессиональным квалификациям химического и биотехнического комплекса
40.134,Инженер-технолог по обращению с медицинскими и биологическими отходами,Сквозные виды профессиональной деятельности,Технологическое обеспечение производственных процессов в сфере обращения с отходами,757,2015-12-24,Совет по профессиональным квалификациям в жилищно-коммунальном хозяйстве
28.004,Инженер-проектировщик установок для утилизации и обезвреживания медицинских и биологических отходов,Производство машин и оборудования,Проектно-конструкторские работы по изготовлению изделий (комплексов оборудования) для обезвреживания отходов,758,2015-12-24,ФГБУ «Всероссийский научно-исследовательский институт труда»
40.135,Оператор электроэрозионных проволочно-вырезных станков,Сквозные виды профессиональной деятельности,Оператор электроэрозионных проволочно-вырезных станков,759,2023-04-27,Совет по профессиональным квалификациям в машиностроении
20.018,Работник по мониторингу и диагностике оборудования и систем гидроэлектростанций/гидроаккумулирующих электростанций,Электроэнергетика,Мониторинг и диагностика оборудования и систем гидроэлектростанций/ гидроаккумулирующих электростанций (ГЭС/ГАЭС),760,2015-12-21,Совет по профессиональным квалификациям в электроэнергетике
30.021,Разметчик судовой,Судостроение,Разметочные работы в судостроении и судоремонте,761,2015-12-11,Совет по профессиональным квалификациям в отрасли судостроения и морской техники
29.004,"Специалист в области проектирования и сопровождения производства оптотехники, оптических и оптико-электронных приборов и комплексов","Производство электрооборудования, электронного и оптического оборудования","Разработка оптотехники, оптических и оптико-электронных приборов и сопровождение их производства",762,2015-12-24,Совет по профессиональным квалификациям в области промышленной электроники и приборостроения
33.018,Работник по ремонту и сервисному обслуживанию часов,"Сервис, оказание услуг населению (торговля, техническое обслуживание, ремонт, предоставление персональных услуг, услуги гостеприимства, общественное питание и пр.)",Ремонт и сервисное обслуживание часов,764,2015-12-28,"Совет по профессиональным квалификациям торговой, внешнеторговой и по отдельным видам предпринимательской и экономической деятельности"
30.022,Парусник,Судостроение,"Парусные работы при постройке и ремонте судов, плавучих сооружений",765,2015-12-17,Совет по профессиональным квалификациям в отрасли судостроения и морской техники
20.019,Работник по мониторингу и диагностике сооружений гидроэлектростанций/ гидроаккумулирующих электростанций,Электроэнергетика,Мониторинг и диагностика сооружений гидроэлектростанций/ гидроаккумулирующих электростанций (ГЭС/ГАЭС),766,2015-12-24,Совет по профессиональным квалификациям в электроэнергетике
30.023,Рубщик судовой,Судостроение,Обработка судовых деталей и изделий ручным и механизированным инструментом,767,2015-12-10,Совет по профессиональным квалификациям в отрасли судостроения и морской техники
20.020,Работник по ремонту гидротурбинного и гидромеханического оборудования гидроэлектростанций/ гидроаккумулирующих электростанций,Электроэнергетика,Ремонт гидротурбинного и гидромеханического оборудования гидроэлектростанций/ гидроаккумулирующих электростанций (ГЭС/ ГАЭС),768,2015-12-21,Совет по профессиональным квалификациям в электроэнергетике
16.071,"Оператор на решетках, песколовках и жироловках",Строительство и ЖКХ,Механическая очистка сточных вод в системах коммунального водоотведения,769,2015-12-21,Совет по профессиональным квалификациям в жилищно-коммунальном хозяйстве
16.072,Оператор на отстойниках и аэротенках систем водоотведения,Строительство и ЖКХ,Очистка сточных вод в системах водоотведения,770,2015-12-21,Совет по профессиональным квалификациям в жилищно-коммунальном хозяйстве
16.073,Оператор озонаторной установки,Строительство и ЖКХ,Озонирование вод в системах водоснабжения и водоотведения,771,2015-12-21,Совет по профессиональным квалификациям в жилищно-коммунальном хозяйстве
16.074,Оператор по доочистке и обеззараживанию очищенных стоков,Строительство и ЖКХ,Очистка и обеззараживание сточных вод,772,2015-12-21,Совет по профессиональным квалификациям в жилищно-коммунальном хозяйстве
20.021,Работник по ремонту гидротехнических сооружений гидроэлектростанций/ гидроаккумулирующих электростанций,Электроэнергетика,Ремонт гидротехнических сооружений (ГТС) гидроэлектростанций/ гидроаккумулирующих электростанций (ГЭС/ГАЭС),773,2015-12-24,Совет по профессиональным квалификациям в электроэнергетике
16.075,Оператор по обработке сырого и илового оскадка,Строительство и ЖКХ,Очистка сточных вод в системах водоотведения,774,2015-12-21,Совет по профессиональным квалификациям в жилищно-коммунальном хозяйстве
26.012,Технолог по наноструктурированным PVD-покрытиям,"Химическое, химико-технологическое производство",Разработка технологии нанесения и контроля наноструктурированных PVD-покрытий на металлы,775,2017-08-29,Совет по профессиональным квалификациям в сфере нанотехнологий и микроэлектроники
16.076,Работник по сортировке твердых коммунальных отходов,Строительство и ЖКХ,Деятельность по предварительной подготовке сортировке,776,2015-12-21,Совет по профессиональным квалификациям в жилищно-коммунальном хозяйстве
16.077,"Работник по комплексной уборке территории, относящейся к общему имуществу в многоквартирном доме",Строительство и ЖКХ,Выполнение работ по санитарному содержанию и уборке общего имущества собственников помещений многоквартирного дома,777,2015-12-21,Совет по профессиональным квалификациям в жилищно-коммунальном хозяйстве
16.078,Рабочий по эксплуатации газового оборудования жилых и общественных зданий,Строительство и ЖКХ,Эксплуатация газового оборудования жилых и общественных зданий,778,2015-12-21,Совет по профессиональным квалификациям в нефтегазовом комплексе
16.079,Огнеупорщик,Строительство и ЖКХ,Очистка поверхностей нагрева тепловых установок и конструкций,779,2015-12-21,Совет по профессиональным квалификациям в жилищно-коммунальном хозяйстве
16.080,Котлочист (в системах коммунального теплоснабжения),Строительство и ЖКХ,Ремонт и техническое обслуживание котлоагрегатов и теплообменников,780,2015-12-21,Совет по профессиональным квалификациям в жилищно-коммунальном хозяйстве
20.022,Работник по оперативному управлению тепловыми сетями,Электроэнергетика,Оперативное управление тепловыми сетями,781,2015-12-28,Совет по профессиональным квалификациям в электроэнергетике
20.023,Работник по расчету режимов тепловых сетей,Электроэнергетика,Расчет режимов тепловых сетей,782,2015-12-21,Совет по профессиональным квалификациям в электроэнергетике
16.081,Работник по гидро- и теплоизоляции сетей водо- и теплоснабжения,Строительство и ЖКХ,Производство изоляционных работ,783,2015-12-21,Совет по профессиональным квалификациям в жилищно-коммунальном хозяйстве
16.082,Работник по ремонту трансформаторов в инженерной инфраструктуре электроснабжения населения,Строительство и ЖКХ,Техническое обслуживание и ремонт трансформаторов,784,2015-12-21,Совет по профессиональным квалификациям в жилищно-коммунальном хозяйстве
16.083,Работник по техническому обслуживанию (эксплуатации) систем учета и регулирования потребления электрической и тепловой энергии и воды в жилищно-коммунальном хозяйстве,Строительство и ЖКХ,Деятельность по обеспечению учета и регулирования потребления энергетических ресурсов и воды в жилищно-коммунальном хозяйстве,785,2015-12-24,Совет по профессиональным квалификациям в жилищно-коммунальном хозяйстве
16.084,Работник по техническому обслуживанию насосных или компрессорных установок инженерной инфраструктуры жилищно-коммунального хозяйства (в системах водо- и теплоснабжения),Строительство и ЖКХ,"Монтаж, ремонт и техническое обслуживание насосов и компрессоров",786,2015-12-21,Совет по профессиональным квалификациям в жилищно-коммунальном хозяйстве
16.085,Работник по техническому обслуживанию и эксплуатации оборудования водоподготовки в системах теплоснабжения,Строительство и ЖКХ,Деятельность по обеспечению работоспособности тепловых сетей,787,2015-12-24,Совет по профессиональным квалификациям в жилищно-коммунальном хозяйстве
20.024,"Работник по ремонту оборудования, трубопроводов и арматуры тепловых сетей",Электроэнергетика,"Ремонт оборудования, трубопроводов и арматуры тепловых сетей",788,2015-12-21,Совет по профессиональным квалификациям в электроэнергетике
16.086,Слесарь домовых санитарно-технических систем и оборудования,Строительство и ЖКХ,"Проведение работ по техническому обслуживанию и ремонту инженерных систем отопления, водоснабжения и водоотведения гражданских зданий",789,2015-12-21,Совет по профессиональным квалификациям в жилищно-коммунальном хозяйстве
20.025,"Работник по эксплуатации оборудования, трубопроводов и арматуры тепловых сетей",Электроэнергетика,"Эксплуатация оборудования, трубопроводов и арматуры тепловых сетей",790,2015-12-28,Совет по профессиональным квалификациям в электроэнергетике
26.013,Специалист по контролю качества продукции биотехнологического производства,"Химическое, химико-технологическое производство",Контроль качества продукции биотехнологического производства,791,2015-12-21,Совет по профессиональным квалификациям химического и биотехнического комплекса
16.087,Слесарь по ремонту оборудования котельных,Строительство и ЖКХ,Обеспечение работоспособности котельных,792,2015-12-21,Совет по профессиональным квалификациям в жилищно-коммунальном хозяйстве
16.088,Монтажник технологических трубопроводов,Строительство и ЖКХ,Монтаж технологических трубопроводов,793,2015-12-22,Совет по профессиональным квалификациям в строительстве
16.089,Монтажник санитарно-технических систем и оборудования,Строительство и ЖКХ,Монтаж санитарно-технических систем и оборудования объектов капитального строительства непроизводственного и производственного назначения,794,2015-12-21,Совет по профессиональным квалификациям в строительстве
16.090,Электромонтажник домовых электрических систем и оборудования,Строительство и ЖКХ,Производство электромонтажных работ,795,2015-12-21,Совет по профессиональным квалификациям в жилищно-коммунальном хозяйстве
20.026,Работник по ремонту электротехнического оборудования гидроэлектростанций/ гидроаккумулирующих электростанций,Электроэнергетика,Ремонт электротехнического оборудования (ЭТО) гидроэлектростанций/ гидроаккумулирующих электростанций (ГЭС/ГАЭС),796,2015-12-24,Совет по профессиональным квалификациям в электроэнергетике
16.091,Монтажник технологического оборудования и связанных с ним конструкций,Строительство и ЖКХ,Монтаж технологического оборудования и связанных с ним конструкций,797,2015-12-21,Совет по профессиональным квалификациям в строительстве
16.092,"Монтажник приборов и аппаратуры автоматического контроля, регулирования, управления Монтажник приборов и аппаратуры автоматического контроля, регулирования, управления Монтажник приборов и аппаратуры автоматического контроля, регулирования, управления Монтажник приборов и аппаратуры автоматического контроля, регулирования, управления Монтажник приборов и аппаратуры автоматического контроля, регулирования, управления Монтажник приборов и аппаратуры автоматического контроля, регулирования, управления Монтажник приборов и аппаратуры автоматического контроля, регулирования, управления Монтажник приборов и аппаратуры автоматического контроля, регулирования, управления Монтажник приборов и аппаратуры автоматического контроля, регулирования, управления Монтажник приборов и аппаратуры автоматического контроля, регулирования, управления Монтажник приборов и аппаратуры автоматического контроля, регулирования, управления Монтажник приборов и аппаратуры автоматического контроля, регулирования, управления Монтажник приборов и аппаратуры автоматического контроля, регулирования, управления Монтажник приборов и аппаратуры автоматического контроля, регулирования, управления Монтажник приборов и аппаратуры автоматического контроля, регулирования, управления Монтажник приборов и аппаратуры автоматического контроля, регулирования, управления Монтажник приборов и аппаратуры автоматического контроля, регулирования, управления Монтажник приборов и аппаратуры автоматического контроля, регулирования, управления Монтажник приборов и аппаратуры автоматического контроля, регулирования, управления Монтажник приборов и аппаратуры автоматического контроля, регулирования, управления Монтажник приборов и аппаратуры автоматического контроля, регулирования, управления Монтажник приборов и аппаратуры автоматического контроля, регулирования, управления Монтажник приборов и аппаратуры автоматического контроля, регулирования, управления Монтажник приборов и аппаратуры автоматического контроля, регулирования, управления",Строительство и ЖКХ,"Монтаж приборов и аппаратуры автоматического контроля, регулирования, управления",798,2015-12-24,Совет по профессиональным квалификациям в строительстве
26.014,"Специалист по проектированию, сопровождению производства и эксплуатации биотехнических систем","Химическое, химико-технологическое производство","Разработка, сопровождение технологических процессов производства и техническое обслуживание биотехнических систем",799,2015-12-28,Совет по профессиональным квалификациям в области промышленной электроники и приборостроения
19.032,Специалист по товарно-транспортным операциям на трубопроводном транспорте нефти и нефтепродуктов,"Добыча, переработка, транспортировка нефти и газа",Товарно-транспортные операции на трубопроводном транспорте нефти и нефтепродуктов,800,2021-03-18,Совет по профессиональным квалификациям в нефтегазовом комплексе
02.004,Специалист в области слухопротезирования (сурдоакустик),Здравоохранение,Слухоречевая реабилитация граждан путем слухопротезирования,801,2016-05-10,Совет по профессиональным квалификациям в здравоохранении
32.008,Специалист по управлению системой менеджмента качества в авиастроении,Авиастроение,Управление системами менеджмента качества в авиастроении,802,2015-12-22,Совет по профессиональным квалификациям в авиастроении
30.024,Инженер-исследователь в области судостроения и судоремонта,Судостроение,Проведение исследований по разработке новых технологий в области судостроения и судоремонта,803,2015-12-29,Совет по профессиональным квалификациям в отрасли судостроения и морской техники
28.005,Работник часового производства,Производство машин и оборудования,"Производство часов, приборов времени бытового и специального назначения",804,2015-12-28,"Совет по профессиональным квалификациям торговой, внешнеторговой и по отдельным видам предпринимательской и экономической деятельности"
20.027,Работник по диагностике оборудования электрических сетей методами химического анализа,Электроэнергетика,Диагностика оборудования электрических сетей методами химического анализа,805,2015-12-28,Совет по профессиональным квалификациям в электроэнергетике
20.028,Работник по обслуживанию и ремонту оборудования связи электрических сетей,Электроэнергетика,Техническое обслуживание и ремонт оборудования связи электрических сетей,806,2015-12-29,Совет по профессиональным квалификациям в электроэнергетике
20.029,Работник по метрологическому обеспечению деятельности по передаче и распределению электроэнергии,Электроэнергетика,Метрологическое обеспечение деятельности по передаче и распределению электроэнергии,807,2015-12-28,Совет по профессиональным квалификациям в электроэнергетике
20.030,Работник по техническому обслуживанию и ремонту кабельных линий электропередачи,Электроэнергетика,Техническое обслуживание и ремонт кабельных линий электропередачи,808,2015-12-28,Совет по профессиональным квалификациям в электроэнергетике
10.002,Специалист в области инженерно-геодезических изысканий для градостроительной деятельности,"Архитектура, проектирование, геодезия, топография и дизайн","Организация и выполнение инженерно-геодезических изысканий, управление инженерно-геодезическими изысканиями в градостроительной деятельности",809,2016-06-07,"Совет по профессиональным квалификациям в области инженерных изысканий, градостроительства, архитектурно-строительного проектирования"
10.003,Специалист по проектированию уникальных зданий и сооружений,"Архитектура, проектирование, геодезия, топография и дизайн",Проектирование уникальных зданий и сооружений промышленного и гражданского назначения,810,2015-12-28,"Совет по профессиональным квалификациям в области инженерных изысканий, градостроительства, архитектурно-строительного проектирования"
10.004,Специалист в области экспертизы проектной документации и результатов инженерных изысканий,"Архитектура, проектирование, геодезия, топография и дизайн",Экспертиза проектной документации и результатов инженерных изысканий объектов капитального строительства,811,2016-05-30,"Совет по профессиональным квалификациям в области инженерных изысканий, градостроительства, архитектурно-строительного проектирования"
02.005,Врач-стоматолог,Здравоохранение,Стоматологическая практика,812,2016-05-10,Совет по профессиональным квалификациям в здравоохранении
02.006,Провизор,Здравоохранение,Организация и ведение фармацевтической деятельности в сфере обращения лекарственных средств,813,2016-03-09,Совет по профессиональным квалификациям в области фармации
02.007,Специалист по изготовлению медицинской оптики,Здравоохранение,Изготовление медицинской оптики,814,2016-11-03,Совет по профессиональным квалификациям в здравоохранении
19.033,"Работник по эксплуатации технологических установок редуцирования, учета и распределения газа","Добыча, переработка, транспортировка нефти и газа","Эксплуатация технологических установок редуцирования, учета и распределения газа",815,2017-03-01,Совет по профессиональным квалификациям в нефтегазовом комплексе
13.021,Работник в области виноградарства и виноделия,Сельское хозяйство,Производство винограда и винодельческой продукции,816,2016-09-13,Совет по профессиональным квалификациям агропромышленного комплекса
19.034,Специалист по аварийно-восстановительным и ремонтным работам в газовой отрасли,"Добыча, переработка, транспортировка нефти и газа",Организация аварийно-восстановительных и ремонтных работ на объектах газовой отрасли,817,2017-03-01,Совет по профессиональным квалификациям в нефтегазовом комплексе
10.005,Специалист по благоустройству и озеленению территорий и объектов,"Архитектура, проектирование, геодезия, топография и дизайн","Комплексное благоустройство территорий и объектов городских, сельских поселений и межселенных территорий",818,2015-12-28,Совет по профессиональным квалификациям в жилищно-коммунальном хозяйстве
40.136,"Специалист в области разработки, сопровождения и интеграции технологических процессов и производств в области материаловедения и технологии материалов",Сквозные виды профессиональной деятельности,Создание интегрированных технологических процессов и производств в области материаловедения и технологии материалов и управление ими,819,2015-12-25,Совет по профессиональным квалификациям в машиностроении
19.035,Работник по аварийно-восстановительным и ремонтным работам в газовой отрасли,"Добыча, переработка, транспортировка нефти и газа",Осуществление аварийно-восстановительных и ремонтных работ на объектах газовой отрасли,820,2017-03-01,Совет по профессиональным квалификациям в нефтегазовом комплексе
19.036,"Работник по эксплуатации оборудования по добыче нефти, газа и газового конденсата Работник по эксплуатации оборудования по добыче нефти, газа и газового конденсата Работник по эксплуатации оборудования по добыче нефти, газа и газового конденсата Работник по эксплуатации оборудования по добыче нефти, газа и газового конденсата Работник по эксплуатации оборудования по добыче нефти, газа и газового конденсата Работник по эксплуатации оборудования по добыче нефти, газа и газового конденсата Работник по эксплуатации оборудования по добыче нефти, газа и газового конденсата Работник по эксплуатации оборудования по добыче нефти, газа и газового конденсата Работник по эксплуатации оборудования по добыче нефти, газа и газового конденсата Работник по эксплуатации оборудования по добыче нефти, газа и газового конденсата Работник по эксплуатации оборудования по добыче нефти, газа и газового конденсата Работник по эксплуатации оборудования по добыче нефти, газа и газового конденсата Работник по эксплуатации оборудования по добыче нефти, газа и газового конденсата Работник по эксплуатации оборудования по добыче нефти, газа и газового конденсата Работник по эксплуатации оборудования по добыче нефти, газа и газового конденсата Работник по эксплуатации оборудования по добыче нефти, газа и газового конденсата Работник по эксплуатации оборудования по добыче нефти, газа и газового конденсата Работник по эксплуатации оборудования по добыче нефти, газа и газового конденсата Работник по эксплуатации оборудования по добыче нефти, газа и газового конденсата Работник по эксплуатации оборудования по добыче нефти, газа и газового конденсата Работник по эксплуатации оборудования по добыче нефти, газа и газового конденсата Работник по эксплуатации оборудования по добыче нефти, газа и газового конденсата Работник по эксплуатации оборудования по добыче нефти, газа и газового конденсата","Добыча, переработка, транспортировка нефти и газа","Эксплуатация оборудования по добыче нефти, газа и газового конденсата",821,2017-03-13,Совет по профессиональным квалификациям в нефтегазовом комплексе
25.046,"Изготовитель изделий, специзделий из полимерных композиционных материалов методом выкладки и намотки в ракетно-космической промышленности",Ракетно-космическая промышленность,"Изготовление изделий, специзделий и их составных частей в ракетно-космической промышленности",822,2017-01-09,Совет по профессиональным квалификациям в области ракетной техники и космической деятельности
17.035,Инженер-экономист железнодорожного транспорта,Транспорт,Финансово-экономическое обеспечение деятельности структурного подразделения организации железнодорожного транспорта,823,2016-12-23,Совет по профессиональным квалификациям на железнодорожном транспорте
17.036,Работник по обработке поездной информации и перевозочных документов железнодорожного транспорта,Транспорт,"Доставка, прием и обработка поездной информации и перевозочных документов железнодорожного транспорта, управление процессом обработки поездной информации и перевозочных документов железнодорожного тра",824,2016-12-26,Совет по профессиональным квалификациям на железнодорожном транспорте
05.010,Специалист по антидопинговому обеспечению,Физическая культура и спорт,Подготовка и проведение работы в сфере антидопинга,825,2016-02-18,Совет по профессиональным квалификациям в сфере физической культуры и спорта
20.031,Работник по техническому обслуживанию и ремонту воздушных линий электропередачи напряжением 35 кВ и выше,Электроэнергетика,Техническое обслуживание и ремонт воздушных линий электропередачинапряжением 35 кВ и выше,826,2015-12-29,Совет по профессиональным квалификациям в электроэнергетике
19.037,Специалист по защите от коррозии внутренних поверхностей оборудования нефтегазового комплекса,"Добыча, переработка, транспортировка нефти и газа",Защита от коррозии внутренних поверхностей оборудования,827,2015-12-28,Совет по профессиональным квалификациям в нефтегазовом комплексе
20.032,Работник по обслуживанию оборудования подстанций электрических сетей,Электроэнергетика,Обслуживание оборудования подстанций электрических сетей,828,2015-12-29,Совет по профессиональным квалификациям в электроэнергетике
40.137,Дизайнер транспортных средств,Сквозные виды профессиональной деятельности,Дизайн транспортных средств,829,2015-12-29,Совет по профессиональным квалификациям в автомобилестроении
20.033,Работник по управлению качеством производственных активов гидроэнергетических объектов (гидроэлектростанция/ гидроаккумулирующая электростанция),Электроэнергетика,Управление качеством производственных активов гидроэнергетических объектов (гидроэлектростанций/ гидроаккумулирующих электростанций (ГЭС/ГАЭС)),832,2016-02-10,Совет по профессиональным квалификациям в электроэнергетике
02.008,Врач-педиатр участковый,Здравоохранение,Врачебная практика в области педиатрии,833,2017-03-27,Совет по профессиональным квалификациям в здравоохранении
40.138,Оператор мобильной робототехники,Сквозные виды профессиональной деятельности,"Управление, техническое обслуживание и текущий ремонт мобильных робототехнических средств (РТС)",834,2016-03-03,ФГБУ «Всероссийский научно-исследовательский институт труда»
40.139,Специалист по электрохимическим и электрофизическим методам обработки заготовок,Сквозные виды профессиональной деятельности,Технологическая подготовка производства изделий машиностроения с использованием электрохимических и электрофизических методов обработки,835,2016-04-21,Совет по профессиональным квалификациям в машиностроении
10.006,Градостроитель,"Архитектура, проектирование, геодезия, топография и дизайн","Деятельность по развитию территорий, в том числе городов и иных поселений, осуществляемая в виде территориального планирования, градостроительного зонирования, планировки территории",836,2016-03-17,"Совет по профессиональным квалификациям в области инженерных изысканий, градостроительства, архитектурно-строительного проектирования"
16.093,Специалист по строительному контролю систем защиты от коррозии,Строительство и ЖКХ,Строительный контроль в области защиты от коррозии,838,2016-04-13,Совет по профессиональным квалификациям в нефтегазовом комплексе
20.034,Работник по обслуживанию и ремонту оборудования релейной защиты и автоматики электрических сетей,Электроэнергетика,Обслуживание и ремонт оборудования релейной защиты и автоматики электрических сетей,839,2017-06-29,Совет по профессиональным квалификациям в электроэнергетике
06.030,Специалист по защите информации в телекоммуникационных системах и сетях,"Связь, информационные и коммуникационные технологии","Разработка, обеспечение функционирования и менеджмент средств и систем обеспечения защиты средств связи сетей электросвязи от несанкционированного доступа к ним",840,2016-11-03,Совет по профессиональным квалификациям в области информационных технологий
06.031,Специалист по автоматизации информационно-аналитической деятельности,"Связь, информационные и коммуникационные технологии",Автоматизация информационно-аналитической деятельности,841,2016-11-09,Совет по профессиональным квалификациям в области информационных технологий
06.032,Специалист по безопасности компьютерных систем и сетей,"Связь, информационные и коммуникационные технологии",Защита информации в компьютерных системах и сетях,842,2016-11-01,Совет по профессиональным квалификациям в области информационных технологий
06.033,Специалист по защите информации в автоматизированных системах,"Связь, информационные и коммуникационные технологии","Обеспечение безопасности информации в автоматизированных системах, используемых в том числе на объектах критической информационной инфраструктуры, в отношении которых отсутствует необходимость присвое",843,2016-09-15,Совет по профессиональным квалификациям в области информационных технологий
06.034,Специалист по технической защите информации,"Связь, информационные и коммуникационные технологии",Техническая защита информации,844,2016-11-01,Совет по профессиональным квалификациям в области информационных технологий
20.035,Работник по осуществлению функций диспетчера в сфере оперативно-диспетчерского управления в электроэнергетике,Электроэнергетика,Оперативно-диспетчерское управление в электроэнергетике,845,2016-09-29,Совет по профессиональным квалификациям в электроэнергетике
03.010,Тифлосурдопереводчик,Социальное обслуживание,Деятельность по сопровождению и двустороннему переводу на жестовый или тактильный жестовый язык для граждан с одновременным нарушением зрения и слуха,846,2016-10-17,"Совет по профессиональным квалификациям в сфере безопасности труда, социальной защиты и занятости населения"
33.019,Специалист по выставочной деятельности в сфере торгово-промышленных выставок,"Сервис, оказание услуг населению (торговля, техническое обслуживание, ремонт, предоставление персональных услуг, услуги гостеприимства, общественное питание и пр.)",Деятельность по организации торгово-промышленных выставок,847,2016-11-09,"Совет по профессиональным квалификациям торговой, внешнеторговой и по отдельным видам предпринимательской и экономической деятельности"
29.005,Специалист по технологии производства систем в корпусе,"Производство электрооборудования, электронного и оптического оборудования",Технология производства изделий микро- и наноэлектроники по принципу «система в корпусе»,848,2016-09-19,Совет по профессиональным квалификациям в сфере нанотехнологий и микроэлектроники
16.094,Специалист по производству изделий из наноструктурированных изоляционных материалов,Строительство и ЖКХ,Производство изделий из наноструктурированных изоляционных материалов,849,2016-09-19,Совет по профессиональным квалификациям в сфере нанотехнологий и микроэлектроники
29.006,Специалист по проектированию систем в корпусе,"Производство электрооборудования, электронного и оптического оборудования",Проектирование изделий микро- и наноэлектроники типа «система в корпусе»,850,2016-09-15,Совет по профессиональным квалификациям в сфере нанотехнологий и микроэлектроники
29.007,Специалист по проектированию микро- и наноразмерных электромеханических систем,"Производство электрооборудования, электронного и оптического оборудования","Проектирование и разработка устройств, приборов на основе микро- и наноразмерных электромеханических систем",851,2016-09-15,Совет по профессиональным квалификациям в сфере нанотехнологий и микроэлектроники
29.008,Специалист по технологии производства микро- и наноразмерных электромеханических систем,"Производство электрооборудования, электронного и оптического оборудования",Технология производства микро- и наноразмерных электромеханических систем,852,2016-09-15,Совет по профессиональным квалификациям в сфере нанотехнологий и микроэлектроники
16.095,Специалист в области производства бетонов с наноструктурирующими компонентами,Строительство и ЖКХ,Производство бетонов с наноструктурирующими компонентами,853,2016-09-19,Совет по профессиональным квалификациям в сфере нанотехнологий и микроэлектроники
16.096,"Инженер-технолог в области анализа, разработки и испытаний бетонов с наноструктурирующими компонентами",Строительство и ЖКХ,Проектирование состава бетонов с наноструктурирующими компонентами,854,2016-09-13,Совет по профессиональным квалификациям в сфере нанотехнологий и микроэлектроники
16.097,Специалист в области производства наноструктурированных лаков и красок,Строительство и ЖКХ,Производство водно-дисперсионных наноструктурированных лаков и красок,855,2016-09-15,Совет по профессиональным квалификациям в сфере нанотехнологий и микроэлектроники
16.098,"Инженер-технолог в области анализа, разработки и испытаний наноструктурированных лаков и красок",Строительство и ЖКХ,Разработка и испытания наноструктурированных лаков и красок с заданными свойствами,856,2016-09-15,Совет по профессиональным квалификациям в сфере нанотехнологий и микроэлектроники
33.020,Специалист логистического планирования и контроля механизированной уборки городских территорий и территорий объектов недвижимости,"Сервис, оказание услуг населению (торговля, техническое обслуживание, ремонт, предоставление персональных услуг, услуги гостеприимства, общественное питание и пр.)","Формирование эффективной системы оказания услуг профессиональной уборки городских территорий и территорий объектов недвижимости, включающих в себя территории улиц, подъездов к объектам, проездов, пере",857,2016-09-13,Совет по профессиональным квалификациям в жилищно-коммунальном хозяйстве
08.027,Специалист по платежным услугам,Финансы и экономика,Предоставление платежных услуг клиентам,858,2016-11-14,Совет по профессиональным квалификациям финансового рынка
08.028,Актуарий,Финансы и экономика,Актуарная деятельность,859,2016-11-18,Совет по профессиональным квалификациям финансового рынка
03.011,Специалист по оказанию государственных услуг в области занятости населения,Социальное обслуживание,Предоставление государственных услуг в области занятости населения,860,2016-11-28,"Совет по профессиональным квалификациям в сфере безопасности труда, социальной защиты и занятости населения"
20.036,Работник по обслуживанию и ремонту оборудования автоматизированных систем управления технологическими процессами в электрических сетях,Электроэнергетика,"Обслуживание и ремонт оборудования автоматизированных систем управления технологическими процессами электрических подстанций, автоматизированных систем технологического управления, интеллектуальных си",861,2016-12-19,Совет по профессиональным квалификациям в электроэнергетике
16.099,Машинист катка,Строительство и ЖКХ,Выполнение механизированных работ с применением самоходных и полуприцепных катков,862,2016-12-06,Совет по профессиональным квалификациям в строительстве
16.100,Машинист автогудронатора,Строительство и ЖКХ,Выполнение механизированных работ с применением автогудронатора,863,2016-12-06,Совет по профессиональным квалификациям в строительстве
16.101,Машинист битумоплавильной передвижной установки,Строительство и ЖКХ,Выполнение механизированных работ с применением битумоплавильной передвижной установки,864,2016-12-06,Совет по профессиональным квалификациям в строительстве
16.102,Машинист машин для транспортировки бетонных смесей,Строительство и ЖКХ,Выполнение механизированных работ с применением бетоносмесителя передвижного с различным объемом замеса и автобетоновоза,865,2016-12-06,Совет по профессиональным квалификациям в строительстве
16.103,Машинист щебнераспределителя,Строительство и ЖКХ,Выполнение механизированных работ с применением щебнераспределителя,866,2016-12-06,Совет по профессиональным квалификациям в строительстве
08.029,Специалист по организации персонифицированного учета пенсионных прав застрахованных лиц,Финансы и экономика,Организация индивидуального (персонифицированного) учета пенсионных прав застрахованных лиц,867,2015-10-29,Совет по профессиональным квалификациям финансового рынка
08.030,Специалист по организации администрирования страховых взносов,Финансы и экономика,Организация администрирования страховых взносов,868,2015-10-28,Совет по профессиональным квалификациям финансового рынка
08.031,Специалист по организации назначения и выплаты пенсии,Финансы и экономика,Установление и выплата пенсий и иных выплат,869,2015-10-28,Совет по профессиональным квалификациям финансового рынка
08.032,Специалист по организации и установлению выплат социального характера,Финансы и экономика,Организация и установление выплат социального характера,870,2015-10-28,Совет по профессиональным квалификациям финансового рынка
17.037,Специалист по безопасности движения и эксплуатации железнодорожного транспорта,Транспорт,Контроль безопасности движения и эксплуатации железнодорожного транспорта,871,2017-01-09,Совет по профессиональным квалификациям на железнодорожном транспорте
17.038,"Специалист по оперативному руководству колонной локомотивных бригад тягового подвижного состава, бригад специального железнодорожного подвижного состава, машинистами кранов на железнодорожном ходу",Транспорт,"Оперативное руководство локомотивными бригадами тягового подвижного состава, бригадами специального железнодорожного подвижного состава, машинистами кранов на железнодорожном ходу",872,2016-12-23,Совет по профессиональным квалификациям на железнодорожном транспорте
25.047,Инженер-конструктор датчиковой аппаратуры в ракетно-космической промышленности,Ракетно-космическая промышленность,Разработка датчикопреобразующей аппаратуры (далее – ДПА) для изделий ракетно-космической промышленности (далее – РКП),873,2017-01-09,Совет по профессиональным квалификациям в области ракетной техники и космической деятельности
25.048,Инженер-исследователь по прочности летательных аппаратов в ракетно-космической технике при силовом и температурном воздействиях,Ракетно-космическая промышленность,Проведение расчетно-экспериментальных исследований по прочности летательных аппаратов в ракетно-космической технике,874,2017-01-09,Совет по профессиональным квалификациям в области ракетной техники и космической деятельности
25.049,Инженер-исследователь по развитию спутниковых навигационных систем Инженер-исследователь по развитию спутниковых навигационных систем Инженер-исследователь по развитию спутниковых навигационных систем Инженер-исследователь по развитию спутниковых навигационных систем Инженер-исследователь по развитию спутниковых навигационных систем Инженер-исследователь по развитию спутниковых навигационных систем Инженер-исследователь по развитию спутниковых навигационных систем Инженер-исследователь по развитию спутниковых навигационных систем Инженер-исследователь по развитию спутниковых навигационных систем Инженер-исследователь по развитию спутниковых навигационных систем Инженер-исследователь по развитию спутниковых навигационных систем Инженер-исследователь по развитию спутниковых навигационных систем Инженер-исследователь по развитию спутниковых навигационных систем Инженер-исследователь по развитию спутниковых навигационных систем Инженер-исследователь по развитию спутниковых навигационных систем Инженер-исследователь по развитию спутниковых навигационных систем Инженер-исследователь по развитию спутниковых навигационных систем Инженер-исследователь по развитию спутниковых навигационных систем Инженер-исследователь по развитию спутниковых навигационных систем Инженер-исследователь по развитию спутниковых навигационных систем,Ракетно-космическая промышленность,"Разработка перспективных методов и технологий глобальных навигационных спутниковых систем (ГНСС), мониторинг навигационных полей ГНСС и их функциональных дополнений (ФД)",875,2017-01-09,Совет по профессиональным квалификациям в области ракетной техники и космической деятельности
16.104,Плиточник,Строительство и ЖКХ,Облицовка поверхностей плиткой,876,2017-01-10,Совет по профессиональным квалификациям в строительстве
16.105,Гранитчик,Строительство и ЖКХ,Отделка поверхностей строительными изделиями из естественно камня,877,2017-01-10,Совет по профессиональным квалификациям в строительстве
25.050,Специалист по разработке и продвижению на рынки научно-технических проектов гражданской тематики в рамках диверсификации деятельности предприятия ракетно-космической промышленности,Ракетно-космическая промышленность,Разработка и продвижение на рынки научно-технических проектов гражданской тематики,878,2017-01-10,Совет по профессиональным квалификациям в области ракетной техники и космической деятельности
16.106,Оператор бетоноукладчика,Строительство и ЖКХ,Выполнение механизированных работ с применением бетоноукладчика,879,2017-01-13,Совет по профессиональным квалификациям в строительстве
16.107,Монтажник строительных лесов и подмостей,Строительство и ЖКХ,Монтаж строительных лесов и подмостей,880,2017-01-13,Совет по профессиональным квалификациям в строительстве
16.108,Электромонтажник,Строительство и ЖКХ,Монтаж электрического оборудования,881,2017-01-18,Совет по профессиональным квалификациям в строительстве
06.035,Разработчик Web и мультимедийных приложений,"Связь, информационные и коммуникационные технологии","Проектирование, разработка и интеграция информационных ресурсов в локальной сети и информационно-телекоммуникационной сети «Интернет»",882,2017-01-18,Совет по профессиональным квалификациям в области информационных технологий
16.109,Машинист машин по транспортировке растворных смесей,Строительство и ЖКХ,Доставка строительных растворов на строительную площадку авторастворовозом,883,2017-01-17,Совет по профессиональным квалификациям в строительстве
17.039,Электромеханик по техническому обслуживанию и ремонту устройств (систем) безопасности и средств поездной радиосвязи железнодорожного подвижного состава,Транспорт,"Техническое обслуживание, ремонт и модернизация блоков локомотивных устройств (систем) безопасности и средств поездной радиосвязи железнодорожного подвижного состава",884,2017-01-31,Совет по профессиональным квалификациям на железнодорожном транспорте
17.040,Бригадир (освобожденный) предприятий железнодорожного транспорта,Транспорт,Оперативное руководство рабочими производственного подразделения организации железнодорожного транспорта в соответствии с технологическим процессом,885,2017-01-18,Совет по профессиональным квалификациям на железнодорожном транспорте
17.041,Специалист по организации работы железнодорожной станции и обеспечению безопасности движения,Транспорт,"Руководство производственно-хозяйственной деятельностью разъезда, обгонного пункта, путевого поста, железнодорожной станции и управление рисками в вопросах обеспечения безопасности движения и охраны т",886,2017-01-18,Совет по профессиональным квалификациям на железнодорожном транспорте
17.042,Специалист пассажирского (туристического) поезда,Транспорт,Контроль технического состояния пассажирского поезда и организация обслуживания пассажиров в пути следования пассажирского (туристического) поезда,887,2017-01-18,Совет по профессиональным квалификациям на железнодорожном транспорте
27.058,Правильщик проката и труб,Металлургическое производство,Правка проката и труб,888,2017-01-19,Совет по профессиональным квалификациям в горно-металлургическом комплексе
27.059,Прокатчик цветных металлов,Металлургическое производство,Производство проката цветных металлов и сплавов на станах горячей прокатки,889,2017-01-23,Совет по профессиональным квалификациям в горно-металлургическом комплексе
40.140,Работник по нанесению износостойких покрытий на металлические изделия,Сквозные виды профессиональной деятельности,Нанесение износостойких покрытий на металлические изделия методами химического и физического осаждения,890,2017-01-26,Совет по профессиональным квалификациям в горно-металлургическом комплексе
17.043,Регулировщик скорости движения вагонов железнодорожного транспорта,Транспорт,Регулирование скорости движения вагонов или групп вагонов (отцепов) в процессе роспуска с сортировочных горок и вытяжных путей,891,2017-01-18,Совет по профессиональным квалификациям на железнодорожном транспорте
17.044,"Начальник участка производства по техническому обслуживанию и ремонту оборудования, устройств и систем электроснабжения (сигнализации, централизации и блокировки) железнодорожного транспорта",Транспорт,"Руководство выполнением работ по техническому обслуживанию и ремонту оборудования и устройств электроснабжения сигнализации, централизации и блокировки железнодорожного транспорта",892,2017-01-23,Совет по профессиональным квалификациям на железнодорожном транспорте
17.045,Работник по ограждению мест производства работ и закреплению подвижного состава на железнодорожном транспорте,Транспорт,"Ограждение съемных подвижных единиц, мест производства работ на железнодорожном пути, закрепление подвижного состава на путях общего пользования железнодорожной станции",893,2017-01-23,Совет по профессиональным квалификациям на железнодорожном транспорте
17.046,Работник по организации и оформлению проездных и перевозочных документов в пассажирских перевозках на железнодорожном транспорте,Транспорт,"Оказание услуг по приему заказов, оформлению, продаже и доставке заказчику (пассажиру, отправителю) проездных, перевозочных документов и транспортных требований в пассажирских перевозках на железнодор",894,2017-01-18,Совет по профессиональным квалификациям на железнодорожном транспорте
40.141,Взрывник,Сквозные виды профессиональной деятельности,Производство взрывных работ,895,2017-01-19,Совет по профессиональным квалификациям в горно-металлургическом комплексе
18.001,Горнорабочий,"Добыча, переработка угля, руд и других полезных ископаемых",Выполнение вспомогательных работ при добыче полезных ископаемых открытым и подземным способами,896,2017-01-19,Совет по профессиональным квалификациям в горно-металлургическом комплексе
27.060,Вальцовщик цветных металлов,Металлургическое производство,Производство холоднокатаного проката цветных металлов и сплавов,897,2017-02-01,Совет по профессиональным квалификациям в горно-металлургическом комплексе
27.061,Оператор автогенной плавки сульфидного сырья,Металлургическое производство,Управление процессом автогенной плавки сульфидного сырья,898,2017-01-26,Совет по профессиональным квалификациям в горно-металлургическом комплексе
27.062,Оператор автоматизированного процесса производства алюминия,Металлургическое производство,"Ведение технологических процессов производства алюминия-сырца, товарного алюминия, обожженных анодов на линиях с автоматизированной системой управления",899,2017-02-02,Совет по профессиональным квалификациям в горно-металлургическом комплексе
27.063,Оператор фильтр-установок,Металлургическое производство,"Ведение технологических процессов фильтрования в обогатительном, гидрометаллургическом и пирометаллургическом производствах",900,2017-02-01,Совет по профессиональным квалификациям в горно-металлургическом комплексе
27.064,Отжигальщик цветных металлов,Металлургическое производство,Отжиг полуфабрикатов и металлопродукции из цветных металлов и сплавов,901,2017-01-26,Совет по профессиональным квалификациям в горно-металлургическом комплексе
27.065,Печевой на обжиговых печах,Металлургическое производство,"Управление технологическими процессами обжига рудного сырья, полупродуктов, нерудных материалов и технических изделий",902,2017-01-26,Совет по профессиональным квалификациям в горно-металлургическом комплексе
27.066,Работник химического анализа в металлургии,Металлургическое производство,Организация и проведение химического анализа в металлургическом производстве,903,2017-01-23,Совет по профессиональным квалификациям в горно-металлургическом комплексе
27.067,Работник по производству металлических электродов,Металлургическое производство,Производство металлических электродов,904,2017-02-01,Совет по профессиональным квалификациям в горно-металлургическом комплексе
27.068,Работник по производству глинозема из бокситов,Металлургическое производство,Ведение технологических процессов производства глинозема (оксида алюминия),905,2017-01-26,Совет по профессиональным квалификациям в горно-металлургическом комплексе
27.069,Работник по производству канатов и корда,Металлургическое производство,"Производство канатов, корда и арматурных прядей",906,2017-01-26,Совет по профессиональным квалификациям в горно-металлургическом комплексе
27.070,Работник по производству металлических сеток,Металлургическое производство,Производство металлических сеток,907,2017-02-01,Совет по профессиональным квалификациям в горно-металлургическом комплексе
27.071,Работник по производству труб из цветных металлов и сплавов,Металлургическое производство,Производство труб из цветных металлов и сплавов,908,2017-01-26,Совет по профессиональным квалификациям в горно-металлургическом комплексе
27.072,Работник по ремонту огнеупорной футеровки в металлургическом производстве,Металлургическое производство,Ремонт огнеупорной футеровки в металлургическом производстве,909,2017-01-23,Совет по профессиональным квалификациям в горно-металлургическом комплексе
27.073,Спекальщик жаропрочных и тугоплавких металлов и сплавов,Металлургическое производство,Управление процессами спекания жаропрочных и тугоплавких металлов и сплавов в печах с защитной атмосферой,910,2017-01-26,Совет по профессиональным квалификациям в горно-металлургическом комплексе
27.074,Специалист по огнеупорным работам в металлургическом производстве,Металлургическое производство,Организация огнеупорных работ в металлургическом производстве,911,2017-02-01,Совет по профессиональным квалификациям в горно-металлургическом комплексе
27.075,Специалист по производству глинозема,Металлургическое производство,Организация технологического процесса производства глинозема,912,2017-01-23,Совет по профессиональным квалификациям в горно-металлургическом комплексе
27.076,Специалист по производству метизов,Металлургическое производство,Организация производства метизов,913,2017-01-26,Совет по профессиональным квалификациям в горно-металлургическом комплексе
27.077,Специалист по производству огнеупоров,Металлургическое производство,Организация производства огнеупоров,914,2017-02-01,Совет по профессиональным квалификациям в горно-металлургическом комплексе
27.078,Специалист по производству проката цветных металлов,Металлургическое производство,Организация производства проката цветных металлов и сплавов,915,2017-02-01,Совет по профессиональным квалификациям в горно-металлургическом комплексе
27.079,Специалист электролизного производства алюминия,Металлургическое производство,Организация электролизного производства алюминия,916,2017-02-01,Совет по профессиональным квалификациям в горно-металлургическом комплексе
27.080,Электролизник расплавленных солей,Металлургическое производство,Ведение технологического процесса электролиза в расплавленных солях,917,2017-02-08,Совет по профессиональным квалификациям в горно-металлургическом комплексе
27.081,Анодчик в производстве алюминия,Металлургическое производство,Подготовка к эксплуатации и обслуживание анодного узла электролизера при производстве алюминия методом электролиза,918,2017-01-23,Совет по профессиональным квалификациям в горно-металлургическом комплексе
27.082,Нагревальщик цветных металлов и сплавов,Металлургическое производство,"Ведение процесса нагрева слитков, заготовок цветных металлов и сплавов в нагревательных печах различной конструкции",919,2017-02-08,Совет по профессиональным квалификациям в горно-металлургическом комплексе
27.083,Плавильщик анодных печей,Металлургическое производство,Ведение технологического процесса плавки в анодных печах,920,2017-01-26,Совет по профессиональным квалификациям в горно-металлургическом комплексе
27.084,Работник по производству огнеупоров,Металлургическое производство,Производство огнеупоров,921,2017-01-26,Совет по профессиональным квалификациям в горно-металлургическом комплексе
27.085,Специалист по водоснабжению металлургического производства,Металлургическое производство,Организация технологических процессов водоснабжения и водоотведения металлургического производства,922,2017-01-23,Совет по профессиональным квалификациям в горно-металлургическом комплексе
18.002,Машинист дробильно-помольных установок,"Добыча, переработка угля, руд и других полезных ископаемых",Ведение технологических процессов дробления и измельчения рудных и нерудных материалов,923,2017-02-08,Совет по профессиональным квалификациям в горно-металлургическом комплексе
18.003,Машинист подземного самоходного оборудования,"Добыча, переработка угля, руд и других полезных ископаемых",Управление подземным самоходным оборудованием,924,2017-02-01,Совет по профессиональным квалификациям в горно-металлургическом комплексе
27.086,Работник по производству железорудных окатышей,Металлургическое производство,Ведение технологических процессов производства железорудных окатышей,925,2017-01-26,Совет по профессиональным квалификациям в горно-металлургическом комплексе
18.004,Проходчик,"Добыча, переработка угля, руд и других полезных ископаемых",Проходка горных выработок,926,2017-04-18,Совет по профессиональным квалификациям в горно-металлургическом комплексе
27.087,Специалист по газовому хозяйству металлургического производства,Металлургическое производство,Организация эксплуатации газового хозяйства металлургического производства,927,2017-02-15,Совет по профессиональным квалификациям в горно-металлургическом комплексе
27.088,Специалист по обеспечению металлургического производства кислородом и инертными газами,Металлургическое производство,Организация работ по обеспечению металлургического производства кислородом и инертными газами,928,2017-01-26,Совет по профессиональным квалификациям в горно-металлургическом комплексе
27.089,Машинист крана металлургического производства,Металлургическое производство,Управление грузоподъемными кранами металлургического производства,929,2017-02-08,Совет по профессиональным квалификациям в горно-металлургическом комплексе
40.142,Оператор холодновысадочных автоматов крепежных изделий,Сквозные виды профессиональной деятельности,Производство крепежных изделий на холодновысадочных и гайконарезных автоматах,930,2017-02-01,Совет по профессиональным квалификациям в горно-металлургическом комплексе
27.090,Работник по подготовке лома и отходов черных металлов,Металлургическое производство,Подготовка лома и отходов черных металлов для использования в металлургическом производстве,931,2017-02-15,Совет по профессиональным квалификациям в горно-металлургическом комплексе
27.091,Специалист по техническому обслуживанию и ремонтам в металлургическом производстве,Металлургическое производство,Организация технического обслуживания и ремонта металлургического оборудования,932,2017-01-23,Совет по профессиональным квалификациям в горно-металлургическом комплексе
27.092,Специалист по эксплуатации железнодорожного транспорта в горнорудной и металлургической промышленности,Металлургическое производство,Организация работы железнодорожного транспорта в горнорудной и металлургической промышленности,933,2017-02-01,Совет по профессиональным квалификациям в горно-металлургическом комплексе
17.047,"Специалист по оперативному руководству обеспечением выдачи тягового подвижного состава под поезда, локомотивных бригад в работу",Транспорт,"Оперативное руководство подразделением (сменой работников) эксплуатационного локомотивного (моторвагонного) депо, обеспечивающим выдачу локомотивов под поезда (моторвагонного подвижного состава и локо",934,2017-01-31,Совет по профессиональным квалификациям на железнодорожном транспорте
17.048,Работник по организации обслуживания пассажиров железнодорожного транспорта,Транспорт,Организация обслуживания пассажиров железнодорожного транспорта,935,2017-02-08,Совет по профессиональным квалификациям на железнодорожном транспорте
17.049,"Специалист по текущему содержанию и ремонту верхнего строения пути, искусственных сооружений железнодорожного транспорта",Транспорт,"Руководство выполнением основных и сопутствующих работ по текущему содержанию и ремонту верхнего строения пути, искусственных сооружений и земляного полотна железнодорожного транспорта",936,2017-02-02,Совет по профессиональным квалификациям на железнодорожном транспорте
25.051,"Инженер-исследователь по динамике, баллистике, управлению движением космических аппаратов",Ракетно-космическая промышленность,"Проведение научных исследований, разработка алгоритмов решения задач по динамике, аэродинамике, баллистике и управлению космическими аппаратами",937,2017-02-02,Совет по профессиональным квалификациям в области ракетной техники и космической деятельности
40.143,Работник по изготовлению керамических литейных форм для литья по выплавляемым моделям,Сквозные виды профессиональной деятельности,Изготовление керамических литейных форм для литья по выплавляемым моделям,938,2017-01-26,Совет по профессиональным квалификациям в машиностроении
40.144,Формовщик ручной формовки,Сквозные виды профессиональной деятельности,Изготовление литейных форм вручную,939,2017-02-08,Совет по профессиональным квалификациям в машиностроении
40.145,Формовщик машинной формовки,Сквозные виды профессиональной деятельности,Изготовление литейных форм на формовочных машинах,940,2017-02-01,Совет по профессиональным квалификациям в машиностроении
40.146,Ремонтник-наладчик механических узлов металлорежущих станков,Сквозные виды профессиональной деятельности,Ремонт и наладка механических узлов металлорежущих станков,941,2017-01-26,Совет по профессиональным квалификациям в машиностроении
40.147,Мехатроник в области промышленной автоматизации,Сквозные виды профессиональной деятельности,"Изготовление, эксплуатация, диагностика и настройка мехатронных устройств и систем",942,2017-02-15,Совет по профессиональным квалификациям в машиностроении
29.009,Оптик-механик,"Производство электрооборудования, электронного и оптического оборудования",Сбрка оптических и оптико-электронных приборов,943,2017-02-09,Совет по профессиональным квалификациям в области промышленной электроники и приборостроения
40.148,Специалист по эксплуатации гибких производственных систем в машиностроении,Сквозные виды профессиональной деятельности,Эксплуатация гибких производственных систем в машиностроении,944,2017-02-01,Совет по профессиональным квалификациям в машиностроении
40.149,Стерженщик машинной формовки,Сквозные виды профессиональной деятельности,Изготовление литейных стержней с использованием машинной формовки,945,2017-01-26,Совет по профессиональным квалификациям в машиностроении
40.150,Ремонтник-наладчик пневмо- и гидрооборудования металлорежущих станков,Сквозные виды профессиональной деятельности,Ремонт и наладка пневмо- и гидрооборудования металлорежущих станков,946,2017-01-26,Совет по профессиональным квалификациям в машиностроении
40.151,Оператор-кузнец на автоматических и полуавтоматических линиях,Сквозные виды профессиональной деятельности,"Ковка и горячая объемная штамповка поковок из металлов и сплавов на автоматах и комплексах, автоматических и полуавтоматических линиях",947,2017-01-26,Совет по профессиональным квалификациям в машиностроении
29.010,Сборщик-монтажник радиоэлектронных средств,"Производство электрооборудования, электронного и оптического оборудования",Сборка и монтаж электронных устройств различной конструктивной сложности,948,2017-02-01,Совет по профессиональным квалификациям в области промышленной электроники и приборостроения
28.006,Специалист по оптимизации производственных процессов в тяжелом машиностроении,Производство машин и оборудования,Оптимизация производственных процессов в тяжелом машиностроении,950,2017-01-31,Совет по профессиональным квалификациям в машиностроении
40.153,"Специалист по техническому перевооружению, реконструкции и модернизации кузнечно-штамповочного производства",Сквозные виды профессиональной деятельности,"Инжиниринг и организация процесса технического перевооружения, реконструкции и модернизации кузнечно-штамповочного производства",951,2017-01-31,Совет по профессиональным квалификациям в машиностроении
30.025,Специалист по развитию производственной системы в судостроении,Судостроение,Развитие производственной системы в судостроении,952,2017-01-31,Совет по профессиональным квалификациям в отрасли судостроения и морской техники
28.007,Специалист по оптимизации производственных процессов в станкостроении,Производство машин и оборудования,Оптимизация производственных процессов в станкостроении,953,2017-01-31,Совет по профессиональным квалификациям в машиностроении
10.008,Архитектор,"Архитектура, проектирование, геодезия, топография и дизайн",Осуществление архитектурной деятельности,954,2017-08-04,"Совет по профессиональным квалификациям в области инженерных изысканий, градостроительства, архитектурно-строительного проектирования"
40.154,Кузнец ручной ковки,Сквозные виды профессиональной деятельности,Ручная ковка поковок из металлов и сплавов,955,2017-02-01,Совет по профессиональным квалификациям в машиностроении
27.093,Выбивальщик отливок,Металлургическое производство,Выбивка отливок из литейных форм,956,2017-02-08,Совет по профессиональным квалификациям в машиностроении
40.155,Контролер по термообработке,Сквозные виды профессиональной деятельности,Контроль качества в термическом производстве,957,2017-02-01,Совет по профессиональным квалификациям в машиностроении
40.156,Стерженщик ручной формовки,Сквозные виды профессиональной деятельности,Изготовление вручную литейных стержней,958,2017-02-08,Совет по профессиональным квалификациям в машиностроении
27.094,Литейщик цветных металлов и сплавов,Металлургическое производство,"Производство слитков, полуфабрикатов и отливок из цветных металлов и сплавов методами литья",959,2017-02-15,Совет по профессиональным квалификациям в горно-металлургическом комплексе
40.157,Наладчик холодноштамповочного оборудования,Сквозные виды профессиональной деятельности,"Наладка холодноштамповочного и вспомогательного оборудования, штамповой оснастки",960,2017-02-08,Совет по профессиональным квалификациям в машиностроении
40.158,Наладчик контрольно-измерительных приборов и автоматики,Сквозные виды профессиональной деятельности,Наладка и сдача в эксплуатацию контрольно-измерительных приборов и аппаратуры автоматического регулирования и управления,961,2017-02-15,Совет по профессиональным квалификациям в машиностроении
40.159,Специалист по аддитивным технологиям,Сквозные виды профессиональной деятельности,Производство изделий методами аддитивных технологий,962,2017-02-09,Совет по профессиональным квалификациям в машиностроении
40.160,Оператор установок по нанесению покрытий в вакууме,Сквозные виды профессиональной деятельности,Нанесение функциональных тонкопленочных покрытий на изделия машиностроения в вакууме методами физического осаждения из паровой фазы на автоматизированных и автоматических установках,963,2017-02-15,Совет по профессиональным квалификациям в машиностроении
40.161,Прессовщик изделий из пластмасс,Сквозные виды профессиональной деятельности,Изготовление изделий из пластмасс путем прессования,964,2017-02-15,Совет по профессиональным квалификациям в машиностроении
40.162,Модельщик по металлическим моделям,Сквозные виды профессиональной деятельности,Изготовление металлических модельных комплектов,965,2017-02-15,Совет по профессиональным квалификациям в машиностроении
40.163,Прессовщик твердых сплавов,Сквозные виды профессиональной деятельности,Прессование изделий из твердых сплавов и порошков тугоплавких металлов,966,2017-02-15,Совет по профессиональным квалификациям в машиностроении
40.164,Термист,Сквозные виды профессиональной деятельности,Термическая и химико-термическая обработка изделий из металлов,967,2017-03-01,Совет по профессиональным квалификациям в машиностроении
16.110,"Специалист по подготовке проекта обеспечения соблюдения требований энергетической эффективности зданий, строений и сооружений",Строительство и ЖКХ,"Проектирование системы обеспечения соблюдения требований энергетической эффективности зданий, строений и сооружений",969,2017-03-01,"Совет по профессиональным квалификациям в области инженерных изысканий, градостроительства, архитектурно-строительного проектирования"
40.165,Машинист (оператор) подъемника с рабочей платформой,Сквозные виды профессиональной деятельности,"Выполнение работ подъемниками с рабочими платформами по перемещению рабочего персонала с инструментом и материалами, размещенного на рабочей платформе, при проведении работ в пределах рабочей зоны",970,2017-03-01,"Совет по профессиональным квалификациям в лифтовой отрасли, сфере подъемных сооружений и вертикального транспорта"
16.111,Машинист строительного подъемника,Строительство и ЖКХ,Эксплуатация строительных подъемников,971,2017-02-09,"Совет по профессиональным квалификациям в лифтовой отрасли, сфере подъемных сооружений и вертикального транспорта"
16.112,Специалист в области энергоменеджмента в строительной сфере,Строительство и ЖКХ,"Внедрение, обеспечение функционирования и совершенствование системы энергетического менеджмента в строительной организации",972,2017-03-01,Совет по профессиональным квалификациям в строительстве
16.113,Специалист по проведению энергосервисных мероприятий на объектах капитального строительства,Строительство и ЖКХ,Проведение энергосервисных мероприятий на объектах капитального строительства,973,2017-02-15,Совет по профессиональным квалификациям в строительстве
40.166,Монтажник промышленного газового и газоиспользующего оборудования и газопроводов,Сквозные виды профессиональной деятельности,Монтаж промышленного газового и газоиспользующего оборудования и газопроводов,974,2017-02-09,Совет по профессиональным квалификациям в строительстве
40.167,Специалист по композиционным материалам,Сквозные виды профессиональной деятельности,Конструирование изделий из композиционных материалов и разработка технологий их производства,975,2017-02-15,Совет по профессиональным квалификациям в машиностроении
16.114,Работник профессиональной уборки,Строительство и ЖКХ,Осуществление профессиональной уборки объектов и поверхностей различного назначения,976,2022-04-21,Совет по профессиональным квалификациям в жилищно-коммунальном хозяйстве
40.168,Сборщик форм,Сквозные виды профессиональной деятельности,Сборка литейных форм,977,2017-03-01,Совет по профессиональным квалификациям в машиностроении
16.115,Машинист комбинированной дорожной машины,Строительство и ЖКХ,Выполнение механизированных работ с применением комбинированной дорожной машины,978,2017-03-01,Совет по профессиональным квалификациям в строительстве
40.169,"Специалист по техническому перевооружению, реконструкции и модернизации литейного производства",Сквозные виды профессиональной деятельности,"Инжиниринг и организация процесса технического перевооружения, реконструкции и модернизации литейного производства",979,2017-03-13,Совет по профессиональным квалификациям в машиностроении
16.116,Машинист машины для укладки геосинтетических материалов,Строительство и ЖКХ,"Выполнение механизированных работ с применением машины для укладки геосинтетических материалов в условиях строительства, ремонта и реконструкции автомобильных дорог, аэродромов и инженерных сооружений",980,2017-03-01,Совет по профессиональным квалификациям в строительстве
16.117,Машинист перегружателя асфальтобетона,Строительство и ЖКХ,Выполнение механизированных работ с применением перегружателя асфальтобетона,981,2017-03-01,Совет по профессиональным квалификациям в строительстве
40.170,"Специалист по техническому перевооружению, реконструкции и модернизации термического производства",Сквозные виды профессиональной деятельности,"Инжиниринг и организация процесса технического перевооружения, реконструкции и модернизации термического производства",982,2017-03-13,Совет по профессиональным квалификациям в машиностроении
27.095,Опиловщик фасонных отливок,Металлургическое производство,"Опиливание, зачистка, доводка и полировка отливок",983,2017-02-15,Совет по профессиональным квалификациям в машиностроении
40.171,Калильщик,Сквозные виды профессиональной деятельности,Термическая обработка заготовок и изделий из металлов и сплавов,984,2017-02-15,Совет по профессиональным квалификациям в машиностроении
40.172,Специалист по проектированию сооружений водоподготовки и водозаборных сооружений,Сквозные виды профессиональной деятельности,Проектирование сооружений водоподготовки и водозаборных сооружений,985,2017-02-15,"Совет по профессиональным квалификациям в области инженерных изысканий, градостроительства, архитектурно-строительного проектирования"
40.173,Пружинщик,Сквозные виды профессиональной деятельности,"Изготовление пружин на приспособлениях, станках и автоматах в холодном и горячем состоянии",986,2017-02-15,Совет по профессиональным квалификациям в машиностроении
16.118,Машинист разогревателя (нагревателя) асфальтобетона,Строительство и ЖКХ,Выполнение механизированных работ с применением разогревателя (нагревателя) асфальтобетона,987,2017-02-15,Совет по профессиональным квалификациям в строительстве
03.012,Ассистент (помощник) по оказанию технической помощи инвалидам и лицам с ограниченными возможностями здоровья,Социальное обслуживание,Деятельность по оказанию технической помощи инвалидам и лицам с ограниченными возможностями здоровья,988,2017-04-12,"Совет по профессиональным квалификациям в сфере безопасности труда, социальной защиты и занятости населения"
16.119,Специалист по эксплуатации эскалаторов (пассажирских конвейеров) и платформ подъемных для инвалидов,Строительство и ЖКХ,"Техническое обслуживание и эксплуатация эскалаторов, пассажирских конвейеров и подъемных платформ для инвалидов",989,2017-05-22,"Совет по профессиональным квалификациям в лифтовой отрасли, сфере подъемных сооружений и вертикального транспорта"
16.120,Специалист по наладке грузоподъемных машин (подъемных сооружений),Строительство и ЖКХ,"Обеспечение наладки, монтажа, технического обслуживания, ремонта, реконструкции и модернизации грузоподъемных машин (подъемных сооружений)",990,2017-03-01,"Совет по профессиональным квалификациям в лифтовой отрасли, сфере подъемных сооружений и вертикального транспорта"
16.121,Эксперт по оценке соответствия подъемных сооружений требованиям безопасности,Строительство и ЖКХ,Оценка соответствия и экспертиза подъемных сооружений требованиям безопасности,991,2017-03-01,"Совет по профессиональным квалификациям в лифтовой отрасли, сфере подъемных сооружений и вертикального транспорта"
40.174,Машинист крана общего назначения,Сквозные виды профессиональной деятельности,Управление грузоподъемными кранами,992,2017-03-01,"Совет по профессиональным квалификациям в лифтовой отрасли, сфере подъемных сооружений и вертикального транспорта"
16.122,Специалист по монтажу и обслуживанию крановых путей подъемных сооружений,Строительство и ЖКХ,"Монтаж, техническое обслуживание и ремонт рельсовых крановых путей",993,2017-03-01,"Совет по профессиональным квалификациям в лифтовой отрасли, сфере подъемных сооружений и вертикального транспорта"
16.123,Монтажник оборудования насосных станций и станций водоподготовки в системах водоснабжения,Строительство и ЖКХ,Выполнение работ по монтажу оборудования насосных станций и станций водоподготовки в системах водоснабжения,994,2017-03-01,Совет по профессиональным квалификациям в строительстве
28.008,Специалист по инжинирингу машиностроительного производства,Производство машин и оборудования,Информационно-техническая поддержка производства конкурентоспособной продукции машиностроения,995,2017-03-01,Совет по профессиональным квалификациям в машиностроении
16.124,Машинист машин для забивки и погружения свай,Строительство и ЖКХ,Выполнение механизированных работ с применением машин для забивки и погружения свай,996,2017-03-01,Совет по профессиональным квалификациям в строительстве
40.175,Монтажник слаботочных систем охраны и безопасности,Сквозные виды профессиональной деятельности,Монтаж технических средств охраны и безопасности объектов капитального строительства,997,2017-03-01,Совет по профессиональным квалификациям в строительстве
40.176,Специалист по проектированию систем холодоснабжения,Сквозные виды профессиональной деятельности,Проектирование системы холодоснабжения,998,2017-03-01,"Совет по профессиональным квалификациям в области инженерных изысканий, градостроительства, архитектурно-строительного проектирования"
40.177,Техник по обслуживанию систем промышленного интернета вещей,Сквозные виды профессиональной деятельности,Разработка и обслуживание систем промышленного интернета вещей,999,2017-03-01,Совет по профессиональным квалификациям в машиностроении
16.125,Монтажник оборудования насосных станций и сооружений очистки стоков в системах водоотведения,Строительство и ЖКХ,Выполнение работ по монтажу оборудования насосных станций и сооружений очистки стоков в системах водоотведения,1000,2017-03-01,Совет по профессиональным квалификациям в строительстве
16.126,Специалист по проектированию металлических конструкций зданий и сооружений промышленного и гражданского назначения,Строительство и ЖКХ,"Проектирование металлических конструкций зданий и сооружений промышленного и гражданского назначения, в том числе энергетических установок и специальных сооружений",1001,2017-03-13,"Совет по профессиональным квалификациям в области инженерных изысканий, градостроительства, архитектурно-строительного проектирования"
16.127,Специалист по проектированию подземных инженерных коммуникаций с применением бестраншейных технологий,Строительство и ЖКХ,Проектирование подземных инженерных коммуникаций с применением бестраншейных технологий,1002,2017-03-13,"Совет по профессиональным квалификациям в области инженерных изысканий, градостроительства, архитектурно-строительного проектирования"
40.178,Специалист по проектированию автоматизированных систем управления технологическими процессами,Сквозные виды профессиональной деятельности,Подготовка проекта автоматизированных систем управления технологическими процессами,1003,2017-03-13,"Совет по профессиональным квалификациям в области инженерных изысканий, градостроительства, архитектурно-строительного проектирования"
19.038,Оператор технологических установок по переработке газа,"Добыча, переработка, транспортировка нефти и газа",Эксплуатация технологических установок по переработке газа и газового конденсата,1004,2017-03-13,Совет по профессиональным квалификациям в нефтегазовом комплексе
19.039,Работник по эксплуатации оборудования подземных хранилищ газа,"Добыча, переработка, транспортировка нефти и газа",Эксплуатация оборудования подземных хранилищ газа,1005,2017-03-13,Совет по профессиональным квалификациям в нефтегазовом комплексе
02.009,Врач-лечебник (врач-терапевт участковый),Здравоохранение,Врачебная практика в области лечебного дела,1006,2017-03-21,Совет по профессиональным квалификациям в здравоохранении
16.128,Специалист по энергетическому обследованию объектов капитального строительства,Строительство и ЖКХ,Проведение энергетического обследования объектов капитального строительства,1007,2017-03-13,Совет по профессиональным квалификациям в строительстве
16.129,Специалист по строительству подземных инженерных коммуникаций с применением бестраншейных технологий,Строительство и ЖКХ,Прокладка подземных инженерных коммуникаций с применением бестраншейных технологий,1008,2017-03-21,Совет по профессиональным квалификациям в строительстве
05.011,Контролер-распорядитель,Физическая культура и спорт,Обеспечение общественного порядка и общественной безопасности при проведении официального спортивного соревнования,1009,2017-04-13,Совет по профессиональным квалификациям в сфере физической культуры и спорта
17.050,Гидрограф,Транспорт,Навигационно-гидрографическое обеспечение судоходства,1010,2016-04-06,Совет по профессиональным квалификациям на морском и внутреннем водном транспорте
40.179,Наладчик-ремонтник электрооборудования металлорежущих станков,Сквозные виды профессиональной деятельности,Ремонт и наладка электрооборудования металлорежущих станков,1011,2017-04-19,Совет по профессиональным квалификациям в машиностроении
32.009,Сборщик-клепальщик летательных аппаратов,Авиастроение,"Сборка и клепка узлов, агрегатов и силовых конструкций летательных аппаратов",1012,2017-04-21,Совет по профессиональным квалификациям в авиастроении
32.010,Слесарь-сборщик летательных аппаратов,Авиастроение,"Сборка узлов, отсеков, панелей, систем летательных аппаратов, проверка и испытание систем, стыковка сопрягаемых поверхностей агрегатов",1013,2017-04-21,Совет по профессиональным квалификациям в авиастроении
32.011,Техник авиационных двигателей,Авиастроение,Техническое обслуживание двигателей летательных аппаратов,1014,2017-04-21,Совет по профессиональным квалификациям в авиастроении
40.180,Специалист по проектированию систем электропривода,Сквозные виды профессиональной деятельности,Проектирование систем электропривода,1015,2017-04-13,"Совет по профессиональным квалификациям в области инженерных изысканий, градостроительства, архитектурно-строительного проектирования"
40.181,Плотник промышленный,Сквозные виды профессиональной деятельности,Плотничные общестроительные и опалубочные работы,1016,2017-04-21,Совет по профессиональным квалификациям в отрасли судостроения и морской техники
30.026,Сборщик пластмассовых судов,Судостроение,"Сборка пластмассовых судов, сборка, разборка и установка судовых конструкций",1017,2017-05-02,Совет по профессиональным квалификациям в отрасли судостроения и морской техники
32.012,Монтажник электрооборудования летательных аппаратов,Авиастроение,"Изготовление и монтаж бортовой кабельной сети, монтаж и демонтаж приборного, электро- и радиоэлектронного оборудования летательных аппаратов",1018,2017-05-02,Совет по профессиональным квалификациям в авиастроении
40.182,Техник по биотехническим и медицинским аппаратам и системам,Сквозные виды профессиональной деятельности,"Подготовка производства, ремонт и техническое обслуживание биотехнических и медицинских аппаратов и систем",1019,2017-11-09,Совет по профессиональным квалификациям в машиностроении
19.040,Электромеханик по средствам автоматики и приборам технологического оборудования в нефтегазовой отрасли,"Добыча, переработка, транспортировка нефти и газа",Технологическое обслуживание и ремонт средств автоматики (СА) и приборов технологического оборудования объектов нефтегазовой отрасли,1020,2017-04-21,Совет по профессиональным квалификациям в нефтегазовом комплексе
16.130,Специалист по проектированию строительных конструкций из металлических тонкостенных профилей,Строительство и ЖКХ,Проектирование строительных конструкций из металлических тонкостенных профилей для зданий и сооружений,1021,2017-04-13,"Совет по профессиональным квалификациям в области инженерных изысканий, градостроительства, архитектурно-строительного проектирования"
16.131,"Специалист в области механики грунтов, геотехники и фундаментостроения",Строительство и ЖКХ,"Проектная деятельность в области механики грунтов, геотехники и фундаментостроения",1022,2017-04-13,"Совет по профессиональным квалификациям в области инженерных изысканий, градостроительства, архитектурно-строительного проектирования"
19.041,Машинист оборудования распределительных нефтебаз,"Добыча, переработка, транспортировка нефти и газа",Эксплуатация оборудования распределительных нефтебаз,1023,2017-04-19,Совет по профессиональным квалификациям в нефтегазовом комплексе
19.042,Приборист нефтегазовой отрасли,"Добыча, переработка, транспортировка нефти и газа",Обслуживание приборов контроля параметров технологических процессов в нефтегазовой отрасли,1024,2017-04-19,Совет по профессиональным квалификациям в нефтегазовом комплексе
19.043,Машинист паровой передвижной депарафинизационной установки,"Добыча, переработка, транспортировка нефти и газа",Эксплуатация паровой передвижной депарафинизационной установки (ППДУ),1025,2017-05-02,Совет по профессиональным квалификациям в нефтегазовом комплексе
17.051,Механик и командир плавучего крана,Транспорт,Управление технологическими процессами самоходного плавучего крана и обеспечение его исправного технического состояния,1026,2017-10-13,Совет по профессиональным квалификациям на морском и внутреннем водном транспорте
02.010,Специалист по промышленной фармации в области исследований лекарственных средств,Здравоохранение,Организационное и регуляторное сопровождение прикладных исследований в области разработки новых лекарственных средств и усовершенствования промышленно производимых лекарственных средств (синтетических,1027,2017-05-22,Совет по профессиональным квалификациям в области фармации
02.011,Специалист по валидации (квалификации) фармацевтического производства,Здравоохранение,"Деятельность по валидации процессов, квалификации оборудования и систем, используемых в промышленном производстве лекарственных средств (синтетических, биологических, иммунобиологических, биотехнологи",1028,2017-05-22,Совет по профессиональным квалификациям в области фармации
02.012,Специалист в области управления фармацевтической деятельностью,Здравоохранение,Организация и руководство фармацевтической деятельностью в сфере обращения лекарственных средств,1029,2017-05-22,Совет по профессиональным квалификациям в области фармации
02.013,Специалист по промышленной фармации в области контроля качества лекарственных средств,Здравоохранение,"Деятельность по контролю качества при промышленном производстве лекарственных средств (синтетических, биологических, иммунобиологических, биотехнологических, генотерапевтических, радиофармацевтических",1030,2017-05-22,Совет по профессиональным квалификациям в области фармации
02.014,Специалист по промышленной фармации в области обеспечения качества лекарственных средств,Здравоохранение,"Деятельность по обеспечению качества и выпуска в обращение промышленно произведенных лекарственных средств (синтетических, биологических, иммунобиологических, биотехнологических, генотерапевтических, ",1031,2017-05-22,Совет по профессиональным квалификациям в области фармации
02.015,Провизор-аналитик,Здравоохранение,"Контроль качества фармацевтических субстанций, воды очищенной для инъекций, концентратов, полуфабрикатов, лекарственных препаратов, изготовленных в аптечной организации",1032,2017-05-22,Совет по профессиональным квалификациям в области фармации
02.016,Специалист по промышленной фармации в области производства лекарственных средств,Здравоохранение,"Организация, ведение технологических процессов и управление технологическими процессами при промышленном производстве лекарственных средств (синтетических, биологических, иммунобиологических, биотехно",1033,2017-05-22,Совет по профессиональным квалификациям в области фармации
08.033,Специалист по дистанционному банковскому обслуживанию,Финансы и экономика,Дистанционное банковское обслуживание,1034,2017-04-19,Совет по профессиональным квалификациям финансового рынка
32.013,Инженер-технолог по сборке агрегатов летательных аппаратов из полимерных композиционных материалов,Авиастроение,Технологическая подготовка сборки агрегатов летательных аппаратов (ЛА) из полимерных композиционных материалов (ПКМ),1035,2017-05-02,Совет по профессиональным квалификациям в авиастроении
32.014,Специалист по проектированию конструкций летательных аппаратов из полимерных композиционных материалов,Авиастроение,Проектирование конструкций летательных аппаратов (ЛА) и их элементов из полимерных композиционных материалов (ПКМ),1036,2017-05-02,Совет по профессиональным квалификациям в авиастроении
08.034,Специалист по лизинговой деятельности,Финансы и экономика,Инвестиционная деятельность по приобретению имущества и передаче его в лизинг,1037,2017-06-26,Совет по профессиональным квалификациям финансового рынка
24.072,"Аппаратчик по переработке, разделению и очистке химических соединений металлов в сфере атомной энергии",Атомная промышленность,"Проведение технологических процессов по переработке, разделению и очистке химических соединений металлов",1038,2017-04-19,Совет по профессиональным квалификациям в сфере атомной энергии
24.073,Инженер по эксплуатации оборудования бассейнов по хранению ядерных материалов,Атомная промышленность,Эксплуатация оборудования бассейнов по хранению ядерных материалов,1039,2017-05-30,Совет по профессиональным квалификациям в сфере атомной энергии
16.132,Монтажник навесных фасадных систем,Строительство и ЖКХ,Монтаж навесных фасадных систем,1040,2017-05-02,Совет по профессиональным квалификациям в строительстве
16.133,Оператор бетоносмесительной установки,Строительство и ЖКХ,Управление работой мобильных и стационарных бетоносмесительных установок непрерывного и цикличного действия,1041,2017-05-02,Совет по профессиональным квалификациям в строительстве
16.134,Монтажник светопрозрачных конструкций,Строительство и ЖКХ,Монтаж наружных светопрозрачных конструкций,1042,2017-05-10,Совет по профессиональным квалификациям в строительстве
32.015,Инженер-технолог по производству изделий авиационной техники из полимерных композиционных материалов,Авиастроение,Производство изделий авиационной техники из полимерных композиционных материалов,1043,2017-05-10,Совет по профессиональным квалификациям в авиастроении
07.004,Специалист по управлению документами организации,Административно-управленческая и офисная деятельность,Деятельность по управлению документами в организациях любых организационно-правовых форм и форм собственности,1044,2017-05-10,Совет по профессиональным квалификациям в области документационного и административно-хозяйственного обеспечения деятельности организации
02.017,Врач-офтальмолог,Здравоохранение,Врачебная практика в области офтальмологии,1045,2017-06-05,Совет по профессиональным квалификациям в здравоохранении
40.183,Маркировщик,Сквозные виды профессиональной деятельности,"Маркирование и клеймение грузов, тары, заготовок, деталей, узлов и готовых изделий",1046,2017-05-30,Совет по профессиональным квалификациям в отрасли судостроения и морской техники
19.044,Специалист по обработке и интерпретации скважинных геофизических данных и данных гидродинамических исследований пластов и скважин в нефтегазовой отрасли,"Добыча, переработка, транспортировка нефти и газа","Геофизические исследования скважин, гидродинамические исследования скважин",1047,2017-06-29,Совет по профессиональным квалификациям в нефтегазовом комплексе
19.045,Специалист по капитальному ремонту нефтяных и газовых скважин,"Добыча, переработка, транспортировка нефти и газа",Капитальный ремонт нефтяных и газовых скважин,1048,2017-06-29,Совет по профессиональным квалификациям в нефтегазовом комплексе
24.074,Инженер-радиохимик службы аналитического контроля производства МОКС-топлива,Атомная промышленность,Организация и проведение работ по аналитическому контролю технологических процессов производства МОКС-топлива,1049,2017-06-26,Совет по профессиональным квалификациям в сфере атомной энергии
24.075,Инженер-исследователь в области разделения изотопов,Атомная промышленность,Научно-исследовательская деятельность и проведение экспериментальных работ по разделению изотопов,1050,2017-06-05,Совет по профессиональным квалификациям в сфере атомной энергии
06.036,Специалист по обслуживанию телекоммуникаций,"Связь, информационные и коммуникационные технологии",Техническое обслуживание телекоммуникационного оборудования,1051,2017-05-31,"Совет по профессиональным квалификациям в области телекоммуникаций, почтовой связи и радиотехники"
06.037,Специалист по поддержке программно-конфигурируемых информационно-коммуникационных сетей,"Связь, информационные и коммуникационные технологии",Техническая поддержка программно-конфигурируемых информационно-коммуникационных сетей,1052,2017-06-26,"Совет по профессиональным квалификациям в области телекоммуникаций, почтовой связи и радиотехники"
06.038,Специалист по монтажу телекоммуникационного оборудования,"Связь, информационные и коммуникационные технологии",Монтаж телекоммуникационного оборудования,1053,2017-06-05,"Совет по профессиональным квалификациям в области телекоммуникаций, почтовой связи и радиотехники"
06.039,Специалист по организации и поддержке среды формирования и распространения медиаконтента,"Связь, информационные и коммуникационные технологии",Организация и поддержка информационно-транспортных сетей для формирования и распространения медиаконтента,1054,2017-06-05,"Совет по профессиональным квалификациям в области телекоммуникаций, почтовой связи и радиотехники"
06.040,Специалист по контролю качества информационно-коммуникационных систем и сервисов,"Связь, информационные и коммуникационные технологии",Контроль качества функционирования инфокоммуникационных систем и предоставляемых на их основе сервисов,1055,2017-06-05,"Совет по профессиональным квалификациям в области телекоммуникаций, почтовой связи и радиотехники"
17.052,Механик по флоту,Транспорт,"Техническое сопровождение эксплуатации морских судов, судов внутреннего водного транспорта, двигательных установок, судовых систем, механизмов и устройств в организации морского и речного транспорта",1056,2017-06-29,Совет по профессиональным квалификациям на морском и внутреннем водном транспорте
40.184,Модельщик по деревянным моделям,Сквозные виды профессиональной деятельности,"Выполнение комплекса работ по изготовлению деревянных моделей, стержневых ящиков и шаблонов в литейном производстве",1057,2017-06-29,Совет по профессиональным квалификациям в отрасли судостроения и морской техники
30.027,Котельщик судовой,Судостроение,"Сборка, ремонт и испытания судовых котлов, их составных частей и агрегатов",1058,2017-06-29,Совет по профессиональным квалификациям в отрасли судостроения и морской техники
19.046,Специалист по регистрации скважинных геофизических данных (в нефтегазовой отрасли) Специалист по регистрации скважинных геофизических данных (в нефтегазовой отрасли) Специалист по регистрации скважинных геофизических данных (в нефтегазовой отрасли) Специалист по регистрации скважинных геофизических данных (в нефтегазовой отрасли) Специалист по регистрации скважинных геофизических данных (в нефтегазовой отрасли) Специалист по регистрации скважинных геофизических данных (в нефтегазовой отрасли) Специалист по регистрации скважинных геофизических данных (в нефтегазовой отрасли) Специалист по регистрации скважинных геофизических данных (в нефтегазовой отрасли),"Добыча, переработка, транспортировка нефти и газа",Геофизические исследования скважин,1059,2017-06-29,Совет по профессиональным квалификациям в нефтегазовом комплексе
19.047,Оператор по контролю и управлению траекторией бурения (геонавигации) скважин,"Добыча, переработка, транспортировка нефти и газа",Геонавигационное сопровождение бурения нефтяных и газовых скважин,1060,2017-06-29,Совет по профессиональным квалификациям в нефтегазовом комплексе
19.048,Специалист по контролю и управлению траекторией бурения (геонавигации) скважин,"Добыча, переработка, транспортировка нефти и газа",Геонавигационное сопровождение бурения нефтяных и газовых скважин,1061,2017-06-29,Совет по профессиональным квалификациям в нефтегазовом комплексе
19.049,Специалист по регистрации наземных геофизических данных (в нефтегазовой отрасли) Специалист по регистрации наземных геофизических данных (в нефтегазовой отрасли) Специалист по регистрации наземных геофизических данных (в нефтегазовой отрасли) Специалист по регистрации наземных геофизических данных (в нефтегазовой отрасли) Специалист по регистрации наземных геофизических данных (в нефтегазовой отрасли) Специалист по регистрации наземных геофизических данных (в нефтегазовой отрасли) Специалист по регистрации наземных геофизических данных (в нефтегазовой отрасли) Специалист по регистрации наземных геофизических данных (в нефтегазовой отрасли),"Добыча, переработка, транспортировка нефти и газа",Геофизические исследования,1062,2017-06-29,Совет по профессиональным квалификациям в нефтегазовом комплексе
19.050,Специалист-петрофизик,"Добыча, переработка, транспортировка нефти и газа",Исследование физических свойств горных пород,1063,2017-06-29,Совет по профессиональным квалификациям в нефтегазовом комплексе
19.052,Специалист по обработке и интерпретации наземных геофизических данных (в нефтегазовой отрасли) Специалист по обработке и интерпретации наземных геофизических данных (в нефтегазовой отрасли) Специалист по обработке и интерпретации наземных геофизических данных (в нефтегазовой отрасли) Специалист по обработке и интерпретации наземных геофизических данных (в нефтегазовой отрасли) Специалист по обработке и интерпретации наземных геофизических данных (в нефтегазовой отрасли) Специалист по обработке и интерпретации наземных геофизических данных (в нефтегазовой отрасли) Специалист по обработке и интерпретации наземных геофизических данных (в нефтегазовой отрасли) Специалист по обработке и интерпретации наземных геофизических данных (в нефтегазовой отрасли),"Добыча, переработка, транспортировка нефти и газа",Геофизические исследования,1065,2017-06-29,Совет по профессиональным квалификациям в нефтегазовом комплексе
19.051,Трейдер нефтегазового рынка,"Добыча, переработка, транспортировка нефти и газа",Торговля углеводородным сырьем и продуктами его переработки,1064,2017-08-29,Совет по профессиональным квалификациям в нефтегазовом комплексе
19.053,Специалист по диагностике оборудования магистрального трубопровода нефти и нефтепродуктов,"Добыча, переработка, транспортировка нефти и газа",Диагностирование объектов магистральных трубопроводов нефти и нефтепродуктов,1066,2017-07-19,Совет по профессиональным квалификациям в нефтегазовом комплексе
19.054,Работник по эксплуатации трубопроводов нефти и нефтепродуктов,"Добыча, переработка, транспортировка нефти и газа",Эксплуатация трубопроводов нефти и нефтепродуктов (ТНиНП),1067,2017-07-19,Совет по профессиональным квалификациям в нефтегазовом комплексе
19.055,Специалист по эксплуатации нефтепродуктоперекачивающей станции магистрального трубопровода нефти и нефтепродуктов,"Добыча, переработка, транспортировка нефти и газа",Обеспечение и организация эксплуатации нефтепродуктоперекачивающей станции,1068,2017-07-19,Совет по профессиональным квалификациям в нефтегазовом комплексе
19.056,Оператор нефтепродуктоперекачивающей станции магистрального трубопровода нефти и нефтепродуктов,"Добыча, переработка, транспортировка нефти и газа",Эксплуатация нефтепродуктоперекачивающей станции (НППС),1069,2017-08-04,Совет по профессиональным квалификациям в нефтегазовом комплексе
16.135,Монтажник внутридомового и внутриквартирного газового оборудования и газопроводов,Строительство и ЖКХ,Выполнение работ по монтажу внутридомового и внутриквартирного газового оборудования и газопроводов,1070,2017-07-19,Совет по профессиональным квалификациям в строительстве
17.053,Судопропускник,Транспорт,Сопровождение судов через судоходный шлюз или зарегулированный участок внутренних водных путей,1071,2017-08-04,Совет по профессиональным квалификациям на морском и внутреннем водном транспорте
02.018,Врач -биохимик,Здравоохранение,Практическая и теоретическая деятельность в области медицинской биохимии,1072,2017-08-04,Совет по профессиональным квалификациям в здравоохранении
02.019,Врач -биофизик,Здравоохранение,Практическая и теоретическая деятельность в области медицинской биофизики,1073,2017-08-04,Совет по профессиональным квалификациям в здравоохранении
02.020,Врач-кибернетик,Здравоохранение,"Врачебная практика, информационно-технологическая и научно-исследовательская деятельность в области медицинской кибернетики",1074,2017-08-04,Совет по профессиональным квалификациям в здравоохранении
02.021,Врач-оториноларинголог,Здравоохранение,Врачебная практика в области оториноларингологии,1075,2017-08-04,Совет по профессиональным квалификациям в здравоохранении
06.041,Специалист по интеграции прикладных решений,"Связь, информационные и коммуникационные технологии",Интеграция приложений информационных систем и облачных сервисов,1076,2017-09-05,Совет по профессиональным квалификациям в области информационных технологий
33.021,Горничная,"Сервис, оказание услуг населению (торговля, техническое обслуживание, ремонт, предоставление персональных услуг, услуги гостеприимства, общественное питание и пр.)",Уборка номеров (комнат) гостиничных комплексов и иных средств размещения,1079,2017-09-05,Совет по профессиональным квалификациям в сфере гостеприимства
33.022,Работник по приему и размещению гостей,"Сервис, оказание услуг населению (торговля, техническое обслуживание, ремонт, предоставление персональных услуг, услуги гостеприимства, общественное питание и пр.)",Прием и размещение гостей в гостиничных комплексах и иных аналогичных средствах размещения,1080,2017-09-05,Совет по профессиональным квалификациям в сфере гостеприимства
26.015,Специалист по исследованиям и разработке наноструктурированных PVD-покрытий,"Химическое, химико-технологическое производство",Проведение исследований и разработки новых наноструктурированных PVD покрытий,1081,2017-08-29,Совет по профессиональным квалификациям в сфере нанотехнологий и микроэлектроники
26.016,Специалист по контролю и испытаниям наноструктурированных PVD-покрытий,"Химическое, химико-технологическое производство",Проведение контроля и испытаний на этапах получения изделий с наноструктурированными PVD-покрытиями,1082,2017-08-29,Совет по профессиональным квалификациям в сфере нанотехнологий и микроэлектроники
40.185,Специалист по метрологии в наноиндустрии,Сквозные виды профессиональной деятельности,Метрологическое обеспечение инновационной продукции наноиндустрии,1083,2017-09-08,Совет по профессиональным квалификациям в сфере нанотехнологий и микроэлектроники
29.011,Специалист по разработке и оптимизации технологических процессов производства солнечных фотопреобразователей,"Производство электрооборудования, электронного и оптического оборудования",Разработка технологического процесса производства солнечных фотопреобразователей,1084,2017-09-12,Совет по профессиональным квалификациям в сфере нанотехнологий и микроэлектроники
26.017,Специалист по подготовке и эксплуатации научно-промышленного оборудования для получения наноструктурированных PVD-покрытий,"Химическое, химико-технологическое производство",Нанесение наноструктурированных PVD-покрытий на металлы,1085,2017-08-29,Совет по профессиональным квалификациям в сфере нанотехнологий и микроэлектроники
29.012,Технолог производства солнечных фотопреобразователей,"Производство электрооборудования, электронного и оптического оборудования",Производство солнечных фотопреобразователей,1086,2017-09-08,Совет по профессиональным квалификациям в сфере нанотехнологий и микроэлектроники
40.186,Специалист по безопасности инновационной продукции наноиндустрии,Сквозные виды профессиональной деятельности,Оценка и обеспечение безопасности инновационной продукции наноиндустрии,1087,2017-09-08,Совет по профессиональным квалификациям в сфере нанотехнологий и микроэлектроники
40.187,Специалист технического обеспечения процесса сварки деталей и упрочнения сварного шва металлических труб с использованием наноструктурированных материалов,Сквозные виды профессиональной деятельности,"Организация и контроль производства с применением сварки и родственных процессов деталей, узлов трубопровода и труб на стане с использованием наноструктурированных материалов",1088,2017-09-08,Совет по профессиональным квалификациям в сфере нанотехнологий и микроэлектроники
40.188,Специалист технологического процесса сварки деталей и упрочнения сварного шва металлических труб с использованием наноструктурированных материалов,Сквозные виды профессиональной деятельности,"Выполнение полностью механизированной сварки деталей, узлов трубопровода и труб на стане с использованием наноструктурированных материалов",1089,2017-09-08,Совет по профессиональным квалификациям в сфере нанотехнологий и микроэлектроники
06.042,Специалист по большим данным,"Связь, информационные и коммуникационные технологии",Создание и применение технологий больших данных,1090,2020-07-06,Совет по профессиональным квалификациям в области информационных технологий
17.054,Лоцман,Транспорт,"Лоцманская проводка судов на участках морских, внутренних водных путей и акваторий Лоцманская проводка судов на участках морских, внутренних водных путей и акваторий Лоцманская проводка судов на участ",1091,2017-10-13,Совет по профессиональным квалификациям на морском и внутреннем водном транспорте
33.023,Инструктор-проводник,"Сервис, оказание услуг населению (торговля, техническое обслуживание, ремонт, предоставление персональных услуг, услуги гостеприимства, общественное питание и пр.)","Деятельность по подготовке, сопровождению, обслуживанию и обеспечению безопасности туристов при прохождении туристских маршрутов",1092,2017-09-29,Совет по профессиональным квалификациям в сфере гостеприимства
02.022,Специалист в области организации здравоохранения и общественного здоровья Специалист в области организации здравоохранения и общественного здоровья Специалист в области организации здравоохранения и общественного здоровья Специалист в области организации здравоохранения и общественного здоровья Специалист в области организации здравоохранения и общественного здоровья Специалист в области организации здравоохранения и общественного здоровья,Здравоохранение,Управление организацией здравоохранения,1093,2017-11-07,Совет по профессиональным квалификациям в здравоохранении
16.136,Машинист буровой установки,Строительство и ЖКХ,Выполнение механизированных работ с применением бурильной техники различного типа,1094,2014-12-22,Совет по профессиональным квалификациям в строительстве
12.006,Водолаз,Обеспечение безопасности,Организация и выполнение водолазных спусков и работ,1095,2017-10-31,Совет по профессиональным квалификациям в области обеспечения безопасности в чрезвычайных ситуациях
07.005,Специалист административно-хозяйственной деятельности,Административно-управленческая и офисная деятельность,Административно-хозяйственная поддержка и сопровождение деятельности организации,1096,2018-02-02,Совет по профессиональным квалификациям в области документационного и административно-хозяйственного обеспечения деятельности организации
03.013,Помощник по уходу,Социальное обслуживание,"Предоставление услуг по уходу за лицами, нуждающимися в уходе",1097,2018-07-30,"Совет по профессиональным квалификациям в сфере безопасности труда, социальной защиты и занятости населения"
27.096,Специалист по анализу и совершенствованию технологии в доменном производстве,Металлургическое производство,Анализ и совершенствование технологии в доменном производстве,1098,2018-03-16,nan
17.055,Специалист по организации и производству технического обслуживания и ремонта железнодорожного подвижного состава,Транспорт,Организация и производство технического обслуживания и ремонта железнодорожного подвижного состава,1099,2018-02-06,Совет по профессиональным квалификациям на железнодорожном транспорте
17.056,Слесарь по ремонту специального железнодорожного подвижного состава и механизмов,Транспорт,"Ремонт, регулировка и испытание специального железнодорожного подвижного состава и механизмов",1100,2018-02-06,Совет по профессиональным квалификациям на железнодорожном транспорте
17.057,Специалист по транспортному обслуживанию грузовых перевозок на железнодорожном транспорте,Транспорт,Организация и контроль выполнения комплекса услуг по транспортному обслуживанию грузоотправителей и грузополучателей железнодорожного транспорта,1101,2018-04-16,Совет по профессиональным квалификациям на железнодорожном транспорте
02.023,Врач – аллерголог-иммунолог,Здравоохранение,Врачебная практика в области аллергологии и иммунологии,1102,2018-03-14,Совет по профессиональным квалификациям в здравоохранении
02.024,Врач-инфекционист,Здравоохранение,Врачебная практика в области инфекционных болезней,1103,2018-03-14,Совет по профессиональным квалификациям в здравоохранении
02.025,Врач-кардиолог,Здравоохранение,Врачебная практика в области кардиологии,1104,2018-03-14,Совет по профессиональным квалификациям в здравоохранении
02.026,Врач-неонатолог,Здравоохранение,Врачебная практика в области неонатологии,1105,2018-03-14,Совет по профессиональным квалификациям в здравоохранении
02.027,Врач по паллиативной медицинской помощи,Здравоохранение,Врачебная практика в области паллиативной медицинской помощи,1106,2018-06-22,Совет по профессиональным квалификациям в здравоохранении
02.028,Врач-эндокринолог,Здравоохранение,Врачебная практика в области эндокринологии,1107,2018-03-14,Совет по профессиональным квалификациям в здравоохранении
02.029,Врач-патологоанатом,Здравоохранение,Врачебная практика в области патологической анатомии,1108,2018-03-14,Совет по профессиональным квалификациям в здравоохранении
02.030,Врач-нейрохирург,Здравоохранение,Врачебная практика в области нейрохирургии,1109,2018-03-14,Совет по профессиональным квалификациям в здравоохранении
17.058,Работник по погрузке (выгрузке) груза на железнодорожном транспорте,Транспорт,Выполнение погрузочно-разгрузочных операций на железнодорожном транспорте,1110,2018-03-16,Совет по профессиональным квалификациям на железнодорожном транспорте
17.059,"Работник по организации работы и отдыха локомотивных бригад, бригад рефрижераторных секций, проводников пассажирских вагонов",Транспорт,"Организация работы и отдыха локомотивных бригад, бригад рефрижераторных секций, проводников пассажирских вагонов",1111,2018-03-20,Совет по профессиональным квалификациям на железнодорожном транспорте
17.060,"Работник по оперативно-техническому учету работы локомотивов, моторвагонного подвижного состава железнодорожного транспорта",Транспорт,"Обработка документов по оперативно-техническому учету производственных показателей работы локомотивов (моторвагонного подвижного состава, далее – МВПС) железнодорожного транспорта и рабочего времени л",1112,2018-02-12,Совет по профессиональным квалификациям на железнодорожном транспорте
17.061,Бригадир (освобожденный) по обслуживанию и ремонту устройств железнодорожной инфраструктуры,Транспорт,Организация выполнения работ по обслуживанию и ремонту железнодорожного пути и искусственных сооружений на малоинтенсивных железнодорожных участках,1113,2018-02-12,Совет по профессиональным квалификациям на железнодорожном транспорте
17.062,Работник по обслуживанию пассажиров на железнодорожном вокзале (железнодорожном вокзальном комплексе),Транспорт,"Обслуживание пассажиров и посетителей на железнодорожном вокзале, железнодорожном вокзальном комплексе, в пассажирском здании в части предоставления услуг информационно-справочных, ожидания, перемещен",1114,2018-11-01,Совет по профессиональным квалификациям на железнодорожном транспорте
17.063,Инженер по эксплуатации технических средств железнодорожного транспорта,Транспорт,"Организация технической эксплуатации, обслуживания и ремонта устройств железнодорожного транспорта",1115,2018-02-12,Совет по профессиональным квалификациям на железнодорожном транспорте
02.031,Врач – детский хирург,Здравоохранение,Врачебная практика в области детской хирургии,1116,2018-03-14,Совет по профессиональным квалификациям в здравоохранении
02.032,Специалист в области клинической лабораторной диагностики,Здравоохранение,Осуществление медицинской деятельности в области клинической лабораторной диагностики,1117,2018-03-14,Совет по профессиональным квалификациям в здравоохранении
02.033,Врач-дерматовенеролог,Здравоохранение,Врачебная практика в области дерматовенерологии,1118,2018-03-14,Совет по профессиональным квалификациям в здравоохранении
02.034,Врач скорой медицинской помощи,Здравоохранение,"Врачебная практика в области оказания скорой, в том числе скорой специализированной, медицинской помощи",1119,2018-03-14,Совет по профессиональным квалификациям в здравоохранении
02.035,Врач – детский кардиолог,Здравоохранение,Врачебная практика в области детской кардиологии,1120,2018-03-14,Совет по профессиональным квалификациям в здравоохранении
02.036,Врач-уролог,Здравоохранение,Врачебная практика в области урологии,1121,2018-03-14,Совет по профессиональным квалификациям в здравоохранении
02.037,Врач-фтизиатр,Здравоохранение,Врачебная практика в области фтизиатрии,1122,2018-10-31,Совет по профессиональным квалификациям в здравоохранении
17.064,"Специалист по организации процесса эксплуатации, развития и обеспечения работы устройств и систем железнодорожной автоматики и телемеханики",Транспорт,Техническая и технологическая поддержка в обеспечении бесперебойной работы устройств и систем железнодорожной автоматики и телемеханики,1123,2018-03-16,Совет по профессиональным квалификациям на железнодорожном транспорте
17.065,Инспектор железнодорожного подвижного состава и качества ремонта железнодорожного пути,Транспорт,"Контроль качества изготовления, модернизации, ремонта и технического обслуживания железнодорожного подвижного состава, выполнения строительно-монтажных и ремонтных работ на железнодорожном пути",1124,2018-06-04,Совет по профессиональным квалификациям на железнодорожном транспорте
17.066,Монтер по обслуживанию и ремонту устройств железнодорожной инфраструктуры,Транспорт,Выполнение работ по обслуживанию и ремонту устройств инфраструктуры на малоинтенсивных железнодорожных участках,1125,2018-03-16,Совет по профессиональным квалификациям на железнодорожном транспорте
17.067,Работник по обработке перевозочных (проездных) документов,Транспорт,Обработка перевозочных и проездных документов и анализ пассажиропотока на железнодорожном транспорте,1126,2018-03-16,Совет по профессиональным квалификациям на железнодорожном транспорте
11.014,Оператор оборудования плоской офсетной печати,"Средства массовой информации, издательство и полиграфия",Нанесение изображений на запечатываемый материал с использованием оборудования плоской офсетной печати,1127,2018-03-20,"Совет по профессиональным квалификациям в области издательского дела, полиграфического производства и распространения печатной продукции"
11.015,Оператор оборудования флексографской печати,"Средства массовой информации, издательство и полиграфия",Нанесение изображений на запечатываемый материал с использованием оборудования флексографской печати,1128,2018-03-20,"Совет по профессиональным квалификациям в области издательского дела, полиграфического производства и распространения печатной продукции"
11.016,Оператор оборудования цифровой печати,"Средства массовой информации, издательство и полиграфия",Нанесение изображений на запечатываемый материал с использованием оборудования цифровой печати,1129,2018-03-16,"Совет по профессиональным квалификациям в области издательского дела, полиграфического производства и распространения печатной продукции"
11.017,"Специалист по наладке полиграфического оборудования, систем и комплексов","Средства массовой информации, издательство и полиграфия","Наладка полиграфического оборудования, систем и комплексов",1130,2018-04-17,"Совет по профессиональным квалификациям в области издательского дела, полиграфического производства и распространения печатной продукции"
17.068,Инспектор по контролю за техническим содержанием зданий железнодорожного транспорта,Транспорт,Организация и проведение работ по контролю технического содержания зданий и сооружений железнодорожного транспорта,1131,2018-03-16,Совет по профессиональным квалификациям на железнодорожном транспорте
24.078,Специалист-исследователь в области ядерно-энергетических технологий,Атомная промышленность,"Инженерное обеспечение проведения прикладных научных исследований, научно-технических и технологических исследований на объектах использования атомной энергии Инженерное обеспечение проведения приклад",1132,2018-03-16,Совет по профессиональным квалификациям в сфере атомной энергии
25.052,Монтажник радиоэлектронной аппаратуры и приборов в ракетно-космической деятельности,Ракетно-космическая промышленность,Монтаж радиоэлектронной аппаратуры и приборов изделий ракетно-космической техники,1133,2018-03-16,Совет по профессиональным квалификациям в области ракетной техники и космической деятельности
08.035,Маркетолог,Финансы и экономика,Организация маркетинговой деятельности и управление маркетинговой деятельностью,1134,2018-06-04,Совет по профессиональным квалификациям финансового рынка
08.036,Специалист по работе с инвестиционными проектами,Финансы и экономика,Реализация инвестиционных проектов с применением разных форм финансирования,1135,2018-04-16,Совет по профессиональным квалификациям финансового рынка
14.007,Лесной пожарный,"Лесное хозяйство, охота","Охрана лесов от пожаров путем выполнения работ по предупреждению, обнаружению и тушению лесных (природных) пожаров",1136,2018-04-17,Совет по профессиональным квалификациям в области обеспечения безопасности в чрезвычайных ситуациях
07.006,Корпоративный секретарь,Административно-управленческая и офисная деятельность,"Деятельность по обеспечению процессов корпоративного управления в публичном, непубличном акционерном обществе, обществе с ограниченной ответственностью (хозяйственные общества)",1137,2018-11-20,Совет по профессиональным квалификациям финансового рынка
07.007,Специалист по процессному управлению,Административно-управленческая и офисная деятельность,"Деятельность по анализу, регламентированию, проектированию, оптимизации, автоматизации, внедрению и контролю процессов и административных регламентов организаций",1138,2018-04-17,Совет по профессиональным квалификациям финансового рынка
07.008,Специалист по трудовой миграции,Административно-управленческая и офисная деятельность,Консультационное и организационное сопровождение системы управления процессами трудовой миграции,1139,2018-10-29,"Совет по профессиональным квалификациям в сфере безопасности труда, социальной защиты и занятости населения"
07.009,Специалист по формированию электронного архива,Административно-управленческая и офисная деятельность,Создание и обеспечение системы графических образов документов электронного архива,1140,2018-04-19,Совет по профессиональным квалификациям в области документационного и административно-хозяйственного обеспечения деятельности организации
16.137,"Специалист по оценке соответствия эскалаторов, пассажирских конвейеров требованиям безопасности",Строительство и ЖКХ,"Оценка соответствия эскалаторов, пассажирских конвейеров требованиям безопасности",1141,2018-03-16,"Совет по профессиональным квалификациям в лифтовой отрасли, сфере подъемных сооружений и вертикального транспорта"
16.138,"Специалист по организации монтажа электрических подъемников, лифтов, платформ подъемных для инвалидов, эскалаторов, пассажирских конвейеров",Строительство и ЖКХ,"Монтаж систем вертикального транспорта – лифтов, платформ подъемных для инвалидов, эскалаторов, пассажирских конвейеров",1142,2018-03-20,"Совет по профессиональным квалификациям в лифтовой отрасли, сфере подъемных сооружений и вертикального транспорта"
40.190,Специалист по оценке соответствия платформ подъемных для инвалидов требованиям безопасности,Сквозные виды профессиональной деятельности,Оценка соответствия платформ подъемных для инвалидов требованиям безопасности,1144,2018-07-09,"Совет по профессиональным квалификациям в лифтовой отрасли, сфере подъемных сооружений и вертикального транспорта"
40.191,Монтажник канатных дорог,Сквозные виды профессиональной деятельности,Монтаж и установка оборудования канатных дорог,1145,2018-03-20,"Совет по профессиональным квалификациям в лифтовой отрасли, сфере подъемных сооружений и вертикального транспорта"
16.139,Специалист по эксплуатации подъемных сооружений,Строительство и ЖКХ,"Эксплуатация, техническое обслуживание, ремонт подъемных сооружений и крановых путей",1146,2018-03-20,"Совет по профессиональным квалификациям в лифтовой отрасли, сфере подъемных сооружений и вертикального транспорта"
16.140,Электромеханик по эксплуатации и обслуживанию подъемных платформ для инвалидов,Строительство и ЖКХ,Техническое обслуживание и ремонт подъемных платформ для инвалидов,1147,2018-08-23,"Совет по профессиональным квалификациям в лифтовой отрасли, сфере подъемных сооружений и вертикального транспорта"
27.097,Специалист по обеспечению металлургического производства дутьем и сжатым воздухом,Металлургическое производство,Организация процесса подачи дутья и сжатого воздуха на металлургическом производстве,1148,2018-03-19,nan
07.010,Специалист по дистанционному информационно-справочному обслуживанию,Административно-управленческая и офисная деятельность,Деятельность по дистанционному информационно-справочному обслуживанию физических и юридических лиц любых организационно-правовых форм и форм собственности,1149,2018-03-19,Совет по профессиональным квалификациям в области документационного и административно-хозяйственного обеспечения деятельности организации
02.038,Врач – сердечно-сосудистый хирург,Здравоохранение,Врачебная практика в области сердечно-сосудистой хирургии,1150,2018-03-14,Совет по профессиональным квалификациям в здравоохранении
27.098,Работник производства металлических порошков,Металлургическое производство,"Ведение технологических процессов получения порошков металлов и сплавов способами измельчения, распыления и грануляции, восстановления окислов и солей металлов, электролиза, возгонки и диссоциации, во",1151,2018-05-05,nan
27.099,Оператор пылегазоулавливающих установок в металлургии,Металлургическое производство,"Ведение технологических процессов газоочистки, осаждения пыли и возгонов в металлургическом производстве",1152,2018-06-04,nan
27.100,Печевой по переработке титаносодержащих и редкоземельных материалов,Металлургическое производство,Ведение переработки титаносодержащих и редкоземельных материалов,1153,2018-04-05,nan
27.101,"Сталевар-плавильщик вакуумных печей, электрошлаковых установок специальных сталей, сплавов черных и цветных металлов",Металлургическое производство,"Ведение технологического процесса производства специальных сталей, сплавов черных и цветных металлов на вакуумных печах, электрошлаковых установках",1154,2018-04-05,nan
27.102,Специалист по обеспечению металлургического производства электроэнергией,Металлургическое производство,Организация эксплуатации электрических сетей и подстанций металлургического производства,1155,2018-04-17,nan
27.103,"Специалист по производству специальных сталей, сплавов на вакуумных печах и электрошлаковых установках",Металлургическое производство,"Организация производства специальных сталей, сплавов черных и цветных металлов на вакуумных печах и электрошлаковых установках",1156,2018-04-05,nan
27.104,Специалист по анализу и совершенствованию технологии в трубном производстве,Металлургическое производство,Анализ и совершенствование технологии в трубном производстве,1157,2018-04-05,nan
40.192,Специалист по оценке соответствия подъемных сооружений требованиям промышленной безопасности,Сквозные виды профессиональной деятельности,Оценка соответствия подъемных сооружений требованиям безопасности,1158,2018-05-31,"Совет по профессиональным квалификациям в лифтовой отрасли, сфере подъемных сооружений и вертикального транспорта"
14.008,Егерь,"Лесное хозяйство, охота","Проведение охоты, охрана, воспроизводство и регулирование численности охотничьих ресурсов",1159,2018-07-09,Совет по профессиональным квалификациям в сфере экологии и природопользования
14.009,Охотовед,"Лесное хозяйство, охота","Организация охоты, охраны, воспроизводства и регулирования численности охотничьих ресурсов",1160,2018-03-20,Совет по профессиональным квалификациям в сфере экологии и природопользования
14.010,Охотник промысловый,"Лесное хозяйство, охота",Промысловая охота,1161,2018-06-04,Совет по профессиональным квалификациям в сфере экологии и природопользования
24.079,Дозиметрист атомной станции,Атомная промышленность,Контроль радиационной обстановки на атомной электрической станции (АЭС) и в районе ее размещения,1162,2018-09-07,Совет по профессиональным квалификациям в сфере атомной энергии
24.080,Мастер по дезактивации,Атомная промышленность,Организация и проведение работ по дезактивации оборудования и помещений атомной электрической станции (АЭС),1163,2018-04-16,Совет по профессиональным квалификациям в сфере атомной энергии
16.141,Специалист по организации капитального ремонта многоквартирного дома,Строительство и ЖКХ,Организация капитального ремонта многоквартирного дома,1164,2018-04-17,Совет по профессиональным квалификациям в жилищно-коммунальном хозяйстве
27.105,Специалист по производству железорудных окатышей,Металлургическое производство,Организация производства железорудных окатышей,1165,2018-04-05,nan
16.142,Слесарь аварийно-восстановительных работ на сетях водоснабжения и водоотведения,Строительство и ЖКХ,"Обслуживание, ремонт действующих водопроводно-канализационных сетей, устранение аварий на них",1166,2018-06-20,Совет по профессиональным квалификациям в жилищно-коммунальном хозяйстве
16.143,Специалист по организации эксплуатации водопроводных и канализационных сетей,Строительство и ЖКХ,Техническая эксплуатация водопроводных и канализационных сетей,1167,2018-04-17,Совет по профессиональным квалификациям в жилищно-коммунальном хозяйстве
16.144,Специалист по обслуживанию дизельных электрических станций и источников бесперебойного электроснабжения в муниципальных электрических сетях,Строительство и ЖКХ,Обслуживание дизельных электрических станций и источников бесперебойного электроснабжения в муниципальных электрических сетях,1168,2019-01-29,Совет по профессиональным квалификациям в жилищно-коммунальном хозяйстве
16.145,Работник по наладке и эксплуатации релейной защиты и автоматики в муниципальных электрических сетях,Строительство и ЖКХ,"Наладка, техническая эксплуатация, обслуживание и текущий ремонт средств релейной защиты и автоматики в муниципальных электрических сетях",1169,2018-09-25,Совет по профессиональным квалификациям в жилищно-коммунальном хозяйстве
02.039,Специалист по медицинской реабилитации,Здравоохранение,Врачебная практика в области медицинской реабилитации,1170,2018-09-03,Совет по профессиональным квалификациям в здравоохранении
19.057,Специалист по газоспасательным работам на объектах нефтегазовой отрасли,"Добыча, переработка, транспортировка нефти и газа",Газоспасательные и противофонтанные работы по предупреждению возникновения и ликвидации аварий и (или) инцидентов на объектах нефтегазовой отрасли,1171,2018-06-04,Совет по профессиональным квалификациям в нефтегазовом комплексе
32.016,Специалист по наземным испытаниям авиационной техники,Авиастроение,"Наземные испытания авиационной техники (натурных конструкций агрегатов, элементов и их моделей)",1172,2018-04-17,Совет по профессиональным квалификациям в авиастроении
16.146,Специалист по проектированию систем водоснабжения и водоотведения объектов капитального строительства,Строительство и ЖКХ,Проектирование систем водоснабжения и водоотведения объектов капитального строительства,1173,2018-06-04,"Совет по профессиональным квалификациям в области инженерных изысканий, градостроительства, архитектурно-строительного проектирования"
16.147,Специалист по проектированию систем электроснабжения объектов капитального строительства,Строительство и ЖКХ,Проектирование систем электроснабжения объектов капитального строительства,1174,2018-06-04,"Совет по профессиональным квалификациям в области инженерных изысканий, градостроительства, архитектурно-строительного проектирования"
16.148,Специалист по проектированию слаботочных систем управления инженерными сетями объектов капитального строительства,Строительство и ЖКХ,Проектирование слаботочных систем управления инженерными сетями объектов капитального строительства,1175,2018-05-31,"Совет по профессиональным квалификациям в области инженерных изысканий, градостроительства, архитектурно-строительного проектирования"
16.149,"Специалист по проектированию систем отопления, вентиляции и кондиционирования воздуха объектов капитального строительства",Строительство и ЖКХ,"Проектирование систем отопления, вентиляции и кондиционирования воздуха объектов капитального строительства",1176,2018-06-04,"Совет по профессиональным квалификациям в области инженерных изысканий, градостроительства, архитектурно-строительного проектирования"
16.150,Специалист по проектированию систем газоснабжения (сетей газораспределения и газопотребления) объектов капитального строительства,Строительство и ЖКХ,Проектирование систем газоснабжения (сетей газораспределения и газопотребления) объектов капитального строительства,1177,2018-05-31,"Совет по профессиональным квалификациям в области инженерных изысканий, градостроительства, архитектурно-строительного проектирования"
30.028,Плотник судовой,Судостроение,Плотницкие работы при постройке и ремонте судов и плавучих сооружений,1178,2018-06-04,Совет по профессиональным квалификациям в отрасли судостроения и морской техники
20.037,Работник по формированию прогнозов потребления электроэнергии и мощности,Электроэнергетика,Формирование прогнозных значений потребления электрической энергии и мощности на оптовом рынке,1179,2018-06-18,Совет по профессиональным квалификациям в электроэнергетике
30.029,Такелажник,Судостроение,Такелажные работы,1180,2018-06-04,Совет по профессиональным квалификациям в отрасли судостроения и морской техники
10.009,Землеустроитель,"Архитектура, проектирование, геодезия, топография и дизайн",Проведение землеустройства,1181,2018-05-05,Совет по профессиональным квалификациям агропромышленного комплекса
30.030,Трубогибщик судовой,Судостроение,"Гибка труб на трубогибочном оборудовании в заводских условиях при постройке и ремонте судов, плавучих сооружений и их составных частей",1182,2018-06-04,Совет по профессиональным квалификациям в отрасли судостроения и морской техники
30.031,Электромонтажник судовой,Судостроение,"Электромонтажные и регулировочно-сдаточные работы при постройке, ремонте, модернизации, сервисном обслуживании, восстановлении технической готовности судов и плавучих сооружений",1183,2018-06-27,Совет по профессиональным квалификациям в отрасли судостроения и морской техники
24.081,Специалист (инженер) в области технического обслуживания и ремонта на атомной станции,Атомная промышленность,Инженерно-техническое обеспечение ремонта оборудования и трубопроводов технологических систем атомной электростанции (АЭС),1184,2018-06-04,Совет по профессиональным квалификациям в сфере атомной энергии
24.082,Специалист учебно-тренировочного подразделения атомной станции (технические средства обучения),Атомная промышленность,"Техническое обслуживание, эксплуатация и ремонт технических средств обучения учебно-тренировочного подразделения атомных электрических станций (АЭС)",1185,2018-06-04,Совет по профессиональным квалификациям в сфере атомной энергии
24.083,Специалист-теплоэнергетик атомной станции,Атомная промышленность,Инженерное обеспечение работы тепломеханического оборудования атомной электростанции (АЭС) для выработки тепловой и электрической энергии,1186,2018-06-04,Совет по профессиональным квалификациям в сфере атомной энергии
40.193,Специалист по технологическому обеспечению производства детских товаров,Сквозные виды профессиональной деятельности,Технологическое обеспечение производства детских товаров,1187,2018-06-04,Совет по профессиональным квалификациям в сфере производства социально-значимых товаров
06.043,Специалист по интернет-маркетингу,"Связь, информационные и коммуникационные технологии","Разработка и реализация стратегии продвижения веб-сайтов, интерактивных приложений, информационных ресурсов, товаров и услуг в глобальной информационно-коммуникационной сети «Интернет»",1188,2019-02-19,Совет по профессиональным квалификациям в области информационных технологий
17.069,Оператор системы управления движением судов,Транспорт,Организация движения судов и оказание помощи в судовождении в зоне действия системы управления движением судов,1189,2018-06-18,Совет по профессиональным квалификациям на морском и внутреннем водном транспорте
17.070,Инспектор государственного портового контроля,Транспорт,"Обеспечение эффективной системы контроля соблюдения международных и национальных требований на судах и плавучих объектах, находящихся в морских портах и на внутренних водных путях Российской Федерации",1190,2018-06-04,Совет по профессиональным квалификациям на морском и внутреннем водном транспорте
07.011,Специалист в сфере национальных и религиозных отношений,Административно-управленческая и офисная деятельность,Деятельность в сфере национальных и религиозных отношений,1191,2018-08-02,nan
20.038,Работник по расчетно-договорной работе энергосбытовой организации,Электроэнергетика,"Расчетно-договорная работа энергосбытовой организации в части, касающейся договоров энергоснабжения (электроснабжения, теплоснабжения), купли-продажи электрической энергии и договоров оказания услуг п",1192,2018-06-27,Совет по профессиональным квалификациям в электроэнергетике
20.039,Работник по техническому аудиту систем учета электроэнергии,Электроэнергетика,Технический аудит систем коммерческого и технического учета электроэнергии,1193,2018-06-27,Совет по профессиональным квалификациям в электроэнергетике
14.011,Мастер питомника,"Лесное хозяйство, охота","Организация и выполнение работ по выращиванию посадочного материала для лесовосстановления, лесоразведения и озеленения",1194,2018-06-27,nan
19.058,Работник по исследованию скважин,"Добыча, переработка, транспортировка нефти и газа",Исследование скважин,1195,2018-08-30,Совет по профессиональным квалификациям в нефтегазовом комплексе
17.071,"Специалист по эксплуатации беспилотных авиационных систем, включающих в себя одно или несколько беспилотных воздушных судов с максимальной взлетной массой 30 кг и менее",Транспорт,"Эксплуатация беспилотных авиационных систем, включающих в себя одно или несколько беспилотных воздушных судов с максимальной взлетной массой 30 килограммов и менее",1196,2018-07-05,Совет по профессиональным квалификациям воздушного транспорта
19.059,Работник по абонентскому обслуживанию газового хозяйства,"Добыча, переработка, транспортировка нефти и газа","Абонентское обслуживание потребителей газа, приобретающих газ для обеспечения коммунально-бытовых нужд",1197,2018-07-30,Совет по профессиональным квалификациям в нефтегазовом комплексе
19.060,Специалист по эксплуатации электрооборудования объектов нефтегазовой отрасли,"Добыча, переработка, транспортировка нефти и газа",Организация эксплуатации электрооборудования объектов нефтегазовой отрасли,1198,2024-09-18,Совет по профессиональным квалификациям в нефтегазовом комплексе
19.061,"Специалист по организации строительства, реконструкции и капитального ремонта объектов нефтегазовой отрасли","Добыча, переработка, транспортировка нефти и газа","Организация строительства, реконструкции и капитального ремонта (восстановления) объектов нефтегазовой отрасли",1199,2018-07-24,Совет по профессиональным квалификациям в нефтегазовом комплексе
02.040,Врач-анестезиолог-реаниматолог,Здравоохранение,Врачебная практика в области анестезиологии-реаниматологии,1200,2018-08-27,Совет по профессиональным квалификациям в здравоохранении
25.053,Специалист по разработке неметаллических композиционных материалов и покрытий в ракетно-космической промышленности,Ракетно-космическая промышленность,Разработка неметаллических композиционных материалов и покрытий в ракетно-космической промышленности,1201,2018-09-03,Совет по профессиональным квалификациям в области ракетной техники и космической деятельности
17.072,Работник по организации обслуживания пассажирских перевозок воздушным транспортом,Транспорт,Организация обслуживания пассажирских перевозок воздушным транспортом,1202,2018-09-07,Совет по профессиональным квалификациям воздушного транспорта
14.012,"Инженер по лесопользованию, лесовосстановлению, охране и защите лесов","Лесное хозяйство, охота","Организация и контроль использования, восстановления, охраны и защиты лесов",1203,2018-08-30,Совет по профессиональным квалификациям в сфере экологии и природопользования
08.037,Бизнес-аналитик,Финансы и экономика,"Деятельность по выявлению бизнес-проблем, выяснению потребностей заинтересованных сторон, обоснованию решений и обеспечению проведения изменений в организации",1204,2018-09-25,Совет по профессиональным квалификациям финансового рынка
24.084,Крепильщик в атомной отрасли,Атомная промышленность,"Строительство и поддержание подземных сооружений в организациях атомной отрасли, в том числе отнесенных к радиационно опасным производствам",1205,2018-09-27,Совет по профессиональным квалификациям в сфере атомной энергии
24.085,Машинист мельниц на предприятиях атомной отрасли,Атомная промышленность,Проведение технологических процессов по первичному обогащению урановых руд и других полезных ископаемых,1206,2018-09-27,Совет по профессиональным квалификациям в сфере атомной энергии
24.086,Оператор механизированных и автоматизированных складов в атомной отрасли,Атомная промышленность,"Обеспечение безопасного приема, внутрискладского распределения, хранения и отгрузки материалов с использованием кранов и специальной техники различной грузоподъемности, в том числе в условиях агрессив",1207,2018-10-17,Совет по профессиональным квалификациям в сфере атомной энергии
24.087,Электрослесарь по обслуживанию и ремонту оборудования на предприятиях атомной отрасли,Атомная промышленность,"Проведение технологических процессов по ремонту и обслуживанию электрооборудования в горно-добывающих организациях атомной отрасли, в том числе в условиях повышенного радиационного фона",1208,2019-02-19,Совет по профессиональным квалификациям в сфере атомной энергии
40.194,Специалист по безопасности товаров и услуг для детей,Сквозные виды профессиональной деятельности,Контроль соответствия выпускаемых в обращение товаров для детей и оказываемых детям услуг требованиям к их безопасности,1209,2018-09-27,Совет по профессиональным квалификациям в сфере производства социально-значимых товаров
27.106,Специалист по научно-техническим разработкам и испытаниям в области производства труб из наномодифицированной стали,Металлургическое производство,"Научно-технические исследования и разработка, контроль и испытания в области производства бесшовных труб из наномодифицированной стали",1210,2018-09-27,Совет по профессиональным квалификациям в сфере нанотехнологий и микроэлектроники
27.107,Специалист по технологии труб из наномодифицированной стали,Металлургическое производство,Технологическое сопровождение и контроль производства труб из наномодифицированной стали,1211,2018-09-27,Совет по профессиональным квалификациям в сфере нанотехнологий и микроэлектроники
08.038,Специалист по экономике труда,Финансы и экономика,Деятельность по экономике труда,1212,2020-11-17,Совет по профессиональным квалификациям в области управления персоналом
29.013,Специалист по разработке световых приборов со светодиодами,"Производство электрооборудования, электронного и оптического оборудования",Разработка световых приборов со светодиодами,1213,2018-09-27,Совет по профессиональным квалификациям в сфере нанотехнологий и микроэлектроники
29.014,Специалист по световому дизайну и проектированию инновационных осветительных установок,"Производство электрооборудования, электронного и оптического оборудования",Световой дизайн и проектирование инновационных осветительных установок,1214,2018-09-27,Совет по профессиональным квалификациям в сфере нанотехнологий и микроэлектроники
01.006,Мастер производственного обучения вождению транспортных средств соответствующих категорий и подкатегорий,Образование и наука,Обучение вождению транспортных средств (далее – ТС) соответствующих категорий и подкатегорий,1215,2018-09-28,Совет по профессиональным квалификациям в сфере образования
14.013,Диспетчер в области охраны лесов,"Лесное хозяйство, охота",Осуществление диспетчерского управления при организации и проведении мероприятий по охране и защите лесов,1216,2018-10-09,Совет по профессиональным квалификациям в области обеспечения безопасности в чрезвычайных ситуациях
14.014,Летчик-наблюдатель,"Лесное хозяйство, охота",Организация и выполнение авиационных работ по охране лесов от пожаров,1217,2018-10-25,nan
25.054,Специалист по проектированию и конструированию жидкостных ракетных двигателей,Ракетно-космическая промышленность,"Проектирование, конструирование, сертификация жидкостных ракетных двигателей, проведение научно-исследовательских работ по жидкостным ракетным двигателям и сопровождение производства жидкостных ракетн",1218,2018-10-30,Совет по профессиональным квалификациям в области ракетной техники и космической деятельности
03.014,Няня (работник по присмотру и уходу за детьми),Социальное обслуживание,Деятельность по присмотру и уходу за детьми дошкольного возраста,1219,2018-12-05,Совет по профессиональным квалификациям в сфере образования
06.044,Консультант в области развития цифровой грамотности населения (цифровой куратор),"Связь, информационные и коммуникационные технологии",Оказание информационно-консультационных услуг населению в области развития цифровой грамотности,1220,2018-10-31,Совет по профессиональным квалификациям в сфере образования
02.041,Врач-нефролог,Здравоохранение,Врачебная практика в области нефрологии,1221,2018-11-20,Совет по профессиональным квалификациям в здравоохранении
09.002,Специалист по конкурентному праву,Юриспруденция,Правовое сопровождение и контроль соответствия деятельности организаций требованиям антимонопольного законодательства Российской Федерации,1222,2018-10-09,"Совет по профессиональным квалификациям торговой, внешнеторговой и по отдельным видам предпринимательской и экономической деятельности"
02.042,Специалист по медицинскому массажу,Здравоохранение,Деятельность среднего медицинского персонала в области медицинского массажа,1223,2018-11-26,Совет по профессиональным квалификациям в здравоохранении
02.043,Врач-хирург,Здравоохранение,Врачебная практика в области хирургии,1224,2018-11-26,Совет по профессиональным квалификациям в здравоохранении
02.044,Врач – травматолог-ортопед,Здравоохранение,Врачебная практика в области травматологии и ортопедии,1225,2018-11-12,Совет по профессиональным квалификациям в здравоохранении
20.040,Работник по ремонту электротехнического оборудования тепловой электростанции,Электроэнергетика,"Организация, проведение и контроль выполнения работ по ремонту электротехнического оборудования (далее – ЭТО) тепловой электрической станции (далее – ТЭС)",1226,2018-10-30,Совет по профессиональным квалификациям в электроэнергетике
26.018,Аппаратчик ведения технологических процессов на производстве основных неорганических веществ и азотных соединений,"Химическое, химико-технологическое производство","Ведение технологических процессов при производстве основных неорганических веществ, производстве удобрений и азотных соединений",1227,2018-10-31,Совет по профессиональным квалификациям химического и биотехнического комплекса
17.073,Работник по уборке и поддержанию в работоспособном состоянии объектов железнодорожной инфраструктуры,Транспорт,Выполнение работ по уборке и поддержанию в работоспособном состоянии объектов железнодорожной инфраструктуры,1228,2018-12-12,Совет по профессиональным квалификациям на железнодорожном транспорте
17.074,Специалист по организации деятельности по обслуживанию пассажиров и посетителей в железнодорожном агентстве,Транспорт,Организация деятельности по обслуживанию пассажиров и посетителей в железнодорожном агентстве,1229,2018-12-12,Совет по профессиональным квалификациям на железнодорожном транспорте
17.075,Специалист по организации процесса обслуживания и ремонта устройств железнодорожной инфраструктуры на малоинтенсивных железнодорожных участках,Транспорт,Организация процесса обслуживания и ремонта устройств железнодорожной инфраструктуры на малоинтенсивных железнодорожных участках,1230,2019-01-18,Совет по профессиональным квалификациям на железнодорожном транспорте
17.076,Руководитель подразделения организации железнодорожного транспорта,Транспорт,Управление подразделением организации железнодорожного транспорта,1231,2018-12-12,Совет по профессиональным квалификациям на железнодорожном транспорте
24.088,Специалист (инженер) по эксплуатации и руководству эксплуатацией блока (блоков) атомной электростанции,Атомная промышленность,Организация эксплуатации и руководство эксплуатацией блоков атомной электростанции,1232,2019-01-18,Совет по профессиональным квалификациям в сфере атомной энергии
17.077,Специалист по обслуживанию и ремонту устройств железнодорожной инфраструктуры на малоинтенсивных железнодорожных участках,Транспорт,Организация и контроль выполнения работ по обслуживанию и ремонту устройств железнодорожной инфраструктуры на малоинтенсивных железнодорожных участках,1233,2019-01-18,Совет по профессиональным квалификациям на железнодорожном транспорте
24.089,Специалист в области электротехнического обеспечения атомной станции,Атомная промышленность,Обеспечение работы электротехнического оборудования (далее – ЭТО) атомных станций (далее – АС),1234,2019-01-18,Совет по профессиональным квалификациям в сфере атомной энергии
01.007,"Специалист, участвующий в организации деятельности детского коллектива (вожатый)",Образование и наука,"Содействие организации по сопровождению деятельности детского коллектива (группы, подразделения, объединения)",1235,2018-12-25,Совет по профессиональным квалификациям в сфере образования
04.006,Специалист по подготовке к производству анимационного кино,"Культура, искусство",Подготовка к производству анимационного кино,1236,2018-12-25,Совет по профессиональным квалификациям в сфере культуры
04.007,Специалист по визуализации в анимационном кино,"Культура, искусство",Компьютерная визуализация в анимационном кино,1237,2018-12-25,Совет по профессиональным квалификациям в сфере культуры
04.008,Художник-аниматор,"Культура, искусство",Визуализация движения персонажа в анимационном произведении,1238,2018-12-25,Совет по профессиональным квалификациям в сфере культуры
02.045,Врач – детский эндокринолог,Здравоохранение,Врачебная практика в области детской эндокринологии,1239,2019-01-29,Совет по профессиональным квалификациям в здравоохранении
02.046,Врач-невролог,Здравоохранение,Врачебная практика в области неврологии,1240,2019-01-29,Совет по профессиональным квалификациям в здравоохранении
02.047,Врач-ревматолог,Здравоохранение,Врачебная практика в области ревматологии,1241,2019-01-29,Совет по профессиональным квалификациям в здравоохранении
17.078,Командир земснаряда – механик,Транспорт,Управление технологическими процессами работы земснаряда и обеспечение его исправного технического состояния,1242,2019-01-23,Совет по профессиональным квалификациям на морском и внутреннем водном транспорте
02.048,Врач – челюстно-лицевой хирург,Здравоохранение,Врачебная практика в челюстно-лицевой области,1243,2020-06-15,Совет по профессиональным квалификациям в здравоохранении
02.049,Врач-гериатр,Здравоохранение,Врачебная практика в области гериатрии,1244,2019-06-17,Совет по профессиональным квалификациям в здравоохранении
02.050,Врач-колопроктолог,Здравоохранение,Врачебная практика в области колопроктологии,1245,2019-02-11,Совет по профессиональным квалификациям в здравоохранении
10.010,Ландшафтный архитектор,"Архитектура, проектирование, геодезия, топография и дизайн",Создание объектов ландшафтной архитектуры,1246,2019-01-29,"Совет по профессиональным квалификациям в области инженерных изысканий, градостроительства, архитектурно-строительного проектирования"
02.051,Врач ультразвуковой диагностики,Здравоохранение,Врачебная практика в ультразвуковой диагностике,1247,2019-03-19,Совет по профессиональным квалификациям в здравоохранении
02.052,Врач-гастроэнтеролог,Здравоохранение,Врачебная практика в области гастроэнтерологии,1248,2019-03-11,Совет по профессиональным квалификациям в здравоохранении
02.053,Врач-гематолог,Здравоохранение,Врачебная практика в области гематологии,1249,2019-02-11,Совет по профессиональным квалификациям в здравоохранении
02.054,Врач-генетик,Здравоохранение,Врачебная практика в области генетики,1250,2019-03-11,Совет по профессиональным квалификациям в здравоохранении
02.055,Врач функциональной диагностики,Здравоохранение,Осуществление деятельности в области функциональной диагностики,1251,2019-03-11,Совет по профессиональным квалификациям в здравоохранении
02.056,Врач – торакальный хирург,Здравоохранение,Врачебная практика в области торакальной хирургии,1252,2019-03-11,Совет по профессиональным квалификациям в здравоохранении
02.057,Врач-эндоскопист,Здравоохранение,Врачебная практика с применением эндоскопических методов диагностики,1253,2021-07-14,Совет по профессиональным квалификациям в здравоохранении
02.058,Врач-пульмонолог,Здравоохранение,Врачебная практика в области пульмонологии,1254,2019-03-19,Совет по профессиональным квалификациям в здравоохранении
02.059,Врач-токсиколог,Здравоохранение,Врачебная практика в области токсикологии,1255,2019-03-11,Совет по профессиональным квалификациям в здравоохранении
02.060,Врач-рентгенолог,Здравоохранение,Врачебная практика в области рентгенологии,1256,2019-03-19,Совет по профессиональным квалификациям в здравоохранении
17.079,Инженер-экономист водного транспорта,Транспорт,Инженерно-экономическое обеспечение деятельности на водном транспорте,1257,2019-02-19,Совет по профессиональным квалификациям на морском и внутреннем водном транспорте
17.080,Работник восстановительного поезда,Транспорт,"Организация, контроль и выполнение работ по ликвидации последствий крушений, аварий, сходов подвижного состава с рельсов, стихийных бедствий, чрезвычайных ситуаций в пределах тактико-технических возмо",1258,2019-02-19,Совет по профессиональным квалификациям на железнодорожном транспорте
17.081,Работник по экипировке транспортных средств железнодорожного транспорта и снабжению нефтепродуктами подразделений организаций железнодорожного транспорта,Транспорт,"Экипировка транспортных средств железнодорожного транспорта, снабжение нефтепродуктами подразделений организаций железнодорожного транспорта и руководство производственно-хозяйственной деятельностью б",1259,2019-02-19,Совет по профессиональным квалификациям на железнодорожном транспорте
17.082,Инструктор поездных бригад,Транспорт,Оперативное руководство работниками и инструкторами поездных бригад на железнодорожном транспорте,1260,2019-02-19,Совет по профессиональным квалификациям на железнодорожном транспорте
17.083,Специалист по контролю пассажирских перевозок и пунктов продажи проездных и перевозочных документов на железнодорожном транспорте,Транспорт,Контроль пассажирских перевозок и пунктов продажи проездных и перевозочных документов на железнодорожном транспорте,1261,2019-02-19,Совет по профессиональным квалификациям на железнодорожном транспорте
17.084,Работник по диагностике состояния рельсов и элементов стрелочных переводов железнодорожного пути,Транспорт,Организация и выполнение работ по диагностике состояния рельсов и элементов стрелочных переводов железнодорожного пути,1262,2019-02-25,Совет по профессиональным квалификациям на железнодорожном транспорте
17.085,"Специалист по контролю за сохранностью перевозимого груза (вагонного парка), грузовой и коммерческой работой железнодорожного транспорта",Транспорт,"Организация и проведение работ по контролю за сохранностью перевозимого груза (вагонного парка), грузовой и коммерческой работой железнодорожного транспорта",1263,2019-02-25,Совет по профессиональным квалификациям на железнодорожном транспорте
25.055,Слесарь по изготовлению и доводке деталей изделий ракетно- космической техники Слесарь по изготовлению и доводке деталей изделий ракетно- космической техники Слесарь по изготовлению и доводке деталей изделий ракетно- космической техники Слесарь по изготовлению и доводке деталей изделий ракетно- космической техники Слесарь по изготовлению и доводке деталей изделий ракетно- космической техники Слесарь по изготовлению и доводке деталей изделий ракетно- космической техники Слесарь по изготовлению и доводке деталей изделий ракетно- космической техники Слесарь по изготовлению и доводке деталей изделий ракетно- космической техники Слесарь по изготовлению и доводке деталей изделий ракетно- космической техники Слесарь по изготовлению и доводке деталей изделий ракетно- космической техники Слесарь по изготовлению и доводке деталей изделий ракетно- космической техники Слесарь по изготовлению и доводке деталей изделий ракетно- космической техники Слесарь по изготовлению и доводке деталей изделий ракетно- космической техники Слесарь по изготовлению и доводке деталей изделий ракетно- космической техники Слесарь по изготовлению и доводке деталей изделий ракетно- космической техники Слесарь по изготовлению и доводке деталей изделий ракетно- космической техники Слесарь по изготовлению и доводке деталей изделий ракетно- космической техники Слесарь по изготовлению и доводке деталей изделий ракетно- космической техники Слесарь по изготовлению и доводке деталей изделий ракетно- космической техники Слесарь по изготовлению и доводке деталей изделий ракетно- космической техники Слесарь по изготовлению и доводке деталей изделий ракетно- космической техники Слесарь по изготовлению и доводке деталей изделий ракетно- космической техники Слесарь по изготовлению и доводке деталей изделий ракетно- космической техники Слесарь по изготовлению и доводке деталей изделий ракетно- космической техники Слесарь по изготовлению и доводке деталей изделий ракетно- космической техники Слесарь по изготовлению и доводке деталей изделий ракетно- космической техники Слесарь по изготовлению и доводке деталей изделий ракетно- космической техники Слесарь по изготовлению и доводке деталей изделий ракетно- космической техники Слесарь по изготовлению и доводке деталей изделий ракетно- космической техники Слесарь по изготовлению и доводке деталей изделий ракетно- космической техники,Ракетно-космическая промышленность,Изготовление и доводка деталей для изделий ракетно-космической промышленности,1264,2019-02-25,Совет по профессиональным квалификациям в области ракетной техники и космической деятельности
25.056,Слесарь по изготовлению и ремонту трубопроводов изделий ракетно космической техники,Ракетно-космическая промышленность,Изготовление и ремонт трубопроводов в ракетно-космической промышленности,1265,2019-02-25,Совет по профессиональным квалификациям в области ракетной техники и космической деятельности
40.195,Монтажник оборудования холодильных установок,Сквозные виды профессиональной деятельности,Ведение монтажа оборудования холодильных установок и пусконаладочных работ,1266,2019-03-11,Совет по профессиональным квалификациям в машиностроении
26.019,Специалист по подготовке и эксплуатации оборудования для производства наноструктурированных лекарственных средств,"Химическое, химико-технологическое производство",Подготовка и эксплуатация оборудования для производства наноструктурированных лекарственных средств,1267,2019-08-30,Совет по профессиональным квалификациям в сфере нанотехнологий и микроэлектроники
26.020,Специалист по технологии производства наноструктурированных лекарственных средств,"Химическое, химико-технологическое производство",Производство наноструктурированных лекарственных средств,1268,2019-08-30,Совет по профессиональным квалификациям в сфере нанотехнологий и микроэлектроники
26.021,Специалист по контролю и проведению испытаний качества наноструктурированных лекарственных средств,"Химическое, химико-технологическое производство",Контроль качества наноструктурированных лекарственных средств,1269,2019-08-30,Совет по профессиональным квалификациям в сфере нанотехнологий и микроэлектроники
24.090,Специалист по оценке стоимости затрат проектов сооружения объектов использования атомной энергии,Атомная промышленность,Оценка затрат на проекты при сооружении объектов использования атомной энергии (далее – ОИАЭ),1270,2019-04-09,Совет по профессиональным квалификациям в сфере атомной энергии
24.091,Специалист по контролю затрат проектов сооружения объектов использования атомной энергии,Атомная промышленность,Контроль затрат проектов сооружения объектов использования атомной энергии (далее – ОИАЭ),1271,2019-04-09,Совет по профессиональным квалификациям в сфере атомной энергии
24.092,Специалист по ценообразованию и сметному делу при сооружении объектов использования атомной энергии Специалист по ценообразованию и сметному делу при сооружении объектов использования атомной энергии Специалист по ценообразованию и сметному делу при сооружении объектов использования атомной энергии Специалист по ценообразованию и сметному делу при сооружении объектов использования атомной энергии Специалист по ценообразованию и сметному делу при сооружении объектов использования атомной энергии Специалист по ценообразованию и сметному делу при сооружении объектов использования атомной энергии Специалист по ценообразованию и сметному делу при сооружении объектов использования атомной энергии Специалист по ценообразованию и сметному делу при сооружении объектов использования атомной энергии Специалист по ценообразованию и сметному делу при сооружении объектов использования атомной энергии Специалист по ценообразованию и сметному делу при сооружении объектов использования атомной энергии Специалист по ценообразованию и сметному делу при сооружении объектов использования атомной энергии Специалист по ценообразованию и сметному делу при сооружении объектов использования атомной энергии Специалист по ценообразованию и сметному делу при сооружении объектов использования атомной энергии Специалист по ценообразованию и сметному делу при сооружении объектов использования атомной энергии Специалист по ценообразованию и сметному делу при сооружении объектов использования атомной энергии Специалист по ценообразованию и сметному делу при сооружении объектов использования атомной энергии Специалист по ценообразованию и сметному делу при сооружении объектов использования атомной энергии Специалист по ценообразованию и сметному делу при сооружении объектов использования атомной энергии Специалист по ценообразованию и сметному делу при сооружении объектов использования атомной энергии Специалист по ценообразованию и сметному делу при сооружении объектов использования атомной энергии Специалист по ценообразованию и сметному делу при сооружении объектов использования атомной энергии Специалист по ценообразованию и сметному делу при сооружении объектов использования атомной энергии Специалист по ценообразованию и сметному делу при сооружении объектов использования атомной энергии Специалист по ценообразованию и сметному делу при сооружении объектов использования атомной энергии Специалист по ценообразованию и сметному делу при сооружении объектов использования атомной энергии Специалист по ценообразованию и сметному делу при сооружении объектов использования атомной энергии Специалист по ценообразованию и сметному делу при сооружении объектов использования атомной энергии Специалист по ценообразованию и сметному делу при сооружении объектов использования атомной энергии Специалист по ценообразованию и сметному делу при сооружении объектов использования атомной энергии,Атомная промышленность,Ценообразование и сметное нормирование при сооружении объектов использования атомной энергии (далее – ОИАЭ),1272,2019-04-09,Совет по профессиональным квалификациям в сфере атомной энергии
25.057,Испытатель изделий в ракетно-космической промышленности,Ракетно-космическая промышленность,Проведение испытаний космических аппаратов и ракет-носителей в ракетно-космической промышленности,1273,2019-05-06,Совет по профессиональным квалификациям в области ракетной техники и космической деятельности
25.058,Контролер по техническому контролю в ракетно-космической промышленности,Ракетно-космическая промышленность,Контроль качества изготовления продукции в ракетно-космической промышленности,1274,2019-04-09,Совет по профессиональным квалификациям в области ракетной техники и космической деятельности
24.093,Специалист по календарно-сетевому планированию проектов сооружения объектов использования атомной энергии,Атомная промышленность,Разработка и контроль реализации календарно-сетевых планов для эффективного управления проектами сооружения объектов использования атомной энергии (ОАИЭ),1275,2019-04-15,Совет по профессиональным квалификациям в сфере атомной энергии
24.094,Специалист по управлению проектом сооружения объектов использования атомной энергии,Атомная промышленность,Управление проектами по сооружению объектов использования атомной энергии (ОИАЭ),1276,2019-05-06,Совет по профессиональным квалификациям в сфере атомной энергии
24.095,Инженер в области производственно-технического обеспечения при сооружении объектов использования атомной энергии,Атомная промышленность,Производственно-техническое обеспечение при сооружении объектов использования атомной энергии,1277,2019-05-06,Совет по профессиональным квалификациям в сфере атомной энергии
20.041,Работник по оперативно-технологическому управлению в электрических сетях 35 кВ и выше,Электроэнергетика,Оперативно-технологическое управление в электрических сетях 35 кВ и выше,1278,2019-05-14,Совет по профессиональным квалификациям в электроэнергетике
08.039,Специалист по внешнеэкономической деятельности,Финансы и экономика,Осуществление внешнеэкономической деятельности организации,1279,2019-06-17,"Совет по профессиональным квалификациям торговой, внешнеторговой и по отдельным видам предпринимательской и экономической деятельности"
17.086,Механизатор (докер-механизатор) комплексной бригады на погрузочно разгрузочных работах в морских и речных портах,Транспорт,"Производство операций, предусмотренных технологиями грузообработки в морских и речных портах",1280,2019-05-29,Совет по профессиональным квалификациям на морском и внутреннем водном транспорте
40.196,Сборщик микросхем,Сквозные виды профессиональной деятельности,Сборка интегральных микросхем различного конструктивного исполнения,1281,2019-05-29,Совет по профессиональным квалификациям в области промышленной электроники и приборостроения
40.197,Наладчик электроэрозионных копировально-прошивочных станков,Сквозные виды профессиональной деятельности,Наладка электроэрозионных копировально-прошивочных станков,1282,2019-06-17,Совет по профессиональным квалификациям в машиностроении
40.198,Специалист по проектированию гидро- и пневмоприводов,Сквозные виды профессиональной деятельности,Проектирование гидравлических и пневматических приводов,1283,2019-07-02,Совет по профессиональным квалификациям в машиностроении
40.199,Контролер станочных и слесарных работ,Сквозные виды профессиональной деятельности,Технический контроль качества деталей и сборочных единиц в механосборочном производстве,1284,2019-07-02,Совет по профессиональным квалификациям в машиностроении
40.200,Слесарь механосборочных работ,Сквозные виды профессиональной деятельности,Слесарная обработка деталей и сборка изделий машиностроения,1285,2019-07-02,Совет по профессиональным квалификациям в машиностроении
40.201,Контролер и испытатель радиоэлектронных средств,Сквозные виды профессиональной деятельности,Контроль и испытания радиоэлектронных средств,1286,2019-07-03,Совет по профессиональным квалификациям в области промышленной электроники и приборостроения
19.062,"Работник по эксплуатации цементировочного, промывочного агрегатов","Добыча, переработка, транспортировка нефти и газа","Эксплуатация цементировочного, цементно-смесительного, промывочного, кислотного агрегата и (или) установки при бурении, освоении, ремонте, обслуживании, реконструкции и ликвидации скважин",1287,2019-07-18,Совет по профессиональным квалификациям в нефтегазовом комплексе
19.063,Слесарь по ремонту промыслового нефтегазового оборудования,"Добыча, переработка, транспортировка нефти и газа",Обслуживание и ремонт промыслового нефтегазового оборудования,1288,2019-07-15,Совет по профессиональным квалификациям в нефтегазовом комплексе
17.087,Стивидор,Транспорт,Планирование и организация портовых перегрузочных работ,1289,2019-07-18,Совет по профессиональным квалификациям на морском и внутреннем водном транспорте
19.064,Машинист технологических насосов нефтегазовой отрасли,"Добыча, переработка, транспортировка нефти и газа",Эксплуатация технологических насосов нефтегазовой отрасли,1290,2019-07-18,Совет по профессиональным квалификациям в нефтегазовом комплексе
20.042,Работник по диагностике оборудования электрических сетей методами испытаний и измерений,Электроэнергетика,Техническое диагностирование оборудования электрических сетей методами испытаний и измерений,1291,2019-07-18,Совет по профессиональным квалификациям в электроэнергетике
24.096,Специалист по планированию и бюджетированию капитальных вложений в проекты сооружения объектов использования атомной энергии,Атомная промышленность,Организация и планирование процессов бюджетирования капиталовложений при реализации проектов сооружения объектов использования атомной энергии (ОИАЭ),1292,2019-07-31,Совет по профессиональным квалификациям в сфере атомной энергии
19.065,Машинист насосной станции по закачке рабочего агента в пласт,"Добыча, переработка, транспортировка нефти и газа",Эксплуатация насосных станций по закачке рабочего агента в пласт,1293,2019-07-31,Совет по профессиональным квалификациям в нефтегазовом комплексе
17.088,"Работник по сопровождению локомотивов (моторвагонного подвижного состава, пассажирских вагонов) в недействующем состоянии, груза и спецвагонов в пути следования",Транспорт,"Сопровождение локомотивов (моторвагонного подвижного состава, пассажирских вагонов) в недействующем состоянии, груза и спецвагонов в пути следования",1294,2019-07-31,Совет по профессиональным квалификациям на железнодорожном транспорте
17.089,Специалист по контролю финансово-хозяйственной деятельности подразделений организации железнодорожного транспорта,Транспорт,Организация и проведение контроля финансово-хозяйственной деятельности подразделений организации железнодорожного транспорта,1295,2019-07-31,Совет по профессиональным квалификациям на железнодорожном транспорте
26.022,Специалист-исследователь по разработке рецептуры наноструктурированных лекарственных средств,"Химическое, химико-технологическое производство",Разработка рецептуры наноструктурированных лекарственных средств,1296,2019-09-10,Совет по профессиональным квалификациям в сфере нанотехнологий и микроэлектроники
22.002,Специалист по технологии продуктов питания животного происхождения,"Пищевая промышленность, включая производство напитков и табака",Производство продуктов питания животного происхождения на автоматизированных технологических линиях,1297,2019-08-30,Совет по профессиональным квалификациям агропромышленного комплекса
17.090,Ревизор статистического учета и отчетности железнодорожного транспорта,Транспорт,Контроль достоверности оперативно-статистического учета и отчетности в подразделениях организации железнодорожного транспорта,1298,2019-08-30,Совет по профессиональным квалификациям на железнодорожном транспорте
17.091,Машинист по эксплуатации и обслуживанию устройств железнодорожного водоснабжения и водоотведения,Транспорт,Выполнение работ по эксплуатации и обслуживанию устройств железнодорожного водоснабжения и водоотведения,1299,2019-08-30,Совет по профессиональным квалификациям на железнодорожном транспорте
22.003,Специалист по технологии продуктов питания из растительного сырья,"Пищевая промышленность, включая производство напитков и табака",Производство продуктов питания из растительного сырья на автоматизированных технологических линиях,1300,2019-10-28,Совет по профессиональным квалификациям агропромышленного комплекса
22.004,Специалист в области биотехнологий продуктов питания,"Пищевая промышленность, включая производство напитков и табака",Производство биотехнологической продукции для пищевой промышленности,1301,2019-09-24,Совет по профессиональным квалификациям агропромышленного комплекса
22.005,Специалист по технологии продукции и организации общественного питания,"Пищевая промышленность, включая производство напитков и табака",Производство продукции общественного питания массового изготовления и специализированных пищевых продуктов,1302,2020-06-15,Совет по профессиональным квалификациям агропромышленного комплекса
17.092,Специалист по развитию профессиональных навыков рабочих в подразделении организации железнодорожного транспорта,Транспорт,Проведение работы по развитию профессиональных навыков у рабочих в подразделении организации железнодорожного транспорта,1303,2019-08-30,Совет по профессиональным квалификациям на железнодорожном транспорте
17.093,Аэродромный работник гражданской авиации,Транспорт,"Работы по содержанию и ремонту аэродрома, вертодрома, посадочной площадки",1304,2019-09-10,Совет по профессиональным квалификациям воздушного транспорта
09.003,Специалист по операциям с недвижимостью,Юриспруденция,"Осуществление деятельности по операциям с недвижимым имуществом – приобретению и (или) реализации вещных прав и прав требования на недвижимое имущество, в том числе прав на строящиеся (создаваемые) об",1305,2019-09-10,"Совет по профессиональным квалификациям торговой, внешнеторговой и по отдельным видам предпринимательской и экономической деятельности"
17.094,Работник по наземному обслуживанию воздушных судов гражданской авиации,Транспорт,Наземное обслуживание воздушных судов гражданской авиации,1306,2019-09-27,Совет по профессиональным квалификациям воздушного транспорта
25.059,Заливщик компаундами в ракетно-космической промышленности,Ракетно-космическая промышленность,Герметизация и электроизоляция изделий ракетно-космической техники с использованием полимерных материалов,1307,2019-09-24,Совет по профессиональным квалификациям в области ракетной техники и космической деятельности
17.095,"Оператор глобальной морской службы спасения при бедствиях (судовой, береговой)",Транспорт,Осуществление радиосвязи и проведение обмена информацией между береговыми и судовыми станциями в Глобальной морской системе связи при бедствии (далее – ГМССБ),1308,2019-11-29,Совет по профессиональным квалификациям на морском и внутреннем водном транспорте
17.096,Судоводитель,Транспорт,"Судовождение морских судов, судов прибрежного и внутреннего водного плавания, рыбопромыслового и технического флота, перевозка грузов и пассажиров на морских и внутренних водных путях",1309,2019-11-29,Совет по профессиональным квалификациям на морском и внутреннем водном транспорте
08.040,"Специалист по прогнозированию и экспертизе цен на товары, работы и услуги",Финансы и экономика,"Осуществление деятельности по прогнозированию и формированию цен на товары, работы, услуги и экспертиза ценового демпинга",1310,2019-12-03,"Совет по профессиональным квалификациям торговой, внешнеторговой и по отдельным видам предпринимательской и экономической деятельности"
17.097,Матрос,Транспорт,Несение ходовых навигационных и стояночных вахт и выполнение работ в составе палубной команды на судах морского и внутреннего водного транспорта,1311,2019-12-03,Совет по профессиональным квалификациям на морском и внутреннем водном транспорте
25.060,Специалист по аэрогазодинамике и процессам теплообмена в ракетно космической промышленности,Ракетно-космическая промышленность,Выполнение и организация исследовательских и проектных работ в области аэрогазодинамики и процессов теплообмена изделий ракетно-космической техники,1312,2020-06-15,Совет по профессиональным квалификациям в области ракетной техники и космической деятельности
17.098,Электромеханик судовой,Транспорт,Эксплуатация судового электрооборудования и средств автоматики,1313,2020-06-15,Совет по профессиональным квалификациям на морском и внутреннем водном транспорте
24.097,Специалист по цифровому проектированию объектов использования атомной энергии,Атомная промышленность,Цифровое проектирование объектов использования атомной энергии,1314,2020-06-15,Совет по профессиональным квалификациям в сфере атомной энергии
24.098,Специалист по производству проектной продукции для объектов использования атомной энергии,Атомная промышленность,Производство проектной продукции для объектов использования атомной энергии,1315,2020-06-15,Совет по профессиональным квалификациям в сфере атомной энергии
17.099,Моторист судовой,Транспорт,"Техническая эксплуатация судовых энергетических установок (далее – СЭУ), судовых систем, механизмов и технических средств морских судов и судов внутреннего плавания",1316,2020-06-15,Совет по профессиональным квалификациям на морском и внутреннем водном транспорте
03.015,Специалист по работе с молодежью,Социальное обслуживание,Деятельность по реализации молодежной политики,1317,2020-02-12,"Совет по профессиональным квалификациям в сфере безопасности труда, социальной защиты и занятости населения"
17.100,Специалист по технической поддержке процесса эксплуатации устройств электрификации и электроснабжения железнодорожного транспорта,Транспорт,"Техническая поддержка процесса эксплуатации, развития и обеспечения работы устройств электрификации и электроснабжения железнодорожного транспорта",1318,2020-06-15,Совет по профессиональным квалификациям на железнодорожном транспорте
17.101,"Работник по управлению и обслуживанию уборочных(моечных) машин (установок), мойке, уборке и обработке железнодорожного подвижного состава",Транспорт,"Управление уборочными (моечными, пескоструйными) машинами (установками, аппаратами), их обслуживание, мойка, уборка и обработка железнодорожного подвижного состава",1319,2020-07-31,Совет по профессиональным квалификациям на железнодорожном транспорте
17.102,Специалист детской железной дороги,Транспорт,Деятельность по ознакомлению с профессиями железнодорожного транспорта на детской железной дороге,1320,2020-07-23,Совет по профессиональным квалификациям на железнодорожном транспорте
17.103,"Специалист по организации ремонта, технического обслуживания и изготовления узлов транспортных средств и элементов устройств инфраструктуры, зданий и сооружений железнодорожного транспорта",Транспорт,"Организация ремонта, технического обслуживания и изготовления узлов транспортных средств и элементов устройств инфраструктуры, зданий и сооружений железнодорожного транспорта",1321,2020-07-31,Совет по профессиональным квалификациям на железнодорожном транспорте
17.104,Специалист по обработке и оценке результатов контроля технического состояния элементов верхнего строения железнодорожного пути,Транспорт,Деятельность по обработке и оценке результатов контроля технического состояния элементов верхнего строения железнодорожного пути,1322,2020-07-31,Совет по профессиональным квалификациям на железнодорожном транспорте
02.061,Врач – клинический фармаколог,Здравоохранение,Врачебная практика в области клинической фармакологии,1323,2020-07-31,Совет по профессиональным квалификациям в здравоохранении
18.005,Горнорабочий подземный,"Добыча, переработка угля, руд и других полезных ископаемых","Вспомогательные работы, связанные с подземной добычей угля, проведением и эксплуатацией горных выработок",1324,2020-06-15,Совет по профессиональным квалификациям в угольной промышленности
18.006,Проходчик подземный,"Добыча, переработка угля, руд и других полезных ископаемых",Проведение подземных горных выработок,1325,2020-06-15,Совет по профессиональным квалификациям в угольной промышленности
02.062,Врач-пластический хирург,Здравоохранение,Врачебная практика в пластической хирургии,1326,2020-07-31,Совет по профессиональным квалификациям в здравоохранении
04.009,Специалист по созданию визуальных эффектов в анимационном кино и компьютерной графике,"Культура, искусство",Создание визуальных эффектов в анимационном кино и компьютерной графике,1327,2020-07-31,Совет по профессиональным квалификациям в сфере культуры
04.010,Специалист по технологиям производства анимационного кино,"Культура, искусство",Технологическое сопровождение производства анимационного кино,1328,2020-07-31,Совет по профессиональным квалификациям в сфере культуры
04.011,Специалист подготовительного периода анимационного кино,"Культура, искусство",Подготовка и обеспечение подготовительного периода анимационного кино,1329,2020-07-31,Совет по профессиональным квалификациям в сфере культуры
02.063,Гигиенист стоматологический,Здравоохранение,Первичная доврачебная медико-санитарная помощь по профилактике стоматологических заболеваний,1330,2020-07-31,Совет по профессиональным квалификациям в здравоохранении
02.064,Зубной техник,Здравоохранение,Первичная доврачебная медико-санитарная помощь населению в области ортопедической стоматологии,1331,2020-07-31,Совет по профессиональным квалификациям в здравоохранении
02.065,Медицинская сестра / медицинский брат,Здравоохранение,Деятельность среднего медицинского персонала в области сестринского дела,1332,2020-07-31,Совет по профессиональным квалификациям в здравоохранении
02.066,Медицинская сестра по реабилитации,Здравоохранение,Деятельность среднего медицинского персонала в области медицинской реабилитации,1333,2020-07-31,Совет по профессиональным квалификациям в здравоохранении
02.067,Медицинская сестра – анестезист,Здравоохранение,Деятельность среднего медицинского персонала в области анестезиологии-реаниматологии,1334,2020-07-31,Совет по профессиональным квалификациям в здравоохранении
02.068,Фельдшер,Здравоохранение,Деятельность среднего медицинского персонала в области лечебного дела,1335,2020-07-31,Совет по профессиональным квалификациям в здравоохранении
02.069,Специалист по организации сестринского дела,Здравоохранение,Организация сестринского дела,1336,2020-07-31,Совет по профессиональным квалификациям в здравоохранении
02.070,Рентгенолаборант,Здравоохранение,Деятельность среднего медицинского персонала в области рентгенологии,1337,2020-07-31,Совет по профессиональным квалификациям в здравоохранении
02.071,Специалист в области лабораторной диагностики со средним медицинским образованием,Здравоохранение,Осуществление медицинской деятельности в области клинической лабораторной диагностики,1338,2020-07-31,Совет по профессиональным квалификациям в здравоохранении
02.072,Специалист по судебно-медицинской экспертизе со средним медицинским образованием,Здравоохранение,Деятельность среднего медицинского персонала в области судебно-медицинской экспертизы,1339,2020-07-31,Совет по профессиональным квалификациям в здравоохранении
02.073,Врач по рентгенэндоваскулярным диагностике и лечению,Здравоохранение,Врачебная практика в области рентгенэндоваскулярных диагностики и лечения,1340,2020-07-31,Совет по профессиональным квалификациям в здравоохранении
02.074,Специалист по оказанию медицинской помощи несовершеннолетним обучающимся в образовательных организациях,Здравоохранение,Медицинская помощь несовершеннолетним обучающимся,1341,2020-07-31,Совет по профессиональным квалификациям в здравоохранении
08.041,Специалист в сфере управления проектами государственно-частного партнерства,Финансы и экономика,Управление инвестиционными проектами с использованием механизма государственно-частного партнерства,1342,2020-07-20,Совет по профессиональным квалификациям финансового рынка
17.105,Электрик судовой,Транспорт,"Техническая эксплуатация судового электрооборудования, электронной аппаратуры и систем управления морских судов, судов внутреннего и смешанного плавания",1343,2020-09-07,Совет по профессиональным квалификациям на морском и внутреннем водном транспорте
20.043,Работник по ремонту парогазотурбинного оборудования тепловой электростанции,Электроэнергетика,Проведение и контроль выполнения ремонтных работ парогазотурбинного оборудования тепловой электрической станции,1344,2020-07-15,Совет по профессиональным квалификациям в электроэнергетике
26.023,Специалист по производству резиновых смесей,"Химическое, химико-технологическое производство",Производство резиновых смесей,1345,2020-07-20,Совет по профессиональным квалификациям химического и биотехнического комплекса
17.106,Машинист весоповерочного вагона,Транспорт,"Управление весоповерочным вагоном, наладка и обслуживание весоповерочного вагона",1346,2020-09-15,Совет по профессиональным квалификациям на железнодорожном транспорте
26.024,Специалист в области биотехнологии биологически активных веществ,"Химическое, химико-технологическое производство",Технологическое сопровождение биотехнологических процессов получения биологически активных веществ,1347,2020-07-22,Совет по профессиональным квалификациям химического и биотехнического комплекса
26.025,Специалист по производству парфюмерно-косметической продукции,"Химическое, химико-технологическое производство",Организация технологического процесса производства парфюмерно-косметической продукции,1348,2020-07-20,Совет по профессиональным квалификациям химического и биотехнического комплекса
40.202,Специалист по ионно-плазменным технологиям термической обработки,Сквозные виды профессиональной деятельности,Разработка ионно-плазменных технологических процессов термической обработки,1349,2020-09-07,Совет по профессиональным квалификациям в машиностроении
29.015,Специалист по конструированию радиоэлектронных средств,"Производство электрооборудования, электронного и оптического оборудования",Конструирование радиоэлектронных средств различного функционального назначения,1350,2020-09-07,Совет по профессиональным квалификациям в области промышленной электроники и приборостроения
28.009,Специалист по проектированию металлорежущих лизвийных инструментов,Производство машин и оборудования,Проектирование металлорежущих лезвийных инструментов,1351,2020-09-07,Совет по профессиональным квалификациям в машиностроении
13.023,Агрохимик-почвовед,Сельское хозяйство,"Мониторинг и управление плодородием почв, экологическим состоянием агроэкосистем и экологической безопасностью растениеводческой продукции",1352,2020-09-02,Совет по профессиональным квалификациям агропромышленного комплекса
22.006,"Специалист по механизации, автоматизации и роботизации технологического оборудования и процессов пищевой и перерабатывающей промышленности","Пищевая промышленность, включая производство напитков и табака","Комплексная механизация, автоматизация и роботизация технологических линий и процессов производства пищевой продукции",1353,2020-09-02,Совет по профессиональным квалификациям агропромышленного комплекса
28.010,Специалист по проектированию термического оборудования атмосферного давления,Производство машин и оборудования,"Проектирование термического нагревательного и охладительного оборудования, использующего технологические среды атмосферного давления",1354,2020-09-09,Совет по профессиональным квалификациям в машиностроении
22.007,"Специалист по безопасности, прослеживаемости и качеству пищевой продукции на всех этапах ее производства","Пищевая промышленность, включая производство напитков и табака","Обеспечение безопасности, прослеживаемости и качества пищевой продукции на всех этапах ее производства и обращения на рынке",1355,2020-09-02,Совет по профессиональным квалификациям агропромышленного комплекса
22.008,Специалист по маркетинговым исследованиям в области пищевой и перерабатывающей промышленности,"Пищевая промышленность, включая производство напитков и табака",Маркетинговые исследования в области пищевой и перерабатывающей промышленности,1356,2020-09-02,Совет по профессиональным квалификациям агропромышленного комплекса
29.016,Специалист по проектированию вакуумного технологического оборудования электронной промышленности,"Производство электрооборудования, электронного и оптического оборудования",Обеспечение электронной промышленности вакуумным технологическим оборудованием,1357,2020-09-28,Совет по профессиональным квалификациям в машиностроении
22.009,Специалист по эксплуатации технологического оборудования и процессов пищевой и перерабатывающей промышленности,"Пищевая промышленность, включая производство напитков и табака",Техническое обслуживание и ремонт автоматизированных технологических линий по производству продуктов питания,1358,2020-09-02,Совет по профессиональным квалификациям агропромышленного комплекса
40.203,Контролер в литейном производстве,Сквозные виды профессиональной деятельности,"Технический контроль качества отливок, литейной оснастки и литейных ковшей",1359,2020-09-28,Совет по профессиональным квалификациям в машиностроении
40.204,Контролер кузнечно-прессовых работ,Сквозные виды профессиональной деятельности,Технический контроль качества поковок в кузнечно прессовом производстве,1360,2020-09-14,Совет по профессиональным квалификациям в машиностроении
19.066,Специалист по эксплуатации объектов трубопроводного транспорта нефти и нефтепродуктов,"Добыча, переработка, транспортировка нефти и газа",Эксплуатация объектов трубопроводного транспорта,1361,2020-09-21,Совет по профессиональным квалификациям в нефтегазовом комплексе
12.007,Пожарный,Обеспечение безопасности,Тушение пожаров,1362,2020-09-07,Совет по профессиональным квалификациям в области обеспечения безопасности в чрезвычайных ситуациях
20.044,Работник по ремонту оборудования котельных и пылеприготовительных цехов тепловой электростанции,Электроэнергетика,Проведение и контроль выполнения ремонтных работ оборудования котельных и пылеприготовительных цехов тепловой электрической станции,1363,2020-09-22,Совет по профессиональным квалификациям в электроэнергетике
17.107,Механик судовой,Транспорт,"Эксплуатация, техническое обслуживание и ремонт судовых двигательных установок, судовых систем, механического, электрического и электронного оборудования и техники морских судов, судов внутреннего и с",1364,2020-09-07,Совет по профессиональным квалификациям на морском и внутреннем водном транспорте
12.008,Специалист по газоспасательным работам на химически опасных и взрывопожароопасных производственных объектах,Обеспечение безопасности,Организация и проведение газоспасательных работ и работ по предупреждению аварий и (или) инцидентов на химически опасных и взрывопожароопасных производственных объектах,1365,2020-09-21,Совет по профессиональным квалификациям в области обеспечения безопасности в чрезвычайных ситуациях
10.011,Специалист в области проектирования мостовых сооружений,"Архитектура, проектирование, геодезия, топография и дизайн",Проектирование мостовых сооружений,1366,2020-09-15,"Совет по профессиональным квалификациям в области инженерных изысканий, градостроительства, архитектурно-строительного проектирования"
40.205,Специалист по стандартизации инновационной продукции наноиндустрии,Сквозные виды профессиональной деятельности,Стандартизация инновационной продукции наноиндустрии,1367,2015-09-08,Совет по профессиональным квалификациям в сфере нанотехнологий и микроэлектроники
17.108,Специалист по надзору и контролю за соблюдением норм содержания объектов железнодорожной инфраструктуры,Транспорт,"Деятельность по надзору за соблюдением и контролю соблюдения норм и допусков содержания объектов железнодорожной инфраструктуры, земляного полотна, его укрепительных, защитных и водоотводных сооружени",1368,2020-09-21,Совет по профессиональным квалификациям на железнодорожном транспорте
17.109,"Специалист по организации работ по консервации (расконсервации), сохранности (содержанию) в запасе (отстое), подготовке в эксплуатацию железнодорожного подвижного состава",Транспорт,"Организация деятельности по консервации (расконсервации), сохранности (содержанию) в запасе (отстое), подготовке в эксплуатацию железнодорожного подвижного состава",1369,2020-09-21,Совет по профессиональным квалификациям на железнодорожном транспорте
17.110,Специалист по работе с клиентами в сфере грузовых перевозок на железнодорожном транспорте,Транспорт,Деятельность по работе с клиентами в сфере грузовых перевозок на железнодорожном транспорте,1370,2020-09-22,Совет по профессиональным квалификациям на железнодорожном транспорте
24.099,Эксперт в области государственной и ведомственной экспертизы проектной документации и результатов инженерных изысканий объектов использования атомной энергии федеральных ядерных организаций,Атомная промышленность,Экспертиза проектной документации и результатов инженерных изысканий объектов использования атомной энергии (далее – ОИАЭ) федеральных ядерных организаций,1371,2020-08-24,Совет по профессиональным квалификациям в сфере атомной энергии
24.100,"Эксперт по оценке достоверности определения сметной стоимости строительства, реконструкции, капитального ремонта объектов капитального строительства объектов использования атомной энергии федеральных ядерных организаций",Атомная промышленность,Экспертиза сметной документации на строительство объектов использования атомной энергии (ОИАЭ) федеральных ядерных организаций,1372,2020-08-24,Совет по профессиональным квалификациям в сфере атомной энергии
24.101,Специалист по контрактной и претензионной работе при сооружении объектов использования атомной энергии,Атомная промышленность,Обеспечение соблюдения условий контракта при сооружении объектов использования атомной энергии,1373,2020-08-24,Совет по профессиональным квалификациям в сфере атомной энергии
04.012,Инженер-конструктор кукол и персонажей,"Культура, искусство",Инженерно-конструкторское обеспечение и сопровождение изготовления кукол и персонажей,1374,2020-09-07,Совет по профессиональным квалификациям в сфере производства социально-значимых товаров
24.102,Инженер-проектировщик гидротехнических сооружений объектов использования атомной энергии,Атомная промышленность,Разработка проектной документации гидротехнических сооружений объектов использования атомной энергии,1375,2020-08-24,Совет по профессиональным квалификациям в сфере атомной энергии
24.103,Инженер-проектировщик технологической части объектов использования атомной энергии,Атомная промышленность,Разработка проектной документации технологической части объектов использования атомной энергии,1376,2020-08-24,Совет по профессиональным квалификациям в сфере атомной энергии
24.104,Инженер-проектировщик систем ядерной и радиационной безопасности объектов использования атомной энергии,Атомная промышленность,Проектирование систем ядерной и радиационной безопасности для объектов использования атомной энергии,1377,2020-08-24,Совет по профессиональным квалификациям в сфере атомной энергии
24.105,Инженер-проектировщик архитектурно-строительной части объектов использования атомной энергии,Атомная промышленность,Разработка проектной документации архитектурно-строительной части объектов использования атомной энергии,1378,2020-08-24,Совет по профессиональным квалификациям в сфере атомной энергии
24.106,Инженер по испытаниям технологических систем объектов использования атомной энергии,Атомная промышленность,Испытания технологических систем объектов использования атомной энергии (далее – ОИАЭ) перед вводом в эксплуатацию,1379,2020-08-24,Совет по профессиональным квалификациям в сфере атомной энергии
24.107,Специалист по производственно-техническому обеспечению организации атомной энергетики,Атомная промышленность,Производственно-техническое обеспечение деятельности организации атомной энергетики,1380,2020-08-24,Совет по профессиональным квалификациям в сфере атомной энергии
24.108,Инженер-проектировщик системы физической защиты объектов использования атомной энергии,Атомная промышленность,Проектирование системы физической защиты объектов использования атомной энергии,1381,2020-09-02,Совет по профессиональным квалификациям в сфере атомной энергии
02.075,Фармацевт,Здравоохранение,Ведение фармацевтической деятельности в сфере обращения лекарственных средств,1382,2021-05-31,Совет по профессиональным квалификациям в области фармации
10.012,Специалист по определению кадастровой стоимости,"Архитектура, проектирование, геодезия, топография и дизайн","Осуществление деятельности для определения кадастровой стоимости объектов недвижимости, сведения о которых внесены в единый государственный реестр недвижимости",1383,2020-09-02,"Совет по профессиональным квалификациям торговой, внешнеторговой и по отдельным видам предпринимательской и экономической деятельности"
02.076,Врач-косметолог,Здравоохранение,Врачебная практика в области косметологии,1384,2021-01-13,Совет по профессиональным квалификациям в здравоохранении
02.077,Фельдшер скорой медицинской помощи,Здравоохранение,Оказание скорой медицинской помощи в экстренной и неотложной формах вне медицинской организации,1385,2021-01-13,Совет по профессиональным квалификациям в здравоохранении
02.078,Врач – детский уролог-андролог,Здравоохранение,Врачебная практика в области детской урологии-андрологии,1386,2021-01-13,Совет по профессиональным квалификациям в здравоохранении
02.079,Врач-трансфузиолог,Здравоохранение,Врачебная практика в области трансфузиологии,1387,2021-01-13,Совет по профессиональным квалификациям в здравоохранении
02.080,Акушерка (Акушер),Здравоохранение,Первичная доврачебная медико-санитарная помощь по профилю «акушерское дело»,1388,2021-01-13,Совет по профессиональным квалификациям в здравоохранении
40.206,Специалист по управлению интеллектуальной собственностью и трансферту технологий,Сквозные виды профессиональной деятельности,Управление интеллектуальной собственностью организации,1389,2020-09-07,"Совет по профессиональным квалификациям торговой, внешнеторговой и по отдельным видам предпринимательской и экономической деятельности"
26.026,Инженер-технолог по производству листового стекла,"Химическое, химико-технологическое производство",Технологическое обеспечение производства листового стекла,1390,2020-09-15,nan
06.045,Специалист по обслуживанию базовых станций мобильной связи,"Связь, информационные и коммуникационные технологии",Техническая поддержка и обслуживание базовых станций мобильной связи,1391,2020-09-29,"Совет по профессиональным квалификациям в области телекоммуникаций, почтовой связи и радиотехники"
19.067,Работник на геофизических работах в нефтегазовой отрасли,"Добыча, переработка, транспортировка нефти и газа",Выполнение подготовительных и вспомогательных работ при проведении геофизических работ в нефтегазовой отрасли,1392,2020-10-19,Совет по профессиональным квалификациям в нефтегазовом комплексе
16.151,Специалист в сфере информационного моделирования в строительстве,Строительство и ЖКХ,Информационное моделирование объектов капитального строительства,1393,2020-11-16,"Совет по профессиональным квалификациям в области инженерных изысканий, градостроительства, архитектурно-строительного проектирования"
10.013,Географ (Специалист по выполнению работ и оказанию услуг географической направленности) Географ (Специалист по выполнению работ и оказанию услуг географической направленности) Географ (Специалист по выполнению работ и оказанию услуг географической направленности) Географ (Специалист по выполнению работ и оказанию услуг географической направленности) Географ (Специалист по выполнению работ и оказанию услуг географической направленности) Географ (Специалист по выполнению работ и оказанию услуг географической направленности) Географ (Специалист по выполнению работ и оказанию услуг географической направленности) Географ (Специалист по выполнению работ и оказанию услуг географической направленности) Географ (Специалист по выполнению работ и оказанию услуг географической направленности) Географ (Специалист по выполнению работ и оказанию услуг географической направленности) Географ (Специалист по выполнению работ и оказанию услуг географической направленности) Географ (Специалист по выполнению работ и оказанию услуг географической направленности) Географ (Специалист по выполнению работ и оказанию услуг географической направленности) Географ (Специалист по выполнению работ и оказанию услуг географической направленности) Географ (Специалист по выполнению работ и оказанию услуг географической направленности) Географ (Специалист по выполнению работ и оказанию услуг географической направленности) Географ (Специалист по выполнению работ и оказанию услуг географической направленности) Географ (Специалист по выполнению работ и оказанию услуг географической направленности) Географ (Специалист по выполнению работ и оказанию услуг географической направленности) Географ (Специалист по выполнению работ и оказанию услуг географической направленности) Географ (Специалист по выполнению работ и оказанию услуг географической направленности),"Архитектура, проектирование, геодезия, топография и дизайн",Выполнение работ и оказание услуг географической направленности,1394,2020-12-24,"Совет по профессиональным квалификациям торговой, внешнеторговой и по отдельным видам предпринимательской и экономической деятельности"
12.009,Специалист по гражданской обороне,Обеспечение безопасности,"Реализация полномочий организации по подготовке к защите и по защите населения, материальных и культурных ценностей на территории Российской Федерации от опасностей, возникающих при военных конфликтах",1395,2020-10-27,Совет по профессиональным квалификациям в области обеспечения безопасности в чрезвычайных ситуациях
18.007,Машинист подземных установок,"Добыча, переработка угля, руд и других полезных ископаемых",Управление подземными установками и их обслуживание Управление подземными установками и их обслуживание Управление подземными установками и их обслуживание Управление подземными установками и их обслу,1396,2020-10-29,Совет по профессиональным квалификациям в угольной промышленности
40.207,Специалист по технологии производства шинных материалов с применением нанотехнологий,Сквозные виды профессиональной деятельности,Производство шинных материалов с применением нанотехнологий,1397,2020-10-28,Совет по профессиональным квалификациям в сфере нанотехнологий и микроэлектроники
40.208,Специалист технического обеспечения процесса производства шинных материалов с применением нанотехнологий,Сквозные виды профессиональной деятельности,Техническое обеспечение процесса производства шинных материалов с применением нанотехнологий,1398,2020-10-28,Совет по профессиональным квалификациям в сфере нанотехнологий и микроэлектроники
19.068,"Машинист подъемника по ремонту, реконструкции и освоению скважин в нефтегазовой отрасли","Добыча, переработка, транспортировка нефти и газа","Эксплуатация подъемного агрегата при текущем, капитальном ремонтах, реконструкции и освоении нефтяных и газовых скважин",1399,2020-11-17,Совет по профессиональным квалификациям в нефтегазовом комплексе
19.069,Работник по ремонту и обслуживанию наземного оборудования буровых установок на нефть и газ,"Добыча, переработка, транспортировка нефти и газа",Эксплуатация наземного оборудования буровых установок на нефть и газ,1400,2020-11-17,Совет по профессиональным квалификациям в нефтегазовом комплексе
12.010,Спасатель на акватории,Обеспечение безопасности,Поисково-спасательные работы на акватории,1401,2020-12-07,Совет по профессиональным квалификациям в области обеспечения безопасности в чрезвычайных ситуациях
10.014,Специалист в области проектирования автомобильных дорог,"Архитектура, проектирование, геодезия, топография и дизайн",Проектирование автомобильных дорог,1402,2020-11-24,"Совет по профессиональным квалификациям в области инженерных изысканий, градостроительства, архитектурно-строительного проектирования"
24.109,"Инженер по управлению конфигурацией, требованиями и изменениями проектов сооружения объектов использования атомной энергии",Атомная промышленность,"Управление конфигурацией, требованиями и изменениями проектов сооружения объектов использования атомной энергии",1403,2020-12-07,Совет по профессиональным квалификациям в сфере атомной энергии
05.012,Тренер-преподаватель,Физическая культура и спорт,Спортивная подготовка и физическое воспитание детей и взрослых,1404,2020-12-24,Совет по профессиональным квалификациям в сфере физической культуры и спорта
40.209,Специалист в сфере промышленной безопасности,Сквозные виды профессиональной деятельности,"Осуществление производственного контроля, диагностирование технических устройств и обследование зданий и сооружений на опасным производственном объекте",1406,2020-12-16,"Совет по профессиональным квалификациям торговой, внешнеторговой и по отдельным видам предпринимательской и экономической деятельности"
05.013,Специалист по продвижению фитнес-услуг,Физическая культура и спорт,Организация и продвижение фитнес-услуг населению,1407,2020-12-24,Совет по профессиональным квалификациям в сфере физической культуры и спорта
20.045,Работник по эксплуатации оборудования ветроэнергетических установок/ветроэлектростанций Работник по эксплуатации оборудования ветроэнергетических установок/ветроэлектростанций Работник по эксплуатации оборудования ветроэнергетических установок/ветроэлектростанций Работник по эксплуатации оборудования ветроэнергетических установок/ветроэлектростанций Работник по эксплуатации оборудования ветроэнергетических установок/ветроэлектростанций Работник по эксплуатации оборудования ветроэнергетических установок/ветроэлектростанций Работник по эксплуатации оборудования ветроэнергетических установок/ветроэлектростанций Работник по эксплуатации оборудования ветроэнергетических установок/ветроэлектростанций Работник по эксплуатации оборудования ветроэнергетических установок/ветроэлектростанций Работник по эксплуатации оборудования ветроэнергетических установок/ветроэлектростанций Работник по эксплуатации оборудования ветроэнергетических установок/ветроэлектростанций Работник по эксплуатации оборудования ветроэнергетических установок/ветроэлектростанций Работник по эксплуатации оборудования ветроэнергетических установок/ветроэлектростанций Работник по эксплуатации оборудования ветроэнергетических установок/ветроэлектростанций Работник по эксплуатации оборудования ветроэнергетических установок/ветроэлектростанций Работник по эксплуатации оборудования ветроэнергетических установок/ветроэлектростанций Работник по эксплуатации оборудования ветроэнергетических установок/ветроэлектростанций Работник по эксплуатации оборудования ветроэнергетических установок/ветроэлектростанций Работник по эксплуатации оборудования ветроэнергетических установок/ветроэлектростанций Работник по эксплуатации оборудования ветроэнергетических установок/ветроэлектростанций Работник по эксплуатации оборудования ветроэнергетических установок/ветроэлектростанций,Электроэнергетика,Эксплуатация оборудования ветроэнергетических установок/ ветроэлектростанций,1408,2020-12-24,Совет по профессиональным квалификациям в электроэнергетике
20.046,Работник по эксплуатации оборудования солнечных электростанций,Электроэнергетика,Эксплуатация оборудования солнечных электростанций,1409,2020-12-24,Совет по профессиональным квалификациям в электроэнергетике
02.081,Врач-остеопат,Здравоохранение,Врачебная практика в области остеопатии,1410,2021-06-02,Совет по профессиональным квалификациям в здравоохранении
02.082,Врач-диетолог,Здравоохранение,Врачебная практика в области диетологии,1411,2021-06-02,Совет по профессиональным квалификациям в здравоохранении
17.111,Специалист по организации безопасной эксплуатации пассажирских канатных дорог и фуникулеров,Транспорт,Административно-организационное обеспечение безопасной эксплуатации и поддержания в исправном состоянии пассажирских канатных дорог и фуникулеров,1412,2021-02-08,"Совет по профессиональным квалификациям в лифтовой отрасли, сфере подъемных сооружений и вертикального транспорта"
17.112,Технический руководитель – начальник пассажирской подвесной канатной дороги,Транспорт,"Организация эксплуатации, технического обслуживания и ремонта пассажирской подвесной канатной дороги и фуникулера",1413,2021-02-11,"Совет по профессиональным квалификациям в лифтовой отрасли, сфере подъемных сооружений и вертикального транспорта"
26.027,Специалист по переработке полимерных и композиционных материалов,"Химическое, химико-технологическое производство",Технологическое обеспечение переработки полимерных и композиционных материалов,1414,2021-02-11,nan
26.028,Специалист в области синтеза полимерных и композиционных материалов,"Химическое, химико-технологическое производство",Технологическое обеспечение производства полимерных и композиционных материалов,1415,2021-02-11,nan
02.083,Специалист в области медико-профилактического дела со средним медицинским образованием,Здравоохранение,Медико-профилактическая деятельность,1416,2021-05-31,Совет по профессиональным квалификациям в здравоохранении
08.042,Специалист негосударственного пенсионного фонда,Финансы и экономика,Деятельность по пенсионному обеспечению клиентов негосударственного пенсионного фонда,1417,2021-03-30,Совет по профессиональным квалификациям финансового рынка
07.012,Специалист архива,Административно-управленческая и офисная деятельность,Управление документами архива организаций любых организационно-правовых форм,1418,2021-03-18,Совет по профессиональным квалификациям в области документационного и административно-хозяйственного обеспечения деятельности организации
24.110,Системный инженер проектов сооружения объектов использования атомной энергии,Атомная промышленность,Системная инженерия проектов сооружения объектов использования атомной энергии,1419,2021-03-18,Совет по профессиональным квалификациям в сфере атомной энергии
40.210,Диспетчер аварийно-диспетчерской службы,Сквозные виды профессиональной деятельности,"Обслуживание лифтов, подъемных платформ для инвалидов, эскалаторов, систем инженерно-технического обеспечения зданий и сооружений с применением диспетчерского контроля",1420,2014-12-25,"Совет по профессиональным квалификациям в лифтовой отрасли, сфере подъемных сооружений и вертикального транспорта"
04.013,Специалист по работе с интерактивными системами движения,"Культура, искусство",Создание компьютерной трехмерной анимации персонажей и объектов посредством интерактивных систем движения (захвата движения) Создание компьютерной трехмерной анимации персонажей и объектов посредством,1421,2021-03-18,Совет по профессиональным квалификациям в сфере культуры
04.014,Специалист по организации производства анимационного кино,"Культура, искусство",Организация производства анимационного кино,1422,2021-03-18,Совет по профессиональным квалификациям в сфере культуры
01.008,Руководитель научной организации,Образование и наука,Руководство научной организацией,1423,2021-03-10,Совет по профессиональным квалификациям в сфере образования
01.009,Научный руководитель научной организации,Образование и наука,Научное руководство научной организацией,1424,2021-03-10,Совет по профессиональным квалификациям в сфере образования
19.070,Специалист по эксплуатации автоматизированных систем управления технологическими процессами в нефтегазовой отрасли,"Добыча, переработка, транспортировка нефти и газа",Эксплуатация автоматизированных систем управления технологическими процессами в нефтегазовой отрасли,1425,2021-03-31,Совет по профессиональным квалификациям в нефтегазовом комплексе
19.071,Бурильщик эксплуатационного и разведочного бурения скважин на нефть и газ Бурильщик эксплуатационного и разведочного бурения скважин на нефть и газ Бурильщик эксплуатационного и разведочного бурения скважин на нефть и газ Бурильщик эксплуатационного и разведочного бурения скважин на нефть и газ Бурильщик эксплуатационного и разведочного бурения скважин на нефть и газ Бурильщик эксплуатационного и разведочного бурения скважин на нефть и газ Бурильщик эксплуатационного и разведочного бурения скважин на нефть и газ Бурильщик эксплуатационного и разведочного бурения скважин на нефть и газ Бурильщик эксплуатационного и разведочного бурения скважин на нефть и газ Бурильщик эксплуатационного и разведочного бурения скважин на нефть и газ Бурильщик эксплуатационного и разведочного бурения скважин на нефть и газ Бурильщик эксплуатационного и разведочного бурения скважин на нефть и газ Бурильщик эксплуатационного и разведочного бурения скважин на нефть и газ Бурильщик эксплуатационного и разведочного бурения скважин на нефть и газ Бурильщик эксплуатационного и разведочного бурения скважин на нефть и газ Бурильщик эксплуатационного и разведочного бурения скважин на нефть и газ Бурильщик эксплуатационного и разведочного бурения скважин на нефть и газ Бурильщик эксплуатационного и разведочного бурения скважин на нефть и газ Бурильщик эксплуатационного и разведочного бурения скважин на нефть и газ Бурильщик эксплуатационного и разведочного бурения скважин на нефть и газ,"Добыча, переработка, транспортировка нефти и газа",Эксплуатационное и разведочное бурение нефтяных и газовых скважин,1426,2021-04-22,Совет по профессиональным квалификациям в нефтегазовом комплексе
01.010,Руководитель образовательной организации высшего образования,Образование и наука,Управление образовательной организацией высшего образования,1427,2021-03-10,Совет по профессиональным квалификациям в сфере образования
18.008,Машинист бульдозера на горных работах,"Добыча, переработка угля, руд и других полезных ископаемых",Выполнение механизированных работ с применением бульдозера при разработке месторождений полезных ископаемых,1428,2021-03-30,Совет по профессиональным квалификациям в угольной промышленности
26.029,Инженер-технолог цементного производства,"Химическое, химико-технологическое производство",Производство цемента и совершенствование технологического процесса производства,1429,2021-03-30,nan
26.030,Контролер цементного производства,"Химическое, химико-технологическое производство",Контроль производства цемента и качества выпускаемой продукции,1430,2021-03-18,nan
12.011,Специалист по организации тушения пожаров,Обеспечение безопасности,Организация тушения пожаров в населенных пунктах и на объектах,1431,2021-03-31,Совет по профессиональным квалификациям в области обеспечения безопасности в чрезвычайных ситуациях
26.031,Специалист по производству особо чистых веществ и реактивов,"Химическое, химико-технологическое производство",Производство особо чистых веществ и реактивов,1432,2021-03-30,Совет по профессиональным квалификациям химического и биотехнического комплекса
26.032,Специалист по производству лакокрасочных материалов,"Химическое, химико-технологическое производство",Производство лакокрасочных материалов,1433,2021-03-30,Совет по профессиональным квалификациям химического и биотехнического комплекса
26.033,Специалист по производству герметиков и клеев,"Химическое, химико-технологическое производство",Производство герметиков и клеев,1434,2021-03-30,Совет по профессиональным квалификациям химического и биотехнического комплекса
02.084,Врач – акушер-гинеколог,Здравоохранение,Врачебная практика в области акушерства и гинекологии,1435,2021-04-19,Совет по профессиональным квалификациям в здравоохранении
02.085,Врач-онколог,Здравоохранение,Врачебная практика в области онкологии,1436,2021-06-02,Совет по профессиональным квалификациям в здравоохранении
08.043,Экономист предприятия,Финансы и экономика,Осуществление экономической деятельности организации,1437,2021-03-30,Совет по профессиональным квалификациям финансового рынка
04.015,Специалист в области перевода,"Культура, искусство",Профессиональный перевод и управление переводческими проектами и процессами,1438,2021-03-18,Совет по профессиональным квалификациям в области документационного и административно-хозяйственного обеспечения деятельности организации
17.113,Работник по управлению терминально-складским комплексом железнодорожного транспорта,Транспорт,Управление терминально-складским комплексом железнодорожного транспорта,1439,2021-03-30,Совет по профессиональным квалификациям на железнодорожном транспорте
07.013,Специалист цифровой трансформации документированных сфер деятельности организации,Административно-управленческая и офисная деятельность,Управление и использование цифровой трансформации документированных сфер деятельности организации,1440,2021-03-31,Совет по профессиональным квалификациям в области документационного и административно-хозяйственного обеспечения деятельности организации
40.211,Электромеханик по лифтам,Сквозные виды профессиональной деятельности,Техническое обслуживание и ремонт лифтов,1441,2013-12-20,"Совет по профессиональным квалификациям в лифтовой отрасли, сфере подъемных сооружений и вертикального транспорта"
40.212,Лифтер – оператор по обслуживанию лифтов и платформ подъемных,Сквозные виды профессиональной деятельности,"Обслуживание лифтов, подъемных платформ для инвалидов, пассажирских конвейеров (движущихся пешеходных дорожек), эскалаторов",1442,2014-12-22,"Совет по профессиональным квалификациям в лифтовой отрасли, сфере подъемных сооружений и вертикального транспорта"
40.213,"Монтажник лифтов, платформ подъемных для инвалидов, поэтажных эскалаторов",Сквозные виды профессиональной деятельности,"Монтаж лифтов, подъемных платформ для инвалидов, пассажирских конвейеров (движущихся пешеходных дорожек), эскалаторов",1443,2014-12-26,"Совет по профессиональным квалификациям в лифтовой отрасли, сфере подъемных сооружений и вертикального транспорта"
40.214,Специалист по эксплуатации лифтового оборудования,Сквозные виды профессиональной деятельности,"Эксплуатация, техническое обслуживание и ремонт (модернизация) лифтов",1444,2014-01-17,"Совет по профессиональным квалификациям в лифтовой отрасли, сфере подъемных сооружений и вертикального транспорта"
40.215,Специалист по оборудованию диспетчерского контроля,Сквозные виды профессиональной деятельности,"Обслуживание, ремонт и монтаж оборудования диспетчерских систем, контролирующих работу лифтов и инженерного оборудования зданий и сооружений",1445,2014-12-25,"Совет по профессиональным квалификациям в лифтовой отрасли, сфере подъемных сооружений и вертикального транспорта"
05.014,Оператор тренировочного и соревновательного процессов с использованием электронных и технических устройств,Физическая культура и спорт,"Управление электронными и техническими устройствами, фиксирующими действия и состояния спортсмена и (или) спортивной команды",1446,2021-03-30,Совет по профессиональным квалификациям в сфере физической культуры и спорта
28.011,Инженер-экономист машиностроительной организации,Производство машин и оборудования,Планово-экономическое обеспечение деятельности машиностроительных организаций,1447,2021-04-14,Совет по профессиональным квалификациям в машиностроении
12.012,Специалист транспортной безопасности на воздушном транспорте гражданской авиации,Обеспечение безопасности,Защита объектов транспортной инфраструктуры и транспортных средств воздушного транспорта гражданской авиации от актов незаконного вмешательства,1448,2021-04-13,Совет по профессиональным квалификациям воздушного транспорта
17.114,Специалист по инспектированию железнодорожных путей необщего пользования,Транспорт,Организация и проведение работ по контролю эксплуатации железнодорожных путей необщего пользования,1449,2021-03-30,Совет по профессиональным квалификациям на железнодорожном транспорте
17.115,"Специалист по организации, проведению тягово-энергетических испытаний локомотивов, определению параметров их эксплуатации",Транспорт,"Деятельность по организации, проведению тягово-энергетических испытаний локомотивов, определению параметров их эксплуатации",1450,2021-03-31,Совет по профессиональным квалификациям на железнодорожном транспорте
17.116,"Специалист по организации и сопровождению технического обслуживания, ремонта и эксплуатации съемных средств контроля железнодорожного пути",Транспорт,"Деятельность по организации и сопровождению технического обслуживания, ремонта и эксплуатации съемных средств контроля железнодорожного пути",1451,2021-03-31,Совет по профессиональным квалификациям на железнодорожном транспорте
17.117,Прессовщик колесных пар железнодорожного подвижного состава,Транспорт,Прессовые работы при ремонте и формировании колесных пар железнодорожного подвижного состава,1452,2021-04-06,Совет по профессиональным квалификациям на железнодорожном транспорте
29.017,Наладчик-монтажник электронных модулей диагностического и испытательного оборудования,"Производство электрооборудования, электронного и оптического оборудования","Монтаж и наладка электронных модулей диагностических и испытательных приборов, аппаратов, машин, установок и стендов",1453,2021-04-19,Совет по профессиональным квалификациям в области промышленной электроники и приборостроения
17.118,Специалист по техническому обслуживанию и текущему ремонту пассажирских обустройств железнодорожного транспорта,Транспорт,Организация технического обслуживания и текущего ремонта пассажирских обустройств железнодорожного транспорта,1454,2021-04-14,Совет по профессиональным квалификациям на железнодорожном транспорте
17.119,"Специалист по содержанию и эксплуатации дизельных и холодильных установок, рефрижераторного подвижного состава, вагонов-транспортеров железнодорожного транспорта",Транспорт,"Деятельность по содержанию и эксплуатации дизельных и холодильных установок, рефрижераторного подвижного состава, вагонов-транспортеров железнодорожного транспорта",1455,2021-04-14,Совет по профессиональным квалификациям на железнодорожном транспорте
17.120,Бортовой проводник,Транспорт,Обеспечение безопасности находящихся на борту воздушного судна лиц и их обслуживание на борту воздушного судна гражданской авиации,1456,2021-04-13,Совет по профессиональным квалификациям воздушного транспорта
17.121,"Специалист по технической поддержке процесса эксплуатации, развития и обеспечения работы объектов железнодорожной электросвязи",Транспорт,Техническая поддержка обеспечения бесперебойной работы объектов железнодорожной электросвязи,1457,2021-04-13,Совет по профессиональным квалификациям на железнодорожном транспорте
26.034,Специалист по проектированию и моделированию полимерных изделий,"Химическое, химико-технологическое производство",Проектирование и моделирование полимерных изделий,1458,2021-04-19,Совет по профессиональным квалификациям химического и биотехнического комплекса
01.011,Руководитель образовательной организации (управление дошкольной образовательной организацией и общеобразовательной организацией),Образование и наука,"Управление образовательной организацией, реализующей основные общеобразовательные программы (образовательные программы дошкольного образования, образовательные программы начального общего образования,",1459,2021-04-19,Совет по профессиональным квалификациям в сфере образования
10.015,Специалист по организации архитектурно-строительного проектирования,"Архитектура, проектирование, геодезия, топография и дизайн",Архитектурно-строительное проектирование объектов капитального строительства,1460,2017-02-15,"Совет по профессиональным квалификациям в области инженерных изысканий, градостроительства, архитектурно-строительного проектирования"
16.153,Специалист по водным технологиям водоснабжения и водоотведения (акватроника),Строительство и ЖКХ,"Совершенствование, автоматизация, безопасность эксплуатации технологических процессов и систем водоснабжения и водоотведения",1461,2021-05-25,Совет по профессиональным квалификациям в жилищно-коммунальном хозяйстве
02.086,Специалист в области медицинской микробиологии,Здравоохранение,Деятельность в области медицинской микробиологии,1462,2021-06-08,Совет по профессиональным квалификациям в здравоохранении
02.087,Специалист в области медицинской оптики и оптометрии,Здравоохранение,Деятельность среднего медицинского персонала по профилю «медицинская оптика»,1463,2021-05-31,Совет по профессиональным квалификациям в здравоохранении
40.216,"Оператор акустических испытаний, акустик",Сквозные виды профессиональной деятельности,Измерение акустических характеристик и обработка результатов измерений при проведении акустических испытаний,1468,2021-06-08,Совет по профессиональным квалификациям в отрасли судостроения и морской техники
20.047,Работник по химическому анализу тепловой электростанции,Электроэнергетика,Химический анализ объектов исследований тепловой электрической станции,1469,2021-06-08,Совет по профессиональным квалификациям в электроэнергетике
20.048,Работник по водоподготовке тепловой электростанции,Электроэнергетика,Водоподготовка тепловой электрической станции,1470,2021-08-31,Совет по профессиональным квалификациям в электроэнергетике
40.217,Кузнец на молотах и прессах,Сквозные виды профессиональной деятельности,Изготовление поковок на ковочных молотах и прессах,1471,2021-07-26,Совет по профессиональным квалификациям в машиностроении
40.218,Окрасчик литейных форм и стержней,Сквозные виды профессиональной деятельности,Окраска литейных форм и стержней,1472,2021-07-15,Совет по профессиональным квалификациям в машиностроении
40.219,Контролер в листоштамповочном производстве,Сквозные виды профессиональной деятельности,Технический контроль качества изделий в листоштамповочном производстве,1473,2021-06-28,Совет по профессиональным квалификациям в машиностроении
40.220,Контролер измерительных приборов и специального инструмента,Сквозные виды профессиональной деятельности,Технический контроль качества измерительных приборов и специального инструмента,1474,2021-06-29,Совет по профессиональным квалификациям в машиностроении
32.017,Слесарь-сборщик авиационных двигателей и агрегатов,Авиастроение,"Сборка узлов, агрегатов и систем авиационных двигателей",1475,2021-10-06,Совет по профессиональным квалификациям в авиастроении
40.221,Вальцовщик,Сквозные виды профессиональной деятельности,"Вальцовка изделий на листо- и сортогибочных машинах в холодном и горячем состоянии из листового, сортового и профильного проката",1476,2021-06-28,Совет по профессиональным квалификациям в машиностроении
40.222,Оператор металлорежущих станков с числовым программным управлением,Сквозные виды профессиональной деятельности,Обработка заготовок изделий машиностроения на металлорежущих станках с ЧПУ,1477,2021-06-29,Совет по профессиональным квалификациям в машиностроении
40.223,"Специалист по техническому перевооружению, реконструкции и модернизации механосборочного производства",Сквозные виды профессиональной деятельности,"Инжиниринг и организация процесса технического перевооружения, реконструкции и модернизации механосборочного производства",1478,2021-07-15,Совет по профессиональным квалификациям в машиностроении
40.224,Специалист по технологиям инструментального производства Специалист по технологиям инструментального производства Специалист по технологиям инструментального производства Специалист по технологиям инструментального производства Специалист по технологиям инструментального производства Специалист по технологиям инструментального производства Специалист по технологиям инструментального производства Специалист по технологиям инструментального производства Специалист по технологиям инструментального производства Специалист по технологиям инструментального производства Специалист по технологиям инструментального производства Специалист по технологиям инструментального производства Специалист по технологиям инструментального производства Специалист по технологиям инструментального производства Специалист по технологиям инструментального производства Специалист по технологиям инструментального производства,Сквозные виды профессиональной деятельности,Технологическая подготовка производства режущих лезвийных инструментов и приспособлений,1479,2021-06-29,Совет по профессиональным квалификациям в машиностроении
40.225,Специалист по эксплуатации и ремонту технологического оборудования механосборочного производства,Сквозные виды профессиональной деятельности,Техническое обеспечение эксплуатации и ремонта технологического оборудования механосборочного производства,1480,2021-06-28,Совет по профессиональным квалификациям в машиностроении
40.226,Стерженщик в литье по выплавляемым моделям,Сквозные виды профессиональной деятельности,Изготовление литейных стержней,1481,2021-07-15,Совет по профессиональным квалификациям в машиностроении
06.046,"Специалист по моделированию, сбору и анализу данных цифрового следа","Связь, информационные и коммуникационные технологии",Проведение комплексного анализа цифрового следа человека (групп людей) и информационно-коммуникационных систем,1482,2021-07-09,nan
10.016,Архитектор-реставратор,"Архитектура, проектирование, геодезия, топография и дизайн","Осуществление архитектурно-реставрационной деятельности в области сохранения, использования и популяризации объектов культурного наследия – памятников, ансамблей и достопримечательных мест, историко-к",1483,2021-08-31,"Совет по профессиональным квалификациям в области инженерных изысканий, градостроительства, архитектурно-строительного проектирования"
25.061,Специалист по организации и оперативному управлению производством в ракетно-космической промышленности,Ракетно-космическая промышленность,Планирование и управление производством изделий ракетно-космической техники в организациях ракетно-космической промышленности,1484,2021-09-20,Совет по профессиональным квалификациям в области ракетной техники и космической деятельности
06.047,Специалист в области радиоприёмных устройств,"Связь, информационные и коммуникационные технологии","Исследования, разработка, изготовление опытных образцов, техническое сопровождение в процессе эксплуатации радиоприёмных устройств различного назначения",1485,2021-08-31,"Совет по профессиональным квалификациям в области телекоммуникаций, почтовой связи и радиотехники"
06.048,Инженер-радиоэлектронщик в области радиотехники и телекоммуникаций,"Связь, информационные и коммуникационные технологии","Исследования, разработка, изготовление опытных образцов, техническое сопровождение в процессе эксплуатации радиоэлектронных средств различного назначения",1486,2021-08-31,"Совет по профессиональным квалификациям в области телекоммуникаций, почтовой связи и радиотехники"
17.122,Супервайзер станции метрополитена,Транспорт,Организация безопасной и эффективной работы станции метрополитена,1487,2021-10-12,Совет по профессиональным квалификациям городского пассажирского транспорта
40.227,"Наладчик электронного оборудования лифтов, подъемных платформ для инвалидов, эскалаторов, пассажирских конвейеров (движущихся пешеходных дорожек)",Сквозные виды профессиональной деятельности,"Техническое обслуживание и ремонт электронного оборудования лифтов, подъемных платформ для инвалидов, эскалаторов, пассажирских конвейеров (движущихся пешеходных дорожек)",1488,2021-10-11,"Совет по профессиональным квалификациям в лифтовой отрасли, сфере подъемных сооружений и вертикального транспорта"
40.228,Специалист по технологии в области производства продукции с применением наноструктурированных катализаторов,Сквозные виды профессиональной деятельности,Производство продукции с применением наноструктурированных катализаторов,1489,2021-10-05,Совет по профессиональным квалификациям в сфере нанотехнологий и микроэлектроники
40.229,Специалист технического обеспечения процесса производства продукции с применением наноструктурированных катализаторов,Сквозные виды профессиональной деятельности,Техническое обеспечение производства продукции с применением наноструктурированных катализаторов,1490,2021-10-11,Совет по профессиональным квалификациям в сфере нанотехнологий и микроэлектроники
08.044,Консультант по налогам и сборам,Финансы и экономика,Налоговое консультирование,1491,2021-10-12,Совет по профессиональным квалификациям финансового рынка
12.013,Специалист по пожарной профилактике,Обеспечение безопасности,Пожарная профилактика на объектах защиты,1492,2014-10-28,Совет по профессиональным квалификациям в области обеспечения безопасности в чрезвычайных ситуациях
12.014,"Специалист по системам вентиляции и удаления продуктов сгорания для теплогенерирующих агрегатов, аппаратов и устройств, работающих на различных видах топлива",Обеспечение безопасности,"Техническое обслуживание систем удаления продуктов сгорания для теплогенерирующих агрегатов, аппаратов и устройств, работающих на различных видах топлива, и систем вентиляции с естественным побуждение",1493,2021-10-05,Совет по профессиональным квалификациям в области обеспечения безопасности в чрезвычайных ситуациях
19.072,Специалист по эксплуатации наружных газопроводов газораспределительных систем,"Добыча, переработка, транспортировка нефти и газа",Организация деятельности по обеспечению функционирования наружных газопроводов газораспределительных систем,1494,2014-04-11,Совет по профессиональным квалификациям в нефтегазовом комплексе
19.073,Рабочий по эксплуатации наружных газопроводов газораспределительных систем,"Добыча, переработка, транспортировка нефти и газа",Эксплуатация наружных газопроводов газораспределительных систем,1495,2021-10-19,Совет по профессиональным квалификациям в нефтегазовом комплексе
24.115,Инженер по конструированию нестандартизированного оборудования для объектов использования атомной энергии,Атомная промышленность,Конструирование нестандартизированного оборудования для объектов использования атомной энергии,1496,2021-10-06,Совет по профессиональным квалификациям в сфере атомной энергии
24.116,"Инженер-проектировщик систем обращения с ядерным топливом, отработавшим ядерным топливом и радиоактивными отходами",Атомная промышленность,"Проектирование систем обращения с ядерным топливом, отработавшим ядерным топливом и радиоактивными отходами",1497,2021-10-06,Совет по профессиональным квалификациям в сфере атомной энергии
24.117,Инженер-проектировщик химико-технологических систем при сооружении объектов использования атомной энергии,Атомная промышленность,Проектирование химико-технологических систем при сооружении объектов использования атомной энергии,1498,2021-10-06,Совет по профессиональным квалификациям в сфере атомной энергии
24.118,Специалист в области обследований зданий и сооружений объектов использования атомной энергии,Атомная промышленность,Проведение обследований зданий и сооружений объектов использования атомной энергии,1499,2021-10-06,Совет по профессиональным квалификациям в сфере атомной энергии
24.119,Специалист по проектированию систем заземления и молниезащиты объектов использования атомной энергии,Атомная промышленность,Проектирование систем заземления и молниезащиты объектов использования атомной энергии,1500,2021-10-11,Совет по профессиональным квалификациям в сфере атомной энергии
24.120,Специалист по разработке проектов организации строительства и проектов организации работ по сносу и демонтажу объектов использования атомной энергии,Атомная промышленность,Разработка проектов организации строительства и проектов организации работ по сносу и демонтажу объектов использования атомной энергии,1501,2021-10-11,Совет по профессиональным квалификациям в сфере атомной энергии
24.121,Специалист по проектированию автоматизированных систем управления технологическими процессами объектов использования атомной энергии,Атомная промышленность,Проектирование автоматизированных систем управления технологическими процессами объектов использования атомной энергии,1502,2021-10-19,Совет по профессиональным квалификациям в сфере атомной энергии
24.122,Специалист по проектированию схем первичных соединений электроснабжения объектов использования атомной энергии,Атомная промышленность,Проектирование схем первичных соединений электроснабжения объектов использования атомной энергии,1503,2021-10-11,Совет по профессиональным квалификациям в сфере атомной энергии
40.230,Специалист технологической подготовки производства изделий из композиционных полимерных материалов методом литья под давлением,Сквозные виды профессиональной деятельности,Технологическая подготовка производства продукции из композиционных полимерных материалов на инжекционно-литьевой машине (термопластавтомате),1504,2021-10-11,Совет по профессиональным квалификациям в сфере нанотехнологий и микроэлектроники
40.231,Специалист по производству изделий из композиционных полимерных материалов методом литья под давлением,Сквозные виды профессиональной деятельности,Сопровождение процесса производства на инжекционно-литьевой машине (термопластавтомате) деталей и изделий из композиционных полимерных материалов,1505,2021-10-19,Совет по профессиональным квалификациям в сфере нанотехнологий и микроэлектроники
40.232,"Работник по эксплуатации, ремонту и техническому обслуживанию канатных дорог",Сквозные виды профессиональной деятельности,Эксплуатация и техническое обслуживание канатных дорог,1506,2015-12-21,"Совет по профессиональным квалификациям в лифтовой отрасли, сфере подъемных сооружений и вертикального транспорта"
05.015,Тренер-преподаватель по адаптивной физической культуре и спорту,Физическая культура и спорт,"Физическое воспитание, физическая подготовка и спортивная подготовка по видам адаптивного спорта детей-инвалидов, инвалидов и лиц с ограниченными возможностями здоровья",1507,2021-10-19,Совет по профессиональным квалификациям в сфере физической культуры и спорта
24.127,Специалист в области инженерных изысканий при сооружении объектов использования атомной энергии,Атомная промышленность,Организация и проведение инженерных изысканий при сооружении объектов использования атомной энергии,1512,2022-01-11,Совет по профессиональным квалификациям в сфере атомной энергии
01.012,Социолог: специалист по фундаментальным и прикладным социологическим исследованиям,Образование и наука,Организация и проведение фундаментальных и прикладных социологических исследований,1514,2021-10-21,nan
11.018,Оператор трехмерной печати,"Средства массовой информации, издательство и полиграфия",Изготовление изделий с использованием технологического оборудования трехмерной печати,1515,2021-10-21,"Совет по профессиональным квалификациям в области издательского дела, полиграфического производства и распространения печатной продукции"
10.017,Специалист по организации инженерных изысканий,"Архитектура, проектирование, геодезия, топография и дизайн",Организация инженерных изысканий в градостроительной деятельности,1516,2021-11-09,"Совет по профессиональным квалификациям в области инженерных изысканий, градостроительства, архитектурно-строительного проектирования"
19.074,"Специалист по эксплуатации морских месторождений нефти, газа и газового конденсата","Добыча, переработка, транспортировка нефти и газа","Эксплуатация морских месторождений нефти, газа и газового конденсата",1517,2022-03-09,Совет по профессиональным квалификациям в нефтегазовом комплексе
27.108,Прессовщик электродной продукции,Металлургическое производство,Прессование коксопековых смесей (масс) для производства электродной продукции,1518,2022-06-22,nan
40.233,Работник производства светопрозрачных конструкций,Сквозные виды профессиональной деятельности,"Производство светопрозрачных конструкций – оконных, балконных и наружных дверных блоков",1519,2022-03-02,Совет по профессиональным квалификациям в строительстве
03.016,Переводчик русского жестового языка,Социальное обслуживание,Профессиональный перевод русского жестового языка и управление переводческими проектами и процессами,1520,2022-01-14,"Совет по профессиональным квалификациям в сфере безопасности труда, социальной защиты и занятости населения"
17.123,Представитель авиационного предприятия-перевозчика,Транспорт,"Организация деятельности и управление деятельностью представительства авиационного предприятия-перевозчика, осуществляющего коммерческие воздушные перевозки воздушным транспортом гражданской авиации, ",1521,2022-03-09,Совет по профессиональным квалификациям воздушного транспорта
40.234,Оператор элионных процессов изделий микроэлектроники,Сквозные виды профессиональной деятельности,Выполнение элионных процессов при производстве изделий микроэлектроники,1522,2022-03-21,Совет по профессиональным квалификациям в сфере нанотехнологий и микроэлектроники
11.019,Оператор оборудования глубокой печати,"Средства массовой информации, издательство и полиграфия",Нанесение изображений на запечатываемый материал с использованием оборудования глубокой печати,1523,2022-03-21,"Совет по профессиональным квалификациям в области издательского дела, полиграфического производства и распространения печатной продукции"
11.020,Оператор оборудования трафаретной печати,"Средства массовой информации, издательство и полиграфия",Нанесение изображений на запечатываемый материал с использованием оборудования трафаретной печати,1524,2022-03-21,"Совет по профессиональным квалификациям в области издательского дела, полиграфического производства и распространения печатной продукции"
40.235,Оператор прецизионного травления изделий микроэлектроники,Сквозные виды профессиональной деятельности,Проведение процессов жидкостной прецизионной обработки полупроводниковых пластин в производстве изделий микроэлектроники,1525,2022-03-21,Совет по профессиональным квалификациям в сфере нанотехнологий и микроэлектроники
40.236,Оператор прецизионной фотолитографии изделий микроэлектроники,Сквозные виды профессиональной деятельности,Выполнение процессов фотолитографии при производстве изделий микроэлектроники,1526,2022-03-21,Совет по профессиональным квалификациям в сфере нанотехнологий и микроэлектроники
21.004,Контролер качества технологического процесса по видам производства текстильных изделий и одежды,Легкая и текстильная промышленность,Контроль качества технологического процесса производства текстильных изделий и одежды,1527,2022-03-24,"Совет по профессиональным квалификациям торговой, внешнеторговой и по отдельным видам предпринимательской и экономической деятельности"
21.005,Оператор производства текстильных изделий и одежды (по видам),Легкая и текстильная промышленность,"Управление оборудованием, агрегатами, машинами, технологическими установками и автоматическими линиями по производству текстильных изделий и одежды, их эксплуатация",1528,2022-03-21,"Совет по профессиональным квалификациям торговой, внешнеторговой и по отдельным видам предпринимательской и экономической деятельности"
21.006,Специалист в области проектирования текстильных изделий и одежды,Легкая и текстильная промышленность,Деятельность в области проектирования текстильных изделий и одежды,1529,2022-03-21,"Совет по профессиональным квалификациям торговой, внешнеторговой и по отдельным видам предпринимательской и экономической деятельности"
21.007,Специалист в области стандартизации и метрологии текстильных изделий и одежды,Легкая и текстильная промышленность,Стандартизация и метрологическое обеспечение производства и испытаний продукции текстильной и легкой промышленности,1530,2022-03-09,"Совет по профессиональным квалификациям торговой, внешнеторговой и по отдельным видам предпринимательской и экономической деятельности"
12.015,"Специалист по строительству, ремонту и обслуживанию источников тепла на твердом топливе непромышленного назначения",Обеспечение безопасности,"Строительство, ремонт и обслуживание источников тепла на твердом топливе непромышленного назначения и энергосбережение",1531,2022-03-09,Совет по профессиональным квалификациям в области обеспечения безопасности в чрезвычайных ситуациях
17.124,Работник пассажирских сервисов метрополитена,Транспорт,"Обеспечение удобства и доступности услуг по обслуживанию пассажиров метрополитена, в том числе граждан с ограниченными возможностями",1532,2022-03-09,Совет по профессиональным квалификациям городского пассажирского транспорта
17.125,Работник по комплексному обслуживанию специальных устройств метрополитена,Транспорт,Обслуживание специальных устройств метрополитена,1533,2022-03-31,Совет по профессиональным квалификациям городского пассажирского транспорта
40.237,"Специалист по проектированию, конструированию и инженерному расчету сложных узлов и механизмов изделий из наноструктурированных полимерных и композиционных материалов, нанометаллов и технологической оснастки для их изготовления",Сквозные виды профессиональной деятельности,Инженерно-конструкторские работы по проектированию сложных конструкций из нанометаллов и наноструктурированных полимерных и композиционных материалов,1534,2022-03-24,Совет по профессиональным квалификациям в сфере нанотехнологий и микроэлектроники
10.018,Специалист в области аэрофотогеодезии,"Архитектура, проектирование, геодезия, топография и дизайн",Осуществление аэрофотогеодезической деятельности,1535,2022-03-24,"Совет по профессиональным квалификациям в области инженерных изысканий, градостроительства, архитектурно-строительного проектирования"
10.019,Специалист в области геодезии,"Архитектура, проектирование, геодезия, топография и дизайн","Геодезические измерения на поверхности Земли, координатно-временное и навигационное обеспечение территорий",1536,2022-03-24,"Совет по профессиональным квалификациям в области инженерных изысканий, градостроительства, архитектурно-строительного проектирования"
10.020,Специалист в области картографии и геоинформатики,"Архитектура, проектирование, геодезия, топография и дизайн",Осуществление картографической и геоинформационной деятельности,1537,2022-03-24,"Совет по профессиональным квалификациям в области инженерных изысканий, градостроительства, архитектурно-строительного проектирования"
07.014,Консультант в области управления персоналом,Административно-управленческая и офисная деятельность,Консультирование физических лиц и организаций в области управления персоналом,1538,2022-04-04,Совет по профессиональным квалификациям в области управления персоналом
40.238,Оператор электрохимических станков,Сквозные виды профессиональной деятельности,Обработка заготовок на электрохимических станках,1539,2022-03-24,Совет по профессиональным квалификациям в машиностроении
17.126,"Водитель автомобиля, занятый в технологическом процессе добычи и обогащения полезных ископаемых",Транспорт,"Управление транспортным средством, применяемым в технологическом процессе добычи и обогащения полезных ископаемых",1540,2022-04-18,Совет по профессиональным квалификациям в угольной промышленности
12.016,Мастер газодымозащитной службы,Обеспечение безопасности,Обеспечение деятельности газодымозащитной службы,1541,2022-04-22,Совет по профессиональным квалификациям в области обеспечения безопасности в чрезвычайных ситуациях
10.021,Специалист в области расчета и проектирования бетонных и железобетонных конструкций зданий и сооружений,"Архитектура, проектирование, геодезия, топография и дизайн",Расчет и проектирование бетонных и железобетонных конструкций,1542,2022-04-19,"Совет по профессиональным квалификациям в области инженерных изысканий, градостроительства, архитектурно-строительного проектирования"
10.022,Специалист в области расчета и проектирования деревянных и металлодеревянных конструкций,"Архитектура, проектирование, геодезия, топография и дизайн",Расчет и проектирование деревянных и металлодеревянных конструкций,1543,2022-04-19,"Совет по профессиональным квалификациям в области инженерных изысканий, градостроительства, архитектурно-строительного проектирования"
10.023,Специалист в области расчета и проектирования конструкций из полимерных и композиционных материалов,"Архитектура, проектирование, геодезия, топография и дизайн",Расчет и проектирование конструкций из полимерных и композиционных материалов,1544,2022-04-19,"Совет по профессиональным квалификациям в области инженерных изысканий, градостроительства, архитектурно-строительного проектирования"
10.024,Специалист в области расчета и проектирования конструкций из штучных материалов,"Архитектура, проектирование, геодезия, топография и дизайн",Расчет и проектирование конструкций из штучных материалов,1545,2022-04-21,"Совет по профессиональным квалификациям в области инженерных изысканий, градостроительства, архитектурно-строительного проектирования"
10.025,"Специалист в области проектирования наружных сетей водоснабжения, водоотведения и канализации","Архитектура, проектирование, геодезия, топография и дизайн","Проектирование наружных сетей водоснабжения, водоотведения и канализации",1546,2022-04-18,"Совет по профессиональным квалификациям в области инженерных изысканий, градостроительства, архитектурно-строительного проектирования"
10.026,Специалист в области разработки мероприятий по охране окружающей среды объектов капитального строительства,"Архитектура, проектирование, геодезия, топография и дизайн",Разработка мероприятий по охране окружающей среды при проектировании объектов капитального строительства,1547,2022-04-18,"Совет по профессиональным квалификациям в области инженерных изысканий, градостроительства, архитектурно-строительного проектирования"
10.027,Специалист в области проектирования транспортных тоннелей,"Архитектура, проектирование, геодезия, топография и дизайн",Проектирование транспортных тоннелей,1548,2022-04-18,"Совет по профессиональным квалификациям в области инженерных изысканий, градостроительства, архитектурно-строительного проектирования"
03.017,Демограф,Социальное обслуживание,"Мониторинг, прогнозирование и разработка механизмов демографического развития",1549,2022-06-08,"Совет по профессиональным квалификациям в сфере безопасности труда, социальной защиты и занятости населения"
19.075,Сливщик-разливщик в нефтегазовой отрасли,"Добыча, переработка, транспортировка нефти и газа","Осуществление технологического процесса по приему, сливу, разливу сжиженного углеводородного газа, нефти, продуктов переработки нефти и газа и реагентов",1550,2022-07-19,Совет по профессиональным квалификациям в нефтегазовом комплексе
19.076,"Специалист по производству, хранению и отгрузке сжиженного природного газа","Добыча, переработка, транспортировка нефти и газа","Производство, хранение и отгрузка сжиженного природного газа",1551,2022-09-16,Совет по профессиональным квалификациям в нефтегазовом комплексе
17.127,"Работник по ведению документации по технологическому обеспечению, планированию и учету выполнения работ в подразделении организации железнодорожного транспорта",Транспорт,"Ведение документации по технологическому обеспечению, планированию и учету выполнения работ в подразделении организации железнодорожного транспорта",1552,2022-06-08,Совет по профессиональным квалификациям на железнодорожном транспорте
17.128,Работник по управлению и обслуживанию железнодорожного крана,Транспорт,Управление железнодорожным краном,1553,2022-06-08,Совет по профессиональным квалификациям на железнодорожном транспорте
27.109,Работник по заливке и литью из свинцово-оловянистых сплавов изделий и деталей железнодорожного подвижного состава,Металлургическое производство,Заливка и литье из свинцово-оловянистых сплавов деталей железнодорожного подвижного состава и изделий,1554,2022-06-08,Совет по профессиональным квалификациям на железнодорожном транспорте
17.129,Пилот пилотируемого воздушного судна коммерческих воздушных перевозок гражданской авиации,Транспорт,"Выполнение полетов на пилотируемом гражданском воздушном судне для перевозки пассажиров, грузов, почты",1555,2022-07-13,Совет по профессиональным квалификациям воздушного транспорта
17.130,"Специалист по организации и проведению лабораторного контроля качества материалов и запасных частей, применяемых при ремонте, техническом обслуживании железнодорожного подвижного состава и объектов железнодорожной инфраструктуры",Транспорт,"Деятельность по организации и проведению лабораторного контроля качества материалов и запасных частей, применяемых при ремонте, техническом обслуживании железнодорожного подвижного состава и объектов ",1556,2022-06-08,Совет по профессиональным квалификациям на железнодорожном транспорте
08.045,Специалист в области инновационных финансовых технологий,Финансы и экономика,Осуществление деятельности в области инновационных финансовых технологий,1557,2022-07-13,Совет по профессиональным квалификациям финансового рынка
27.110,"Аппаратчик-гидрометаллург производства легких, редких цветных металлов и редкоземельных материалов",Металлургическое производство,"Ведение гидрометаллургических процессов в производстве легких, редких цветных металлов и редкоземельных материалов",1558,2022-06-08,nan
02.088,Врач-профпатолог,Здравоохранение,Врачебная практика в области профессиональной патологии,1559,2022-11-22,Совет по профессиональным квалификациям в здравоохранении
19.077,Машинист буровых установок на нефть и газ,"Добыча, переработка, транспортировка нефти и газа",Эксплуатационное и разведочное бурение нефтяных и газовых скважин,1560,2022-07-05,Совет по профессиональным квалификациям в нефтегазовом комплексе
40.239,Специалист по сварке и резке под водой,Сквозные виды профессиональной деятельности,Подводная сварка (наплавка) и резка изделий (объектов),1561,2022-07-19,Совет по профессиональным квалификациям в области сварки
40.240,Долбежник,Сквозные виды профессиональной деятельности,Изготовление деталей машин на долбежных станках,1562,2022-08-04,Совет по профессиональным квалификациям в машиностроении
40.241,Наладчик термического оборудования,Сквозные виды профессиональной деятельности,Наладка и техническое обслуживание термического оборудования,1563,2022-10-06,Совет по профессиональным квалификациям в машиностроении
40.242,Оператор листогибочного оборудования,Сквозные виды профессиональной деятельности,Гибка изделий на листогибочных прессах в холодном и горячем состоянии из листового и полосового проката,1564,2022-09-16,Совет по профессиональным квалификациям в машиностроении
40.243,Оператор ротационных ковочных машин,Сквозные виды профессиональной деятельности,Ковка и обжим на ротационных ковочных машинах,1565,2022-09-16,Совет по профессиональным квалификациям в машиностроении
40.244,Разметчик в машиностроении,Сквозные виды профессиональной деятельности,Разметка деталей машин и сборочных единиц перед обработкой и сборкой,1566,2022-09-16,Совет по профессиональным квалификациям в машиностроении
28.012,"Специалист по проектированию, техническому перевооружению, реконструкции и модернизации технологических комплексов кузнечно-штамповочного производства",Производство машин и оборудования,Проектирование технологических комплексов кузнечно-штамповочных производств,1567,2022-08-04,Совет по профессиональным квалификациям в машиностроении
28.013,"Специалист по проектированию, техническому перевооружению, реконструкции и модернизации технологических комплексов термического производства",Производство машин и оборудования,Проектирование технологических комплексов термических производств,1568,2022-09-14,Совет по профессиональным квалификациям в машиностроении
40.245,Штамповщик на молотах и прессах,Сквозные виды профессиональной деятельности,Горячая штамповка поковок на молотах и прессах,1569,2022-10-25,Совет по профессиональным квалификациям в машиностроении
26.035,Работник производства химических волокон,"Химическое, химико-технологическое производство",Производство химических волокон,1570,2022-08-04,nan
26.036,Специалист по производству химических волокон,"Химическое, химико-технологическое производство",Производство химических волокон,1571,2022-08-04,nan
26.037,Специалист по производству дезинфицирующих средств,"Химическое, химико-технологическое производство",Производство дезинфицирующих средств,1572,2022-08-04,nan
19.078,Работник по эксплуатации компрессорных установок в нефтегазовой отрасли,"Добыча, переработка, транспортировка нефти и газа",Эксплуатация компрессорных установок в нефтегазовой отрасли,1573,2022-09-15,Совет по профессиональным квалификациям в нефтегазовом комплексе
30.032,Руководитель производственных работ в судостроении,Судостроение,"Организация производственных работ в производственных подразделениях организаций судостроения, судоремонта",1574,2022-09-14,Совет по профессиональным квалификациям в отрасли судостроения и морской техники
09.004,Специалист в сфере предупреждения коррупционных правонарушений,Юриспруденция,Предупреждение коррупционных правонарушений в организации,1575,2022-08-08,"Совет по профессиональным квалификациям торговой, внешнеторговой и по отдельным видам предпринимательской и экономической деятельности"
04.016,Специалист по библиотечно-информационной деятельности,"Культура, искусство",Библиотечно-информационная деятельность,1577,2022-09-14,nan
28.014,Специалист по проектированию автоматизированных производств в машиностроении,Производство машин и оборудования,Проектирование автоматизированных производств в машиностроении,1576,2017-02-01,Совет по профессиональным квалификациям в машиностроении
17.131,Работник по обслуживанию тоннелей метрополитена,Транспорт,Текущее содержание и ремонт тоннелей метрополитена,1578,2022-09-14,Совет по профессиональным квалификациям городского пассажирского транспорта
03.018,Психолог-консультант,Социальное обслуживание,Психологическое консультирование населения и трудовых коллективов,1579,2022-09-14,"Совет по профессиональным квалификациям в сфере безопасности труда, социальной защиты и занятости населения"
27.111,Разливщик цветных металлов и сплавов,Металлургическое производство,Разливка продуктов плавки металлов и сплавов,1580,2022-10-04,nan
10.028,Архитектор-дизайнер,"Архитектура, проектирование, геодезия, топография и дизайн",Проектирование архитектурной среды,1581,2022-09-14,"Совет по профессиональным квалификациям в области инженерных изысканий, градостроительства, архитектурно-строительного проектирования"
10.029,Специалист в области инженерно-геологических изысканий для градостроительной деятельности,"Архитектура, проектирование, геодезия, топография и дизайн",Инженерно-геологические изыскания в градостроительной деятельности,1582,2022-10-04,"Совет по профессиональным квалификациям в области инженерных изысканий, градостроительства, архитектурно-строительного проектирования"
10.030,Специалист в области инженерно-гидрометеорологических изысканий для градостроительной деятельности,"Архитектура, проектирование, геодезия, топография и дизайн",Инженерно-гидрометеорологические изыскания в градостроительной деятельности,1583,2022-10-04,"Совет по профессиональным квалификациям в области инженерных изысканий, градостроительства, архитектурно-строительного проектирования"
19.079,Специалист по эксплуатации технологического оборудования систем подводной добычи в нефтегазовой отрасли,"Добыча, переработка, транспортировка нефти и газа","Эксплуатация оборудования и систем подводного добычного комплекса нефтегазовой отрасли (в том числе при добыче, обратной закачке, газлифте, сборе, контроле и управлении, замере, подготовке и транспорт",1584,2022-09-16,Совет по профессиональным квалификациям в нефтегазовом комплексе
25.062,Инженер по процессам сборки и испытаний ракетно-космической техники,Ракетно-космическая промышленность,Сопровождение процессов сборки и испытаний изделий ракетно-космической техники в ракетно-космической промышленности,1585,2022-10-18,Совет по профессиональным квалификациям в области ракетной техники и космической деятельности
06.050,Специалист в области антенно-фидерных устройств радиотехнических средств и комплексов,"Связь, информационные и коммуникационные технологии","Исследование, разработка, изготовление опытных образцов антенно-фидерных устройств радиотехнических средств и комплексов различных диапазонов частот",1586,2022-10-06,"Совет по профессиональным квалификациям в области телекоммуникаций, почтовой связи и радиотехники"
06.050,Специалист по монтажу и технической эксплуатации квантовых сетей,"Связь, информационные и коммуникационные технологии",Монтаж и техническая эксплуатация сетей квантовых коммуникаций,1587,2022-10-24,"Совет по профессиональным квалификациям в области телекоммуникаций, почтовой связи и радиотехники"
06.051,Специалист в области аппаратно-программных средств цифровой обработки сигналов,"Связь, информационные и коммуникационные технологии","Исследование, разработка, изготовление опытных образцов аппаратно-программных средств цифровой обработки сигналов",1588,2022-10-04,"Совет по профессиональным квалификациям в области телекоммуникаций, почтовой связи и радиотехники"
06.052,Инженер-программист радиоэлектронных средств и комплексов,"Связь, информационные и коммуникационные технологии","Разработка, тестирование и эксплуатация программного обеспечения радиоэлектронных средств и комплексов",1589,2022-10-04,"Совет по профессиональным квалификациям в области телекоммуникаций, почтовой связи и радиотехники"
04.017,Композитор,"Культура, искусство",Деятельность композиторов,1590,2022-10-25,nan
30.033,Специалист по подготовке производства в судостроении,Судостроение,Организация управления производственными процессами в судостроении,1591,2023-01-16,Совет по профессиональным квалификациям в отрасли судостроения и морской техники
40.246,Специалист по обеспечению энергосбережения и повышения энергетической эффективности,Сквозные виды профессиональной деятельности,Обеспечение энергосбережения и повышения энергетической эффективности в организации,1592,2022-12-20,Совет по профессиональным квалификациям в электроэнергетике
06.053,Специалист по информационной безопасности в кредитно-финансовой сфере,"Связь, информационные и коммуникационные технологии",Обеспечение информационной безопасности в организациях кредитно-финансовой сферы,1593,2022-11-28,nan
32.018,Слесарь по ремонту авиационных двигателей,Авиастроение,Ремонт деталей и узлов авиационных двигателей,1594,2023-01-18,Совет по профессиональным квалификациям в авиастроении
32.019,Инженер-технолог авиационного производства,Авиастроение,Технологическая подготовка сборочного производства и обеспечение технологического процесса сборки изделий авиационной техники и ее компонентов,1595,2022-01-16,Совет по профессиональным квалификациям в авиастроении
10.031,Специалист в области проектирования систем противопожарной защиты объектов капитального строительства,"Архитектура, проектирование, геодезия, топография и дизайн","Проектирование систем пожарной сигнализации, оповещения и управления эвакуацией людей при пожаре, противодымной защиты, пожаротушения, противопожарного водоснабжения объектов капитального строительств",1596,2023-03-20,"Совет по профессиональным квалификациям в области инженерных изысканий, градостроительства, архитектурно-строительного проектирования"
18.009,Машинист буровой установки на открытых горных работах,"Добыча, переработка угля, руд и других полезных ископаемых",Выполнение механизированных работ с применением буровой установки при разработке месторождений полезных ископаемых открытым способом,1597,2023-02-02,Совет по профессиональным квалификациям в угольной промышленности
18.010,Машинист конвейера угледобывающих предприятий,"Добыча, переработка угля, руд и других полезных ископаемых","Управление конвейерным транспортом и его эксплуатация в организациях добычи, переработки и обогащения полезных ископаемых",1598,2023-01-30,Совет по профессиональным квалификациям в угольной промышленности
18.011,Машинист экскаватора на горных работах,"Добыча, переработка угля, руд и других полезных ископаемых",Выполнение механизированных работ с применением экскаватора различного вида при разработке месторождений полезных ископаемых,1599,2023-02-28,Совет по профессиональным квалификациям в угольной промышленности
07.015,Специалист службы протокола,Административно-управленческая и офисная деятельность,Управление деятельностью по проведению протокольных мероприятий,1600,2023-01-30,Совет по профессиональным квалификациям в области документационного и административно-хозяйственного обеспечения деятельности организации
27.112,Работник по улавливанию и переработке продуктов коксохимического производства в металлургии,Металлургическое производство,Улавливание и переработка продуктов коксохимического производства,1601,2023-03-01,Совет по профессиональным квалификациям в горно-металлургическом комплексе
27.113,"Работник по техническому обслуживанию и ремонтам металлургических кранов, специального и подвесного оборудования на предприятиях горно-металлургического комплекса",Металлургическое производство,"Техническое обслуживание и ремонт металлургических кранов, специального и подвесного оборудования на предприятиях горно-металлургического комплекса",1602,2023-02-28,Совет по профессиональным квалификациям в горно-металлургическом комплексе
27.114,Работник по техническому обслуживанию и ремонтам технологического оборудования на предприятиях горно-металлургического комплекса,Металлургическое производство,Техническое обслуживание и ремонт технологического оборудования на предприятиях горно-металлургического комплекса,1603,2023-02-28,Совет по профессиональным квалификациям в горно-металлургическом комплексе
27.115,"Работник по техническому обслуживанию и ремонтам гидравлического, смазочного и пневматического оборудования на предприятиях горно-металлургического комплекса",Металлургическое производство,"Техническое обслуживание и ремонт гидравлического, смазочного и пневматического оборудования на предприятиях горно-металлургического комплекса",1604,2023-03-01,Совет по профессиональным квалификациям в горно-металлургическом комплексе
27.116,Работник по техническому обслуживанию и ремонтам электротехнического оборудования на предприятиях горно-металлургического комплекса,Металлургическое производство,Техническое обслуживание и ремонт электротехнического оборудования на предприятиях горно-металлургического комплекса,1605,2023-03-01,Совет по профессиональным квалификациям в горно-металлургическом комплексе
27.117,Работник по техническому обслуживанию и ремонтам энергетического оборудования на предприятиях горно-металлургического комплекса,Металлургическое производство,Техническое обслуживание и ремонт энергетического оборудования на предприятиях горно-металлургического комплекса,1606,2023-03-01,Совет по профессиональным квалификациям в горно-металлургическом комплексе
33.024,"Специалист по подбору, монтажу и обслуживанию продукции реабилитационной направленности","Сервис, оказание услуг населению (торговля, техническое обслуживание, ремонт, предоставление персональных услуг, услуги гостеприимства, общественное питание и пр.)","Подбор, монтаж и обслуживание продукции реабилитационной направленности",1607,2023-02-02,Совет по профессиональным квалификациям в сфере производства социально-значимых товаров
03.019,Специалист по разработке и адаптации ассистивных технологий для лиц с ограниченными возможностями здоровья,Социальное обслуживание,Разработка и адаптация ассистивных технологий для лиц с ограниченными возможностями здоровья,1608,2023-02-02,Совет по профессиональным квалификациям в сфере производства социально-значимых товаров
01.013,Руководитель организации отдыха детей и их оздоровления,Образование и наука,Управление организацией отдыха детей и их оздоровления,1609,2023-02-02,Совет по профессиональным квалификациям в сфере образования
06.054,Специалист по исследованиям и разработкам в области квантовых коммуникаций,"Связь, информационные и коммуникационные технологии","Разработка оборудования, приборов и комплексов для систем квантовых коммуникаций, исследования в указанной сфере",1610,2023-04-27,"Совет по профессиональным квалификациям в области телекоммуникаций, почтовой связи и радиотехники"
16.154,Специалист по организации строительства объектов дорожного хозяйства,Строительство и ЖКХ,"Организация строительства, реконструкции и ремонта объектов дорожного хозяйства",1611,2023-03-20,Совет по профессиональным квалификациям в строительстве
12.017,Специалист по обеспечению антитеррористической защищенности объекта (территории),Обеспечение безопасности,"Реализация требований к антитеррористической защищенности объектов (территорий) (за исключением объектов транспортной инфраструктуры и транспортных средств, а также объектов топливно-энергетического к",1612,2023-04-27,Совет по профессиональным квалификациям в сфере антитеррористической защищенности и охраны объектов (территорий)
17.132,Водитель трамвая,Транспорт,Регулярные перевозки пассажиров трамваем в городском и пригородном сообщении,1613,2023-03-14,Совет по профессиональным квалификациям городского пассажирского транспорта
40.247,Специалист по инженерной защите окружающей среды,Сквозные виды профессиональной деятельности,Обеспечение инженерной защиты окружающей среды при осуществлении хозяйственной деятельности,1614,2023-03-14,Совет по профессиональным квалификациям в области энергоэффективности и ресурсосбережения
40.248,Специалист по стандартизации,Сквозные виды профессиональной деятельности,"Деятельность по стандартизации (за исключением федеральных образовательных стандартов и профессиональных стандартов), включая разработку, опубликование и применение документов по стандартизации, в отн",1615,2023-04-27,"Совет по профессиональным квалификациям торговой, внешнеторговой и по отдельным видам предпринимательской и экономической деятельности"
17.133,Работник по комплексному обслуживанию пути и контактного рельса метрополитена,Транспорт,Текущее содержание и ремонт пути и контактного рельса метрополитена,1616,2023-03-20,Совет по профессиональным квалификациям городского пассажирского транспорта
12.018,Специалист ведомственной охраны объектов нефтегазовой отрасли,Обеспечение безопасности,Ведомственная охрана объектов нефтегазовой отрасли,1617,2023-03-14,Совет по профессиональным квалификациям в нефтегазовом комплексе
17.134,Работник по комплексному обслуживанию трамвайных путей,Транспорт,Техническое обслуживание и текущий ремонт трамвайных путей,1618,2023-03-01,совет по профессиональным квалификациям городского пассажирского транспорта
17.135,Работник по развитию агломерационной транспортной мобильности,Транспорт,Организация логистики пассажирских перевозок в городских агломерациях,1619,2023-04-25,Совет по профессиональным квалификациям городского пассажирского транспорта
17.136,Работник по оформлению проездных документов пассажиров метрополитена,Транспорт,Оказание услуг по оформлению и продаже проездных документов пассажирам метрополитена,1620,2023-04-27,Совет по профессиональным квалификациям городского пассажирского транспорта
01.014,Педагог-дефектолог,Образование и наука,"Педагогическая деятельность по обучению и воспитанию на основе адаптированных образовательных программ, индивидуальных учебных планов; психолого-педагогическое сопровождение обучающихся с ограниченным",1621,2023-03-13,Совет по профессиональным квалификациям в сфере образования
05.016,Специалист по спортивно-функциональной классификации в адаптивном спорте,Физическая культура и спорт,Определение спортивно-функционального класса в адаптивном спорте,1622,2023-04-27,nan
05.017,Специалист по фитнесу (фитнес-тренер),Физическая культура и спорт,Организация и оказание фитнес-услуг населению,1623,2023-04-27,nan
05.018,Специалист по школьному и студенческому спорту,Физическая культура и спорт,Управление развитием школьного и студенческого спорта,1624,2023-04-27,nan
25.063,Специалист по проектированию и конструированию электроракетных двигателей,Ракетно-космическая промышленность,"Проектирование, конструирование, сертификация электроракетных двигателей, проведение научно-исследовательских работ по электроракетным двигателям и сопровождение производства электроракетных двигателе",1625,2023-04-27,nan
25.064,Специалист по проектированию и конструированию энергетических установок космических аппаратов,Ракетно-космическая промышленность,"Проектирование, конструирование, сертификация энергетических установок космических аппаратов, проведение научно-исследовательских работ по энергетическим установкам космических аппаратов и сопровожден",1626,2023-04-27,nan
08.046,Специалист в области производственно-технологической комплектации детских игровых программ,Финансы и экономика,Контроль качества и приемка комплектующих изделий детских игровых программ,1627,2023-04-27,Совет по профессиональным квалификациям в сфере производства социально-значимых товаров
06.055,Специалист по управлению мастер-данными и контенту детских товаров,"Связь, информационные и коммуникационные технологии",Управление данными (контентом) в области детских товаров,1628,2023-04-27,Совет по профессиональным квалификациям в сфере производства социально-значимых товаров
10.032,Инженер-градостроитель – специалист по инженерной подготовке территории,"Архитектура, проектирование, геодезия, топография и дизайн",Проектирование инженерной подготовки территории,1629,2023-04-27,"Совет по профессиональным квалификациям в области инженерных изысканий, градостроительства, архитектурно-строительного проектирования"
12.019,Психолог в служебной деятельности,Обеспечение безопасности,"Психологическое обеспечение деятельности в особых условиях, а также при выполнении специальных задач",1630,2023-04-27,Совет по профессиональным квалификациям в области обеспечения безопасности в чрезвычайных ситуациях
03.020,Профконсультант,Социальное обслуживание,Содействие в осознанном и целенаправленном выборе профессионального и карьерного пути,1631,2023-06-21,"Совет по профессиональным квалификациям в сфере безопасности труда, социальной защиты и занятости населения"
24.129,Специалист в области вероятностного анализа безопасности для атомных электростанций,Атомная промышленность,Выполнение вероятностного анализа безопасности для блока атомных электростанций,1632,2023-07-05,Совет по профессиональным квалификациям в сфере атомной энергии
24.130,Специалист по охране окружающей среды при проектировании объектов использования атомной энергии,Атомная промышленность,Оценка негативного воздействия на окружающую среду объекта использования атомной энергии при его проектировании и разработке мероприятий по предотвращению или снижению данного воздействия,1633,2023-07-05,Совет по профессиональным квалификациям в сфере атомной энергии
24.131,"Специалист по приему, учету, хранению и обращению научно-технической продукции для объектов использования атомной энергии",Атомная промышленность,"Прием, учет, хранение научно-технической продукции и обращение с ней для объектов использования атомной энергии",1634,2023-07-05,Совет по профессиональным квалификациям в сфере атомной энергии
24.132,Специалист по проектированию систем обеспечения электрического питания по особой группе надежности по правилам электроустановок для атомных электростанций,Атомная промышленность,"Проектирование систем обеспечения электрического питания по особой группе надежности по правилам устройства электроустановок, исключая дизель-генераторы, для атомных электростанций",1635,2023-07-05,Совет по профессиональным квалификациям в сфере атомной энергии
24.133,Инженер-проектировщик систем обращения и транспортирования радиоактивных отходов на атомных электростанциях,Атомная промышленность,Проектирование систем обращения с радиоактивными отходами и транспортировки радиоактивных отходов на атомных электростанциях (далее – АЭС),1636,2023-07-05,Совет по профессиональным квалификациям в сфере атомной энергии
16.155,Специалист по организации строительства объектов жилищно-гражданского комплекса,Строительство и ЖКХ,Организация строительства объектов жилищно-гражданского комплекса,1637,2023-07-13,Совет по профессиональным квалификациям в строительстве
17.137,Работник по прессованию электроизоляционных материалов и изделий для железнодорожного подвижного состава,Транспорт,Прессование электроизоляционных материалов и изделий для железнодорожного подвижного состава,1638,2023-08-07,Совет по профессиональным квалификациям на железнодорожном транспорте
17.138,Работник по ремонту электрических машин железнодорожного подвижного состава и устройств железнодорожной инфраструктуры,Транспорт,Ремонт элементов электрических машин железнодорожного подвижного состава и устройств железнодорожной инфраструктуры,1639,2023-08-11,Совет по профессиональным квалификациям на железнодорожном транспорте
17.139,Специалист по центровке и загрузке воздушного судна гражданской авиации,Транспорт,Выполнение работ по центровке и загрузке воздушных судов гражданской авиации,1640,2023-08-10,nan
19.080,Работник по эксплуатации автомобильных газонаполнительных компрессорных станций,"Добыча, переработка, транспортировка нефти и газа",Эксплуатация автомобильных газонаполнительных компрессорных станций всех типов,1641,2023-09-07,Совет по профессиональным квалификациям в нефтегазовом комплексе
19.081,Регенераторщик отработанного масла в нефтегазовой отрасли,"Добыча, переработка, транспортировка нефти и газа",Эксплуатация технологических установок очистки и регенерации отработанных масел на объектах нефтегазовой отрасли,1642,2023-08-10,Совет по профессиональным квалификациям в нефтегазовом комплексе
19.082,Специалист по эксплуатации автомобильных газонаполнительных компрессорных станций,"Добыча, переработка, транспортировка нефти и газа",Организация эксплуатации автомобильных газонаполнительных компрессорных станций всех типов,1643,2023-08-10,Совет по профессиональным квалификациям в нефтегазовом комплексе
10.033,Специалист в области инженерно-экологических изысканий для градостроительной деятельности,"Архитектура, проектирование, геодезия, топография и дизайн",Инженерно-экологические изыскания для градостроительной деятельности,1644,2023-10-24,"Совет по профессиональным квалификациям в области инженерных изысканий, градостроительства, архитектурно-строительного проектирования"
12.020,Спасатель,Обеспечение безопасности,Проведение аварийно-спасательных работ,1645,2023-10-18,Совет по профессиональным квалификациям в области обеспечения безопасности в чрезвычайных ситуациях
20.049,"Работник по обслуживанию распределительных сетей 0,4–20 кВ",Электроэнергетика,"Техническое обслуживание и ремонт распределительных сетей напряжением 0,4-20 кВ (трансформаторных подстанций, распределительных пунктов, воздушных, кабельных и кабельно-воздушных линий электропередачи",1646,2024-01-15,Совет по профессиональным квалификациям в электроэнергетике
17.140,Специалист по техническому обслуживанию беспилотных авиационных систем в составе с одним или несколькими беспилотными воздушными судами максимальной взлетной массой более 30 килограммов,Транспорт,"Выполнение комплекса работ по техническому обслуживанию беспилотных авиационных систем, включающих в себя одно или несколько беспилотных воздушных судов максимальной взлетной массой более 30 килограмм",1647,2023-12-22,Совет по профессиональным квалификациям воздушного транспорта
02.089,Врач по спортивной медицине,Здравоохранение,Врачебная практика в области спортивной медицины,1648,2024-01-30,Совет по профессиональным квалификациям в здравоохранении
27.118,Контролер качества продукции и технологического процесса на предприятиях горно-металлургического комплекса,Металлургическое производство,Контроль качества продукции и технологического процесса в организациях горно-металлургического комплекса цветной металлургии,1649,2024-03-11,nan
10.034,Специалист по сметному ценообразованию на этапе архитектурно-строительного проектирования,"Архитектура, проектирование, геодезия, топография и дизайн",Деятельность в области сметного ценообразования на этапе архитектурно-строительного проектирования,1650,2024-03-11,"Совет по профессиональным квалификациям в области инженерных изысканий, градостроительства, архитектурно-строительного проектирования"
33.025,"Специалист в области товароведения и товарной (товароведческой, товароведной) экспертизы","Сервис, оказание услуг населению (торговля, техническое обслуживание, ремонт, предоставление персональных услуг, услуги гостеприимства, общественное питание и пр.)","Изучение характеристик и свойств товара, формирующих его стоимость (цену), экспертная оценка характеристик товаров",1651,2024-04-02,"Совет по профессиональным квалификациям торговой, внешнеторговой и по отдельным видам предпринимательской и экономической деятельности"
26.038,Специалист по управлению контрактами при сооружении объектов нефтехимической и химической промышленности,"Химическое, химико-технологическое производство",Организация договорной работы и регулирование договорных отношений с контрагентами при сооружении объектов нефтехимической и химической промышленности,1652,2024-04-02,nan
28.015,Специалист по метрологическому обеспечению вооружения и военной техники,Производство машин и оборудования,"Метрологическое обеспечение разработки, производства, испытаний и эксплуатации вооружения и военной техники",1653,2024-04-02,Совет по профессиональным квалификациям в машиностроении
40.249,Аккумуляторщик,Сквозные виды профессиональной деятельности,Техническое обслуживание и ремонт аккумуляторов и аккумуляторных батарей различных типов и емкостей (кроме тепловых электростанций),1654,2024-04-01,Совет по профессиональным квалификациям на железнодорожном транспорте
19.083,Специалист в области производства водородсодержащих газов,"Добыча, переработка, транспортировка нефти и газа",Производство водородсодержащих газов,1655,2024-04-16,Совет по профессиональным квалификациям в нефтегазовом комплексе
17.141,Работник по комплексному обслуживанию оборудования метрополитена,Транспорт,Техническое обслуживание и ремонт оборудования метрополитена,1656,2024-04-16,Совет по профессиональным квалификациям городского пассажирского транспорта
12.021,Специалист по горноспасательным работам на объектах ведения горных работ,Обеспечение безопасности,"Организация и проведение горноспасательных работ и работ неаварийного характера, требующих применения средств индивидуальной защиты органов дыхания и (или) горноспасательного оснащения, на опасных про",1657,2024-04-18,Совет по профессиональным квалификациям в области обеспечения безопасности в чрезвычайных ситуациях
12.022,Специалист кинологической службы,Обеспечение безопасности,Служебная кинологическая деятельность,1658,2024-04-16,Совет по профессиональным квалификациям в области обеспечения безопасности в чрезвычайных ситуациях
24.134,Аппаратчик регенерации объекта ядерно-топливного цикла атомной отрасли,Атомная промышленность,Эксплуатация оборудования ядерных установок при ведении технологических процессов переработки урансодержащих оборотов разделительного производства и радиоактивных отходов и производства уранового прод,1659,2024-04-16,Совет по профессиональным квалификациям в сфере атомной энергии
19.084,Специалист по нефтегазопромысловой химии,"Добыча, переработка, транспортировка нефти и газа","Разработка, проведение испытаний и исследований химических реагентов и технологических жидкостей в области нефтегазопромысловой химии",1660,2024-04-18,Совет по профессиональным квалификациям в нефтегазовом комплексе
33.026,Специалист в сфере ярмарочной деятельности,"Сервис, оказание услуг населению (торговля, техническое обслуживание, ремонт, предоставление персональных услуг, услуги гостеприимства, общественное питание и пр.)",Деятельность по организации и проведению ярмарок,1663,2024-06-19,"Совет по профессиональным квалификациям торговой, внешнеторговой и по отдельным видам предпринимательской и экономической деятельности"
33.027,Специалист по организации конгрессных мероприятий,"Сервис, оказание услуг населению (торговля, техническое обслуживание, ремонт, предоставление персональных услуг, услуги гостеприимства, общественное питание и пр.)","Деятельность по организации и проведению конгрессных мероприятий (собраний, конференций, форумов, съездов, симпозиумов, сателлитов, сессий, гибридных и онлайн-мероприятий)",1664,2024-06-19,"Совет по профессиональным квалификациям торговой, внешнеторговой и по отдельным видам предпринимательской и экономической деятельности"
03.021,Тифлокомментатор,Социальное обслуживание,Деятельность по дистанционной передаче визуальной информации об окружающем мире лицам с нарушением зрения посредством тифлокомментирования,1665,2024-07-08,nan
21.008,Технолог производства спортивных товаров и оборудования для детей,Легкая и текстильная промышленность,"Обеспечение технологических процессов производства спортивных товаров и оборудования, предназначенных для использования детьми",1666,2024-07-08,nan
21.009,Специалист по обеспечению качества спортивно-технологической продукции для детей,Легкая и текстильная промышленность,Организация и контроль обеспечения качества спортивно-технологической продукции для детей и ее безопасной эксплуатации,1667,2024-07-08,nan
23.060,Оператор станков с числовым программным управлением по деревянным деталям и конструкциям,"Деревообрабатывающая и целлюлозно-бумажная промышленность, мебельное производство",Управление работой станков с числовым программным управлением при производстве деревянных деталей и конструкций,1668,2024-08-26,nan
32.020,Специалист по испытаниям авиационных двигателей на испытательных стендах,Авиастроение,Испытания авиационных газотурбинных двигателей и их составных частей на испытательных стендах (установках),1669,2024-08-29,nan
26.039,Специалист по производству технических спиртов,"Химическое, химико-технологическое производство",Производство технических спиртов,1670,2024-08-26,nan
40.250,Бизнес-тренер,Сквозные виды профессиональной деятельности,"Осуществление деятельности по формированию умений, отработке профессиональных навыков, передаче техник и технологий для решения организационных, управленческих и маркетинговых задач предпринимательско",1671,2024-08-26,"Совет по профессиональным квалификациям торговой, внешнеторговой и по отдельным видам предпринимательской и экономической деятельности"
21.010,Специалист по инжинирингу текстильного и швейного производства,Легкая и текстильная промышленность,"Решение инженерных задач, связанных с разработкой или совершенствованием текстильных и швейных изделий",1672,2024-08-29,nan
40.251,Специалист в области саморегулирования в градостроительной деятельности,Сквозные виды профессиональной деятельности,"Обеспечение функционирования саморегулируемых организаций в области инженерных изысканий, архитектурно-строительного проектирования, строительства, реконструкции, капитального ремонта, сноса объектов ",1673,2024-08-29,"Совет по профессиональным квалификациям в области инженерных изысканий, градостроительства, архитектурно-строительного проектирования"
19.085,Работник авиатопливообеспечения,"Добыча, переработка, транспортировка нефти и газа",Осуществление заправки воздушных судов авиационными горюче-смазочными материалами,1674,2024-09-18,Совет по профессиональным квалификациям в нефтегазовом комплексе
24.137,Аппаратчик технологических установок по переработке гексафторида урана разделительно-сублиматного комплекса атомной отрасли,Атомная промышленность,"Эксплуатация технологического оборудования конденсационно-испарительных установок, установок перелива гексафторида урана (далее – ГФУ) и установок обесфторивания ГФУ в процессе его переработки",1675,2024-09-23,Совет по профессиональным квалификациям в сфере атомной энергии
24.138,Специалист в области детерминистического анализа безопасности для атомных электростанций,Атомная промышленность,Выполнение детерминистического анализа безопасности атомных электростанций,1676,2024-09-18,Совет по профессиональным квалификациям в сфере атомной энергии
10.035,"Специалист в области проектирования технологических решений объектов производства строительных материалов, изделий и конструкций","Архитектура, проектирование, геодезия, топография и дизайн","Проектирование технологических решений объектов производства строительных материалов, изделий и конструкций для объектов капитального строительства",1677,2024-09-23,"Совет по профессиональным квалификациям в области инженерных изысканий, градостроительства, архитектурно-строительного проектирования"
10.036,Специалист в области проектирования технологических решений тепловых электростанций,"Архитектура, проектирование, геодезия, топография и дизайн",Проектирование технологических решений тепловых электростанций,1678,2024-09-18,"Совет по профессиональным квалификациям в области инженерных изысканий, градостроительства, архитектурно-строительного проектирования"
10.037,Специалист в области проектирования линий электропередачи и иных объектов электросетевого хозяйства,"Архитектура, проектирование, геодезия, топография и дизайн","Проектирование линий электропередачи и иных объектов электросетевого хозяйства для объектов капитального строительства, реконструкции, модернизации, технического перевооружения, капитального ремонта, ",1679,2024-09-18,"Совет по профессиональным квалификациям в области инженерных изысканий, градостроительства, архитектурно-строительного проектирования"
10.038,Специалист в области проектирования наружных слаботочных сетей,"Архитектура, проектирование, геодезия, топография и дизайн",Проектирование наружных слаботочных сетей,1680,2024-09-23,"Совет по профессиональным квалификациям в области инженерных изысканий, градостроительства, архитектурно-строительного проектирования"
17.142,Специалист по разработке и внедрению в производство технологических процессов на железнодорожном транспорте,Транспорт,"Разработка, внедрение в производство технологических процессов на железнодорожном транспорте и технологическая подготовка производства по текущему ремонту и техническому обслуживанию железнодорожного ",1681,2024-09-18,Совет по профессиональным квалификациям на железнодорожном транспорте
17.143,"Специалист по эксплуатации, ремонту и техническому обслуживанию (текущему содержанию) технологического оборудования, зданий и сооружений производственных участков объектов железнодорожной инфраструктуры",Транспорт,"Организация и выполнение работ по эксплуатации, ремонту и техническому обслуживанию (текущему содержанию) технологического оборудования, зданий и сооружений производственных участков объектов железнод",1682,2024-09-18,Совет по профессиональным квалификациям на железнодорожном транспорте
17.144,Специалист по организации и проведению поездных испытаний тормозов и контроля за управлением тормозами в поездах на железнодорожном транспорте,Транспорт,Деятельность по проведению поездных испытаний тормозов и контроля управлением тормозами в поездах на железнодорожном транспорте,1683,2024-09-23,Совет по профессиональным квалификациям на железнодорожном транспорте
13.024,Специалист по селекции и генетике в животноводстве,Сельское хозяйство,Селекция продуктивных животных,1684,2024-10-14,nan
13.025,"Специалист по семеноводству, селекции и генетике в растениеводстве",Сельское хозяйство,Селекция и семеноводство сельскохозяйственных растений,1685,2024-10-14,nan
27.119,Маркшейдер,Металлургическое производство,Организационно-техническое обеспечение и ведение маркшейдерских работ,1686,2024-10-14,nan
27.120,Миксеровой,Металлургическое производство,"Управление технологическим процессом приема, усреднения в миксерах и выдачи чугунаУправление технологическим процессом приема, усреднения в миксерах и выдачи чугунаУправление технологическим процессом",1687,2024-10-14,nan
10.039,"Специалист в области разработки мероприятий по охране окружающей среды при проектировании автомобильных дорог, мостовых сооружений и транспортных тоннелей","Архитектура, проектирование, геодезия, топография и дизайн","Разработка мероприятий по охране окружающей среды автомобильных дорог, мостовых сооружений и транспортных тоннелей",1688,2024-10-14,"Совет по профессиональным квалификациям в области инженерных изысканий, градостроительства, архитектурно-строительного проектирования"
10.040,"Специалист по разработке проектов организации строительства, сноса и демонтажа, продления срока эксплуатации, консервации и расконсервации объектов капитального строительстваСпециалист по разработке проектов организации строительства, сноса и демонтажа, продления срока эксплуатации, консервации и расконсервации объектов капитального строительстваСпециалист по разработке проектов организации строительства, сноса и демонтажа, продления срока эксплуатации, консервации и расконсервации объектов капитального строительстваСпециалист по разработке проектов организации строительства, сноса и демонтажа, продления срока эксплуатации, консервации и расконсервации объектов капитального строительства","Архитектура, проектирование, геодезия, топография и дизайн","Проектирование организации строительства, сноса и демонтажа, продления срока эксплуатации, консервации и расконсервации объектов капитального строительства",1689,2024-10-14,"Совет по профессиональным квалификациям в области инженерных изысканий, градостроительства, архитектурно-строительного проектирования"
30.034,Наладчик систем теплотехнического контроля и автоматического регулирования судовых атомных энергетических установок,Судостроение,"Наладка, регулировка, техническое обслуживание, ремонт и проведение испытаний систем теплотехнического контроля и автоматического регулирования судовых атомных энергетических установок",1690,2024-10-09,nan
14.015,Мастер леса,"Лесное хозяйство, охота",Выполнение работ по охране и защите лесов,1691,2024-10-14,nan
23.061,Дизайнер-конструктор мебели,"Деревообрабатывающая и целлюлозно-бумажная промышленность, мебельное производство",Дизайн и проектирование изделий мебели в условиях серийного и заказного производства,1692,2024-10-09,nan
12.023,Диспетчер пожарной связи,Обеспечение безопасности,"Прием и обработка сообщений о пожарах и чрезвычайных ситуациях, оперативно-диспетчерское управление силами и средствами пожарной охраны и аварийно-спасательных формирований",1693,2025-02-28,Совет по профессиональным квалификациям в области обеспечения безопасности в чрезвычайных ситуациях
27.121,"Водитель технологических машин в алюминиевом производстве (машины напольно-рельсовые, по загрузке анодной массы, по загрузке глинозема)",Металлургическое производство,Обслуживание электролизеров в производстве алюминия с помощью специализированных технологических машин,1694,2025-04-15,nan
27.122,Ковшевой,Металлургическое производство,Обслуживание ковшевого хозяйства в доменных и сталеплавильных цехах металлургических производств,1695,2025-04-11,nan
18.012,Крепильщик,"Добыча, переработка угля, руд и других полезных ископаемых","Возведение, поддержание крепления (крепи) подземных выработок, управление горным давлением",1696,2025-04-14,nan
18.013,Горнорабочий очистного забоя,"Добыча, переработка угля, руд и других полезных ископаемых",Выполнение комплекса работ в очистном забое,1697,2025-12-18,nan
17.145,Работник по эксплуатации электрических зарядных станций для наземного городского пассажирского транспорта (электробусов и электромобилей),Транспорт,Эксплуатация электрических зарядных станций для наземного городского пассажирского транспорта (электробусов и электромобилей),1698,2025-04-14,Совет по профессиональным квалификациям городского пассажирского транспорта
17.146,Водитель троллейбуса,Транспорт,"Регулярные перевозки пассажиров троллейбусом в городском, пригородном и междугороднем сообщении",1699,2025-04-11,Совет по профессиональным квалификациям городского пассажирского транспорта
17.147,"Работник по комплексному обслуживанию устройств сигнализации, централизации и блокировки метрополитена и трамвая",Транспорт,"Работник по комплексному обслуживанию устройств сигнализации, централизации и блокировки метрополитена и трамвая",1700,2025-04-11,Совет по профессиональным квалификациям городского пассажирского транспорта
40.252,Крановщик (оператор) погрузочного крана (крана-манипулятора),Сквозные виды профессиональной деятельности,Выполнение работ по подъему и перемещению грузов погрузочными кранами (кранами-манипуляторами),1701,2025-04-14,"Совет по профессиональным квалификациям в лифтовой отрасли, сфере подъемных сооружений и вертикального транспорта"
28.016,Слесарь по такелажу и грузозахватным приспособлениям,Производство машин и оборудования,Техническое обслуживание и ремонт такелажных приспособлений и грузозахватных приспособлений,1702,2025-04-17,Совет по профессиональным квалификациям в машиностроении
28.017,Протяжчик,Производство машин и оборудования,Изготовление деталей машин на протяжных и прошивных станках,1703,2025-04-14,Совет по профессиональным квалификациям в машиностроении
28.018,Оператор раскатных машин в кузнечно-прессовом производстве,Производство машин и оборудования,Горячая раскатка поковок на раскатных машинах,1704,2025-04-14,Совет по профессиональным квалификациям в машиностроении
40.253,Специалист по техническому диагностированию грузоподъемных машин (подъемных сооружений),Сквозные виды профессиональной деятельности,Техническое диагностирование грузоподъемных машин (подъемных сооружений),1705,2025-04-17,"Совет по профессиональным квалификациям в лифтовой отрасли, сфере подъемных сооружений и вертикального транспорта"
40.254,Метеоролог,Сквозные виды профессиональной деятельности,Деятельность в области метеорологии и мониторинга загрязнения окружающей среды,1706,2025-04-11,Совет по профессиональным квалификациям в сфере экологии и природопользования
19.085,"Работник по контролю физико-химических свойств нефти, газа, газового конденсата и продуктов их переработки","Добыча, переработка, транспортировка нефти и газа","Лабораторный контроль физико-химических свойств нефти, нефтепродуктов, газа, газового конденсата, продуктов их переработки и сопутствующих веществ",1707,2025-04-11,Совет по профессиональным квалификациям в нефтегазовом комплексе
24.139,Специалист (инженер) по подготовке и выводу из эксплуатации энергоблока (энергоблоков) атомной электростанции,Атомная промышленность,Организация эксплуатации и руководство эксплуатацией энергоблоков атомной электростанции на стадиях подготовки к выводу и вывода из эксплуатации,1708,2025-04-14,Совет по профессиональным квалификациям в сфере атомной энергии
16.156,"Специалист по оценке технического состояния многоквартирных домов, их строительных конструкций для определения потребности в проведении капитального ремонта",Строительство и ЖКХ,"Оценка технического состояния многоквартирных домов, их строительных конструкций, конструктивных элементов, систем инженерно-технического обеспечения",1709,2025-04-11,"Совет по профессиональным квалификациям в области инженерных изысканий, градостроительства, архитектурно-строительного проектирования"
05.019,Специалист по научно-методическому обеспечению подготовки спортивных сборных команд,Физическая культура и спорт,Проведение работ по научно-методическому обеспечению для спортсменов спортивных сборных команд по видам спорта (спортивным дисциплинам),1710,2025-04-21,nan
14.016,Специалист по таксации лесов,"Лесное хозяйство, охота",Проведение таксации лесов и проектирования мероприятий по сохранению лесов,1711,2025-04-08,Совет по профессиональным квалификациям в сфере экологии и природопользования
16.157,Застройщик выставочно-ярмарочных площадей (выставочного стенда),Строительство и ЖКХ,"Деятельность по планированию работ застройки, по сборке, монтажу, демонтажу, складированию выставочного оборудования, электрооборудования, стендов, баннеров и осуществления контроля хода застройки выс",1712,2025-04-18,"Совет по профессиональным квалификациям торговой, внешнеторговой и по отдельным видам предпринимательской и экономической деятельности"
24.140,Специалист по ликвидации последствий радиационных аварий на объектах использования атомной энергии Специалист по ликвидации последствий радиационных аварий на объектах использования атомной энергии,Атомная промышленность,Ликвидация последствий радиационных аварий на объектах использования атомной энергии,1713,2025-04-21,Совет по профессиональным квалификациям в сфере атомной энергии
16.158,Специалист по ведению информационной модели по управлению и обслуживанию многоквартирного дома,Строительство и ЖКХ,Организация применения информационной модели эксплуатации многоквартирного дома,1714,2025-04-14,Совет по профессиональным квалификациям в жилищно-коммунальном хозяйстве
40.255,Испытатель изделий реабилитационной направленности,Сквозные виды профессиональной деятельности,Проведение испытаний изделий реабилитационной направленности,1715,2025-03-19,Совет по профессиональным квалификациям в сфере производства социально-значимых товаров
05.020,Ремонтировщик плоскостных спортивных сооружений,Физическая культура и спорт,Эксплуатационно-техническое обслуживание и ремонт плоскостных спортивных сооружений,1716,2025-04-21,nan
40.256,Инженер-протезист,Сквозные виды профессиональной деятельности,Оказание услуги по обеспечению инвалидов и отдельных категорий граждан из числа ветеранов протезно-ортопедическими изделиями,1717,2025-03-19,Совет по профессиональным квалификациям в сфере производства социально-значимых товаров
16.159,Специалист мусороперерабатывающего комплекса,Строительство и ЖКХ,Обработка и (или) утилизация отходов в мусороперерабатывающих комплексах,1718,2025-04-18,Совет по профессиональным квалификациям в жилищно-коммунальном хозяйстве
01.015,"Педагог профессионального обучения, среднего профессионального образования",Образование и наука,"Педагогическая деятельность в профессиональном обучении, среднем профессиональном образовании",1719,2025-03-21,Совет по профессиональным квалификациям в сфере образования
01.016,Руководитель профессиональной образовательной организации,Образование и наука,"Управление профессиональной образовательной организацией и ее структурными подразделениями при реализации основных профессиональных образовательных программ среднего профессионального образования, осн",1720,2025-03-21,Совет по профессиональным квалификациям в сфере образования
04.018,Писатель,"Культура, искусство",Деятельность писателей по созданию литературных произведений в жанрах словесного художественного творчества,1721,2025-11-10,nan
14.017,Специалист в области заповедного дела,"Лесное хозяйство, охота",Охрана и использование особо охраняемых природных территорий,1722,2025-04-11,Совет по профессиональным квалификациям в сфере экологии и природопользования
16.160,Специалист по химической и биологической очистке водных стоков переработки и утилизации твердых коммунальных отходов,Строительство и ЖКХ,"Осуществление химической и биологической очистки стоков, образующихся от переработки и утилизации твердых коммунальных отходов",1723,2025-04-09,Совет по профессиональным квалификациям в жилищно-коммунальном хозяйстве
16.161,Специалист по организации обращения с твердыми коммунальными отходами,Строительство и ЖКХ,Организация обращения с твердыми коммунальными отходами,1724,2025-04-09,Совет по профессиональным квалификациям в жилищно-коммунальном хозяйстве
40.257,"Специалист по управлению проектами социального воздействия, мониторингу, контролю и оценке социальных эффектов деятельности организаций",Сквозные виды профессиональной деятельности,"Управление проектами социального воздействия, мониторинг, контроль и оценка социальных эффектов деятельности организаций",1725,2025-04-21,Совет по профессиональным квалификациям в сфере управления и права
27.123,"Работник по приемке, выгрузке, перемещению сырья, полуфабрикатов, готовой продукции на предприятиях горно-металлургического комплекса",Металлургическое производство,"Управление технологическими процессами приемки, сортировки, хранения и перемещения, загрузки и выгрузки агрегатов, подготовки полуфабрикатов и готовой продукции горно-металлургических организаций к от",1726,2025-04-18,nan
27.124,Контролер качества продукции и технологического процесса в черной металлургии,Металлургическое производство,Контроль качества продукции и технологического процесса в производстве черных металлов,1727,2025-04-21,nan
20.050,Работник по эксплуатации и ремонту оборудования топливоподачи твердого и жидкого топлива на тепловой электростанции,Электроэнергетика,Эксплуатация и ремонт оборудования подачи твердого и жидкого топлива на тепловой электростанции,1728,2025-07-14,Совет по профессиональным квалификациям в электроэнергетике
24.141,Специалист по подготовке компонентов и материалов для производства металл-ионных аккумуляторов (ячеек) и батарей,Атомная промышленность,Подготовка компонентов и материалов для производства металл-ионных аккумуляторов (ячеек) и батарей,1729,2025-06-25,Совет по профессиональным квалификациям в сфере атомной энергии
24.142,Специалист по разработке оборудования высокого давления,Атомная промышленность,Проектирование оборудования высокого давления,1730,2025-06-25,Совет по профессиональным квалификациям в сфере атомной энергии
24.143,Специалист по разработке и изготовлению электрохимических устройств для водородной энергетики и их компонентов,Атомная промышленность,Разработка электрохимических устройств для водородной энергетики,1731,2025-06-16,Совет по профессиональным квалификациям в сфере атомной энергии
24.144,"Специалист по разработке энергоустановок, работающих на водородосодержащем топливе",Атомная промышленность,"Разработка энергоустановок, работающих на водородосодержащем топливе",1732,2025-06-16,Совет по профессиональным квалификациям в сфере атомной энергии
07.016,Специалист по управлению объектами нежилой недвижимости,Административно-управленческая и офисная деятельность,"Оперативное управление объектом нежилой недвижимости на соответствующих этапах жизненного цикла , обслуживание, финансовое и инвестиционное управление нежилой недвижимостью, правовое сопровождение упр",1733,2025-06-16,nan
40.258,Специалист по оценке соответствия лифтов требованиям безопасности,Сквозные виды профессиональной деятельности,Оценка соответствия лифтов и устройств безопасности лифтов требованиям безопасности,1744,2025-06-25,"Совет по профессиональным квалификациям в лифтовой отрасли, сфере подъемных сооружений и вертикального транспорта"
17.148,Специалист по техническому диагностированию пассажирских канатных дорог и фуникулеров,Транспорт,Техническое диагностирование пассажирских канатных дорог и фуникулеров,1745,2025-07-02,"Совет по профессиональным квалификациям в лифтовой отрасли, сфере подъемных сооружений и вертикального транспорта"
33.028,Специалист по продажам в автомобилестроении,"Сервис, оказание услуг населению (торговля, техническое обслуживание, ремонт, предоставление персональных услуг, услуги гостеприимства, общественное питание и пр.)","Осуществление продаж АТС, сопутствующих товаров (услуг) и послепродажного обслуживания АТС клиентов в автомобилестроении",1746,2025-07-09,Совет по профессиональным квалификациям в автомобилестроении
05.021,Специалист по обеспечению качества спортивно-технологической продукции реабилитационной направленности,Физическая культура и спорт,Организация и контроль обеспечения качества спортивно-технологической продукции реабилитационной направленности и ее безопасной эксплуатации,1747,2025-08-07,Совет по профессиональным квалификациям в сфере производства социально-значимых товаров
17.149,"Специалист по радионавигации, радиолокации и связи гражданской авиации",Транспорт,Организация радиотехнического обеспечения полетов воздушных судов и авиационной электросвязи,1748,12.09.2025,nan
40.259,Специалист в области адаптации к изменениям климата,Сквозные виды профессиональной деятельности,Обеспечение оценки рисков климатических изменений и формирование мероприятий по адаптации к изменениям климата,1749,2025-09-23,nan
16.162,Специалист по организации строительства объектов промышленного назначения,Строительство и ЖКХ,"Организация строительства, реконструкции, капитального ремонта и сноса объектов промышленного назначения",1750,2025-08-08,Совет по профессиональным квалификациям в строительстве
16.163,"Специалист по оценке технического состояния зданий (сооружений), их строительных конструкций",Строительство и ЖКХ,Обследование и мониторинг технического состояния зданий (сооружений),1751,2025-08-08,"Совет по профессиональным квалификациям в области инженерных изысканий, градостроительства, архитектурно-строительного проектирования"
16.164,Специалист строительного контроля,Строительство и ЖКХ,"Строительный контроль при строительстве, реконструкции, капитальном ремонте объектов капитального строительства",1752,12.09.2025,Совет по профессиональным квалификациям в строительстве
28.019,Оператор давильно-раскатных станков,Производство машин и оборудования,Производство изделий на давильно-раскатных станках,1753,2025-08-08,nan
28.020,Оператор резьбонарезных и резьбонакатных станков,Производство машин и оборудования,Получение резьбовых и профильных поверхностей на деталях машин на специализированных резьбонарезных и резьбонакатных станках,1754,2025-08-08,nan
28.021,Оператор электроимпульсных установок обработки металлов давлением,Производство машин и оборудования,Штамповка изделий на магнитно-импульсных и электрогидравлических установках,1755,2025-09-01,nan
28.022,Специалист по компьютерному моделированию процессов ковки и объемной штамповки,Производство машин и оборудования,Компьютерное моделирование технологических процессов ковки и объемной штамповки,1756,2025-08-08,nan
28.023,Специалист по проектированию штампов и пресс-форм в машиностроении,Производство машин и оборудования,Проектирование штампов и пресс-форм в машиностроении,1757,2025-08-27,nan
29.018,Специалист по проектированию аналого-цифровых радиоэлектронных средств,"Производство электрооборудования, электронного и оптического оборудования",Схемотехническое проектирование радиоэлектронных средств различного функционального назначения,1758,2025-08-27,nan
29.019,Специалист по проектированию радиоэлектронных средств на основе программируемых логических интегральных схем и микроконтроллеров,"Производство электрооборудования, электронного и оптического оборудования",Разработка радиоэлектронных средств различного функционального назначения на базе ПЛИС изделий и микроконтроллеров,1759,2025-08-27,nan
29.020,Специалист по производству печатных плат радиоэлектронных средств,"Производство электрооборудования, электронного и оптического оборудования",Технологическая подготовка производства и проектирование ТП изготовления ПП радиоэлектронных средств,1760,2025-08-27,nan
19.086,Работник по гидравлическому разрыву пластов,"Добыча, переработка, транспортировка нефти и газа",Интенсификация притока скважинной продукции,1761,2025-09-05,Совет по профессиональным квалификациям в нефтегазовом комплексе
19.087,"Работник по производству, хранению и отгрузке сжиженного природного газа","Добыча, переработка, транспортировка нефти и газа","Эксплуатация технологических установок по производству, хранению и отгрузке СПГ",1762,2025-09-01,Совет по профессиональным квалификациям в нефтегазовом комплексе
19.088,"Работник по эксплуатации оборудования азотно-кислородных, азотных, кислородных воздухоразделительных установок (станций) нефтегазовой отрасли","Добыча, переработка, транспортировка нефти и газа",Эксплуатация оборудования ВРУ нефтегазовой отрасли,1763,2025-09-01,Совет по профессиональным квалификациям в нефтегазовом комплексе
19.089,"Специалист по подготовке нефти, газа и газового конденсата","Добыча, переработка, транспортировка нефти и газа","Подготовка нефти, газа, газового конденсата и подтоварной воды",1764,2025-09-01,Совет по профессиональным квалификациям в нефтегазовом комплексе
40.260,Работник в области рециклинга,Сквозные виды профессиональной деятельности,Обеспечение производственных процессов в сфере рециклинга отходов,1765,2025-09-23,nan
40.261,Специалист в области регулирования выбросов и поглощения парниковых газов Специалист в области регулирования выбросов и поглощения парниковых газов,Сквозные виды профессиональной деятельности,Обеспечение учета выбросов и поглощения парниковых газов при осуществлении хозяйственной и иной деятельности организации (организаций) с целью разработки мероприятий по смягчению воздействия такой дея,1766,2025-09-23,nan
28.024,Руководитель производственного подразделения механосборочного производства,Производство машин и оборудования,Оперативное руководство механосборочным производством,1767,2025-10-06,nan
28.025,Специалист по проектированию технологических процессов автоматизированного производства,Производство машин и оборудования,Технологическая подготовка автоматизированного механосборочного производства,1768,2025-09-05,nan
28.026,"Специалист по проектированию, техническому перевооружению, реконструкции и модернизации технологических комплексов литейного производства",Производство машин и оборудования,Проектирование технологических комплексов литейных производств,1769,2025-09-05,nan
28.027,Ремонтник металлорежущих станков,Производство машин и оборудования,Ремонт металлорежущих станков,1770,2025-09-05,nan
40.262,Техник протезно-ортопедических изделий,Сквозные виды профессиональной деятельности,"Оказание услуг по обеспечению техническими средствами реабилитации, включая производство и обслуживание ПОИ",1771,2025-10-24,Совет по профессиональным квалификациям в сфере производства социально-значимых товаров
01.017,Инструктор по труду,Образование и наука,Инструкторская деятельность в области труда,1772,2025-12-08,nan
40.263,Инженер-ортезист,Сквозные виды профессиональной деятельности,Оказание услуги по обеспечению инвалидов ортезами по индивидуальным параметрам,1773,2025-12-02,Совет по профессиональным квалификациям в сфере производства социально-значимых товаров
24.145,Работник по химическому анализу в атомной отрасли,Атомная промышленность,Организация и проведение химического и физико-химического анализа в атомной отрасли,1774,2025-11-17,nan
27.125,Оператор (машинист) технологических насосных установок в горно-металлургическом комплексе,Металлургическое производство,"Эксплуатация, обслуживание основного и вспомогательного оборудования технологических насосных установок в горно-металлургическом комплексе",1775,2025-12-18,nan
